[INFO] [launch]: All log files can be found below /home/lynx/.ros/log/2026-09-22-21-28-56-034912-WINDOWS-FIRE-16515
[INFO] [launch]: Default logging verbosity is set to INFO
[INFO] [gz_sim-1]: process started with pid [16519]
[INFO] [parameter_bridge-2]: process started with pid [16520]
[INFO] [lidar_node-3]: process started with pid [16521]
[INFO] [camera_node-4]: process started with pid [16522]
[INFO] [imu_node-5]: process started with pid [16523]
[INFO] [odometry_node-6]: process started with pid [16524]
[INFO] [sim_world-7]: process started with pid [16525]
[INFO] [perception_node-8]: process started with pid [16526]
[INFO] [localization_node-9]: process started with pid [16527]
[INFO] [planning_node-10]: process started with pid [16528]
[INFO] [control_node-11]: process started with pid [16529]
[parameter_bridge-2] [INFO] [1790112538.179003128] [gz_bridge]: Creating GZ->ROS Bridge: [/scan (gz.msgs.LaserScan) -> /gz/scan (sensor_msgs/msg/LaserScan)] (Lazy 0)
[parameter_bridge-2] [INFO] [1790112538.260725347] [gz_bridge]: Creating GZ->ROS Bridge: [/camera/image (gz.msgs.Image) -> /gz/image (sensor_msgs/msg/Image)] (Lazy 0)
[parameter_bridge-2] [INFO] [1790112538.278331374] [gz_bridge]: Creating GZ->ROS Bridge: [/camera/camera_info (gz.msgs.CameraInfo) -> /gz/camera_info (sensor_msgs/msg/CameraInfo)] (Lazy 0)
[parameter_bridge-2] [INFO] [1790112538.283500568] [gz_bridge]: Creating GZ->ROS Bridge: [/imu (gz.msgs.IMU) -> /gz/imu (sensor_msgs/msg/Imu)] (Lazy 0)
[parameter_bridge-2] [INFO] [1790112538.310211391] [gz_bridge]: Creating GZ->ROS Bridge: [/model/rca_bot/odometry (gz.msgs.Odometry) -> /gz/odom (nav_msgs/msg/Odometry)] (Lazy 0)
[parameter_bridge-2] [INFO] [1790112538.344137329] [gz_bridge]: Creating GZ->ROS Bridge: [/model/rca_bot/tf (gz.msgs.Pose_V) -> /gz/tf (tf2_msgs/msg/TFMessage)] (Lazy 0)
[parameter_bridge-2] [INFO] [1790112538.478308253] [gz_bridge]: Creating GZ->ROS Bridge: [/clock (gz.msgs.Clock) -> /gz/clock (rosgraph_msgs/msg/Clock)] (Lazy 0)
[parameter_bridge-2] [INFO] [1790112538.524015754] [gz_bridge]: Creating ROS->GZ Bridge: [/gz/cmd_vel (geometry_msgs/msg/Twist) -> /model/rca_bot/cmd_vel (gz.msgs.Twist)] (Lazy 0)
[camera_node-4] [INFO] [1790112538.540562058] [camera_node]: camera_node ready (/gz/image -> /sim/camera/image)
[imu_node-5] [INFO] [1790112538.628596400] [imu_node]: imu_node ready (/gz/imu -> /sim/imu/data)
[planning_node-10] [WARN] [1790112539.041724734] [planning_node]: planning_node: pose source = localization
[planning_node-10] [INFO] [1790112539.047150994] [planning_node]: planning_node ready (pose + obstacles -> /planning/path)
[perception_node-8] [INFO] [1790112539.215786212] [perception_node]: perception_node ready (lidar + camera -> /perception/obstacles)
[control_node-11] [INFO] [1790112539.248272422] [control_node]: control_node ready (path -> /cmd_vel)
[odometry_node-6] [INFO] [1790112539.293929181] [odometry_node]: odometry_node ready (/gz/odom -> /sim/odom)
[sim_world-7] [INFO] [1790112539.309485067] [sim_world]: sim_world ready (/cmd_vel -> Gazebo DiffDrive)
[parameter_bridge-2] [INFO] [1790112539.311236351] [gz_bridge]: Passing message from ROS geometry_msgs/msg/Twist to Gazebo gz.msgs.Twist (showing msg only once per type)
[localization_node-9] [INFO] [1790112539.341404145] [localization_node]: localization_node ready (odom + imu + landmarks -> /localization/pose)
[lidar_node-3] [INFO] [1790112539.667094103] [lidar_node]: lidar_node ready (/gz/scan -> /sim/lidar/scan)
[gz_sim-1] [1;33m[Wrn] [Ogre2Camera.cc:423] [0m[1;33mOgre2Camera::SetVisibilityMask: Mask bits [0m[1;33mc0000000[0m[1;33m are set but will be ignored as they conflict with the [0m[1;33mreserved bits used internally by the ogre2 backend.[0m[1;33m[0m
[INFO] [monitor_node-12]: process started with pid [16731]
[monitor_node-12] [INFO] [1790112597.351043508] [diagnostic_monitor]: Deployment exclusions: topics=['/gz/'] nodes=[]
[monitor_node-12] [INFO] [1790112597.361031608] [diagnostic_monitor]: DiagnosticMonitorNode started. DB: /home/lynx/ros2_rca_ws/events.db, Weights: (wD=0.3, wT=0.3, wS=0.25, wA=0.15), z>3.0 confirmed x2, warmup 4.0s
[monitor_node-12] [INFO] [1790112598.361772683] [diagnostic_monitor]: Discovered graph: nodes=['camera_node', 'control_node', 'imu_node', 'lidar_node', 'localization_node', 'odometry_node', 'perception_node', 'planning_node', 'sim_world'] edges=[camera_node->perception_node, control_node->sim_world, imu_node->localization_node, lidar_node->perception_node, localization_node->planning_node, odometry_node->localization_node, perception_node->localization_node, perception_node->planning_node, planning_node->control_node]
[monitor_node-12] [INFO] [1790112598.474898736] [diagnostic_monitor]: Dynamically subscribed to monitor topic: /cmd_vel [geometry_msgs/msg/TwistStamped]
[monitor_node-12] [INFO] [1790112598.478116732] [diagnostic_monitor]: Dynamically subscribed to monitor topic: /localization/pose [geometry_msgs/msg/PoseWithCovarianceStamped]
[monitor_node-12] [INFO] [1790112598.481056476] [diagnostic_monitor]: Dynamically subscribed to monitor topic: /perception/obstacles [geometry_msgs/msg/PoseArray]
[monitor_node-12] [INFO] [1790112598.509144753] [diagnostic_monitor]: Dynamically subscribed to monitor topic: /planning/path [nav_msgs/msg/Path]
[monitor_node-12] [INFO] [1790112598.641011018] [diagnostic_monitor]: Dynamically subscribed to monitor topic: /sim/camera/image [sensor_msgs/msg/Image]
[monitor_node-12] [INFO] [1790112598.644505759] [diagnostic_monitor]: Dynamically subscribed to monitor topic: /sim/imu/data [sensor_msgs/msg/Imu]
[monitor_node-12] [INFO] [1790112598.653204793] [diagnostic_monitor]: Dynamically subscribed to monitor topic: /sim/lidar/scan [sensor_msgs/msg/LaserScan]
[monitor_node-12] [INFO] [1790112598.657098540] [diagnostic_monitor]: Dynamically subscribed to monitor topic: /sim/odom [nav_msgs/msg/Odometry]
[monitor_node-12] [WARN] [1790112679.085346400] [diagnostic_monitor]: ANOMALY on [localization_node] /localization/pose:latency: Value 0.2515 deviated from baseline 0.0113±0.0074 (z=32.6, confirmed x2) (sev=1.00)
[monitor_node-12] [WARN] [1790112679.087418837] [diagnostic_monitor]: ANOMALY on [perception_node] /perception/obstacles:latency: Value 0.2536 deviated from baseline 0.0109±0.0051 (z=47.2, confirmed x2) (sev=1.00)
[monitor_node-12] [WARN] [1790112679.093537873] [diagnostic_monitor]: ANOMALY on [imu_node] /sim/imu/data:latency: Value 0.2705 deviated from baseline 0.0061±0.0036 (z=73.3, confirmed x2) (sev=1.00)
[monitor_node-12] [WARN] [1790112679.096146151] [diagnostic_monitor]: ANOMALY on [odometry_node] /sim/odom:latency: Value 0.2623 deviated from baseline 0.0058±0.0030 (z=85.2, confirmed x2) (sev=1.00)
[monitor_node-12] [WARN] [1790112679.098139355] [diagnostic_monitor]: ANOMALY on [localization_node] /localization/pose:latency: Value 0.2125 deviated from baseline 0.0113±0.0074 (z=27.3, confirmed x3) (sev=1.00)
[monitor_node-12] [WARN] [1790112679.099530489] [diagnostic_monitor]: ANOMALY on [imu_node] /sim/imu/data:latency: Value 0.2257 deviated from baseline 0.0061±0.0036 (z=60.9, confirmed x3) (sev=1.00)
[monitor_node-12] [WARN] [1790112679.100890940] [diagnostic_monitor]: ANOMALY on [odometry_node] /sim/odom:latency: Value 0.2152 deviated from baseline 0.0058±0.0030 (z=69.5, confirmed x3) (sev=1.00)
[monitor_node-12] [INFO] [1790112679.368147072] [diagnostic_monitor]: 
[monitor_node-12] ============================================================
[monitor_node-12] ROOT CAUSE DIAGNOSIS: perception_node (Confidence: 0.675)
[monitor_node-12] ============================================================
[monitor_node-12] Score Breakdown  R(C) = wD*D + wT*T + wS*S + wA*A:
[monitor_node-12]   R(perception_node) = 0.3·D(0.33) + 0.3·T(1.00) + 0.25·S(0.50) + 0.15·A(1.00) = 0.675
[monitor_node-12]   - Dependency D: 0.33 (reaches 1 downstream anomalous node(s); 0 anomalous upstream node(s))
[monitor_node-12]   - Temporal   T: 1.00 (first anomaly at t=1790112679.08s; earliest in window = supporting evidence, not proof of causality)
[monitor_node-12]   - Symptom    S: 0.50 (explains 2/4 anomalous nodes)
[monitor_node-12]   - Severity   A: 1.00 (max normalised severity on node, 1 direct anomaly event(s))
[monitor_node-12] 
[monitor_node-12] Propagation Chain (evidence-ordered, via discovered graph edges):
[monitor_node-12]   perception_node (t=1790112679.08s: /perception/obstacles:latency, sev=1.00)
[monitor_node-12]     └─→ localization_node via /perception/obstacles (t=1790112679.08s, -0.00s after perception_node: /localization/pose:latency)
[monitor_node-12]   (anomalous but not reachable from perception_node: imu_node, odometry_node)
[monitor_node-12] 
[monitor_node-12] Candidate Ranking & Evidence Comparison:
[monitor_node-12]   #2 imu_node             R=0.675 (Δ -0.000) [first anomaly 0.00s after perception_node]
[monitor_node-12]   #3 odometry_node        R=0.675 (Δ -0.000) [first anomaly 0.00s after perception_node]
[monitor_node-12]   #4 localization_node    R=0.512 (Δ -0.162) [downstream of perception_node in discovered graph; lower symptom coverage (25% vs 50%)]
[monitor_node-12] ============================================================
[monitor_node-12] [INFO] [1790112685.364554584] [diagnostic_monitor]: Anomaly window cleared. System operating nominally.
[monitor_node-12] [WARN] [1790112695.999267056] [diagnostic_monitor]: ANOMALY on [localization_node] /localization/pose:latency: Value 0.3109 deviated from baseline 0.0115±0.0083 (z=36.2, confirmed x2) (sev=1.00)
[monitor_node-12] [WARN] [1790112696.001262765] [diagnostic_monitor]: ANOMALY on [localization_node] /localization/pose:latency: Value 0.2610 deviated from baseline 0.0115±0.0083 (z=30.2, confirmed x3) (sev=1.00)
[monitor_node-12] [INFO] [1790112696.364700787] [diagnostic_monitor]: 
[monitor_node-12] ============================================================
[monitor_node-12] ROOT CAUSE DIAGNOSIS: localization_node (Confidence: 1.000)
[monitor_node-12] ============================================================
[monitor_node-12] Score Breakdown  R(C) = wD*D + wT*T + wS*S + wA*A:
[monitor_node-12]   R(localization_node) = 0.3·D(1.00) + 0.3·T(1.00) + 0.25·S(1.00) + 0.15·A(1.00) = 1.000
[monitor_node-12]   - Dependency D: 1.00 (reaches 0 downstream anomalous node(s); 0 anomalous upstream node(s))
[monitor_node-12]   - Temporal   T: 1.00 (first anomaly at t=1790112695.98s; earliest in window = supporting evidence, not proof of causality)
[monitor_node-12]   - Symptom    S: 1.00 (explains 1/1 anomalous nodes)
[monitor_node-12]   - Severity   A: 1.00 (max normalised severity on node, 2 direct anomaly event(s))
[monitor_node-12] 
[monitor_node-12] Propagation Chain (evidence-ordered, via discovered graph edges):
[monitor_node-12]   localization_node (t=1790112695.98s: /localization/pose:latency, sev=1.00)
[monitor_node-12] 
[monitor_node-12] Candidate Ranking & Evidence Comparison:
[monitor_node-12]   #2 camera_node          R=0.415 (Δ -0.585) [no direct anomaly observed; does not reach observed symptoms via dependency edges]
[monitor_node-12]   #3 imu_node             R=0.415 (Δ -0.585) [no direct anomaly observed; does not reach observed symptoms via dependency edges]
[monitor_node-12]   #4 lidar_node           R=0.415 (Δ -0.585) [no direct anomaly observed; does not reach observed symptoms via dependency edges]
[monitor_node-12] ============================================================
[monitor_node-12] [INFO] [1790112702.364402160] [diagnostic_monitor]: Anomaly window cleared. System operating nominally.
[control_node-11] [INFO] [1790112762.607883460] [control_node]: control_node: faults cleared
[imu_node-5] [INFO] [1790112762.609523166] [imu_node]: imu_node: faults cleared
[sim_world-7] [INFO] [1790112762.609630497] [sim_world]: sim_world: faults cleared
[planning_node-10] [INFO] [1790112762.617357855] [planning_node]: planning_node: faults cleared
[localization_node-9] [INFO] [1790112762.617551305] [localization_node]: localization_node: faults cleared
[lidar_node-3] [INFO] [1790112762.619033461] [lidar_node]: lidar_node: faults cleared
[camera_node-4] [INFO] [1790112762.619834962] [camera_node]: camera_node: faults cleared
[perception_node-8] [INFO] [1790112762.621400777] [perception_node]: perception_node: faults cleared
[odometry_node-6] [INFO] [1790112762.621552808] [odometry_node]: odometry_node: faults cleared
[sim_world-7] [INFO] [1790112762.656491329] [sim_world]: sim_world: faults cleared
[localization_node-9] [INFO] [1790112762.656523185] [localization_node]: localization_node: faults cleared
[control_node-11] [INFO] [1790112762.656650923] [control_node]: control_node: faults cleared
[lidar_node-3] [INFO] [1790112762.656663418] [lidar_node]: lidar_node: faults cleared
[odometry_node-6] [INFO] [1790112762.656825995] [odometry_node]: odometry_node: faults cleared
[planning_node-10] [INFO] [1790112762.658361377] [planning_node]: planning_node: faults cleared
[imu_node-5] [INFO] [1790112762.658362915] [imu_node]: imu_node: faults cleared
[perception_node-8] [INFO] [1790112762.658706833] [perception_node]: perception_node: faults cleared
[camera_node-4] [INFO] [1790112762.660225125] [camera_node]: camera_node: faults cleared
[sim_world-7] [INFO] [1790112762.706873493] [sim_world]: sim_world: faults cleared
[localization_node-9] [INFO] [1790112762.706873966] [localization_node]: localization_node: faults cleared
[perception_node-8] [INFO] [1790112762.707006849] [perception_node]: perception_node: faults cleared
[camera_node-4] [INFO] [1790112762.707299528] [camera_node]: camera_node: faults cleared
[control_node-11] [INFO] [1790112762.707637284] [control_node]: control_node: faults cleared
[lidar_node-3] [INFO] [1790112762.708516503] [lidar_node]: lidar_node: faults cleared
[planning_node-10] [INFO] [1790112762.708718051] [planning_node]: planning_node: faults cleared
[odometry_node-6] [INFO] [1790112762.708991232] [odometry_node]: odometry_node: faults cleared
[imu_node-5] [INFO] [1790112762.710080767] [imu_node]: imu_node: faults cleared
[lidar_node-3] [WARN] [1790112845.737132885] [lidar_node]: lidar_node: degradation "noise" param=8 duration=45.0s
[lidar_node-3] [WARN] [1790112845.783997715] [lidar_node]: lidar_node: degradation "noise" param=8 duration=45.0s
[lidar_node-3] [WARN] [1790112845.834338221] [lidar_node]: lidar_node: degradation "noise" param=8 duration=45.0s
[monitor_node-12] [WARN] [1790112845.936986995] [diagnostic_monitor]: ANOMALY on [lidar_node] /sim/lidar/scan:nan_ratio: Value 0.3444 deviated from baseline 0.0000±0.0001 (z=3444.4, confirmed x2) (sev=1.00)
[monitor_node-12] [WARN] [1790112845.942774980] [diagnostic_monitor]: ANOMALY on [perception_node] /perception/obstacles:obstacle_empty: Value 1.0000 deviated from baseline 0.0000±0.0001 (z=10000.0, confirmed x2) (sev=1.00)
[monitor_node-12] [WARN] [1790112846.044900018] [diagnostic_monitor]: ANOMALY on [lidar_node] /sim/lidar/scan:nan_ratio: Value 0.3556 deviated from baseline 0.0000±0.0001 (z=3555.6, confirmed x3) (sev=1.00)
[monitor_node-12] [WARN] [1790112846.048306858] [diagnostic_monitor]: ANOMALY on [perception_node] /perception/obstacles:obstacle_empty: Value 1.0000 deviated from baseline 0.0000±0.0001 (z=10000.0, confirmed x3) (sev=1.00)
[monitor_node-12] [WARN] [1790112846.145027733] [diagnostic_monitor]: ANOMALY on [lidar_node] /sim/lidar/scan:nan_ratio: Value 0.2556 deviated from baseline 0.0000±0.0001 (z=2555.6, confirmed x4) (sev=1.00)
[monitor_node-12] [WARN] [1790112846.244796188] [diagnostic_monitor]: ANOMALY on [lidar_node] /sim/lidar/scan:nan_ratio: Value 0.3000 deviated from baseline 0.0000±0.0001 (z=3000.0, confirmed x5) (sev=1.00)
[monitor_node-12] [WARN] [1790112846.334931443] [diagnostic_monitor]: ANOMALY on [lidar_node] /sim/lidar/scan:nan_ratio: Value 0.2556 deviated from baseline 0.0000±0.0001 (z=2555.6, confirmed x6) (sev=1.00)
[monitor_node-12] [INFO] [1790112846.365754329] [diagnostic_monitor]: 
[monitor_node-12] ============================================================
[monitor_node-12] ROOT CAUSE DIAGNOSIS: lidar_node (Confidence: 1.000)
[monitor_node-12] ============================================================
[monitor_node-12] Score Breakdown  R(C) = wD*D + wT*T + wS*S + wA*A:
[monitor_node-12]   R(lidar_node) = 0.3·D(1.00) + 0.3·T(1.00) + 0.25·S(1.00) + 0.15·A(1.00) = 1.000
[monitor_node-12]   - Dependency D: 1.00 (reaches 1 downstream anomalous node(s); 0 anomalous upstream node(s))
[monitor_node-12]   - Temporal   T: 1.00 (first anomaly at t=1790112845.86s; earliest in window = supporting evidence, not proof of causality)
[monitor_node-12]   - Symptom    S: 1.00 (explains 2/2 anomalous nodes)
[monitor_node-12]   - Severity   A: 1.00 (max normalised severity on node, 5 direct anomaly event(s))
[monitor_node-12] 
[monitor_node-12] Propagation Chain (evidence-ordered, via discovered graph edges):
[monitor_node-12]   lidar_node (t=1790112845.86s: /sim/lidar/scan:nan_ratio, sev=1.00)
[monitor_node-12]     └─→ perception_node via /sim/lidar/scan (t=1790112845.87s, +0.00s after lidar_node: /perception/obstacles:obstacle_empty)
[monitor_node-12] 
[monitor_node-12] Candidate Ranking & Evidence Comparison:
[monitor_node-12]   #2 perception_node      R=0.575 (Δ -0.425) [first anomaly 0.00s after lidar_node; downstream of lidar_node in discovered graph; lower symptom coverage (50% vs 100%)]
[monitor_node-12]   #3 camera_node          R=0.290 (Δ -0.710) [no direct anomaly observed; does not reach observed symptoms via dependency edges; lower symptom coverage (50% vs 100%)]
[monitor_node-12] ============================================================
[monitor_node-12] [WARN] [1790112846.454893151] [diagnostic_monitor]: ANOMALY on [lidar_node] /sim/lidar/scan:nan_ratio: Value 0.3444 deviated from baseline 0.0000±0.0001 (z=3444.4, confirmed x7) (sev=1.00)
[monitor_node-12] [WARN] [1790112846.537693375] [diagnostic_monitor]: ANOMALY on [lidar_node] /sim/lidar/scan:nan_ratio: Value 0.3444 deviated from baseline 0.0000±0.0001 (z=3444.4, confirmed x8) (sev=1.00)
[monitor_node-12] [WARN] [1790112846.543217879] [diagnostic_monitor]: ANOMALY on [perception_node] /perception/obstacles:obstacle_empty: Value 1.0000 deviated from baseline 0.0000±0.0001 (z=10000.0, confirmed x2) (sev=1.00)
[monitor_node-12] [WARN] [1790112846.664431060] [diagnostic_monitor]: ANOMALY on [lidar_node] /sim/lidar/scan:nan_ratio: Value 0.3000 deviated from baseline 0.0000±0.0001 (z=3000.0, confirmed x9) (sev=1.00)
[monitor_node-12] [WARN] [1790112846.744718727] [diagnostic_monitor]: ANOMALY on [lidar_node] /sim/lidar/scan:nan_ratio: Value 0.3111 deviated from baseline 0.0000±0.0001 (z=3111.1, confirmed x10) (sev=1.00)
[monitor_node-12] [WARN] [1790112846.854710758] [diagnostic_monitor]: ANOMALY on [lidar_node] /sim/lidar/scan:nan_ratio: Value 0.3222 deviated from baseline 0.0000±0.0001 (z=3222.2, confirmed x11) (sev=1.00)
[monitor_node-12] [WARN] [1790112846.858876979] [diagnostic_monitor]: ANOMALY on [perception_node] /perception/obstacles:obstacle_empty: Value 1.0000 deviated from baseline 0.0000±0.0001 (z=10000.0, confirmed x2) (sev=1.00)
[monitor_node-12] [WARN] [1790112846.944837914] [diagnostic_monitor]: ANOMALY on [lidar_node] /sim/lidar/scan:nan_ratio: Value 0.2778 deviated from baseline 0.0000±0.0001 (z=2777.8, confirmed x12) (sev=1.00)
[monitor_node-12] [WARN] [1790112847.056165097] [diagnostic_monitor]: ANOMALY on [lidar_node] /sim/lidar/scan:nan_ratio: Value 0.3889 deviated from baseline 0.0000±0.0001 (z=3888.9, confirmed x13) (sev=1.00)
[monitor_node-12] [WARN] [1790112847.144793865] [diagnostic_monitor]: ANOMALY on [lidar_node] /sim/lidar/scan:nan_ratio: Value 0.2889 deviated from baseline 0.0000±0.0001 (z=2888.9, confirmed x14) (sev=1.00)
[monitor_node-12] [WARN] [1790112847.264903754] [diagnostic_monitor]: ANOMALY on [lidar_node] /sim/lidar/scan:nan_ratio: Value 0.3444 deviated from baseline 0.0000±0.0001 (z=3444.4, confirmed x15) (sev=1.00)
[monitor_node-12] [WARN] [1790112847.345154416] [diagnostic_monitor]: ANOMALY on [lidar_node] /sim/lidar/scan:nan_ratio: Value 0.2778 deviated from baseline 0.0000±0.0001 (z=2777.8, confirmed x16) (sev=1.00)
[monitor_node-12] [WARN] [1790112847.454747869] [diagnostic_monitor]: ANOMALY on [lidar_node] /sim/lidar/scan:nan_ratio: Value 0.2333 deviated from baseline 0.0000±0.0001 (z=2333.3, confirmed x17) (sev=1.00)
[monitor_node-12] [WARN] [1790112847.545214132] [diagnostic_monitor]: ANOMALY on [lidar_node] /sim/lidar/scan:nan_ratio: Value 0.3222 deviated from baseline 0.0000±0.0001 (z=3222.2, confirmed x18) (sev=1.00)
[monitor_node-12] [WARN] [1790112847.644786130] [diagnostic_monitor]: ANOMALY on [lidar_node] /sim/lidar/scan:nan_ratio: Value 0.2889 deviated from baseline 0.0000±0.0001 (z=2888.9, confirmed x19) (sev=1.00)
[monitor_node-12] [WARN] [1790112847.744732352] [diagnostic_monitor]: ANOMALY on [lidar_node] /sim/lidar/scan:nan_ratio: Value 0.3444 deviated from baseline 0.0000±0.0001 (z=3444.4, confirmed x20) (sev=1.00)
[monitor_node-12] [WARN] [1790112847.855260372] [diagnostic_monitor]: ANOMALY on [lidar_node] /sim/lidar/scan:nan_ratio: Value 0.3667 deviated from baseline 0.0000±0.0001 (z=3666.7, confirmed x21) (sev=1.00)
[monitor_node-12] [WARN] [1790112847.858286911] [diagnostic_monitor]: ANOMALY on [perception_node] /perception/obstacles:obstacle_empty: Value 1.0000 deviated from baseline 0.0000±0.0001 (z=10000.0, confirmed x2) (sev=1.00)
[monitor_node-12] [WARN] [1790112847.945002587] [diagnostic_monitor]: ANOMALY on [lidar_node] /sim/lidar/scan:nan_ratio: Value 0.2667 deviated from baseline 0.0000±0.0001 (z=2666.7, confirmed x22) (sev=1.00)
[monitor_node-12] [WARN] [1790112848.054698551] [diagnostic_monitor]: ANOMALY on [lidar_node] /sim/lidar/scan:nan_ratio: Value 0.2889 deviated from baseline 0.0000±0.0001 (z=2888.9, confirmed x23) (sev=1.00)
[monitor_node-12] [WARN] [1790112848.144894616] [diagnostic_monitor]: ANOMALY on [lidar_node] /sim/lidar/scan:nan_ratio: Value 0.2778 deviated from baseline 0.0000±0.0001 (z=2777.8, confirmed x24) (sev=1.00)
[monitor_node-12] [WARN] [1790112848.254634824] [diagnostic_monitor]: ANOMALY on [lidar_node] /sim/lidar/scan:nan_ratio: Value 0.2667 deviated from baseline 0.0000±0.0001 (z=2666.7, confirmed x25) (sev=1.00)
[monitor_node-12] [WARN] [1790112848.344778628] [diagnostic_monitor]: ANOMALY on [lidar_node] /sim/lidar/scan:nan_ratio: Value 0.2889 deviated from baseline 0.0000±0.0001 (z=2888.9, confirmed x26) (sev=1.00)
[monitor_node-12] [WARN] [1790112848.454748138] [diagnostic_monitor]: ANOMALY on [lidar_node] /sim/lidar/scan:nan_ratio: Value 0.3333 deviated from baseline 0.0000±0.0001 (z=3333.3, confirmed x27) (sev=1.00)
[monitor_node-12] [WARN] [1790112848.545211259] [diagnostic_monitor]: ANOMALY on [lidar_node] /sim/lidar/scan:nan_ratio: Value 0.2667 deviated from baseline 0.0000±0.0001 (z=2666.7, confirmed x28) (sev=1.00)
[monitor_node-12] [WARN] [1790112848.665174649] [diagnostic_monitor]: ANOMALY on [lidar_node] /sim/lidar/scan:nan_ratio: Value 0.2778 deviated from baseline 0.0000±0.0001 (z=2777.8, confirmed x29) (sev=1.00)
[monitor_node-12] [WARN] [1790112848.744831758] [diagnostic_monitor]: ANOMALY on [lidar_node] /sim/lidar/scan:nan_ratio: Value 0.2667 deviated from baseline 0.0000±0.0001 (z=2666.7, confirmed x30) (sev=1.00)
[monitor_node-12] [WARN] [1790112848.846014839] [diagnostic_monitor]: ANOMALY on [lidar_node] /sim/lidar/scan:nan_ratio: Value 0.3667 deviated from baseline 0.0000±0.0001 (z=3666.7, confirmed x31) (sev=1.00)
[monitor_node-12] [WARN] [1790112848.944881878] [diagnostic_monitor]: ANOMALY on [lidar_node] /sim/lidar/scan:nan_ratio: Value 0.3222 deviated from baseline 0.0000±0.0001 (z=3222.2, confirmed x32) (sev=1.00)
[monitor_node-12] [WARN] [1790112848.948429598] [diagnostic_monitor]: ANOMALY on [perception_node] /perception/obstacles:obstacle_empty: Value 1.0000 deviated from baseline 0.0000±0.0001 (z=10000.0, confirmed x2) (sev=1.00)
[monitor_node-12] [WARN] [1790112849.054553479] [diagnostic_monitor]: ANOMALY on [lidar_node] /sim/lidar/scan:nan_ratio: Value 0.3111 deviated from baseline 0.0000±0.0001 (z=3111.1, confirmed x33) (sev=1.00)
[monitor_node-12] [WARN] [1790112849.059624335] [diagnostic_monitor]: ANOMALY on [perception_node] /perception/obstacles:obstacle_empty: Value 1.0000 deviated from baseline 0.0000±0.0001 (z=10000.0, confirmed x3) (sev=1.00)
[monitor_node-12] [WARN] [1790112849.145725476] [diagnostic_monitor]: ANOMALY on [lidar_node] /sim/lidar/scan:nan_ratio: Value 0.2667 deviated from baseline 0.0000±0.0001 (z=2666.7, confirmed x34) (sev=1.00)
[monitor_node-12] [WARN] [1790112849.244838477] [diagnostic_monitor]: ANOMALY on [lidar_node] /sim/lidar/scan:nan_ratio: Value 0.2667 deviated from baseline 0.0000±0.0001 (z=2666.7, confirmed x35) (sev=1.00)
[monitor_node-12] [WARN] [1790112849.344901956] [diagnostic_monitor]: ANOMALY on [lidar_node] /sim/lidar/scan:nan_ratio: Value 0.3667 deviated from baseline 0.0000±0.0001 (z=3666.7, confirmed x36) (sev=1.00)
[monitor_node-12] [WARN] [1790112849.348566951] [diagnostic_monitor]: ANOMALY on [perception_node] /perception/obstacles:obstacle_empty: Value 1.0000 deviated from baseline 0.0000±0.0001 (z=10000.0, confirmed x2) (sev=1.00)
[monitor_node-12] [WARN] [1790112849.455453567] [diagnostic_monitor]: ANOMALY on [lidar_node] /sim/lidar/scan:nan_ratio: Value 0.3667 deviated from baseline 0.0000±0.0001 (z=3666.7, confirmed x37) (sev=1.00)
[monitor_node-12] [WARN] [1790112849.458672081] [diagnostic_monitor]: ANOMALY on [perception_node] /perception/obstacles:obstacle_empty: Value 1.0000 deviated from baseline 0.0000±0.0001 (z=10000.0, confirmed x3) (sev=1.00)
[monitor_node-12] [WARN] [1790112849.546620703] [diagnostic_monitor]: ANOMALY on [lidar_node] /sim/lidar/scan:nan_ratio: Value 0.3111 deviated from baseline 0.0000±0.0001 (z=3111.1, confirmed x38) (sev=1.00)
[monitor_node-12] [WARN] [1790112849.548370187] [diagnostic_monitor]: ANOMALY on [perception_node] /perception/obstacles:obstacle_empty: Value 1.0000 deviated from baseline 0.0000±0.0001 (z=10000.0, confirmed x4) (sev=1.00)
[monitor_node-12] [WARN] [1790112849.654279955] [diagnostic_monitor]: ANOMALY on [lidar_node] /sim/lidar/scan:nan_ratio: Value 0.3667 deviated from baseline 0.0000±0.0001 (z=3666.7, confirmed x39) (sev=1.00)
[monitor_node-12] [WARN] [1790112849.659447981] [diagnostic_monitor]: ANOMALY on [perception_node] /perception/obstacles:obstacle_empty: Value 1.0000 deviated from baseline 0.0000±0.0001 (z=10000.0, confirmed x5) (sev=1.00)
[monitor_node-12] [WARN] [1790112849.745232753] [diagnostic_monitor]: ANOMALY on [lidar_node] /sim/lidar/scan:nan_ratio: Value 0.3000 deviated from baseline 0.0000±0.0001 (z=3000.0, confirmed x40) (sev=1.00)
[monitor_node-12] [WARN] [1790112849.751213832] [diagnostic_monitor]: ANOMALY on [perception_node] /perception/obstacles:obstacle_empty: Value 1.0000 deviated from baseline 0.0000±0.0001 (z=10000.0, confirmed x6) (sev=1.00)
[monitor_node-12] [WARN] [1790112849.844909596] [diagnostic_monitor]: ANOMALY on [lidar_node] /sim/lidar/scan:nan_ratio: Value 0.3444 deviated from baseline 0.0000±0.0001 (z=3444.4, confirmed x41) (sev=1.00)
[monitor_node-12] [WARN] [1790112849.848738472] [diagnostic_monitor]: ANOMALY on [perception_node] /perception/obstacles:obstacle_empty: Value 1.0000 deviated from baseline 0.0000±0.0001 (z=10000.0, confirmed x7) (sev=1.00)
[monitor_node-12] [WARN] [1790112849.944764417] [diagnostic_monitor]: ANOMALY on [lidar_node] /sim/lidar/scan:nan_ratio: Value 0.3111 deviated from baseline 0.0000±0.0001 (z=3111.1, confirmed x42) (sev=1.00)
[monitor_node-12] [WARN] [1790112849.948552835] [diagnostic_monitor]: ANOMALY on [perception_node] /perception/obstacles:obstacle_empty: Value 1.0000 deviated from baseline 0.0000±0.0001 (z=10000.0, confirmed x8) (sev=1.00)
[monitor_node-12] [WARN] [1790112850.045265252] [diagnostic_monitor]: ANOMALY on [lidar_node] /sim/lidar/scan:nan_ratio: Value 0.3222 deviated from baseline 0.0000±0.0001 (z=3222.2, confirmed x43) (sev=1.00)
[monitor_node-12] [WARN] [1790112850.048401925] [diagnostic_monitor]: ANOMALY on [perception_node] /perception/obstacles:obstacle_empty: Value 1.0000 deviated from baseline 0.0000±0.0001 (z=10000.0, confirmed x9) (sev=1.00)
[monitor_node-12] [WARN] [1790112850.144892122] [diagnostic_monitor]: ANOMALY on [lidar_node] /sim/lidar/scan:nan_ratio: Value 0.3000 deviated from baseline 0.0000±0.0001 (z=3000.0, confirmed x44) (sev=1.00)
[monitor_node-12] [WARN] [1790112850.244410440] [diagnostic_monitor]: ANOMALY on [lidar_node] /sim/lidar/scan:nan_ratio: Value 0.4000 deviated from baseline 0.0000±0.0001 (z=4000.0, confirmed x45) (sev=1.00)
[monitor_node-12] [WARN] [1790112850.344790841] [diagnostic_monitor]: ANOMALY on [lidar_node] /sim/lidar/scan:nan_ratio: Value 0.2556 deviated from baseline 0.0000±0.0001 (z=2555.6, confirmed x46) (sev=1.00)
[monitor_node-12] [WARN] [1790112850.454766985] [diagnostic_monitor]: ANOMALY on [lidar_node] /sim/lidar/scan:nan_ratio: Value 0.3222 deviated from baseline 0.0000±0.0001 (z=3222.2, confirmed x47) (sev=1.00)
[monitor_node-12] [WARN] [1790112850.545449642] [diagnostic_monitor]: ANOMALY on [lidar_node] /sim/lidar/scan:nan_ratio: Value 0.3889 deviated from baseline 0.0000±0.0001 (z=3888.9, confirmed x48) (sev=1.00)
[monitor_node-12] [WARN] [1790112850.550985088] [diagnostic_monitor]: ANOMALY on [perception_node] /perception/obstacles:obstacle_empty: Value 1.0000 deviated from baseline 0.0000±0.0001 (z=10000.0, confirmed x2) (sev=1.00)
[monitor_node-12] [WARN] [1790112850.664703701] [diagnostic_monitor]: ANOMALY on [lidar_node] /sim/lidar/scan:nan_ratio: Value 0.3333 deviated from baseline 0.0000±0.0001 (z=3333.3, confirmed x49) (sev=1.00)
[monitor_node-12] [WARN] [1790112850.671789850] [diagnostic_monitor]: ANOMALY on [perception_node] /perception/obstacles:obstacle_empty: Value 1.0000 deviated from baseline 0.0000±0.0001 (z=10000.0, confirmed x3) (sev=1.00)
[monitor_node-12] [WARN] [1790112850.764907042] [diagnostic_monitor]: ANOMALY on [lidar_node] /sim/lidar/scan:nan_ratio: Value 0.3444 deviated from baseline 0.0000±0.0001 (z=3444.4, confirmed x50) (sev=1.00)
[monitor_node-12] [WARN] [1790112850.768523149] [diagnostic_monitor]: ANOMALY on [perception_node] /perception/obstacles:obstacle_empty: Value 1.0000 deviated from baseline 0.0000±0.0001 (z=10000.0, confirmed x4) (sev=1.00)
[monitor_node-12] [WARN] [1790112850.884800687] [diagnostic_monitor]: ANOMALY on [lidar_node] /sim/lidar/scan:nan_ratio: Value 0.3111 deviated from baseline 0.0000±0.0001 (z=3111.1, confirmed x51) (sev=1.00)
[monitor_node-12] [WARN] [1790112850.891545990] [diagnostic_monitor]: ANOMALY on [perception_node] /perception/obstacles:obstacle_empty: Value 1.0000 deviated from baseline 0.0000±0.0001 (z=10000.0, confirmed x5) (sev=1.00)
[monitor_node-12] [WARN] [1790112850.954770170] [diagnostic_monitor]: ANOMALY on [lidar_node] /sim/lidar/scan:nan_ratio: Value 0.2556 deviated from baseline 0.0000±0.0001 (z=2555.6, confirmed x52) (sev=1.00)
[monitor_node-12] [WARN] [1790112851.054532182] [diagnostic_monitor]: ANOMALY on [lidar_node] /sim/lidar/scan:nan_ratio: Value 0.3222 deviated from baseline 0.0000±0.0001 (z=3222.2, confirmed x53) (sev=1.00)
[monitor_node-12] [WARN] [1790112851.144767591] [diagnostic_monitor]: ANOMALY on [lidar_node] /sim/lidar/scan:nan_ratio: Value 0.4111 deviated from baseline 0.0000±0.0001 (z=4111.1, confirmed x54) (sev=1.00)
[monitor_node-12] [WARN] [1790112851.148499260] [diagnostic_monitor]: ANOMALY on [perception_node] /perception/obstacles:obstacle_empty: Value 1.0000 deviated from baseline 0.0000±0.0001 (z=10000.0, confirmed x2) (sev=1.00)
[monitor_node-12] [WARN] [1790112851.255023023] [diagnostic_monitor]: ANOMALY on [lidar_node] /sim/lidar/scan:nan_ratio: Value 0.2556 deviated from baseline 0.0000±0.0001 (z=2555.6, confirmed x55) (sev=1.00)
[monitor_node-12] [WARN] [1790112851.354893246] [diagnostic_monitor]: ANOMALY on [lidar_node] /sim/lidar/scan:nan_ratio: Value 0.3111 deviated from baseline 0.0000±0.0001 (z=3111.1, confirmed x56) (sev=1.00)
[monitor_node-12] [WARN] [1790112851.464739618] [diagnostic_monitor]: ANOMALY on [lidar_node] /sim/lidar/scan:nan_ratio: Value 0.3667 deviated from baseline 0.0000±0.0001 (z=3666.7, confirmed x57) (sev=1.00)
[monitor_node-12] [WARN] [1790112851.468270381] [diagnostic_monitor]: ANOMALY on [perception_node] /perception/obstacles:obstacle_empty: Value 1.0000 deviated from baseline 0.0000±0.0001 (z=10000.0, confirmed x2) (sev=1.00)
[monitor_node-12] [WARN] [1790112851.545422999] [diagnostic_monitor]: ANOMALY on [lidar_node] /sim/lidar/scan:nan_ratio: Value 0.3000 deviated from baseline 0.0000±0.0001 (z=3000.0, confirmed x58) (sev=1.00)
[monitor_node-12] [WARN] [1790112851.654947361] [diagnostic_monitor]: ANOMALY on [lidar_node] /sim/lidar/scan:nan_ratio: Value 0.2889 deviated from baseline 0.0000±0.0001 (z=2888.9, confirmed x59) (sev=1.00)
[monitor_node-12] [WARN] [1790112851.745109882] [diagnostic_monitor]: ANOMALY on [lidar_node] /sim/lidar/scan:nan_ratio: Value 0.2444 deviated from baseline 0.0000±0.0001 (z=2444.4, confirmed x60) (sev=1.00)
[monitor_node-12] [WARN] [1790112851.866746287] [diagnostic_monitor]: ANOMALY on [lidar_node] /sim/lidar/scan:nan_ratio: Value 0.3111 deviated from baseline 0.0000±0.0001 (z=3111.1, confirmed x61) (sev=1.00)
[monitor_node-12] [WARN] [1790112851.945025056] [diagnostic_monitor]: ANOMALY on [lidar_node] /sim/lidar/scan:nan_ratio: Value 0.2778 deviated from baseline 0.0000±0.0001 (z=2777.8, confirmed x62) (sev=1.00)
[monitor_node-12] [WARN] [1790112852.057094657] [diagnostic_monitor]: ANOMALY on [lidar_node] /sim/lidar/scan:nan_ratio: Value 0.2778 deviated from baseline 0.0000±0.0001 (z=2777.8, confirmed x63) (sev=1.00)
[monitor_node-12] [WARN] [1790112852.145311168] [diagnostic_monitor]: ANOMALY on [lidar_node] /sim/lidar/scan:nan_ratio: Value 0.2556 deviated from baseline 0.0000±0.0001 (z=2555.6, confirmed x64) (sev=1.00)
[monitor_node-12] [WARN] [1790112852.265030698] [diagnostic_monitor]: ANOMALY on [lidar_node] /sim/lidar/scan:nan_ratio: Value 0.2778 deviated from baseline 0.0000±0.0001 (z=2777.8, confirmed x65) (sev=1.00)
[monitor_node-12] [WARN] [1790112852.345565430] [diagnostic_monitor]: ANOMALY on [lidar_node] /sim/lidar/scan:nan_ratio: Value 0.3889 deviated from baseline 0.0000±0.0001 (z=3888.9, confirmed x66) (sev=1.00)
[monitor_node-12] [WARN] [1790112852.455423099] [diagnostic_monitor]: ANOMALY on [lidar_node] /sim/lidar/scan:nan_ratio: Value 0.3889 deviated from baseline 0.0000±0.0001 (z=3888.9, confirmed x67) (sev=1.00)
[monitor_node-12] [WARN] [1790112852.458356026] [diagnostic_monitor]: ANOMALY on [perception_node] /perception/obstacles:obstacle_empty: Value 1.0000 deviated from baseline 0.0000±0.0001 (z=10000.0, confirmed x2) (sev=1.00)
[monitor_node-12] [WARN] [1790112852.544913757] [diagnostic_monitor]: ANOMALY on [lidar_node] /sim/lidar/scan:nan_ratio: Value 0.3444 deviated from baseline 0.0000±0.0001 (z=3444.4, confirmed x68) (sev=1.00)
[monitor_node-12] [WARN] [1790112852.550061597] [diagnostic_monitor]: ANOMALY on [perception_node] /perception/obstacles:obstacle_empty: Value 1.0000 deviated from baseline 0.0000±0.0001 (z=10000.0, confirmed x3) (sev=1.00)
[monitor_node-12] [WARN] [1790112852.654892745] [diagnostic_monitor]: ANOMALY on [lidar_node] /sim/lidar/scan:nan_ratio: Value 0.3000 deviated from baseline 0.0000±0.0001 (z=3000.0, confirmed x69) (sev=1.00)
[monitor_node-12] [WARN] [1790112852.746458096] [diagnostic_monitor]: ANOMALY on [lidar_node] /sim/lidar/scan:nan_ratio: Value 0.3444 deviated from baseline 0.0000±0.0001 (z=3444.4, confirmed x70) (sev=1.00)
[monitor_node-12] [WARN] [1790112852.854935101] [diagnostic_monitor]: ANOMALY on [lidar_node] /sim/lidar/scan:nan_ratio: Value 0.3444 deviated from baseline 0.0000±0.0001 (z=3444.4, confirmed x71) (sev=1.00)
[monitor_node-12] [WARN] [1790112852.875069262] [diagnostic_monitor]: ANOMALY on [perception_node] /perception/obstacles:obstacle_empty: Value 1.0000 deviated from baseline 0.0000±0.0001 (z=10000.0, confirmed x2) (sev=1.00)
[monitor_node-12] [WARN] [1790112852.946090428] [diagnostic_monitor]: ANOMALY on [lidar_node] /sim/lidar/scan:nan_ratio: Value 0.3000 deviated from baseline 0.0000±0.0001 (z=3000.0, confirmed x72) (sev=1.00)
[monitor_node-12] [WARN] [1790112853.054980785] [diagnostic_monitor]: ANOMALY on [lidar_node] /sim/lidar/scan:nan_ratio: Value 0.3667 deviated from baseline 0.0000±0.0001 (z=3666.7, confirmed x73) (sev=1.00)
[monitor_node-12] [WARN] [1790112853.144713227] [diagnostic_monitor]: ANOMALY on [lidar_node] /sim/lidar/scan:nan_ratio: Value 0.3556 deviated from baseline 0.0000±0.0001 (z=3555.6, confirmed x74) (sev=1.00)
[monitor_node-12] [WARN] [1790112853.148603083] [diagnostic_monitor]: ANOMALY on [perception_node] /perception/obstacles:obstacle_empty: Value 1.0000 deviated from baseline 0.0000±0.0001 (z=10000.0, confirmed x2) (sev=1.00)
[monitor_node-12] [WARN] [1790112853.265024140] [diagnostic_monitor]: ANOMALY on [lidar_node] /sim/lidar/scan:nan_ratio: Value 0.3333 deviated from baseline 0.0000±0.0001 (z=3333.3, confirmed x75) (sev=1.00)
[monitor_node-12] [WARN] [1790112853.268467632] [diagnostic_monitor]: ANOMALY on [perception_node] /perception/obstacles:obstacle_empty: Value 1.0000 deviated from baseline 0.0000±0.0001 (z=10000.0, confirmed x3) (sev=1.00)
[monitor_node-12] [WARN] [1790112853.345138822] [diagnostic_monitor]: ANOMALY on [lidar_node] /sim/lidar/scan:nan_ratio: Value 0.3111 deviated from baseline 0.0000±0.0001 (z=3111.1, confirmed x76) (sev=1.00)
[monitor_node-12] [WARN] [1790112853.348311247] [diagnostic_monitor]: ANOMALY on [perception_node] /perception/obstacles:obstacle_empty: Value 1.0000 deviated from baseline 0.0000±0.0001 (z=10000.0, confirmed x4) (sev=1.00)
[monitor_node-12] [WARN] [1790112853.471579812] [diagnostic_monitor]: ANOMALY on [lidar_node] /sim/lidar/scan:nan_ratio: Value 0.2222 deviated from baseline 0.0000±0.0001 (z=2222.2, confirmed x77) (sev=1.00)
[monitor_node-12] [WARN] [1790112853.554816594] [diagnostic_monitor]: ANOMALY on [lidar_node] /sim/lidar/scan:nan_ratio: Value 0.2778 deviated from baseline 0.0000±0.0001 (z=2777.8, confirmed x78) (sev=1.00)
[monitor_node-12] [WARN] [1790112853.657098108] [diagnostic_monitor]: ANOMALY on [lidar_node] /sim/lidar/scan:nan_ratio: Value 0.3000 deviated from baseline 0.0000±0.0001 (z=3000.0, confirmed x79) (sev=1.00)
[monitor_node-12] [WARN] [1790112853.745092629] [diagnostic_monitor]: ANOMALY on [lidar_node] /sim/lidar/scan:nan_ratio: Value 0.4111 deviated from baseline 0.0000±0.0001 (z=4111.1, confirmed x80) (sev=1.00)
[monitor_node-12] [WARN] [1790112853.855165542] [diagnostic_monitor]: ANOMALY on [lidar_node] /sim/lidar/scan:nan_ratio: Value 0.2778 deviated from baseline 0.0000±0.0001 (z=2777.8, confirmed x81) (sev=1.00)
[monitor_node-12] [WARN] [1790112853.945085967] [diagnostic_monitor]: ANOMALY on [lidar_node] /sim/lidar/scan:nan_ratio: Value 0.3556 deviated from baseline 0.0000±0.0001 (z=3555.6, confirmed x82) (sev=1.00)
[monitor_node-12] [WARN] [1790112854.068915560] [diagnostic_monitor]: ANOMALY on [lidar_node] /sim/lidar/scan:nan_ratio: Value 0.3444 deviated from baseline 0.0000±0.0001 (z=3444.4, confirmed x83) (sev=1.00)
[monitor_node-12] [WARN] [1790112854.070873849] [diagnostic_monitor]: ANOMALY on [perception_node] /perception/obstacles:obstacle_empty: Value 1.0000 deviated from baseline 0.0000±0.0001 (z=10000.0, confirmed x2) (sev=1.00)
[monitor_node-12] [WARN] [1790112854.145218620] [diagnostic_monitor]: ANOMALY on [lidar_node] /sim/lidar/scan:nan_ratio: Value 0.3222 deviated from baseline 0.0000±0.0001 (z=3222.2, confirmed x84) (sev=1.00)
[monitor_node-12] [WARN] [1790112854.148390908] [diagnostic_monitor]: ANOMALY on [perception_node] /perception/obstacles:obstacle_empty: Value 1.0000 deviated from baseline 0.0000±0.0001 (z=10000.0, confirmed x3) (sev=1.00)
[monitor_node-12] [WARN] [1790112854.274815024] [diagnostic_monitor]: ANOMALY on [lidar_node] /sim/lidar/scan:nan_ratio: Value 0.3778 deviated from baseline 0.0000±0.0001 (z=3777.8, confirmed x85) (sev=1.00)
[monitor_node-12] [WARN] [1790112854.280166253] [diagnostic_monitor]: ANOMALY on [perception_node] /perception/obstacles:obstacle_empty: Value 1.0000 deviated from baseline 0.0000±0.0001 (z=10000.0, confirmed x4) (sev=1.00)
[monitor_node-12] [WARN] [1790112854.360674798] [diagnostic_monitor]: ANOMALY on [lidar_node] /sim/lidar/scan:nan_ratio: Value 0.2333 deviated from baseline 0.0000±0.0001 (z=2333.3, confirmed x86) (sev=1.00)
[monitor_node-12] [WARN] [1790112854.456660368] [diagnostic_monitor]: ANOMALY on [lidar_node] /sim/lidar/scan:nan_ratio: Value 0.3111 deviated from baseline 0.0000±0.0001 (z=3111.1, confirmed x87) (sev=1.00)
[monitor_node-12] [WARN] [1790112854.554602456] [diagnostic_monitor]: ANOMALY on [lidar_node] /sim/lidar/scan:nan_ratio: Value 0.3556 deviated from baseline 0.0000±0.0001 (z=3555.6, confirmed x88) (sev=1.00)
[monitor_node-12] [WARN] [1790112854.558613423] [diagnostic_monitor]: ANOMALY on [perception_node] /perception/obstacles:obstacle_empty: Value 1.0000 deviated from baseline 0.0000±0.0001 (z=10000.0, confirmed x2) (sev=1.00)
[monitor_node-12] [WARN] [1790112854.654827581] [diagnostic_monitor]: ANOMALY on [lidar_node] /sim/lidar/scan:nan_ratio: Value 0.3111 deviated from baseline 0.0000±0.0001 (z=3111.1, confirmed x89) (sev=1.00)
[monitor_node-12] [WARN] [1790112854.668706312] [diagnostic_monitor]: ANOMALY on [perception_node] /perception/obstacles:obstacle_empty: Value 1.0000 deviated from baseline 0.0000±0.0001 (z=10000.0, confirmed x3) (sev=1.00)
[monitor_node-12] [WARN] [1790112854.754271370] [diagnostic_monitor]: ANOMALY on [lidar_node] /sim/lidar/scan:nan_ratio: Value 0.3333 deviated from baseline 0.0000±0.0001 (z=3333.3, confirmed x90) (sev=1.00)
[monitor_node-12] [WARN] [1790112854.758135017] [diagnostic_monitor]: ANOMALY on [perception_node] /perception/obstacles:obstacle_empty: Value 1.0000 deviated from baseline 0.0000±0.0001 (z=10000.0, confirmed x4) (sev=1.00)
[monitor_node-12] [WARN] [1790112854.864778497] [diagnostic_monitor]: ANOMALY on [lidar_node] /sim/lidar/scan:nan_ratio: Value 0.3667 deviated from baseline 0.0000±0.0001 (z=3666.7, confirmed x91) (sev=1.00)
[monitor_node-12] [WARN] [1790112854.868580341] [diagnostic_monitor]: ANOMALY on [perception_node] /perception/obstacles:obstacle_empty: Value 1.0000 deviated from baseline 0.0000±0.0001 (z=10000.0, confirmed x5) (sev=1.00)
[monitor_node-12] [WARN] [1790112854.954885884] [diagnostic_monitor]: ANOMALY on [lidar_node] /sim/lidar/scan:nan_ratio: Value 0.3444 deviated from baseline 0.0000±0.0001 (z=3444.4, confirmed x92) (sev=1.00)
[monitor_node-12] [WARN] [1790112854.958446253] [diagnostic_monitor]: ANOMALY on [perception_node] /perception/obstacles:obstacle_empty: Value 1.0000 deviated from baseline 0.0000±0.0001 (z=10000.0, confirmed x6) (sev=1.00)
[monitor_node-12] [WARN] [1790112855.065397581] [diagnostic_monitor]: ANOMALY on [lidar_node] /sim/lidar/scan:nan_ratio: Value 0.3333 deviated from baseline 0.0000±0.0001 (z=3333.3, confirmed x93) (sev=1.00)
[monitor_node-12] [WARN] [1790112855.068589534] [diagnostic_monitor]: ANOMALY on [perception_node] /perception/obstacles:obstacle_empty: Value 1.0000 deviated from baseline 0.0000±0.0001 (z=10000.0, confirmed x7) (sev=1.00)
[monitor_node-12] [WARN] [1790112855.155123675] [diagnostic_monitor]: ANOMALY on [lidar_node] /sim/lidar/scan:nan_ratio: Value 0.3556 deviated from baseline 0.0000±0.0001 (z=3555.6, confirmed x94) (sev=1.00)
[monitor_node-12] [WARN] [1790112855.162113093] [diagnostic_monitor]: ANOMALY on [perception_node] /perception/obstacles:obstacle_empty: Value 1.0000 deviated from baseline 0.0000±0.0001 (z=10000.0, confirmed x8) (sev=1.00)
[monitor_node-12] [WARN] [1790112855.264877643] [diagnostic_monitor]: ANOMALY on [lidar_node] /sim/lidar/scan:nan_ratio: Value 0.3111 deviated from baseline 0.0000±0.0001 (z=3111.1, confirmed x95) (sev=1.00)
[monitor_node-12] [WARN] [1790112855.268453797] [diagnostic_monitor]: ANOMALY on [perception_node] /perception/obstacles:obstacle_empty: Value 1.0000 deviated from baseline 0.0000±0.0001 (z=10000.0, confirmed x9) (sev=1.00)
[monitor_node-12] [WARN] [1790112855.354793860] [diagnostic_monitor]: ANOMALY on [lidar_node] /sim/lidar/scan:nan_ratio: Value 0.3333 deviated from baseline 0.0000±0.0001 (z=3333.3, confirmed x96) (sev=1.00)
[monitor_node-12] [WARN] [1790112855.358557317] [diagnostic_monitor]: ANOMALY on [perception_node] /perception/obstacles:obstacle_empty: Value 1.0000 deviated from baseline 0.0000±0.0001 (z=10000.0, confirmed x10) (sev=1.00)
[monitor_node-12] [WARN] [1790112855.484982008] [diagnostic_monitor]: ANOMALY on [lidar_node] /sim/lidar/scan:nan_ratio: Value 0.2889 deviated from baseline 0.0000±0.0001 (z=2888.9, confirmed x97) (sev=1.00)
[monitor_node-12] [WARN] [1790112855.575022172] [diagnostic_monitor]: ANOMALY on [lidar_node] /sim/lidar/scan:nan_ratio: Value 0.3556 deviated from baseline 0.0000±0.0001 (z=3555.6, confirmed x98) (sev=1.00)
[monitor_node-12] [WARN] [1790112855.707614743] [diagnostic_monitor]: ANOMALY on [lidar_node] /sim/lidar/scan:nan_ratio: Value 0.3556 deviated from baseline 0.0000±0.0001 (z=3555.6, confirmed x99) (sev=1.00)
[monitor_node-12] [WARN] [1790112855.710668267] [diagnostic_monitor]: ANOMALY on [perception_node] /perception/obstacles:obstacle_empty: Value 1.0000 deviated from baseline 0.0000±0.0001 (z=10000.0, confirmed x2) (sev=1.00)
[monitor_node-12] [WARN] [1790112855.794998975] [diagnostic_monitor]: ANOMALY on [lidar_node] /sim/lidar/scan:nan_ratio: Value 0.2333 deviated from baseline 0.0000±0.0001 (z=2333.3, confirmed x100) (sev=1.00)
[monitor_node-12] [WARN] [1790112855.905306181] [diagnostic_monitor]: ANOMALY on [lidar_node] /sim/lidar/scan:nan_ratio: Value 0.3333 deviated from baseline 0.0000±0.0001 (z=3333.3, confirmed x101) (sev=1.00)
[monitor_node-12] [WARN] [1790112855.994913409] [diagnostic_monitor]: ANOMALY on [lidar_node] /sim/lidar/scan:nan_ratio: Value 0.2778 deviated from baseline 0.0000±0.0001 (z=2777.8, confirmed x102) (sev=1.00)
[monitor_node-12] [WARN] [1790112856.104841204] [diagnostic_monitor]: ANOMALY on [lidar_node] /sim/lidar/scan:nan_ratio: Value 0.3444 deviated from baseline 0.0000±0.0001 (z=3444.4, confirmed x103) (sev=1.00)
[monitor_node-12] [WARN] [1790112856.184706217] [diagnostic_monitor]: ANOMALY on [lidar_node] /sim/lidar/scan:nan_ratio: Value 0.2889 deviated from baseline 0.0000±0.0001 (z=2888.9, confirmed x104) (sev=1.00)
[monitor_node-12] [WARN] [1790112856.304724490] [diagnostic_monitor]: ANOMALY on [lidar_node] /sim/lidar/scan:nan_ratio: Value 0.2444 deviated from baseline 0.0000±0.0001 (z=2444.4, confirmed x105) (sev=1.00)
[monitor_node-12] [WARN] [1790112856.404872353] [diagnostic_monitor]: ANOMALY on [lidar_node] /sim/lidar/scan:nan_ratio: Value 0.3889 deviated from baseline 0.0000±0.0001 (z=3888.9, confirmed x106) (sev=1.00)
[monitor_node-12] [WARN] [1790112856.509099256] [diagnostic_monitor]: ANOMALY on [lidar_node] /sim/lidar/scan:nan_ratio: Value 0.3778 deviated from baseline 0.0000±0.0001 (z=3777.8, confirmed x107) (sev=1.00)
[monitor_node-12] [WARN] [1790112856.520132533] [diagnostic_monitor]: ANOMALY on [perception_node] /perception/obstacles:obstacle_empty: Value 1.0000 deviated from baseline 0.0000±0.0001 (z=10000.0, confirmed x2) (sev=1.00)
[monitor_node-12] [WARN] [1790112856.584925813] [diagnostic_monitor]: ANOMALY on [lidar_node] /sim/lidar/scan:nan_ratio: Value 0.2444 deviated from baseline 0.0000±0.0001 (z=2444.4, confirmed x108) (sev=1.00)
[monitor_node-12] [WARN] [1790112856.694753028] [diagnostic_monitor]: ANOMALY on [lidar_node] /sim/lidar/scan:nan_ratio: Value 0.3556 deviated from baseline 0.0000±0.0001 (z=3555.6, confirmed x109) (sev=1.00)
[monitor_node-12] [WARN] [1790112856.795299659] [diagnostic_monitor]: ANOMALY on [lidar_node] /sim/lidar/scan:nan_ratio: Value 0.2444 deviated from baseline 0.0000±0.0001 (z=2444.4, confirmed x110) (sev=1.00)
[monitor_node-12] [WARN] [1790112856.905097515] [diagnostic_monitor]: ANOMALY on [lidar_node] /sim/lidar/scan:nan_ratio: Value 0.2556 deviated from baseline 0.0000±0.0001 (z=2555.6, confirmed x111) (sev=1.00)
[monitor_node-12] [WARN] [1790112856.994920433] [diagnostic_monitor]: ANOMALY on [lidar_node] /sim/lidar/scan:nan_ratio: Value 0.2778 deviated from baseline 0.0000±0.0001 (z=2777.8, confirmed x112) (sev=1.00)
[monitor_node-12] [WARN] [1790112857.104862037] [diagnostic_monitor]: ANOMALY on [lidar_node] /sim/lidar/scan:nan_ratio: Value 0.2778 deviated from baseline 0.0000±0.0001 (z=2777.8, confirmed x113) (sev=1.00)
[monitor_node-12] [WARN] [1790112857.198600360] [diagnostic_monitor]: ANOMALY on [lidar_node] /sim/lidar/scan:nan_ratio: Value 0.2667 deviated from baseline 0.0000±0.0001 (z=2666.7, confirmed x114) (sev=1.00)
[monitor_node-12] [WARN] [1790112857.315141503] [diagnostic_monitor]: ANOMALY on [lidar_node] /sim/lidar/scan:nan_ratio: Value 0.3111 deviated from baseline 0.0000±0.0001 (z=3111.1, confirmed x115) (sev=1.00)
[monitor_node-12] [WARN] [1790112857.396318043] [diagnostic_monitor]: ANOMALY on [lidar_node] /sim/lidar/scan:nan_ratio: Value 0.2444 deviated from baseline 0.0000±0.0001 (z=2444.4, confirmed x116) (sev=1.00)
[monitor_node-12] [WARN] [1790112857.504582000] [diagnostic_monitor]: ANOMALY on [lidar_node] /sim/lidar/scan:nan_ratio: Value 0.3111 deviated from baseline 0.0000±0.0001 (z=3111.1, confirmed x117) (sev=1.00)
[monitor_node-12] [WARN] [1790112857.615434203] [diagnostic_monitor]: ANOMALY on [lidar_node] /sim/lidar/scan:nan_ratio: Value 0.3111 deviated from baseline 0.0000±0.0001 (z=3111.1, confirmed x118) (sev=1.00)
[monitor_node-12] [WARN] [1790112857.619327299] [diagnostic_monitor]: ANOMALY on [perception_node] /perception/obstacles:obstacle_empty: Value 1.0000 deviated from baseline 0.0000±0.0001 (z=10000.0, confirmed x2) (sev=1.00)
[monitor_node-12] [WARN] [1790112857.736794530] [diagnostic_monitor]: ANOMALY on [lidar_node] /sim/lidar/scan:nan_ratio: Value 0.3444 deviated from baseline 0.0000±0.0001 (z=3444.4, confirmed x119) (sev=1.00)
[monitor_node-12] [WARN] [1790112857.739522461] [diagnostic_monitor]: ANOMALY on [perception_node] /perception/obstacles:obstacle_empty: Value 1.0000 deviated from baseline 0.0000±0.0001 (z=10000.0, confirmed x3) (sev=1.00)
[monitor_node-12] [WARN] [1790112857.810830729] [diagnostic_monitor]: ANOMALY on [lidar_node] /sim/lidar/scan:nan_ratio: Value 0.2444 deviated from baseline 0.0000±0.0001 (z=2444.4, confirmed x120) (sev=1.00)
[monitor_node-12] [WARN] [1790112857.927959862] [diagnostic_monitor]: ANOMALY on [lidar_node] /sim/lidar/scan:nan_ratio: Value 0.3667 deviated from baseline 0.0000±0.0001 (z=3666.7, confirmed x121) (sev=1.00)
[monitor_node-12] [WARN] [1790112858.015341802] [diagnostic_monitor]: ANOMALY on [lidar_node] /sim/lidar/scan:nan_ratio: Value 0.3778 deviated from baseline 0.0000±0.0001 (z=3777.8, confirmed x122) (sev=1.00)
[monitor_node-12] [WARN] [1790112858.018845372] [diagnostic_monitor]: ANOMALY on [perception_node] /perception/obstacles:obstacle_empty: Value 1.0000 deviated from baseline 0.0000±0.0001 (z=10000.0, confirmed x2) (sev=1.00)
[monitor_node-12] [WARN] [1790112858.148557823] [diagnostic_monitor]: ANOMALY on [lidar_node] /sim/lidar/scan:nan_ratio: Value 0.3111 deviated from baseline 0.0000±0.0001 (z=3111.1, confirmed x123) (sev=1.00)
[monitor_node-12] [WARN] [1790112858.165375181] [diagnostic_monitor]: ANOMALY on [perception_node] /perception/obstacles:obstacle_empty: Value 1.0000 deviated from baseline 0.0000±0.0001 (z=10000.0, confirmed x3) (sev=1.00)
[monitor_node-12] [WARN] [1790112858.224859111] [diagnostic_monitor]: ANOMALY on [lidar_node] /sim/lidar/scan:nan_ratio: Value 0.2889 deviated from baseline 0.0000±0.0001 (z=2888.9, confirmed x124) (sev=1.00)
[monitor_node-12] [WARN] [1790112858.325371718] [diagnostic_monitor]: ANOMALY on [lidar_node] /sim/lidar/scan:nan_ratio: Value 0.2889 deviated from baseline 0.0000±0.0001 (z=2888.9, confirmed x125) (sev=1.00)
[monitor_node-12] [WARN] [1790112858.425127272] [diagnostic_monitor]: ANOMALY on [lidar_node] /sim/lidar/scan:nan_ratio: Value 0.3000 deviated from baseline 0.0000±0.0001 (z=3000.0, confirmed x126) (sev=1.00)
[monitor_node-12] [WARN] [1790112858.534767568] [diagnostic_monitor]: ANOMALY on [lidar_node] /sim/lidar/scan:nan_ratio: Value 0.3000 deviated from baseline 0.0000±0.0001 (z=3000.0, confirmed x127) (sev=1.00)
[monitor_node-12] [WARN] [1790112858.618604159] [diagnostic_monitor]: ANOMALY on [lidar_node] /sim/lidar/scan:nan_ratio: Value 0.3111 deviated from baseline 0.0000±0.0001 (z=3111.1, confirmed x128) (sev=1.00)
[monitor_node-12] [WARN] [1790112858.746007446] [diagnostic_monitor]: ANOMALY on [lidar_node] /sim/lidar/scan:nan_ratio: Value 0.3556 deviated from baseline 0.0000±0.0001 (z=3555.6, confirmed x129) (sev=1.00)
[monitor_node-12] [WARN] [1790112858.751775448] [diagnostic_monitor]: ANOMALY on [perception_node] /perception/obstacles:obstacle_empty: Value 1.0000 deviated from baseline 0.0000±0.0001 (z=10000.0, confirmed x2) (sev=1.00)
[monitor_node-12] [WARN] [1790112858.826189409] [diagnostic_monitor]: ANOMALY on [lidar_node] /sim/lidar/scan:nan_ratio: Value 0.2222 deviated from baseline 0.0000±0.0001 (z=2222.2, confirmed x130) (sev=1.00)
[monitor_node-12] [WARN] [1790112858.935655255] [diagnostic_monitor]: ANOMALY on [lidar_node] /sim/lidar/scan:nan_ratio: Value 0.2444 deviated from baseline 0.0000±0.0001 (z=2444.4, confirmed x131) (sev=1.00)
[monitor_node-12] [WARN] [1790112859.025546717] [diagnostic_monitor]: ANOMALY on [lidar_node] /sim/lidar/scan:nan_ratio: Value 0.2889 deviated from baseline 0.0000±0.0001 (z=2888.9, confirmed x132) (sev=1.00)
[monitor_node-12] [WARN] [1790112859.167392047] [diagnostic_monitor]: ANOMALY on [lidar_node] /sim/lidar/scan:nan_ratio: Value 0.3444 deviated from baseline 0.0000±0.0001 (z=3444.4, confirmed x133) (sev=1.00)
[monitor_node-12] [WARN] [1790112859.224523732] [diagnostic_monitor]: ANOMALY on [lidar_node] /sim/lidar/scan:nan_ratio: Value 0.3333 deviated from baseline 0.0000±0.0001 (z=3333.3, confirmed x134) (sev=1.00)
[monitor_node-12] [WARN] [1790112859.228250021] [diagnostic_monitor]: ANOMALY on [perception_node] /perception/obstacles:obstacle_empty: Value 1.0000 deviated from baseline 0.0000±0.0001 (z=10000.0, confirmed x2) (sev=1.00)
[monitor_node-12] [WARN] [1790112859.338911474] [diagnostic_monitor]: ANOMALY on [lidar_node] /sim/lidar/scan:nan_ratio: Value 0.2222 deviated from baseline 0.0000±0.0001 (z=2222.2, confirmed x135) (sev=1.00)
[monitor_node-12] [WARN] [1790112859.434962850] [diagnostic_monitor]: ANOMALY on [lidar_node] /sim/lidar/scan:nan_ratio: Value 0.3000 deviated from baseline 0.0000±0.0001 (z=3000.0, confirmed x136) (sev=1.00)
[monitor_node-12] [WARN] [1790112859.544848004] [diagnostic_monitor]: ANOMALY on [lidar_node] /sim/lidar/scan:nan_ratio: Value 0.3111 deviated from baseline 0.0000±0.0001 (z=3111.1, confirmed x137) (sev=1.00)
[monitor_node-12] [WARN] [1790112859.634861204] [diagnostic_monitor]: ANOMALY on [lidar_node] /sim/lidar/scan:nan_ratio: Value 0.3556 deviated from baseline 0.0000±0.0001 (z=3555.6, confirmed x138) (sev=1.00)
[monitor_node-12] [WARN] [1790112859.638708535] [diagnostic_monitor]: ANOMALY on [perception_node] /perception/obstacles:obstacle_empty: Value 1.0000 deviated from baseline 0.0000±0.0001 (z=10000.0, confirmed x2) (sev=1.00)
[monitor_node-12] [WARN] [1790112859.744781880] [diagnostic_monitor]: ANOMALY on [lidar_node] /sim/lidar/scan:nan_ratio: Value 0.3222 deviated from baseline 0.0000±0.0001 (z=3222.2, confirmed x139) (sev=1.00)
[monitor_node-12] [WARN] [1790112859.749152898] [diagnostic_monitor]: ANOMALY on [perception_node] /perception/obstacles:obstacle_empty: Value 1.0000 deviated from baseline 0.0000±0.0001 (z=10000.0, confirmed x3) (sev=1.00)
[monitor_node-12] [WARN] [1790112859.834869187] [diagnostic_monitor]: ANOMALY on [lidar_node] /sim/lidar/scan:nan_ratio: Value 0.3111 deviated from baseline 0.0000±0.0001 (z=3111.1, confirmed x140) (sev=1.00)
[monitor_node-12] [WARN] [1790112859.838792567] [diagnostic_monitor]: ANOMALY on [perception_node] /perception/obstacles:obstacle_empty: Value 1.0000 deviated from baseline 0.0000±0.0001 (z=10000.0, confirmed x4) (sev=1.00)
[monitor_node-12] [WARN] [1790112859.950529604] [diagnostic_monitor]: ANOMALY on [lidar_node] /sim/lidar/scan:nan_ratio: Value 0.2778 deviated from baseline 0.0000±0.0001 (z=2777.8, confirmed x141) (sev=1.00)
[monitor_node-12] [WARN] [1790112860.039656837] [diagnostic_monitor]: ANOMALY on [lidar_node] /sim/lidar/scan:nan_ratio: Value 0.2556 deviated from baseline 0.0000±0.0001 (z=2555.6, confirmed x142) (sev=1.00)
[monitor_node-12] [WARN] [1790112860.145317502] [diagnostic_monitor]: ANOMALY on [lidar_node] /sim/lidar/scan:nan_ratio: Value 0.3222 deviated from baseline 0.0000±0.0001 (z=3222.2, confirmed x143) (sev=1.00)
[monitor_node-12] [WARN] [1790112860.234625343] [diagnostic_monitor]: ANOMALY on [lidar_node] /sim/lidar/scan:nan_ratio: Value 0.2333 deviated from baseline 0.0000±0.0001 (z=2333.3, confirmed x144) (sev=1.00)
[monitor_node-12] [WARN] [1790112860.386529224] [diagnostic_monitor]: ANOMALY on [lidar_node] /sim/lidar/scan:nan_ratio: Value 0.3222 deviated from baseline 0.0000±0.0001 (z=3222.2, confirmed x145) (sev=1.00)
[monitor_node-12] [WARN] [1790112860.456574956] [diagnostic_monitor]: ANOMALY on [lidar_node] /sim/lidar/scan:nan_ratio: Value 0.3444 deviated from baseline 0.0000±0.0001 (z=3444.4, confirmed x146) (sev=1.00)
[monitor_node-12] [WARN] [1790112860.459241573] [diagnostic_monitor]: ANOMALY on [perception_node] /perception/obstacles:obstacle_empty: Value 1.0000 deviated from baseline 0.0000±0.0001 (z=10000.0, confirmed x2) (sev=1.00)
[monitor_node-12] [WARN] [1790112860.574941060] [diagnostic_monitor]: ANOMALY on [lidar_node] /sim/lidar/scan:nan_ratio: Value 0.3222 deviated from baseline 0.0000±0.0001 (z=3222.2, confirmed x147) (sev=1.00)
[monitor_node-12] [WARN] [1790112860.578791667] [diagnostic_monitor]: ANOMALY on [perception_node] /perception/obstacles:obstacle_empty: Value 1.0000 deviated from baseline 0.0000±0.0001 (z=10000.0, confirmed x3) (sev=1.00)
[monitor_node-12] [WARN] [1790112860.655823446] [diagnostic_monitor]: ANOMALY on [lidar_node] /sim/lidar/scan:nan_ratio: Value 0.3444 deviated from baseline 0.0000±0.0001 (z=3444.4, confirmed x148) (sev=1.00)
[monitor_node-12] [WARN] [1790112860.660709733] [diagnostic_monitor]: ANOMALY on [perception_node] /perception/obstacles:obstacle_empty: Value 1.0000 deviated from baseline 0.0000±0.0001 (z=10000.0, confirmed x4) (sev=1.00)
[monitor_node-12] [WARN] [1790112860.764843212] [diagnostic_monitor]: ANOMALY on [lidar_node] /sim/lidar/scan:nan_ratio: Value 0.3222 deviated from baseline 0.0000±0.0001 (z=3222.2, confirmed x149) (sev=1.00)
[monitor_node-12] [WARN] [1790112860.768500451] [diagnostic_monitor]: ANOMALY on [perception_node] /perception/obstacles:obstacle_empty: Value 1.0000 deviated from baseline 0.0000±0.0001 (z=10000.0, confirmed x5) (sev=1.00)
[monitor_node-12] [WARN] [1790112860.854836984] [diagnostic_monitor]: ANOMALY on [lidar_node] /sim/lidar/scan:nan_ratio: Value 0.3000 deviated from baseline 0.0000±0.0001 (z=3000.0, confirmed x150) (sev=1.00)
[monitor_node-12] [WARN] [1790112860.965388381] [diagnostic_monitor]: ANOMALY on [lidar_node] /sim/lidar/scan:nan_ratio: Value 0.2556 deviated from baseline 0.0000±0.0001 (z=2555.6, confirmed x151) (sev=1.00)
[monitor_node-12] [WARN] [1790112861.054784396] [diagnostic_monitor]: ANOMALY on [lidar_node] /sim/lidar/scan:nan_ratio: Value 0.3222 deviated from baseline 0.0000±0.0001 (z=3222.2, confirmed x152) (sev=1.00)
[monitor_node-12] [WARN] [1790112861.175051032] [diagnostic_monitor]: ANOMALY on [lidar_node] /sim/lidar/scan:nan_ratio: Value 0.4111 deviated from baseline 0.0000±0.0001 (z=4111.1, confirmed x153) (sev=1.00)
[monitor_node-12] [WARN] [1790112861.179216217] [diagnostic_monitor]: ANOMALY on [perception_node] /perception/obstacles:obstacle_empty: Value 1.0000 deviated from baseline 0.0000±0.0001 (z=10000.0, confirmed x2) (sev=1.00)
[monitor_node-12] [WARN] [1790112861.256890135] [diagnostic_monitor]: ANOMALY on [lidar_node] /sim/lidar/scan:nan_ratio: Value 0.3889 deviated from baseline 0.0000±0.0001 (z=3888.9, confirmed x154) (sev=1.00)
[monitor_node-12] [WARN] [1790112861.258870109] [diagnostic_monitor]: ANOMALY on [perception_node] /perception/obstacles:obstacle_empty: Value 1.0000 deviated from baseline 0.0000±0.0001 (z=10000.0, confirmed x3) (sev=1.00)
[monitor_node-12] [WARN] [1790112861.367728866] [diagnostic_monitor]: ANOMALY on [lidar_node] /sim/lidar/scan:nan_ratio: Value 0.3111 deviated from baseline 0.0000±0.0001 (z=3111.1, confirmed x155) (sev=1.00)
[monitor_node-12] [WARN] [1790112861.371921855] [diagnostic_monitor]: ANOMALY on [perception_node] /perception/obstacles:obstacle_empty: Value 1.0000 deviated from baseline 0.0000±0.0001 (z=10000.0, confirmed x4) (sev=1.00)
[monitor_node-12] [WARN] [1790112861.457338801] [diagnostic_monitor]: ANOMALY on [lidar_node] /sim/lidar/scan:nan_ratio: Value 0.2444 deviated from baseline 0.0000±0.0001 (z=2444.4, confirmed x156) (sev=1.00)
[monitor_node-12] [WARN] [1790112861.575188429] [diagnostic_monitor]: ANOMALY on [lidar_node] /sim/lidar/scan:nan_ratio: Value 0.3667 deviated from baseline 0.0000±0.0001 (z=3666.7, confirmed x157) (sev=1.00)
[monitor_node-12] [WARN] [1790112861.656978088] [diagnostic_monitor]: ANOMALY on [lidar_node] /sim/lidar/scan:nan_ratio: Value 0.2556 deviated from baseline 0.0000±0.0001 (z=2555.6, confirmed x158) (sev=1.00)
[monitor_node-12] [WARN] [1790112861.765275515] [diagnostic_monitor]: ANOMALY on [lidar_node] /sim/lidar/scan:nan_ratio: Value 0.3000 deviated from baseline 0.0000±0.0001 (z=3000.0, confirmed x159) (sev=1.00)
[monitor_node-12] [WARN] [1790112861.861219248] [diagnostic_monitor]: ANOMALY on [lidar_node] /sim/lidar/scan:nan_ratio: Value 0.2889 deviated from baseline 0.0000±0.0001 (z=2888.9, confirmed x160) (sev=1.00)
[monitor_node-12] [WARN] [1790112861.964769518] [diagnostic_monitor]: ANOMALY on [lidar_node] /sim/lidar/scan:nan_ratio: Value 0.3111 deviated from baseline 0.0000±0.0001 (z=3111.1, confirmed x161) (sev=1.00)
[monitor_node-12] [WARN] [1790112862.054899518] [diagnostic_monitor]: ANOMALY on [lidar_node] /sim/lidar/scan:nan_ratio: Value 0.3556 deviated from baseline 0.0000±0.0001 (z=3555.6, confirmed x162) (sev=1.00)
[monitor_node-12] [WARN] [1790112862.061834699] [diagnostic_monitor]: ANOMALY on [perception_node] /perception/obstacles:obstacle_empty: Value 1.0000 deviated from baseline 0.0000±0.0001 (z=10000.0, confirmed x2) (sev=1.00)
[monitor_node-12] [WARN] [1790112862.164935039] [diagnostic_monitor]: ANOMALY on [lidar_node] /sim/lidar/scan:nan_ratio: Value 0.3444 deviated from baseline 0.0000±0.0001 (z=3444.4, confirmed x163) (sev=1.00)
[monitor_node-12] [WARN] [1790112862.168580031] [diagnostic_monitor]: ANOMALY on [perception_node] /perception/obstacles:obstacle_empty: Value 1.0000 deviated from baseline 0.0000±0.0001 (z=10000.0, confirmed x3) (sev=1.00)
[monitor_node-12] [WARN] [1790112862.264900391] [diagnostic_monitor]: ANOMALY on [lidar_node] /sim/lidar/scan:nan_ratio: Value 0.3000 deviated from baseline 0.0000±0.0001 (z=3000.0, confirmed x164) (sev=1.00)
[monitor_node-12] [WARN] [1790112862.374622873] [diagnostic_monitor]: ANOMALY on [lidar_node] /sim/lidar/scan:nan_ratio: Value 0.3222 deviated from baseline 0.0000±0.0001 (z=3222.2, confirmed x165) (sev=1.00)
[monitor_node-12] [WARN] [1790112862.455284747] [diagnostic_monitor]: ANOMALY on [lidar_node] /sim/lidar/scan:nan_ratio: Value 0.3333 deviated from baseline 0.0000±0.0001 (z=3333.3, confirmed x166) (sev=1.00)
[monitor_node-12] [WARN] [1790112862.459855820] [diagnostic_monitor]: ANOMALY on [perception_node] /perception/obstacles:obstacle_empty: Value 1.0000 deviated from baseline 0.0000±0.0001 (z=10000.0, confirmed x2) (sev=1.00)
[monitor_node-12] [WARN] [1790112862.567442930] [diagnostic_monitor]: ANOMALY on [lidar_node] /sim/lidar/scan:nan_ratio: Value 0.3444 deviated from baseline 0.0000±0.0001 (z=3444.4, confirmed x167) (sev=1.00)
[monitor_node-12] [WARN] [1790112862.569111409] [diagnostic_monitor]: ANOMALY on [perception_node] /perception/obstacles:obstacle_empty: Value 1.0000 deviated from baseline 0.0000±0.0001 (z=10000.0, confirmed x3) (sev=1.00)
[monitor_node-12] [WARN] [1790112862.662985635] [diagnostic_monitor]: ANOMALY on [lidar_node] /sim/lidar/scan:nan_ratio: Value 0.2778 deviated from baseline 0.0000±0.0001 (z=2777.8, confirmed x168) (sev=1.00)
[monitor_node-12] [WARN] [1790112862.775049773] [diagnostic_monitor]: ANOMALY on [lidar_node] /sim/lidar/scan:nan_ratio: Value 0.3111 deviated from baseline 0.0000±0.0001 (z=3111.1, confirmed x169) (sev=1.00)
[monitor_node-12] [WARN] [1790112862.858214256] [diagnostic_monitor]: ANOMALY on [lidar_node] /sim/lidar/scan:nan_ratio: Value 0.3222 deviated from baseline 0.0000±0.0001 (z=3222.2, confirmed x170) (sev=1.00)
[monitor_node-12] [WARN] [1790112862.860612929] [diagnostic_monitor]: ANOMALY on [perception_node] /perception/obstacles:obstacle_empty: Value 1.0000 deviated from baseline 0.0000±0.0001 (z=10000.0, confirmed x2) (sev=1.00)
[monitor_node-12] [WARN] [1790112862.974739272] [diagnostic_monitor]: ANOMALY on [lidar_node] /sim/lidar/scan:nan_ratio: Value 0.3000 deviated from baseline 0.0000±0.0001 (z=3000.0, confirmed x171) (sev=1.00)
[monitor_node-12] [WARN] [1790112863.055334365] [diagnostic_monitor]: ANOMALY on [lidar_node] /sim/lidar/scan:nan_ratio: Value 0.2778 deviated from baseline 0.0000±0.0001 (z=2777.8, confirmed x172) (sev=1.00)
[monitor_node-12] [WARN] [1790112863.174976349] [diagnostic_monitor]: ANOMALY on [lidar_node] /sim/lidar/scan:nan_ratio: Value 0.3111 deviated from baseline 0.0000±0.0001 (z=3111.1, confirmed x173) (sev=1.00)
[monitor_node-12] [WARN] [1790112863.265827752] [diagnostic_monitor]: ANOMALY on [lidar_node] /sim/lidar/scan:nan_ratio: Value 0.3111 deviated from baseline 0.0000±0.0001 (z=3111.1, confirmed x174) (sev=1.00)
[monitor_node-12] [WARN] [1790112863.295092858] [diagnostic_monitor]: ANOMALY on [perception_node] /perception/obstacles:obstacle_empty: Value 1.0000 deviated from baseline 0.0000±0.0001 (z=10000.0, confirmed x2) (sev=1.00)
[monitor_node-12] [WARN] [1790112863.385413029] [diagnostic_monitor]: ANOMALY on [lidar_node] /sim/lidar/scan:nan_ratio: Value 0.2556 deviated from baseline 0.0000±0.0001 (z=2555.6, confirmed x175) (sev=1.00)
[monitor_node-12] [WARN] [1790112863.474818447] [diagnostic_monitor]: ANOMALY on [lidar_node] /sim/lidar/scan:nan_ratio: Value 0.4000 deviated from baseline 0.0000±0.0001 (z=4000.0, confirmed x176) (sev=1.00)
[monitor_node-12] [WARN] [1790112863.584951220] [diagnostic_monitor]: ANOMALY on [lidar_node] /sim/lidar/scan:nan_ratio: Value 0.2111 deviated from baseline 0.0000±0.0001 (z=2111.1, confirmed x177) (sev=1.00)
[monitor_node-12] [WARN] [1790112863.675808869] [diagnostic_monitor]: ANOMALY on [lidar_node] /sim/lidar/scan:nan_ratio: Value 0.3111 deviated from baseline 0.0000±0.0001 (z=3111.1, confirmed x178) (sev=1.00)
[monitor_node-12] [WARN] [1790112863.785363593] [diagnostic_monitor]: ANOMALY on [lidar_node] /sim/lidar/scan:nan_ratio: Value 0.3889 deviated from baseline 0.0000±0.0001 (z=3888.9, confirmed x179) (sev=1.00)
[monitor_node-12] [WARN] [1790112863.792347417] [diagnostic_monitor]: ANOMALY on [perception_node] /perception/obstacles:obstacle_empty: Value 1.0000 deviated from baseline 0.0000±0.0001 (z=10000.0, confirmed x2) (sev=1.00)
[monitor_node-12] [WARN] [1790112863.875057030] [diagnostic_monitor]: ANOMALY on [lidar_node] /sim/lidar/scan:nan_ratio: Value 0.3000 deviated from baseline 0.0000±0.0001 (z=3000.0, confirmed x180) (sev=1.00)
[monitor_node-12] [WARN] [1790112863.984917178] [diagnostic_monitor]: ANOMALY on [lidar_node] /sim/lidar/scan:nan_ratio: Value 0.2556 deviated from baseline 0.0000±0.0001 (z=2555.6, confirmed x181) (sev=1.00)
[monitor_node-12] [WARN] [1790112864.084833982] [diagnostic_monitor]: ANOMALY on [lidar_node] /sim/lidar/scan:nan_ratio: Value 0.3778 deviated from baseline 0.0000±0.0001 (z=3777.8, confirmed x182) (sev=1.00)
[monitor_node-12] [WARN] [1790112864.185115643] [diagnostic_monitor]: ANOMALY on [lidar_node] /sim/lidar/scan:nan_ratio: Value 0.2556 deviated from baseline 0.0000±0.0001 (z=2555.6, confirmed x183) (sev=1.00)
[monitor_node-12] [WARN] [1790112864.275103233] [diagnostic_monitor]: ANOMALY on [lidar_node] /sim/lidar/scan:nan_ratio: Value 0.3556 deviated from baseline 0.0000±0.0001 (z=3555.6, confirmed x184) (sev=1.00)
[monitor_node-12] [WARN] [1790112864.386244970] [diagnostic_monitor]: ANOMALY on [lidar_node] /sim/lidar/scan:nan_ratio: Value 0.3222 deviated from baseline 0.0000±0.0001 (z=3222.2, confirmed x185) (sev=1.00)
[monitor_node-12] [WARN] [1790112864.391633792] [diagnostic_monitor]: ANOMALY on [perception_node] /perception/obstacles:obstacle_empty: Value 1.0000 deviated from baseline 0.0000±0.0001 (z=10000.0, confirmed x2) (sev=1.00)
[monitor_node-12] [WARN] [1790112864.465921221] [diagnostic_monitor]: ANOMALY on [lidar_node] /sim/lidar/scan:nan_ratio: Value 0.3111 deviated from baseline 0.0000±0.0001 (z=3111.1, confirmed x186) (sev=1.00)
[monitor_node-12] [WARN] [1790112864.468679454] [diagnostic_monitor]: ANOMALY on [perception_node] /perception/obstacles:obstacle_empty: Value 1.0000 deviated from baseline 0.0000±0.0001 (z=10000.0, confirmed x3) (sev=1.00)
[monitor_node-12] [WARN] [1790112864.585097635] [diagnostic_monitor]: ANOMALY on [lidar_node] /sim/lidar/scan:nan_ratio: Value 0.3222 deviated from baseline 0.0000±0.0001 (z=3222.2, confirmed x187) (sev=1.00)
[monitor_node-12] [WARN] [1790112864.588292111] [diagnostic_monitor]: ANOMALY on [perception_node] /perception/obstacles:obstacle_empty: Value 1.0000 deviated from baseline 0.0000±0.0001 (z=10000.0, confirmed x4) (sev=1.00)
[monitor_node-12] [WARN] [1790112864.674989417] [diagnostic_monitor]: ANOMALY on [lidar_node] /sim/lidar/scan:nan_ratio: Value 0.3889 deviated from baseline 0.0000±0.0001 (z=3888.9, confirmed x188) (sev=1.00)
[monitor_node-12] [WARN] [1790112864.678653091] [diagnostic_monitor]: ANOMALY on [perception_node] /perception/obstacles:obstacle_empty: Value 1.0000 deviated from baseline 0.0000±0.0001 (z=10000.0, confirmed x5) (sev=1.00)
[monitor_node-12] [WARN] [1790112864.784972812] [diagnostic_monitor]: ANOMALY on [lidar_node] /sim/lidar/scan:nan_ratio: Value 0.2667 deviated from baseline 0.0000±0.0001 (z=2666.7, confirmed x189) (sev=1.00)
[monitor_node-12] [WARN] [1790112864.875036542] [diagnostic_monitor]: ANOMALY on [lidar_node] /sim/lidar/scan:nan_ratio: Value 0.3000 deviated from baseline 0.0000±0.0001 (z=3000.0, confirmed x190) (sev=1.00)
[monitor_node-12] [WARN] [1790112864.984636545] [diagnostic_monitor]: ANOMALY on [lidar_node] /sim/lidar/scan:nan_ratio: Value 0.3556 deviated from baseline 0.0000±0.0001 (z=3555.6, confirmed x191) (sev=1.00)
[monitor_node-12] [WARN] [1790112865.074825987] [diagnostic_monitor]: ANOMALY on [lidar_node] /sim/lidar/scan:nan_ratio: Value 0.3000 deviated from baseline 0.0000±0.0001 (z=3000.0, confirmed x192) (sev=1.00)
[monitor_node-12] [WARN] [1790112865.184664697] [diagnostic_monitor]: ANOMALY on [lidar_node] /sim/lidar/scan:nan_ratio: Value 0.2889 deviated from baseline 0.0000±0.0001 (z=2888.9, confirmed x193) (sev=1.00)
[monitor_node-12] [WARN] [1790112865.264876917] [diagnostic_monitor]: ANOMALY on [lidar_node] /sim/lidar/scan:nan_ratio: Value 0.4000 deviated from baseline 0.0000±0.0001 (z=4000.0, confirmed x194) (sev=1.00)
[monitor_node-12] [WARN] [1790112865.394835771] [diagnostic_monitor]: ANOMALY on [lidar_node] /sim/lidar/scan:nan_ratio: Value 0.3889 deviated from baseline 0.0000±0.0001 (z=3888.9, confirmed x195) (sev=1.00)
[monitor_node-12] [WARN] [1790112865.400783133] [diagnostic_monitor]: ANOMALY on [perception_node] /perception/obstacles:obstacle_empty: Value 1.0000 deviated from baseline 0.0000±0.0001 (z=10000.0, confirmed x2) (sev=1.00)
[monitor_node-12] [WARN] [1790112865.475833417] [diagnostic_monitor]: ANOMALY on [lidar_node] /sim/lidar/scan:nan_ratio: Value 0.3444 deviated from baseline 0.0000±0.0001 (z=3444.4, confirmed x196) (sev=1.00)
[monitor_node-12] [WARN] [1790112865.478547451] [diagnostic_monitor]: ANOMALY on [perception_node] /perception/obstacles:obstacle_empty: Value 1.0000 deviated from baseline 0.0000±0.0001 (z=10000.0, confirmed x3) (sev=1.00)
[monitor_node-12] [WARN] [1790112865.577212423] [diagnostic_monitor]: ANOMALY on [lidar_node] /sim/lidar/scan:nan_ratio: Value 0.2889 deviated from baseline 0.0000±0.0001 (z=2888.9, confirmed x197) (sev=1.00)
[monitor_node-12] [WARN] [1790112865.665237913] [diagnostic_monitor]: ANOMALY on [lidar_node] /sim/lidar/scan:nan_ratio: Value 0.3444 deviated from baseline 0.0000±0.0001 (z=3444.4, confirmed x198) (sev=1.00)
[monitor_node-12] [WARN] [1790112865.785295924] [diagnostic_monitor]: ANOMALY on [lidar_node] /sim/lidar/scan:nan_ratio: Value 0.3000 deviated from baseline 0.0000±0.0001 (z=3000.0, confirmed x199) (sev=1.00)
[monitor_node-12] [WARN] [1790112865.875005985] [diagnostic_monitor]: ANOMALY on [lidar_node] /sim/lidar/scan:nan_ratio: Value 0.2333 deviated from baseline 0.0000±0.0001 (z=2333.3, confirmed x200) (sev=1.00)
[monitor_node-12] [WARN] [1790112865.985025277] [diagnostic_monitor]: ANOMALY on [lidar_node] /sim/lidar/scan:nan_ratio: Value 0.3667 deviated from baseline 0.0000±0.0001 (z=3666.7, confirmed x201) (sev=1.00)
[monitor_node-12] [WARN] [1790112866.074852435] [diagnostic_monitor]: ANOMALY on [lidar_node] /sim/lidar/scan:nan_ratio: Value 0.3444 deviated from baseline 0.0000±0.0001 (z=3444.4, confirmed x202) (sev=1.00)
[monitor_node-12] [WARN] [1790112866.078608963] [diagnostic_monitor]: ANOMALY on [perception_node] /perception/obstacles:obstacle_empty: Value 1.0000 deviated from baseline 0.0000±0.0001 (z=10000.0, confirmed x2) (sev=1.00)
[monitor_node-12] [WARN] [1790112866.174876772] [diagnostic_monitor]: ANOMALY on [lidar_node] /sim/lidar/scan:nan_ratio: Value 0.2667 deviated from baseline 0.0000±0.0001 (z=2666.7, confirmed x203) (sev=1.00)
[monitor_node-12] [WARN] [1790112866.276571310] [diagnostic_monitor]: ANOMALY on [lidar_node] /sim/lidar/scan:nan_ratio: Value 0.3556 deviated from baseline 0.0000±0.0001 (z=3555.6, confirmed x204) (sev=1.00)
[monitor_node-12] [WARN] [1790112866.395252634] [diagnostic_monitor]: ANOMALY on [lidar_node] /sim/lidar/scan:nan_ratio: Value 0.3889 deviated from baseline 0.0000±0.0001 (z=3888.9, confirmed x205) (sev=1.00)
[monitor_node-12] [WARN] [1790112866.398678760] [diagnostic_monitor]: ANOMALY on [perception_node] /perception/obstacles:obstacle_empty: Value 1.0000 deviated from baseline 0.0000±0.0001 (z=10000.0, confirmed x2) (sev=1.00)
[monitor_node-12] [WARN] [1790112866.475042463] [diagnostic_monitor]: ANOMALY on [lidar_node] /sim/lidar/scan:nan_ratio: Value 0.2778 deviated from baseline 0.0000±0.0001 (z=2777.8, confirmed x206) (sev=1.00)
[monitor_node-12] [WARN] [1790112866.584863353] [diagnostic_monitor]: ANOMALY on [lidar_node] /sim/lidar/scan:nan_ratio: Value 0.3667 deviated from baseline 0.0000±0.0001 (z=3666.7, confirmed x207) (sev=1.00)
[monitor_node-12] [WARN] [1790112866.675168625] [diagnostic_monitor]: ANOMALY on [lidar_node] /sim/lidar/scan:nan_ratio: Value 0.2778 deviated from baseline 0.0000±0.0001 (z=2777.8, confirmed x208) (sev=1.00)
[monitor_node-12] [WARN] [1790112866.785435989] [diagnostic_monitor]: ANOMALY on [lidar_node] /sim/lidar/scan:nan_ratio: Value 0.2889 deviated from baseline 0.0000±0.0001 (z=2888.9, confirmed x209) (sev=1.00)
[monitor_node-12] [WARN] [1790112866.874899625] [diagnostic_monitor]: ANOMALY on [lidar_node] /sim/lidar/scan:nan_ratio: Value 0.3111 deviated from baseline 0.0000±0.0001 (z=3111.1, confirmed x210) (sev=1.00)
[monitor_node-12] [WARN] [1790112866.985540112] [diagnostic_monitor]: ANOMALY on [lidar_node] /sim/lidar/scan:nan_ratio: Value 0.3444 deviated from baseline 0.0000±0.0001 (z=3444.4, confirmed x211) (sev=1.00)
[monitor_node-12] [WARN] [1790112866.989192878] [diagnostic_monitor]: ANOMALY on [perception_node] /perception/obstacles:obstacle_empty: Value 1.0000 deviated from baseline 0.0000±0.0001 (z=10000.0, confirmed x2) (sev=1.00)
[monitor_node-12] [WARN] [1790112867.074881044] [diagnostic_monitor]: ANOMALY on [lidar_node] /sim/lidar/scan:nan_ratio: Value 0.2778 deviated from baseline 0.0000±0.0001 (z=2777.8, confirmed x212) (sev=1.00)
[monitor_node-12] [WARN] [1790112867.184853162] [diagnostic_monitor]: ANOMALY on [lidar_node] /sim/lidar/scan:nan_ratio: Value 0.3222 deviated from baseline 0.0000±0.0001 (z=3222.2, confirmed x213) (sev=1.00)
[monitor_node-12] [WARN] [1790112867.266080687] [diagnostic_monitor]: ANOMALY on [lidar_node] /sim/lidar/scan:nan_ratio: Value 0.2889 deviated from baseline 0.0000±0.0001 (z=2888.9, confirmed x214) (sev=1.00)
[monitor_node-12] [WARN] [1790112867.385713379] [diagnostic_monitor]: ANOMALY on [lidar_node] /sim/lidar/scan:nan_ratio: Value 0.3667 deviated from baseline 0.0000±0.0001 (z=3666.7, confirmed x215) (sev=1.00)
[monitor_node-12] [WARN] [1790112867.474794077] [diagnostic_monitor]: ANOMALY on [lidar_node] /sim/lidar/scan:nan_ratio: Value 0.3556 deviated from baseline 0.0000±0.0001 (z=3555.6, confirmed x216) (sev=1.00)
[monitor_node-12] [WARN] [1790112867.478858487] [diagnostic_monitor]: ANOMALY on [perception_node] /perception/obstacles:obstacle_empty: Value 1.0000 deviated from baseline 0.0000±0.0001 (z=10000.0, confirmed x2) (sev=1.00)
[monitor_node-12] [WARN] [1790112867.584902198] [diagnostic_monitor]: ANOMALY on [lidar_node] /sim/lidar/scan:nan_ratio: Value 0.2444 deviated from baseline 0.0000±0.0001 (z=2444.4, confirmed x217) (sev=1.00)
[monitor_node-12] [WARN] [1790112867.675197883] [diagnostic_monitor]: ANOMALY on [lidar_node] /sim/lidar/scan:nan_ratio: Value 0.3667 deviated from baseline 0.0000±0.0001 (z=3666.7, confirmed x218) (sev=1.00)
[monitor_node-12] [WARN] [1790112867.784867246] [diagnostic_monitor]: ANOMALY on [lidar_node] /sim/lidar/scan:nan_ratio: Value 0.3000 deviated from baseline 0.0000±0.0001 (z=3000.0, confirmed x219) (sev=1.00)
[monitor_node-12] [WARN] [1790112867.874737316] [diagnostic_monitor]: ANOMALY on [lidar_node] /sim/lidar/scan:nan_ratio: Value 0.3222 deviated from baseline 0.0000±0.0001 (z=3222.2, confirmed x220) (sev=1.00)
[monitor_node-12] [WARN] [1790112867.984749311] [diagnostic_monitor]: ANOMALY on [lidar_node] /sim/lidar/scan:nan_ratio: Value 0.3111 deviated from baseline 0.0000±0.0001 (z=3111.1, confirmed x221) (sev=1.00)
[monitor_node-12] [WARN] [1790112867.988451199] [diagnostic_monitor]: ANOMALY on [perception_node] /perception/obstacles:obstacle_empty: Value 1.0000 deviated from baseline 0.0000±0.0001 (z=10000.0, confirmed x2) (sev=1.00)
[monitor_node-12] [WARN] [1790112868.075169397] [diagnostic_monitor]: ANOMALY on [lidar_node] /sim/lidar/scan:nan_ratio: Value 0.3333 deviated from baseline 0.0000±0.0001 (z=3333.3, confirmed x222) (sev=1.00)
[monitor_node-12] [WARN] [1790112868.078587639] [diagnostic_monitor]: ANOMALY on [perception_node] /perception/obstacles:obstacle_empty: Value 1.0000 deviated from baseline 0.0000±0.0001 (z=10000.0, confirmed x3) (sev=1.00)
[monitor_node-12] [WARN] [1790112868.184942365] [diagnostic_monitor]: ANOMALY on [lidar_node] /sim/lidar/scan:nan_ratio: Value 0.3111 deviated from baseline 0.0000±0.0001 (z=3111.1, confirmed x223) (sev=1.00)
[monitor_node-12] [WARN] [1790112868.188670587] [diagnostic_monitor]: ANOMALY on [perception_node] /perception/obstacles:obstacle_empty: Value 1.0000 deviated from baseline 0.0000±0.0001 (z=10000.0, confirmed x4) (sev=1.00)
[monitor_node-12] [WARN] [1790112868.274889352] [diagnostic_monitor]: ANOMALY on [lidar_node] /sim/lidar/scan:nan_ratio: Value 0.2889 deviated from baseline 0.0000±0.0001 (z=2888.9, confirmed x224) (sev=1.00)
[monitor_node-12] [WARN] [1790112868.385185887] [diagnostic_monitor]: ANOMALY on [lidar_node] /sim/lidar/scan:nan_ratio: Value 0.2222 deviated from baseline 0.0000±0.0001 (z=2222.2, confirmed x225) (sev=1.00)
[monitor_node-12] [WARN] [1790112868.474888556] [diagnostic_monitor]: ANOMALY on [lidar_node] /sim/lidar/scan:nan_ratio: Value 0.3333 deviated from baseline 0.0000±0.0001 (z=3333.3, confirmed x226) (sev=1.00)
[monitor_node-12] [WARN] [1790112868.575388836] [diagnostic_monitor]: ANOMALY on [lidar_node] /sim/lidar/scan:nan_ratio: Value 0.3556 deviated from baseline 0.0000±0.0001 (z=3555.6, confirmed x227) (sev=1.00)
[monitor_node-12] [WARN] [1790112868.578600288] [diagnostic_monitor]: ANOMALY on [perception_node] /perception/obstacles:obstacle_empty: Value 1.0000 deviated from baseline 0.0000±0.0001 (z=10000.0, confirmed x2) (sev=1.00)
[monitor_node-12] [WARN] [1790112868.674859147] [diagnostic_monitor]: ANOMALY on [lidar_node] /sim/lidar/scan:nan_ratio: Value 0.3222 deviated from baseline 0.0000±0.0001 (z=3222.2, confirmed x228) (sev=1.00)
[monitor_node-12] [WARN] [1790112868.678599888] [diagnostic_monitor]: ANOMALY on [perception_node] /perception/obstacles:obstacle_empty: Value 1.0000 deviated from baseline 0.0000±0.0001 (z=10000.0, confirmed x3) (sev=1.00)
[monitor_node-12] [WARN] [1790112868.785336379] [diagnostic_monitor]: ANOMALY on [lidar_node] /sim/lidar/scan:nan_ratio: Value 0.3111 deviated from baseline 0.0000±0.0001 (z=3111.1, confirmed x229) (sev=1.00)
[monitor_node-12] [WARN] [1790112868.788312005] [diagnostic_monitor]: ANOMALY on [perception_node] /perception/obstacles:obstacle_empty: Value 1.0000 deviated from baseline 0.0000±0.0001 (z=10000.0, confirmed x4) (sev=1.00)
[monitor_node-12] [WARN] [1790112868.874573366] [diagnostic_monitor]: ANOMALY on [lidar_node] /sim/lidar/scan:nan_ratio: Value 0.2444 deviated from baseline 0.0000±0.0001 (z=2444.4, confirmed x230) (sev=1.00)
[monitor_node-12] [WARN] [1790112868.984826618] [diagnostic_monitor]: ANOMALY on [lidar_node] /sim/lidar/scan:nan_ratio: Value 0.3778 deviated from baseline 0.0000±0.0001 (z=3777.8, confirmed x231) (sev=1.00)
[monitor_node-12] [WARN] [1790112869.074600968] [diagnostic_monitor]: ANOMALY on [lidar_node] /sim/lidar/scan:nan_ratio: Value 0.3222 deviated from baseline 0.0000±0.0001 (z=3222.2, confirmed x232) (sev=1.00)
[monitor_node-12] [WARN] [1790112869.078772771] [diagnostic_monitor]: ANOMALY on [perception_node] /perception/obstacles:obstacle_empty: Value 1.0000 deviated from baseline 0.0000±0.0001 (z=10000.0, confirmed x2) (sev=1.00)
[monitor_node-12] [WARN] [1790112869.185972798] [diagnostic_monitor]: ANOMALY on [lidar_node] /sim/lidar/scan:nan_ratio: Value 0.4111 deviated from baseline 0.0000±0.0001 (z=4111.1, confirmed x233) (sev=1.00)
[monitor_node-12] [WARN] [1790112869.188640965] [diagnostic_monitor]: ANOMALY on [perception_node] /perception/obstacles:obstacle_empty: Value 1.0000 deviated from baseline 0.0000±0.0001 (z=10000.0, confirmed x3) (sev=1.00)
[monitor_node-12] [WARN] [1790112869.274794197] [diagnostic_monitor]: ANOMALY on [lidar_node] /sim/lidar/scan:nan_ratio: Value 0.2667 deviated from baseline 0.0000±0.0001 (z=2666.7, confirmed x234) (sev=1.00)
[monitor_node-12] [WARN] [1790112869.394690600] [diagnostic_monitor]: ANOMALY on [lidar_node] /sim/lidar/scan:nan_ratio: Value 0.3000 deviated from baseline 0.0000±0.0001 (z=3000.0, confirmed x235) (sev=1.00)
[monitor_node-12] [WARN] [1790112869.464542551] [diagnostic_monitor]: ANOMALY on [lidar_node] /sim/lidar/scan:nan_ratio: Value 0.3667 deviated from baseline 0.0000±0.0001 (z=3666.7, confirmed x236) (sev=1.00)
[monitor_node-12] [WARN] [1790112869.586578760] [diagnostic_monitor]: ANOMALY on [lidar_node] /sim/lidar/scan:nan_ratio: Value 0.3222 deviated from baseline 0.0000±0.0001 (z=3222.2, confirmed x237) (sev=1.00)
[monitor_node-12] [WARN] [1790112869.588768239] [diagnostic_monitor]: ANOMALY on [perception_node] /perception/obstacles:obstacle_empty: Value 1.0000 deviated from baseline 0.0000±0.0001 (z=10000.0, confirmed x2) (sev=1.00)
[monitor_node-12] [WARN] [1790112869.665124989] [diagnostic_monitor]: ANOMALY on [lidar_node] /sim/lidar/scan:nan_ratio: Value 0.3556 deviated from baseline 0.0000±0.0001 (z=3555.6, confirmed x238) (sev=1.00)
[monitor_node-12] [WARN] [1790112869.669111784] [diagnostic_monitor]: ANOMALY on [perception_node] /perception/obstacles:obstacle_empty: Value 1.0000 deviated from baseline 0.0000±0.0001 (z=10000.0, confirmed x3) (sev=1.00)
[monitor_node-12] [WARN] [1790112869.774524849] [diagnostic_monitor]: ANOMALY on [lidar_node] /sim/lidar/scan:nan_ratio: Value 0.3556 deviated from baseline 0.0000±0.0001 (z=3555.6, confirmed x239) (sev=1.00)
[monitor_node-12] [WARN] [1790112869.778525023] [diagnostic_monitor]: ANOMALY on [perception_node] /perception/obstacles:obstacle_empty: Value 1.0000 deviated from baseline 0.0000±0.0001 (z=10000.0, confirmed x4) (sev=1.00)
[monitor_node-12] [WARN] [1790112869.874874471] [diagnostic_monitor]: ANOMALY on [lidar_node] /sim/lidar/scan:nan_ratio: Value 0.2667 deviated from baseline 0.0000±0.0001 (z=2666.7, confirmed x240) (sev=1.00)
[monitor_node-12] [WARN] [1790112869.985160299] [diagnostic_monitor]: ANOMALY on [lidar_node] /sim/lidar/scan:nan_ratio: Value 0.2778 deviated from baseline 0.0000±0.0001 (z=2777.8, confirmed x241) (sev=1.00)
[monitor_node-12] [WARN] [1790112870.075902725] [diagnostic_monitor]: ANOMALY on [lidar_node] /sim/lidar/scan:nan_ratio: Value 0.2889 deviated from baseline 0.0000±0.0001 (z=2888.9, confirmed x242) (sev=1.00)
[monitor_node-12] [WARN] [1790112870.186600601] [diagnostic_monitor]: ANOMALY on [lidar_node] /sim/lidar/scan:nan_ratio: Value 0.4111 deviated from baseline 0.0000±0.0001 (z=4111.1, confirmed x243) (sev=1.00)
[monitor_node-12] [WARN] [1790112870.275597562] [diagnostic_monitor]: ANOMALY on [lidar_node] /sim/lidar/scan:nan_ratio: Value 0.3333 deviated from baseline 0.0000±0.0001 (z=3333.3, confirmed x244) (sev=1.00)
[monitor_node-12] [WARN] [1790112870.278599666] [diagnostic_monitor]: ANOMALY on [perception_node] /perception/obstacles:obstacle_empty: Value 1.0000 deviated from baseline 0.0000±0.0001 (z=10000.0, confirmed x2) (sev=1.00)
[monitor_node-12] [WARN] [1790112870.385059057] [diagnostic_monitor]: ANOMALY on [lidar_node] /sim/lidar/scan:nan_ratio: Value 0.3667 deviated from baseline 0.0000±0.0001 (z=3666.7, confirmed x245) (sev=1.00)
[monitor_node-12] [WARN] [1790112870.391764167] [diagnostic_monitor]: ANOMALY on [perception_node] /perception/obstacles:obstacle_empty: Value 1.0000 deviated from baseline 0.0000±0.0001 (z=10000.0, confirmed x3) (sev=1.00)
[monitor_node-12] [WARN] [1790112870.474761034] [diagnostic_monitor]: ANOMALY on [lidar_node] /sim/lidar/scan:nan_ratio: Value 0.2111 deviated from baseline 0.0000±0.0001 (z=2111.1, confirmed x246) (sev=1.00)
[monitor_node-12] [WARN] [1790112870.594905875] [diagnostic_monitor]: ANOMALY on [lidar_node] /sim/lidar/scan:nan_ratio: Value 0.3222 deviated from baseline 0.0000±0.0001 (z=3222.2, confirmed x247) (sev=1.00)
[monitor_node-12] [WARN] [1790112870.675929904] [diagnostic_monitor]: ANOMALY on [lidar_node] /sim/lidar/scan:nan_ratio: Value 0.3667 deviated from baseline 0.0000±0.0001 (z=3666.7, confirmed x248) (sev=1.00)
[monitor_node-12] [WARN] [1790112870.678781622] [diagnostic_monitor]: ANOMALY on [perception_node] /perception/obstacles:obstacle_empty: Value 1.0000 deviated from baseline 0.0000±0.0001 (z=10000.0, confirmed x2) (sev=1.00)
[monitor_node-12] [WARN] [1790112870.784757460] [diagnostic_monitor]: ANOMALY on [lidar_node] /sim/lidar/scan:nan_ratio: Value 0.3333 deviated from baseline 0.0000±0.0001 (z=3333.3, confirmed x249) (sev=1.00)
[monitor_node-12] [WARN] [1790112870.788655627] [diagnostic_monitor]: ANOMALY on [perception_node] /perception/obstacles:obstacle_empty: Value 1.0000 deviated from baseline 0.0000±0.0001 (z=10000.0, confirmed x3) (sev=1.00)
[monitor_node-12] [WARN] [1790112870.875160712] [diagnostic_monitor]: ANOMALY on [lidar_node] /sim/lidar/scan:nan_ratio: Value 0.3667 deviated from baseline 0.0000±0.0001 (z=3666.7, confirmed x250) (sev=1.00)
[monitor_node-12] [WARN] [1790112870.878546220] [diagnostic_monitor]: ANOMALY on [perception_node] /perception/obstacles:obstacle_empty: Value 1.0000 deviated from baseline 0.0000±0.0001 (z=10000.0, confirmed x4) (sev=1.00)
[monitor_node-12] [WARN] [1790112870.987666958] [diagnostic_monitor]: ANOMALY on [lidar_node] /sim/lidar/scan:nan_ratio: Value 0.2778 deviated from baseline 0.0000±0.0001 (z=2777.8, confirmed x251) (sev=1.00)
[monitor_node-12] [WARN] [1790112871.075204642] [diagnostic_monitor]: ANOMALY on [lidar_node] /sim/lidar/scan:nan_ratio: Value 0.3111 deviated from baseline 0.0000±0.0001 (z=3111.1, confirmed x252) (sev=1.00)
[monitor_node-12] [WARN] [1790112871.184849412] [diagnostic_monitor]: ANOMALY on [lidar_node] /sim/lidar/scan:nan_ratio: Value 0.3111 deviated from baseline 0.0000±0.0001 (z=3111.1, confirmed x253) (sev=1.00)
[monitor_node-12] [WARN] [1790112871.189059444] [diagnostic_monitor]: ANOMALY on [perception_node] /perception/obstacles:obstacle_empty: Value 1.0000 deviated from baseline 0.0000±0.0001 (z=10000.0, confirmed x2) (sev=1.00)
[monitor_node-12] [WARN] [1790112871.275411817] [diagnostic_monitor]: ANOMALY on [lidar_node] /sim/lidar/scan:nan_ratio: Value 0.2667 deviated from baseline 0.0000±0.0001 (z=2666.7, confirmed x254) (sev=1.00)
[monitor_node-12] [WARN] [1790112871.386415296] [diagnostic_monitor]: ANOMALY on [lidar_node] /sim/lidar/scan:nan_ratio: Value 0.2889 deviated from baseline 0.0000±0.0001 (z=2888.9, confirmed x255) (sev=1.00)
[monitor_node-12] [WARN] [1790112871.475270845] [diagnostic_monitor]: ANOMALY on [lidar_node] /sim/lidar/scan:nan_ratio: Value 0.2556 deviated from baseline 0.0000±0.0001 (z=2555.6, confirmed x256) (sev=1.00)
[monitor_node-12] [WARN] [1790112871.584789083] [diagnostic_monitor]: ANOMALY on [lidar_node] /sim/lidar/scan:nan_ratio: Value 0.4000 deviated from baseline 0.0000±0.0001 (z=4000.0, confirmed x257) (sev=1.00)
[monitor_node-12] [WARN] [1790112871.677811140] [diagnostic_monitor]: ANOMALY on [lidar_node] /sim/lidar/scan:nan_ratio: Value 0.3222 deviated from baseline 0.0000±0.0001 (z=3222.2, confirmed x258) (sev=1.00)
[monitor_node-12] [WARN] [1790112871.682698966] [diagnostic_monitor]: ANOMALY on [perception_node] /perception/obstacles:obstacle_empty: Value 1.0000 deviated from baseline 0.0000±0.0001 (z=10000.0, confirmed x2) (sev=1.00)
[monitor_node-12] [WARN] [1790112871.784617970] [diagnostic_monitor]: ANOMALY on [lidar_node] /sim/lidar/scan:nan_ratio: Value 0.3667 deviated from baseline 0.0000±0.0001 (z=3666.7, confirmed x259) (sev=1.00)
[monitor_node-12] [WARN] [1790112871.788339652] [diagnostic_monitor]: ANOMALY on [perception_node] /perception/obstacles:obstacle_empty: Value 1.0000 deviated from baseline 0.0000±0.0001 (z=10000.0, confirmed x3) (sev=1.00)
[monitor_node-12] [WARN] [1790112871.875399671] [diagnostic_monitor]: ANOMALY on [lidar_node] /sim/lidar/scan:nan_ratio: Value 0.2778 deviated from baseline 0.0000±0.0001 (z=2777.8, confirmed x260) (sev=1.00)
[monitor_node-12] [WARN] [1790112871.974491147] [diagnostic_monitor]: ANOMALY on [lidar_node] /sim/lidar/scan:nan_ratio: Value 0.3444 deviated from baseline 0.0000±0.0001 (z=3444.4, confirmed x261) (sev=1.00)
[monitor_node-12] [WARN] [1790112872.074928071] [diagnostic_monitor]: ANOMALY on [lidar_node] /sim/lidar/scan:nan_ratio: Value 0.2889 deviated from baseline 0.0000±0.0001 (z=2888.9, confirmed x262) (sev=1.00)
[monitor_node-12] [WARN] [1790112872.185524802] [diagnostic_monitor]: ANOMALY on [lidar_node] /sim/lidar/scan:nan_ratio: Value 0.3667 deviated from baseline 0.0000±0.0001 (z=3666.7, confirmed x263) (sev=1.00)
[monitor_node-12] [WARN] [1790112872.284362017] [diagnostic_monitor]: ANOMALY on [lidar_node] /sim/lidar/scan:nan_ratio: Value 0.3556 deviated from baseline 0.0000±0.0001 (z=3555.6, confirmed x264) (sev=1.00)
[monitor_node-12] [WARN] [1790112872.288609846] [diagnostic_monitor]: ANOMALY on [perception_node] /perception/obstacles:obstacle_empty: Value 1.0000 deviated from baseline 0.0000±0.0001 (z=10000.0, confirmed x2) (sev=1.00)
[monitor_node-12] [WARN] [1790112872.395089435] [diagnostic_monitor]: ANOMALY on [lidar_node] /sim/lidar/scan:nan_ratio: Value 0.3444 deviated from baseline 0.0000±0.0001 (z=3444.4, confirmed x265) (sev=1.00)
[monitor_node-12] [WARN] [1790112872.398579643] [diagnostic_monitor]: ANOMALY on [perception_node] /perception/obstacles:obstacle_empty: Value 1.0000 deviated from baseline 0.0000±0.0001 (z=10000.0, confirmed x3) (sev=1.00)
[monitor_node-12] [WARN] [1790112872.474680791] [diagnostic_monitor]: ANOMALY on [lidar_node] /sim/lidar/scan:nan_ratio: Value 0.2556 deviated from baseline 0.0000±0.0001 (z=2555.6, confirmed x266) (sev=1.00)
[monitor_node-12] [WARN] [1790112872.586326596] [diagnostic_monitor]: ANOMALY on [lidar_node] /sim/lidar/scan:nan_ratio: Value 0.2556 deviated from baseline 0.0000±0.0001 (z=2555.6, confirmed x267) (sev=1.00)
[monitor_node-12] [WARN] [1790112872.674659331] [diagnostic_monitor]: ANOMALY on [lidar_node] /sim/lidar/scan:nan_ratio: Value 0.2556 deviated from baseline 0.0000±0.0001 (z=2555.6, confirmed x268) (sev=1.00)
[monitor_node-12] [WARN] [1790112872.784876427] [diagnostic_monitor]: ANOMALY on [lidar_node] /sim/lidar/scan:nan_ratio: Value 0.3556 deviated from baseline 0.0000±0.0001 (z=3555.6, confirmed x269) (sev=1.00)
[monitor_node-12] [WARN] [1790112872.874756353] [diagnostic_monitor]: ANOMALY on [lidar_node] /sim/lidar/scan:nan_ratio: Value 0.3000 deviated from baseline 0.0000±0.0001 (z=3000.0, confirmed x270) (sev=1.00)
[monitor_node-12] [WARN] [1790112872.984937002] [diagnostic_monitor]: ANOMALY on [lidar_node] /sim/lidar/scan:nan_ratio: Value 0.2222 deviated from baseline 0.0000±0.0001 (z=2222.2, confirmed x271) (sev=1.00)
[monitor_node-12] [WARN] [1790112873.075509447] [diagnostic_monitor]: ANOMALY on [lidar_node] /sim/lidar/scan:nan_ratio: Value 0.4222 deviated from baseline 0.0000±0.0001 (z=4222.2, confirmed x272) (sev=1.00)
[monitor_node-12] [WARN] [1790112873.187373362] [diagnostic_monitor]: ANOMALY on [lidar_node] /sim/lidar/scan:nan_ratio: Value 0.3444 deviated from baseline 0.0000±0.0001 (z=3444.4, confirmed x273) (sev=1.00)
[monitor_node-12] [WARN] [1790112873.189791439] [diagnostic_monitor]: ANOMALY on [perception_node] /perception/obstacles:obstacle_empty: Value 1.0000 deviated from baseline 0.0000±0.0001 (z=10000.0, confirmed x2) (sev=1.00)
[monitor_node-12] [WARN] [1790112873.265122012] [diagnostic_monitor]: ANOMALY on [lidar_node] /sim/lidar/scan:nan_ratio: Value 0.3000 deviated from baseline 0.0000±0.0001 (z=3000.0, confirmed x274) (sev=1.00)
[monitor_node-12] [WARN] [1790112873.395168552] [diagnostic_monitor]: ANOMALY on [lidar_node] /sim/lidar/scan:nan_ratio: Value 0.3000 deviated from baseline 0.0000±0.0001 (z=3000.0, confirmed x275) (sev=1.00)
[monitor_node-12] [WARN] [1790112873.474788995] [diagnostic_monitor]: ANOMALY on [lidar_node] /sim/lidar/scan:nan_ratio: Value 0.3222 deviated from baseline 0.0000±0.0001 (z=3222.2, confirmed x276) (sev=1.00)
[monitor_node-12] [WARN] [1790112873.586383477] [diagnostic_monitor]: ANOMALY on [lidar_node] /sim/lidar/scan:nan_ratio: Value 0.2889 deviated from baseline 0.0000±0.0001 (z=2888.9, confirmed x277) (sev=1.00)
[monitor_node-12] [WARN] [1790112873.674958259] [diagnostic_monitor]: ANOMALY on [lidar_node] /sim/lidar/scan:nan_ratio: Value 0.4111 deviated from baseline 0.0000±0.0001 (z=4111.1, confirmed x278) (sev=1.00)
[monitor_node-12] [WARN] [1790112873.784973984] [diagnostic_monitor]: ANOMALY on [lidar_node] /sim/lidar/scan:nan_ratio: Value 0.3222 deviated from baseline 0.0000±0.0001 (z=3222.2, confirmed x279) (sev=1.00)
[monitor_node-12] [WARN] [1790112873.788520665] [diagnostic_monitor]: ANOMALY on [perception_node] /perception/obstacles:obstacle_empty: Value 1.0000 deviated from baseline 0.0000±0.0001 (z=10000.0, confirmed x2) (sev=1.00)
[monitor_node-12] [WARN] [1790112873.874854842] [diagnostic_monitor]: ANOMALY on [lidar_node] /sim/lidar/scan:nan_ratio: Value 0.2444 deviated from baseline 0.0000±0.0001 (z=2444.4, confirmed x280) (sev=1.00)
[monitor_node-12] [WARN] [1790112873.974821954] [diagnostic_monitor]: ANOMALY on [lidar_node] /sim/lidar/scan:nan_ratio: Value 0.3778 deviated from baseline 0.0000±0.0001 (z=3777.8, confirmed x281) (sev=1.00)
[monitor_node-12] [WARN] [1790112874.064629221] [diagnostic_monitor]: ANOMALY on [lidar_node] /sim/lidar/scan:nan_ratio: Value 0.3333 deviated from baseline 0.0000±0.0001 (z=3333.3, confirmed x282) (sev=1.00)
[monitor_node-12] [WARN] [1790112874.068393752] [diagnostic_monitor]: ANOMALY on [perception_node] /perception/obstacles:obstacle_empty: Value 1.0000 deviated from baseline 0.0000±0.0001 (z=10000.0, confirmed x2) (sev=1.00)
[monitor_node-12] [WARN] [1790112874.174626430] [diagnostic_monitor]: ANOMALY on [lidar_node] /sim/lidar/scan:nan_ratio: Value 0.3222 deviated from baseline 0.0000±0.0001 (z=3222.2, confirmed x283) (sev=1.00)
[monitor_node-12] [WARN] [1790112874.178631412] [diagnostic_monitor]: ANOMALY on [perception_node] /perception/obstacles:obstacle_empty: Value 1.0000 deviated from baseline 0.0000±0.0001 (z=10000.0, confirmed x3) (sev=1.00)
[monitor_node-12] [WARN] [1790112874.274550026] [diagnostic_monitor]: ANOMALY on [lidar_node] /sim/lidar/scan:nan_ratio: Value 0.3222 deviated from baseline 0.0000±0.0001 (z=3222.2, confirmed x284) (sev=1.00)
[monitor_node-12] [WARN] [1790112874.278054838] [diagnostic_monitor]: ANOMALY on [perception_node] /perception/obstacles:obstacle_empty: Value 1.0000 deviated from baseline 0.0000±0.0001 (z=10000.0, confirmed x4) (sev=1.00)
[monitor_node-12] [WARN] [1790112874.386470305] [diagnostic_monitor]: ANOMALY on [lidar_node] /sim/lidar/scan:nan_ratio: Value 0.3000 deviated from baseline 0.0000±0.0001 (z=3000.0, confirmed x285) (sev=1.00)
[monitor_node-12] [WARN] [1790112874.474959260] [diagnostic_monitor]: ANOMALY on [lidar_node] /sim/lidar/scan:nan_ratio: Value 0.3000 deviated from baseline 0.0000±0.0001 (z=3000.0, confirmed x286) (sev=1.00)
[monitor_node-12] [WARN] [1790112874.584632449] [diagnostic_monitor]: ANOMALY on [lidar_node] /sim/lidar/scan:nan_ratio: Value 0.2556 deviated from baseline 0.0000±0.0001 (z=2555.6, confirmed x287) (sev=1.00)
[monitor_node-12] [WARN] [1790112874.675192784] [diagnostic_monitor]: ANOMALY on [lidar_node] /sim/lidar/scan:nan_ratio: Value 0.3222 deviated from baseline 0.0000±0.0001 (z=3222.2, confirmed x288) (sev=1.00)
[monitor_node-12] [WARN] [1790112874.794952572] [diagnostic_monitor]: ANOMALY on [lidar_node] /sim/lidar/scan:nan_ratio: Value 0.2778 deviated from baseline 0.0000±0.0001 (z=2777.8, confirmed x289) (sev=1.00)
[monitor_node-12] [WARN] [1790112874.874685202] [diagnostic_monitor]: ANOMALY on [lidar_node] /sim/lidar/scan:nan_ratio: Value 0.4333 deviated from baseline 0.0000±0.0001 (z=4333.3, confirmed x290) (sev=1.00)
[monitor_node-12] [WARN] [1790112874.974516072] [diagnostic_monitor]: ANOMALY on [lidar_node] /sim/lidar/scan:nan_ratio: Value 0.3556 deviated from baseline 0.0000±0.0001 (z=3555.6, confirmed x291) (sev=1.00)
[monitor_node-12] [WARN] [1790112874.978582936] [diagnostic_monitor]: ANOMALY on [perception_node] /perception/obstacles:obstacle_empty: Value 1.0000 deviated from baseline 0.0000±0.0001 (z=10000.0, confirmed x2) (sev=1.00)
[monitor_node-12] [WARN] [1790112875.064533183] [diagnostic_monitor]: ANOMALY on [lidar_node] /sim/lidar/scan:nan_ratio: Value 0.2778 deviated from baseline 0.0000±0.0001 (z=2777.8, confirmed x292) (sev=1.00)
[monitor_node-12] [WARN] [1790112875.181270508] [diagnostic_monitor]: ANOMALY on [lidar_node] /sim/lidar/scan:nan_ratio: Value 0.3111 deviated from baseline 0.0000±0.0001 (z=3111.1, confirmed x293) (sev=1.00)
[monitor_node-12] [WARN] [1790112875.275857538] [diagnostic_monitor]: ANOMALY on [lidar_node] /sim/lidar/scan:nan_ratio: Value 0.3444 deviated from baseline 0.0000±0.0001 (z=3444.4, confirmed x294) (sev=1.00)
[monitor_node-12] [WARN] [1790112875.278586074] [diagnostic_monitor]: ANOMALY on [perception_node] /perception/obstacles:obstacle_empty: Value 1.0000 deviated from baseline 0.0000±0.0001 (z=10000.0, confirmed x2) (sev=1.00)
[monitor_node-12] [WARN] [1790112875.384964028] [diagnostic_monitor]: ANOMALY on [lidar_node] /sim/lidar/scan:nan_ratio: Value 0.3222 deviated from baseline 0.0000±0.0001 (z=3222.2, confirmed x295) (sev=1.00)
[monitor_node-12] [WARN] [1790112875.388602543] [diagnostic_monitor]: ANOMALY on [perception_node] /perception/obstacles:obstacle_empty: Value 1.0000 deviated from baseline 0.0000±0.0001 (z=10000.0, confirmed x3) (sev=1.00)
[monitor_node-12] [WARN] [1790112875.474927032] [diagnostic_monitor]: ANOMALY on [lidar_node] /sim/lidar/scan:nan_ratio: Value 0.3222 deviated from baseline 0.0000±0.0001 (z=3222.2, confirmed x296) (sev=1.00)
[monitor_node-12] [WARN] [1790112875.478538865] [diagnostic_monitor]: ANOMALY on [perception_node] /perception/obstacles:obstacle_empty: Value 1.0000 deviated from baseline 0.0000±0.0001 (z=10000.0, confirmed x4) (sev=1.00)
[monitor_node-12] [WARN] [1790112875.585458755] [diagnostic_monitor]: ANOMALY on [lidar_node] /sim/lidar/scan:nan_ratio: Value 0.3667 deviated from baseline 0.0000±0.0001 (z=3666.7, confirmed x297) (sev=1.00)
[monitor_node-12] [WARN] [1790112875.598580583] [diagnostic_monitor]: ANOMALY on [perception_node] /perception/obstacles:obstacle_empty: Value 1.0000 deviated from baseline 0.0000±0.0001 (z=10000.0, confirmed x5) (sev=1.00)
[monitor_node-12] [WARN] [1790112875.678028753] [diagnostic_monitor]: ANOMALY on [lidar_node] /sim/lidar/scan:nan_ratio: Value 0.3556 deviated from baseline 0.0000±0.0001 (z=3555.6, confirmed x298) (sev=1.00)
[monitor_node-12] [WARN] [1790112875.679896237] [diagnostic_monitor]: ANOMALY on [perception_node] /perception/obstacles:obstacle_empty: Value 1.0000 deviated from baseline 0.0000±0.0001 (z=10000.0, confirmed x6) (sev=1.00)
[monitor_node-12] [WARN] [1790112875.784889451] [diagnostic_monitor]: ANOMALY on [lidar_node] /sim/lidar/scan:nan_ratio: Value 0.3667 deviated from baseline 0.0000±0.0001 (z=3666.7, confirmed x299) (sev=1.00)
[monitor_node-12] [WARN] [1790112875.788774617] [diagnostic_monitor]: ANOMALY on [perception_node] /perception/obstacles:obstacle_empty: Value 1.0000 deviated from baseline 0.0000±0.0001 (z=10000.0, confirmed x7) (sev=1.00)
[monitor_node-12] [WARN] [1790112875.874261873] [diagnostic_monitor]: ANOMALY on [lidar_node] /sim/lidar/scan:nan_ratio: Value 0.3444 deviated from baseline 0.0000±0.0001 (z=3444.4, confirmed x300) (sev=1.00)
[monitor_node-12] [WARN] [1790112875.878187551] [diagnostic_monitor]: ANOMALY on [perception_node] /perception/obstacles:obstacle_empty: Value 1.0000 deviated from baseline 0.0000±0.0001 (z=10000.0, confirmed x8) (sev=1.00)
[monitor_node-12] [WARN] [1790112875.974853638] [diagnostic_monitor]: ANOMALY on [lidar_node] /sim/lidar/scan:nan_ratio: Value 0.2778 deviated from baseline 0.0000±0.0001 (z=2777.8, confirmed x301) (sev=1.00)
[monitor_node-12] [WARN] [1790112876.087022121] [diagnostic_monitor]: ANOMALY on [lidar_node] /sim/lidar/scan:nan_ratio: Value 0.3111 deviated from baseline 0.0000±0.0001 (z=3111.1, confirmed x302) (sev=1.00)
[monitor_node-12] [WARN] [1790112876.184619702] [diagnostic_monitor]: ANOMALY on [lidar_node] /sim/lidar/scan:nan_ratio: Value 0.2667 deviated from baseline 0.0000±0.0001 (z=2666.7, confirmed x303) (sev=1.00)
[monitor_node-12] [WARN] [1790112876.275074771] [diagnostic_monitor]: ANOMALY on [lidar_node] /sim/lidar/scan:nan_ratio: Value 0.3111 deviated from baseline 0.0000±0.0001 (z=3111.1, confirmed x304) (sev=1.00)
[monitor_node-12] [WARN] [1790112876.384814580] [diagnostic_monitor]: ANOMALY on [lidar_node] /sim/lidar/scan:nan_ratio: Value 0.4111 deviated from baseline 0.0000±0.0001 (z=4111.1, confirmed x305) (sev=1.00)
[monitor_node-12] [WARN] [1790112876.392198500] [diagnostic_monitor]: ANOMALY on [perception_node] /perception/obstacles:obstacle_empty: Value 1.0000 deviated from baseline 0.0000±0.0001 (z=10000.0, confirmed x2) (sev=1.00)
[monitor_node-12] [WARN] [1790112876.474970239] [diagnostic_monitor]: ANOMALY on [lidar_node] /sim/lidar/scan:nan_ratio: Value 0.3333 deviated from baseline 0.0000±0.0001 (z=3333.3, confirmed x306) (sev=1.00)
[monitor_node-12] [WARN] [1790112876.479211794] [diagnostic_monitor]: ANOMALY on [perception_node] /perception/obstacles:obstacle_empty: Value 1.0000 deviated from baseline 0.0000±0.0001 (z=10000.0, confirmed x3) (sev=1.00)
[monitor_node-12] [WARN] [1790112876.595003789] [diagnostic_monitor]: ANOMALY on [lidar_node] /sim/lidar/scan:nan_ratio: Value 0.2667 deviated from baseline 0.0000±0.0001 (z=2666.7, confirmed x307) (sev=1.00)
[monitor_node-12] [WARN] [1790112876.675212645] [diagnostic_monitor]: ANOMALY on [lidar_node] /sim/lidar/scan:nan_ratio: Value 0.3000 deviated from baseline 0.0000±0.0001 (z=3000.0, confirmed x308) (sev=1.00)
[monitor_node-12] [WARN] [1790112876.805231031] [diagnostic_monitor]: ANOMALY on [lidar_node] /sim/lidar/scan:nan_ratio: Value 0.3556 deviated from baseline 0.0000±0.0001 (z=3555.6, confirmed x309) (sev=1.00)
[monitor_node-12] [WARN] [1790112876.879503059] [diagnostic_monitor]: ANOMALY on [lidar_node] /sim/lidar/scan:nan_ratio: Value 0.4000 deviated from baseline 0.0000±0.0001 (z=4000.0, confirmed x310) (sev=1.00)
[monitor_node-12] [WARN] [1790112876.888756840] [diagnostic_monitor]: ANOMALY on [perception_node] /perception/obstacles:obstacle_empty: Value 1.0000 deviated from baseline 0.0000±0.0001 (z=10000.0, confirmed x2) (sev=1.00)
[monitor_node-12] [WARN] [1790112876.984807846] [diagnostic_monitor]: ANOMALY on [lidar_node] /sim/lidar/scan:nan_ratio: Value 0.3444 deviated from baseline 0.0000±0.0001 (z=3444.4, confirmed x311) (sev=1.00)
[monitor_node-12] [WARN] [1790112876.988957435] [diagnostic_monitor]: ANOMALY on [perception_node] /perception/obstacles:obstacle_empty: Value 1.0000 deviated from baseline 0.0000±0.0001 (z=10000.0, confirmed x3) (sev=1.00)
[monitor_node-12] [WARN] [1790112877.074640500] [diagnostic_monitor]: ANOMALY on [lidar_node] /sim/lidar/scan:nan_ratio: Value 0.2667 deviated from baseline 0.0000±0.0001 (z=2666.7, confirmed x312) (sev=1.00)
[monitor_node-12] [WARN] [1790112877.194921487] [diagnostic_monitor]: ANOMALY on [lidar_node] /sim/lidar/scan:nan_ratio: Value 0.3556 deviated from baseline 0.0000±0.0001 (z=3555.6, confirmed x313) (sev=1.00)
[monitor_node-12] [WARN] [1790112877.274768800] [diagnostic_monitor]: ANOMALY on [lidar_node] /sim/lidar/scan:nan_ratio: Value 0.2556 deviated from baseline 0.0000±0.0001 (z=2555.6, confirmed x314) (sev=1.00)
[monitor_node-12] [WARN] [1790112877.404833002] [diagnostic_monitor]: ANOMALY on [lidar_node] /sim/lidar/scan:nan_ratio: Value 0.4111 deviated from baseline 0.0000±0.0001 (z=4111.1, confirmed x315) (sev=1.00)
[monitor_node-12] [WARN] [1790112877.484723283] [diagnostic_monitor]: ANOMALY on [lidar_node] /sim/lidar/scan:nan_ratio: Value 0.3556 deviated from baseline 0.0000±0.0001 (z=3555.6, confirmed x316) (sev=1.00)
[monitor_node-12] [WARN] [1790112877.488352637] [diagnostic_monitor]: ANOMALY on [perception_node] /perception/obstacles:obstacle_empty: Value 1.0000 deviated from baseline 0.0000±0.0001 (z=10000.0, confirmed x2) (sev=1.00)
[monitor_node-12] [WARN] [1790112877.584876221] [diagnostic_monitor]: ANOMALY on [lidar_node] /sim/lidar/scan:nan_ratio: Value 0.3111 deviated from baseline 0.0000±0.0001 (z=3111.1, confirmed x317) (sev=1.00)
[monitor_node-12] [WARN] [1790112877.588542714] [diagnostic_monitor]: ANOMALY on [perception_node] /perception/obstacles:obstacle_empty: Value 1.0000 deviated from baseline 0.0000±0.0001 (z=10000.0, confirmed x3) (sev=1.00)
[monitor_node-12] [WARN] [1790112877.674814102] [diagnostic_monitor]: ANOMALY on [lidar_node] /sim/lidar/scan:nan_ratio: Value 0.2667 deviated from baseline 0.0000±0.0001 (z=2666.7, confirmed x318) (sev=1.00)
[monitor_node-12] [WARN] [1790112877.784794189] [diagnostic_monitor]: ANOMALY on [lidar_node] /sim/lidar/scan:nan_ratio: Value 0.4111 deviated from baseline 0.0000±0.0001 (z=4111.1, confirmed x319) (sev=1.00)
[monitor_node-12] [WARN] [1790112877.874715463] [diagnostic_monitor]: ANOMALY on [lidar_node] /sim/lidar/scan:nan_ratio: Value 0.2889 deviated from baseline 0.0000±0.0001 (z=2888.9, confirmed x320) (sev=1.00)
[monitor_node-12] [WARN] [1790112877.995059332] [diagnostic_monitor]: ANOMALY on [lidar_node] /sim/lidar/scan:nan_ratio: Value 0.3222 deviated from baseline 0.0000±0.0001 (z=3222.2, confirmed x321) (sev=1.00)
[monitor_node-12] [WARN] [1790112878.076113942] [diagnostic_monitor]: ANOMALY on [lidar_node] /sim/lidar/scan:nan_ratio: Value 0.2556 deviated from baseline 0.0000±0.0001 (z=2555.6, confirmed x322) (sev=1.00)
[monitor_node-12] [WARN] [1790112878.184842083] [diagnostic_monitor]: ANOMALY on [lidar_node] /sim/lidar/scan:nan_ratio: Value 0.4111 deviated from baseline 0.0000±0.0001 (z=4111.1, confirmed x323) (sev=1.00)
[monitor_node-12] [WARN] [1790112878.284923522] [diagnostic_monitor]: ANOMALY on [lidar_node] /sim/lidar/scan:nan_ratio: Value 0.4111 deviated from baseline 0.0000±0.0001 (z=4111.1, confirmed x324) (sev=1.00)
[monitor_node-12] [WARN] [1790112878.289062038] [diagnostic_monitor]: ANOMALY on [perception_node] /perception/obstacles:obstacle_empty: Value 1.0000 deviated from baseline 0.0000±0.0001 (z=10000.0, confirmed x2) (sev=1.00)
[monitor_node-12] [WARN] [1790112878.399649207] [diagnostic_monitor]: ANOMALY on [lidar_node] /sim/lidar/scan:nan_ratio: Value 0.3556 deviated from baseline 0.0000±0.0001 (z=3555.6, confirmed x325) (sev=1.00)
[monitor_node-12] [WARN] [1790112878.401821096] [diagnostic_monitor]: ANOMALY on [perception_node] /perception/obstacles:obstacle_empty: Value 1.0000 deviated from baseline 0.0000±0.0001 (z=10000.0, confirmed x3) (sev=1.00)
[monitor_node-12] [WARN] [1790112878.474851182] [diagnostic_monitor]: ANOMALY on [lidar_node] /sim/lidar/scan:nan_ratio: Value 0.3222 deviated from baseline 0.0000±0.0001 (z=3222.2, confirmed x326) (sev=1.00)
[monitor_node-12] [WARN] [1790112878.479748197] [diagnostic_monitor]: ANOMALY on [perception_node] /perception/obstacles:obstacle_empty: Value 1.0000 deviated from baseline 0.0000±0.0001 (z=10000.0, confirmed x4) (sev=1.00)
[monitor_node-12] [WARN] [1790112878.595708526] [diagnostic_monitor]: ANOMALY on [lidar_node] /sim/lidar/scan:nan_ratio: Value 0.3111 deviated from baseline 0.0000±0.0001 (z=3111.1, confirmed x327) (sev=1.00)
[monitor_node-12] [WARN] [1790112878.598875980] [diagnostic_monitor]: ANOMALY on [perception_node] /perception/obstacles:obstacle_empty: Value 1.0000 deviated from baseline 0.0000±0.0001 (z=10000.0, confirmed x5) (sev=1.00)
[monitor_node-12] [WARN] [1790112878.685171717] [diagnostic_monitor]: ANOMALY on [lidar_node] /sim/lidar/scan:nan_ratio: Value 0.2556 deviated from baseline 0.0000±0.0001 (z=2555.6, confirmed x328) (sev=1.00)
[monitor_node-12] [WARN] [1790112878.794504852] [diagnostic_monitor]: ANOMALY on [lidar_node] /sim/lidar/scan:nan_ratio: Value 0.3111 deviated from baseline 0.0000±0.0001 (z=3111.1, confirmed x329) (sev=1.00)
[monitor_node-12] [WARN] [1790112878.885712205] [diagnostic_monitor]: ANOMALY on [lidar_node] /sim/lidar/scan:nan_ratio: Value 0.2889 deviated from baseline 0.0000±0.0001 (z=2888.9, confirmed x330) (sev=1.00)
[monitor_node-12] [WARN] [1790112878.888414709] [diagnostic_monitor]: ANOMALY on [perception_node] /perception/obstacles:obstacle_empty: Value 1.0000 deviated from baseline 0.0000±0.0001 (z=10000.0, confirmed x2) (sev=1.00)
[monitor_node-12] [WARN] [1790112878.990883855] [diagnostic_monitor]: ANOMALY on [lidar_node] /sim/lidar/scan:nan_ratio: Value 0.4556 deviated from baseline 0.0000±0.0001 (z=4555.6, confirmed x331) (sev=1.00)
[monitor_node-12] [WARN] [1790112878.993066189] [diagnostic_monitor]: ANOMALY on [perception_node] /perception/obstacles:obstacle_empty: Value 1.0000 deviated from baseline 0.0000±0.0001 (z=10000.0, confirmed x3) (sev=1.00)
[monitor_node-12] [WARN] [1790112879.075357933] [diagnostic_monitor]: ANOMALY on [lidar_node] /sim/lidar/scan:nan_ratio: Value 0.2889 deviated from baseline 0.0000±0.0001 (z=2888.9, confirmed x332) (sev=1.00)
[monitor_node-12] [WARN] [1790112879.194883020] [diagnostic_monitor]: ANOMALY on [lidar_node] /sim/lidar/scan:nan_ratio: Value 0.2444 deviated from baseline 0.0000±0.0001 (z=2444.4, confirmed x333) (sev=1.00)
[monitor_node-12] [WARN] [1790112879.284537746] [diagnostic_monitor]: ANOMALY on [lidar_node] /sim/lidar/scan:nan_ratio: Value 0.2889 deviated from baseline 0.0000±0.0001 (z=2888.9, confirmed x334) (sev=1.00)
[monitor_node-12] [WARN] [1790112879.384104199] [diagnostic_monitor]: ANOMALY on [lidar_node] /sim/lidar/scan:nan_ratio: Value 0.3111 deviated from baseline 0.0000±0.0001 (z=3111.1, confirmed x335) (sev=1.00)
[monitor_node-12] [WARN] [1790112879.485246199] [diagnostic_monitor]: ANOMALY on [lidar_node] /sim/lidar/scan:nan_ratio: Value 0.2778 deviated from baseline 0.0000±0.0001 (z=2777.8, confirmed x336) (sev=1.00)
[monitor_node-12] [WARN] [1790112879.594845746] [diagnostic_monitor]: ANOMALY on [lidar_node] /sim/lidar/scan:nan_ratio: Value 0.2222 deviated from baseline 0.0000±0.0001 (z=2222.2, confirmed x337) (sev=1.00)
[monitor_node-12] [WARN] [1790112879.687468887] [diagnostic_monitor]: ANOMALY on [lidar_node] /sim/lidar/scan:nan_ratio: Value 0.3667 deviated from baseline 0.0000±0.0001 (z=3666.7, confirmed x338) (sev=1.00)
[monitor_node-12] [WARN] [1790112879.795280521] [diagnostic_monitor]: ANOMALY on [lidar_node] /sim/lidar/scan:nan_ratio: Value 0.4111 deviated from baseline 0.0000±0.0001 (z=4111.1, confirmed x339) (sev=1.00)
[monitor_node-12] [WARN] [1790112879.798367173] [diagnostic_monitor]: ANOMALY on [perception_node] /perception/obstacles:obstacle_empty: Value 1.0000 deviated from baseline 0.0000±0.0001 (z=10000.0, confirmed x2) (sev=1.00)
[monitor_node-12] [WARN] [1790112879.884769019] [diagnostic_monitor]: ANOMALY on [lidar_node] /sim/lidar/scan:nan_ratio: Value 0.2889 deviated from baseline 0.0000±0.0001 (z=2888.9, confirmed x340) (sev=1.00)
[monitor_node-12] [WARN] [1790112879.994953588] [diagnostic_monitor]: ANOMALY on [lidar_node] /sim/lidar/scan:nan_ratio: Value 0.3667 deviated from baseline 0.0000±0.0001 (z=3666.7, confirmed x341) (sev=1.00)
[monitor_node-12] [WARN] [1790112880.074498293] [diagnostic_monitor]: ANOMALY on [lidar_node] /sim/lidar/scan:nan_ratio: Value 0.2889 deviated from baseline 0.0000±0.0001 (z=2888.9, confirmed x342) (sev=1.00)
[monitor_node-12] [WARN] [1790112880.185013339] [diagnostic_monitor]: ANOMALY on [lidar_node] /sim/lidar/scan:nan_ratio: Value 0.2667 deviated from baseline 0.0000±0.0001 (z=2666.7, confirmed x343) (sev=1.00)
[monitor_node-12] [WARN] [1790112880.284901900] [diagnostic_monitor]: ANOMALY on [lidar_node] /sim/lidar/scan:nan_ratio: Value 0.2556 deviated from baseline 0.0000±0.0001 (z=2555.6, confirmed x344) (sev=1.00)
[monitor_node-12] [WARN] [1790112880.405063817] [diagnostic_monitor]: ANOMALY on [lidar_node] /sim/lidar/scan:nan_ratio: Value 0.2556 deviated from baseline 0.0000±0.0001 (z=2555.6, confirmed x345) (sev=1.00)
[monitor_node-12] [WARN] [1790112880.475043766] [diagnostic_monitor]: ANOMALY on [lidar_node] /sim/lidar/scan:nan_ratio: Value 0.3333 deviated from baseline 0.0000±0.0001 (z=3333.3, confirmed x346) (sev=1.00)
[monitor_node-12] [WARN] [1790112880.785010258] [diagnostic_monitor]: ANOMALY on [lidar_node] /sim/lidar/scan:nan_ratio: Value 0.3111 deviated from baseline 0.0001±0.0038 (z=81.7, confirmed x2) (sev=1.00)
[monitor_node-12] [WARN] [1790112880.884988683] [diagnostic_monitor]: ANOMALY on [lidar_node] /sim/lidar/scan:nan_ratio: Value 0.4222 deviated from baseline 0.0001±0.0038 (z=110.9, confirmed x3) (sev=1.00)
[monitor_node-12] [WARN] [1790112880.888618150] [diagnostic_monitor]: ANOMALY on [perception_node] /perception/obstacles:obstacle_empty: Value 1.0000 deviated from baseline 0.0000±0.0001 (z=10000.0, confirmed x2) (sev=1.00)
[monitor_node-12] [WARN] [1790112880.994983956] [diagnostic_monitor]: ANOMALY on [lidar_node] /sim/lidar/scan:nan_ratio: Value 0.4000 deviated from baseline 0.0001±0.0038 (z=105.1, confirmed x4) (sev=1.00)
[monitor_node-12] [WARN] [1790112880.998729885] [diagnostic_monitor]: ANOMALY on [perception_node] /perception/obstacles:obstacle_empty: Value 1.0000 deviated from baseline 0.0000±0.0001 (z=10000.0, confirmed x3) (sev=1.00)
[monitor_node-12] [WARN] [1790112881.076228839] [diagnostic_monitor]: ANOMALY on [lidar_node] /sim/lidar/scan:nan_ratio: Value 0.3000 deviated from baseline 0.0001±0.0038 (z=78.8, confirmed x5) (sev=1.00)
[monitor_node-12] [WARN] [1790112881.184663139] [diagnostic_monitor]: ANOMALY on [lidar_node] /sim/lidar/scan:nan_ratio: Value 0.3667 deviated from baseline 0.0001±0.0038 (z=96.3, confirmed x6) (sev=1.00)
[monitor_node-12] [WARN] [1790112881.284999440] [diagnostic_monitor]: ANOMALY on [lidar_node] /sim/lidar/scan:nan_ratio: Value 0.3000 deviated from baseline 0.0001±0.0038 (z=78.8, confirmed x7) (sev=1.00)
[monitor_node-12] [WARN] [1790112881.394844466] [diagnostic_monitor]: ANOMALY on [lidar_node] /sim/lidar/scan:nan_ratio: Value 0.2667 deviated from baseline 0.0001±0.0038 (z=70.0, confirmed x8) (sev=1.00)
[monitor_node-12] [WARN] [1790112881.485034070] [diagnostic_monitor]: ANOMALY on [lidar_node] /sim/lidar/scan:nan_ratio: Value 0.3222 deviated from baseline 0.0001±0.0038 (z=84.6, confirmed x9) (sev=1.00)
[monitor_node-12] [WARN] [1790112881.597429618] [diagnostic_monitor]: ANOMALY on [lidar_node] /sim/lidar/scan:nan_ratio: Value 0.2667 deviated from baseline 0.0001±0.0038 (z=70.0, confirmed x10) (sev=1.00)
[monitor_node-12] [WARN] [1790112881.684779728] [diagnostic_monitor]: ANOMALY on [lidar_node] /sim/lidar/scan:nan_ratio: Value 0.3222 deviated from baseline 0.0001±0.0038 (z=84.6, confirmed x11) (sev=1.00)
[monitor_node-12] [WARN] [1790112881.794931051] [diagnostic_monitor]: ANOMALY on [lidar_node] /sim/lidar/scan:nan_ratio: Value 0.4444 deviated from baseline 0.0001±0.0038 (z=116.8, confirmed x12) (sev=1.00)
[monitor_node-12] [WARN] [1790112881.798761292] [diagnostic_monitor]: ANOMALY on [perception_node] /perception/obstacles:obstacle_empty: Value 1.0000 deviated from baseline 0.0000±0.0001 (z=10000.0, confirmed x2) (sev=1.00)
[monitor_node-12] [WARN] [1790112881.874808817] [diagnostic_monitor]: ANOMALY on [lidar_node] /sim/lidar/scan:nan_ratio: Value 0.3667 deviated from baseline 0.0001±0.0038 (z=96.3, confirmed x13) (sev=1.00)
[monitor_node-12] [WARN] [1790112881.878954684] [diagnostic_monitor]: ANOMALY on [perception_node] /perception/obstacles:obstacle_empty: Value 1.0000 deviated from baseline 0.0000±0.0001 (z=10000.0, confirmed x3) (sev=1.00)
[monitor_node-12] [WARN] [1790112881.995034281] [diagnostic_monitor]: ANOMALY on [lidar_node] /sim/lidar/scan:nan_ratio: Value 0.2889 deviated from baseline 0.0001±0.0038 (z=75.9, confirmed x14) (sev=1.00)
[monitor_node-12] [WARN] [1790112882.085191956] [diagnostic_monitor]: ANOMALY on [lidar_node] /sim/lidar/scan:nan_ratio: Value 0.2889 deviated from baseline 0.0001±0.0038 (z=75.9, confirmed x15) (sev=1.00)
[monitor_node-12] [WARN] [1790112882.194851916] [diagnostic_monitor]: ANOMALY on [lidar_node] /sim/lidar/scan:nan_ratio: Value 0.2333 deviated from baseline 0.0001±0.0038 (z=61.3, confirmed x16) (sev=1.00)
[monitor_node-12] [WARN] [1790112882.284339984] [diagnostic_monitor]: ANOMALY on [lidar_node] /sim/lidar/scan:nan_ratio: Value 0.3444 deviated from baseline 0.0001±0.0038 (z=90.5, confirmed x17) (sev=1.00)
[monitor_node-12] [WARN] [1790112882.409417863] [diagnostic_monitor]: ANOMALY on [lidar_node] /sim/lidar/scan:nan_ratio: Value 0.2889 deviated from baseline 0.0001±0.0038 (z=75.9, confirmed x18) (sev=1.00)
[monitor_node-12] [WARN] [1790112882.484650766] [diagnostic_monitor]: ANOMALY on [lidar_node] /sim/lidar/scan:nan_ratio: Value 0.2556 deviated from baseline 0.0001±0.0038 (z=67.1, confirmed x19) (sev=1.00)
[monitor_node-12] [WARN] [1790112882.594671817] [diagnostic_monitor]: ANOMALY on [lidar_node] /sim/lidar/scan:nan_ratio: Value 0.2889 deviated from baseline 0.0001±0.0038 (z=75.9, confirmed x20) (sev=1.00)
[monitor_node-12] [WARN] [1790112882.684548214] [diagnostic_monitor]: ANOMALY on [lidar_node] /sim/lidar/scan:nan_ratio: Value 0.2778 deviated from baseline 0.0001±0.0038 (z=73.0, confirmed x21) (sev=1.00)
[monitor_node-12] [WARN] [1790112882.794831548] [diagnostic_monitor]: ANOMALY on [lidar_node] /sim/lidar/scan:nan_ratio: Value 0.3778 deviated from baseline 0.0001±0.0038 (z=99.2, confirmed x22) (sev=1.00)
[monitor_node-12] [WARN] [1790112883.086047432] [diagnostic_monitor]: ANOMALY on [lidar_node] /sim/lidar/scan:nan_ratio: Value 0.3556 deviated from baseline 0.0001±0.0052 (z=68.0, confirmed x2) (sev=1.00)
[monitor_node-12] [WARN] [1790112883.195257207] [diagnostic_monitor]: ANOMALY on [lidar_node] /sim/lidar/scan:nan_ratio: Value 0.3333 deviated from baseline 0.0001±0.0052 (z=63.8, confirmed x3) (sev=1.00)
[monitor_node-12] [WARN] [1790112883.198692217] [diagnostic_monitor]: ANOMALY on [perception_node] /perception/obstacles:obstacle_empty: Value 1.0000 deviated from baseline 0.0000±0.0001 (z=10000.0, confirmed x2) (sev=1.00)
[monitor_node-12] [WARN] [1790112883.285236160] [diagnostic_monitor]: ANOMALY on [lidar_node] /sim/lidar/scan:nan_ratio: Value 0.3222 deviated from baseline 0.0001±0.0052 (z=61.6, confirmed x4) (sev=1.00)
[monitor_node-12] [WARN] [1790112883.289668583] [diagnostic_monitor]: ANOMALY on [perception_node] /perception/obstacles:obstacle_empty: Value 1.0000 deviated from baseline 0.0000±0.0001 (z=10000.0, confirmed x3) (sev=1.00)
[monitor_node-12] [WARN] [1790112883.406885022] [diagnostic_monitor]: ANOMALY on [lidar_node] /sim/lidar/scan:nan_ratio: Value 0.2444 deviated from baseline 0.0001±0.0052 (z=46.8, confirmed x5) (sev=1.00)
[monitor_node-12] [WARN] [1790112883.486135353] [diagnostic_monitor]: ANOMALY on [lidar_node] /sim/lidar/scan:nan_ratio: Value 0.3333 deviated from baseline 0.0001±0.0052 (z=63.8, confirmed x6) (sev=1.00)
[monitor_node-12] [WARN] [1790112883.605022910] [diagnostic_monitor]: ANOMALY on [lidar_node] /sim/lidar/scan:nan_ratio: Value 0.4000 deviated from baseline 0.0001±0.0052 (z=76.5, confirmed x7) (sev=1.00)
[monitor_node-12] [WARN] [1790112883.608276231] [diagnostic_monitor]: ANOMALY on [perception_node] /perception/obstacles:obstacle_empty: Value 1.0000 deviated from baseline 0.0000±0.0001 (z=10000.0, confirmed x2) (sev=1.00)
[monitor_node-12] [WARN] [1790112883.684651972] [diagnostic_monitor]: ANOMALY on [lidar_node] /sim/lidar/scan:nan_ratio: Value 0.2889 deviated from baseline 0.0001±0.0052 (z=55.3, confirmed x8) (sev=1.00)
[monitor_node-12] [WARN] [1790112883.794741512] [diagnostic_monitor]: ANOMALY on [lidar_node] /sim/lidar/scan:nan_ratio: Value 0.3111 deviated from baseline 0.0001±0.0052 (z=59.5, confirmed x9) (sev=1.00)
[monitor_node-12] [WARN] [1790112883.884788946] [diagnostic_monitor]: ANOMALY on [lidar_node] /sim/lidar/scan:nan_ratio: Value 0.3222 deviated from baseline 0.0001±0.0052 (z=61.6, confirmed x10) (sev=1.00)
[monitor_node-12] [WARN] [1790112883.889264428] [diagnostic_monitor]: ANOMALY on [perception_node] /perception/obstacles:obstacle_empty: Value 1.0000 deviated from baseline 0.0000±0.0001 (z=10000.0, confirmed x2) (sev=1.00)
[monitor_node-12] [WARN] [1790112883.994606759] [diagnostic_monitor]: ANOMALY on [lidar_node] /sim/lidar/scan:nan_ratio: Value 0.3222 deviated from baseline 0.0001±0.0052 (z=61.6, confirmed x11) (sev=1.00)
[monitor_node-12] [WARN] [1790112883.998739702] [diagnostic_monitor]: ANOMALY on [perception_node] /perception/obstacles:obstacle_empty: Value 1.0000 deviated from baseline 0.0000±0.0001 (z=10000.0, confirmed x3) (sev=1.00)
[monitor_node-12] [WARN] [1790112884.084835257] [diagnostic_monitor]: ANOMALY on [lidar_node] /sim/lidar/scan:nan_ratio: Value 0.2889 deviated from baseline 0.0001±0.0052 (z=55.3, confirmed x12) (sev=1.00)
[monitor_node-12] [WARN] [1790112884.204935034] [diagnostic_monitor]: ANOMALY on [lidar_node] /sim/lidar/scan:nan_ratio: Value 0.3444 deviated from baseline 0.0001±0.0052 (z=65.9, confirmed x13) (sev=1.00)
[monitor_node-12] [WARN] [1790112884.284727206] [diagnostic_monitor]: ANOMALY on [lidar_node] /sim/lidar/scan:nan_ratio: Value 0.3778 deviated from baseline 0.0001±0.0052 (z=72.3, confirmed x14) (sev=1.00)
[monitor_node-12] [WARN] [1790112884.289751704] [diagnostic_monitor]: ANOMALY on [perception_node] /perception/obstacles:obstacle_empty: Value 1.0000 deviated from baseline 0.0000±0.0001 (z=10000.0, confirmed x2) (sev=1.00)
[monitor_node-12] [WARN] [1790112884.405400480] [diagnostic_monitor]: ANOMALY on [lidar_node] /sim/lidar/scan:nan_ratio: Value 0.3000 deviated from baseline 0.0001±0.0052 (z=57.4, confirmed x15) (sev=1.00)
[monitor_node-12] [WARN] [1790112884.484548035] [diagnostic_monitor]: ANOMALY on [lidar_node] /sim/lidar/scan:nan_ratio: Value 0.3444 deviated from baseline 0.0001±0.0052 (z=65.9, confirmed x16) (sev=1.00)
[monitor_node-12] [WARN] [1790112884.605011672] [diagnostic_monitor]: ANOMALY on [lidar_node] /sim/lidar/scan:nan_ratio: Value 0.3556 deviated from baseline 0.0001±0.0052 (z=68.0, confirmed x17) (sev=1.00)
[monitor_node-12] [WARN] [1790112884.609884287] [diagnostic_monitor]: ANOMALY on [perception_node] /perception/obstacles:obstacle_empty: Value 1.0000 deviated from baseline 0.0000±0.0001 (z=10000.0, confirmed x2) (sev=1.00)
[monitor_node-12] [WARN] [1790112884.694724174] [diagnostic_monitor]: ANOMALY on [lidar_node] /sim/lidar/scan:nan_ratio: Value 0.2889 deviated from baseline 0.0001±0.0052 (z=55.3, confirmed x18) (sev=1.00)
[monitor_node-12] [WARN] [1790112884.804689725] [diagnostic_monitor]: ANOMALY on [lidar_node] /sim/lidar/scan:nan_ratio: Value 0.3222 deviated from baseline 0.0001±0.0052 (z=61.6, confirmed x19) (sev=1.00)
[monitor_node-12] [WARN] [1790112884.884888508] [diagnostic_monitor]: ANOMALY on [lidar_node] /sim/lidar/scan:nan_ratio: Value 0.3111 deviated from baseline 0.0001±0.0052 (z=59.5, confirmed x20) (sev=1.00)
[monitor_node-12] [WARN] [1790112884.888474500] [diagnostic_monitor]: ANOMALY on [perception_node] /perception/obstacles:obstacle_empty: Value 1.0000 deviated from baseline 0.0000±0.0001 (z=10000.0, confirmed x2) (sev=1.00)
[monitor_node-12] [WARN] [1790112884.994884618] [diagnostic_monitor]: ANOMALY on [lidar_node] /sim/lidar/scan:nan_ratio: Value 0.3667 deviated from baseline 0.0001±0.0052 (z=70.2, confirmed x21) (sev=1.00)
[monitor_node-12] [WARN] [1790112884.998800213] [diagnostic_monitor]: ANOMALY on [perception_node] /perception/obstacles:obstacle_empty: Value 1.0000 deviated from baseline 0.0000±0.0001 (z=10000.0, confirmed x3) (sev=1.00)
[monitor_node-12] [WARN] [1790112885.085012762] [diagnostic_monitor]: ANOMALY on [lidar_node] /sim/lidar/scan:nan_ratio: Value 0.2667 deviated from baseline 0.0001±0.0052 (z=51.0, confirmed x22) (sev=1.00)
[monitor_node-12] [WARN] [1790112885.196086612] [diagnostic_monitor]: ANOMALY on [lidar_node] /sim/lidar/scan:nan_ratio: Value 0.3333 deviated from baseline 0.0001±0.0052 (z=63.8, confirmed x23) (sev=1.00)
[monitor_node-12] [WARN] [1790112885.284550381] [diagnostic_monitor]: ANOMALY on [lidar_node] /sim/lidar/scan:nan_ratio: Value 0.3222 deviated from baseline 0.0001±0.0052 (z=61.6, confirmed x24) (sev=1.00)
[monitor_node-12] [WARN] [1790112885.288513935] [diagnostic_monitor]: ANOMALY on [perception_node] /perception/obstacles:obstacle_empty: Value 1.0000 deviated from baseline 0.0000±0.0001 (z=10000.0, confirmed x2) (sev=1.00)
[monitor_node-12] [WARN] [1790112885.404964528] [diagnostic_monitor]: ANOMALY on [lidar_node] /sim/lidar/scan:nan_ratio: Value 0.3222 deviated from baseline 0.0001±0.0052 (z=61.6, confirmed x25) (sev=1.00)
[monitor_node-12] [WARN] [1790112885.408226684] [diagnostic_monitor]: ANOMALY on [perception_node] /perception/obstacles:obstacle_empty: Value 1.0000 deviated from baseline 0.0000±0.0001 (z=10000.0, confirmed x3) (sev=1.00)
[monitor_node-12] [WARN] [1790112885.484461898] [diagnostic_monitor]: ANOMALY on [lidar_node] /sim/lidar/scan:nan_ratio: Value 0.2778 deviated from baseline 0.0001±0.0052 (z=53.1, confirmed x26) (sev=1.00)
[monitor_node-12] [WARN] [1790112885.604988343] [diagnostic_monitor]: ANOMALY on [lidar_node] /sim/lidar/scan:nan_ratio: Value 0.3333 deviated from baseline 0.0001±0.0052 (z=63.8, confirmed x27) (sev=1.00)
[monitor_node-12] [WARN] [1790112885.685611509] [diagnostic_monitor]: ANOMALY on [lidar_node] /sim/lidar/scan:nan_ratio: Value 0.3333 deviated from baseline 0.0001±0.0052 (z=63.8, confirmed x28) (sev=1.00)
[monitor_node-12] [WARN] [1790112885.688531928] [diagnostic_monitor]: ANOMALY on [perception_node] /perception/obstacles:obstacle_empty: Value 1.0000 deviated from baseline 0.0000±0.0001 (z=10000.0, confirmed x2) (sev=1.00)
[monitor_node-12] [WARN] [1790112885.794927892] [diagnostic_monitor]: ANOMALY on [lidar_node] /sim/lidar/scan:nan_ratio: Value 0.3667 deviated from baseline 0.0001±0.0052 (z=70.2, confirmed x29) (sev=1.00)
[monitor_node-12] [WARN] [1790112885.798376424] [diagnostic_monitor]: ANOMALY on [perception_node] /perception/obstacles:obstacle_empty: Value 1.0000 deviated from baseline 0.0000±0.0001 (z=10000.0, confirmed x3) (sev=1.00)
[monitor_node-12] [WARN] [1790112885.894644940] [diagnostic_monitor]: ANOMALY on [lidar_node] /sim/lidar/scan:nan_ratio: Value 0.3111 deviated from baseline 0.0001±0.0052 (z=59.5, confirmed x30) (sev=1.00)
[monitor_node-12] [WARN] [1790112885.899489459] [diagnostic_monitor]: ANOMALY on [perception_node] /perception/obstacles:obstacle_empty: Value 1.0000 deviated from baseline 0.0000±0.0001 (z=10000.0, confirmed x4) (sev=1.00)
[monitor_node-12] [WARN] [1790112885.995448768] [diagnostic_monitor]: ANOMALY on [lidar_node] /sim/lidar/scan:nan_ratio: Value 0.2778 deviated from baseline 0.0001±0.0052 (z=53.1, confirmed x31) (sev=1.00)
[monitor_node-12] [WARN] [1790112886.085038441] [diagnostic_monitor]: ANOMALY on [lidar_node] /sim/lidar/scan:nan_ratio: Value 0.3222 deviated from baseline 0.0001±0.0052 (z=61.6, confirmed x32) (sev=1.00)
[monitor_node-12] [WARN] [1790112886.194228150] [diagnostic_monitor]: ANOMALY on [lidar_node] /sim/lidar/scan:nan_ratio: Value 0.3556 deviated from baseline 0.0001±0.0052 (z=68.0, confirmed x33) (sev=1.00)
[monitor_node-12] [WARN] [1790112886.198697679] [diagnostic_monitor]: ANOMALY on [perception_node] /perception/obstacles:obstacle_empty: Value 1.0000 deviated from baseline 0.0000±0.0001 (z=10000.0, confirmed x2) (sev=1.00)
[monitor_node-12] [WARN] [1790112886.284657625] [diagnostic_monitor]: ANOMALY on [lidar_node] /sim/lidar/scan:nan_ratio: Value 0.3222 deviated from baseline 0.0001±0.0052 (z=61.6, confirmed x34) (sev=1.00)
[monitor_node-12] [WARN] [1790112886.288447210] [diagnostic_monitor]: ANOMALY on [perception_node] /perception/obstacles:obstacle_empty: Value 1.0000 deviated from baseline 0.0000±0.0001 (z=10000.0, confirmed x3) (sev=1.00)
[monitor_node-12] [WARN] [1790112886.414778462] [diagnostic_monitor]: ANOMALY on [lidar_node] /sim/lidar/scan:nan_ratio: Value 0.3333 deviated from baseline 0.0001±0.0052 (z=63.8, confirmed x35) (sev=1.00)
[monitor_node-12] [WARN] [1790112886.418648279] [diagnostic_monitor]: ANOMALY on [perception_node] /perception/obstacles:obstacle_empty: Value 1.0000 deviated from baseline 0.0000±0.0001 (z=10000.0, confirmed x4) (sev=1.00)
[monitor_node-12] [WARN] [1790112886.486616939] [diagnostic_monitor]: ANOMALY on [lidar_node] /sim/lidar/scan:nan_ratio: Value 0.2889 deviated from baseline 0.0001±0.0052 (z=55.3, confirmed x36) (sev=1.00)
[monitor_node-12] [WARN] [1790112886.610862702] [diagnostic_monitor]: ANOMALY on [lidar_node] /sim/lidar/scan:nan_ratio: Value 0.4000 deviated from baseline 0.0001±0.0052 (z=76.5, confirmed x37) (sev=1.00)
[monitor_node-12] [WARN] [1790112886.695610124] [diagnostic_monitor]: ANOMALY on [lidar_node] /sim/lidar/scan:nan_ratio: Value 0.2778 deviated from baseline 0.0001±0.0052 (z=53.1, confirmed x38) (sev=1.00)
[monitor_node-12] [WARN] [1790112886.818943309] [diagnostic_monitor]: ANOMALY on [lidar_node] /sim/lidar/scan:nan_ratio: Value 0.3889 deviated from baseline 0.0001±0.0052 (z=74.4, confirmed x39) (sev=1.00)
[monitor_node-12] [WARN] [1790112886.895649833] [diagnostic_monitor]: ANOMALY on [lidar_node] /sim/lidar/scan:nan_ratio: Value 0.3222 deviated from baseline 0.0001±0.0052 (z=61.6, confirmed x40) (sev=1.00)
[monitor_node-12] [WARN] [1790112886.898498851] [diagnostic_monitor]: ANOMALY on [perception_node] /perception/obstacles:obstacle_empty: Value 1.0000 deviated from baseline 0.0000±0.0001 (z=10000.0, confirmed x2) (sev=1.00)
[monitor_node-12] [WARN] [1790112887.016221611] [diagnostic_monitor]: ANOMALY on [lidar_node] /sim/lidar/scan:nan_ratio: Value 0.2444 deviated from baseline 0.0001±0.0052 (z=46.8, confirmed x41) (sev=1.00)
[monitor_node-12] [WARN] [1790112887.095134314] [diagnostic_monitor]: ANOMALY on [lidar_node] /sim/lidar/scan:nan_ratio: Value 0.4000 deviated from baseline 0.0001±0.0052 (z=76.5, confirmed x42) (sev=1.00)
[monitor_node-12] [WARN] [1790112887.214958456] [diagnostic_monitor]: ANOMALY on [lidar_node] /sim/lidar/scan:nan_ratio: Value 0.2889 deviated from baseline 0.0001±0.0052 (z=55.3, confirmed x43) (sev=1.00)
[monitor_node-12] [WARN] [1790112887.295244864] [diagnostic_monitor]: ANOMALY on [lidar_node] /sim/lidar/scan:nan_ratio: Value 0.3556 deviated from baseline 0.0001±0.0052 (z=68.0, confirmed x44) (sev=1.00)
[monitor_node-12] [WARN] [1790112887.414930725] [diagnostic_monitor]: ANOMALY on [lidar_node] /sim/lidar/scan:nan_ratio: Value 0.4000 deviated from baseline 0.0001±0.0052 (z=76.5, confirmed x45) (sev=1.00)
[monitor_node-12] [WARN] [1790112887.418886377] [diagnostic_monitor]: ANOMALY on [perception_node] /perception/obstacles:obstacle_empty: Value 1.0000 deviated from baseline 0.0000±0.0001 (z=10000.0, confirmed x2) (sev=1.00)
[monitor_node-12] [WARN] [1790112887.496424739] [diagnostic_monitor]: ANOMALY on [lidar_node] /sim/lidar/scan:nan_ratio: Value 0.3778 deviated from baseline 0.0001±0.0052 (z=72.3, confirmed x46) (sev=1.00)
[monitor_node-12] [WARN] [1790112887.499517876] [diagnostic_monitor]: ANOMALY on [perception_node] /perception/obstacles:obstacle_empty: Value 1.0000 deviated from baseline 0.0000±0.0001 (z=10000.0, confirmed x3) (sev=1.00)
[monitor_node-12] [WARN] [1790112887.604628156] [diagnostic_monitor]: ANOMALY on [lidar_node] /sim/lidar/scan:nan_ratio: Value 0.2889 deviated from baseline 0.0001±0.0052 (z=55.3, confirmed x47) (sev=1.00)
[monitor_node-12] [WARN] [1790112887.694836983] [diagnostic_monitor]: ANOMALY on [lidar_node] /sim/lidar/scan:nan_ratio: Value 0.2778 deviated from baseline 0.0001±0.0052 (z=53.1, confirmed x48) (sev=1.00)
[monitor_node-12] [WARN] [1790112887.805844430] [diagnostic_monitor]: ANOMALY on [lidar_node] /sim/lidar/scan:nan_ratio: Value 0.2667 deviated from baseline 0.0001±0.0052 (z=51.0, confirmed x49) (sev=1.00)
[monitor_node-12] [WARN] [1790112887.904891591] [diagnostic_monitor]: ANOMALY on [lidar_node] /sim/lidar/scan:nan_ratio: Value 0.3000 deviated from baseline 0.0001±0.0052 (z=57.4, confirmed x50) (sev=1.00)
[monitor_node-12] [WARN] [1790112888.004539480] [diagnostic_monitor]: ANOMALY on [lidar_node] /sim/lidar/scan:nan_ratio: Value 0.3111 deviated from baseline 0.0001±0.0052 (z=59.5, confirmed x51) (sev=1.00)
[monitor_node-12] [WARN] [1790112888.094662326] [diagnostic_monitor]: ANOMALY on [lidar_node] /sim/lidar/scan:nan_ratio: Value 0.3222 deviated from baseline 0.0001±0.0052 (z=61.6, confirmed x52) (sev=1.00)
[monitor_node-12] [WARN] [1790112888.098491028] [diagnostic_monitor]: ANOMALY on [perception_node] /perception/obstacles:obstacle_empty: Value 1.0000 deviated from baseline 0.0000±0.0001 (z=10000.0, confirmed x2) (sev=1.00)
[monitor_node-12] [WARN] [1790112888.204886915] [diagnostic_monitor]: ANOMALY on [lidar_node] /sim/lidar/scan:nan_ratio: Value 0.2778 deviated from baseline 0.0001±0.0052 (z=53.1, confirmed x53) (sev=1.00)
[monitor_node-12] [WARN] [1790112888.294533787] [diagnostic_monitor]: ANOMALY on [lidar_node] /sim/lidar/scan:nan_ratio: Value 0.3889 deviated from baseline 0.0001±0.0052 (z=74.4, confirmed x54) (sev=1.00)
[monitor_node-12] [WARN] [1790112888.405612157] [diagnostic_monitor]: ANOMALY on [lidar_node] /sim/lidar/scan:nan_ratio: Value 0.3444 deviated from baseline 0.0001±0.0052 (z=65.9, confirmed x55) (sev=1.00)
[monitor_node-12] [WARN] [1790112888.408904785] [diagnostic_monitor]: ANOMALY on [perception_node] /perception/obstacles:obstacle_empty: Value 1.0000 deviated from baseline 0.0000±0.0001 (z=10000.0, confirmed x2) (sev=1.00)
[monitor_node-12] [WARN] [1790112888.495343497] [diagnostic_monitor]: ANOMALY on [lidar_node] /sim/lidar/scan:nan_ratio: Value 0.3667 deviated from baseline 0.0001±0.0052 (z=70.2, confirmed x56) (sev=1.00)
[monitor_node-12] [WARN] [1790112888.498342267] [diagnostic_monitor]: ANOMALY on [perception_node] /perception/obstacles:obstacle_empty: Value 1.0000 deviated from baseline 0.0000±0.0001 (z=10000.0, confirmed x3) (sev=1.00)
[monitor_node-12] [WARN] [1790112888.605024706] [diagnostic_monitor]: ANOMALY on [lidar_node] /sim/lidar/scan:nan_ratio: Value 0.4111 deviated from baseline 0.0001±0.0052 (z=78.7, confirmed x57) (sev=1.00)
[monitor_node-12] [WARN] [1790112888.608582888] [diagnostic_monitor]: ANOMALY on [perception_node] /perception/obstacles:obstacle_empty: Value 1.0000 deviated from baseline 0.0000±0.0001 (z=10000.0, confirmed x4) (sev=1.00)
[monitor_node-12] [WARN] [1790112888.695987679] [diagnostic_monitor]: ANOMALY on [lidar_node] /sim/lidar/scan:nan_ratio: Value 0.2778 deviated from baseline 0.0001±0.0052 (z=53.1, confirmed x58) (sev=1.00)
[monitor_node-12] [WARN] [1790112888.815409548] [diagnostic_monitor]: ANOMALY on [lidar_node] /sim/lidar/scan:nan_ratio: Value 0.3111 deviated from baseline 0.0001±0.0052 (z=59.5, confirmed x59) (sev=1.00)
[monitor_node-12] [WARN] [1790112888.897463213] [diagnostic_monitor]: ANOMALY on [lidar_node] /sim/lidar/scan:nan_ratio: Value 0.3000 deviated from baseline 0.0001±0.0052 (z=57.4, confirmed x60) (sev=1.00)
[monitor_node-12] [WARN] [1790112889.005550897] [diagnostic_monitor]: ANOMALY on [lidar_node] /sim/lidar/scan:nan_ratio: Value 0.4000 deviated from baseline 0.0001±0.0052 (z=76.5, confirmed x61) (sev=1.00)
[monitor_node-12] [WARN] [1790112889.094905951] [diagnostic_monitor]: ANOMALY on [lidar_node] /sim/lidar/scan:nan_ratio: Value 0.3556 deviated from baseline 0.0001±0.0052 (z=68.0, confirmed x62) (sev=1.00)
[monitor_node-12] [WARN] [1790112889.099317005] [diagnostic_monitor]: ANOMALY on [perception_node] /perception/obstacles:obstacle_empty: Value 1.0000 deviated from baseline 0.0000±0.0001 (z=10000.0, confirmed x2) (sev=1.00)
[monitor_node-12] [WARN] [1790112889.204942515] [diagnostic_monitor]: ANOMALY on [lidar_node] /sim/lidar/scan:nan_ratio: Value 0.3444 deviated from baseline 0.0001±0.0052 (z=65.9, confirmed x63) (sev=1.00)
[monitor_node-12] [WARN] [1790112889.208483995] [diagnostic_monitor]: ANOMALY on [perception_node] /perception/obstacles:obstacle_empty: Value 1.0000 deviated from baseline 0.0000±0.0001 (z=10000.0, confirmed x3) (sev=1.00)
[monitor_node-12] [WARN] [1790112889.295393690] [diagnostic_monitor]: ANOMALY on [lidar_node] /sim/lidar/scan:nan_ratio: Value 0.2889 deviated from baseline 0.0001±0.0052 (z=55.3, confirmed x64) (sev=1.00)
[monitor_node-12] [WARN] [1790112889.423752811] [diagnostic_monitor]: ANOMALY on [lidar_node] /sim/lidar/scan:nan_ratio: Value 0.3444 deviated from baseline 0.0001±0.0052 (z=65.9, confirmed x65) (sev=1.00)
[monitor_node-12] [WARN] [1790112889.495633796] [diagnostic_monitor]: ANOMALY on [lidar_node] /sim/lidar/scan:nan_ratio: Value 0.3000 deviated from baseline 0.0001±0.0052 (z=57.4, confirmed x66) (sev=1.00)
[monitor_node-12] [WARN] [1790112889.604800385] [diagnostic_monitor]: ANOMALY on [lidar_node] /sim/lidar/scan:nan_ratio: Value 0.2889 deviated from baseline 0.0001±0.0052 (z=55.3, confirmed x67) (sev=1.00)
[monitor_node-12] [WARN] [1790112889.705108207] [diagnostic_monitor]: ANOMALY on [lidar_node] /sim/lidar/scan:nan_ratio: Value 0.3333 deviated from baseline 0.0001±0.0052 (z=63.8, confirmed x68) (sev=1.00)
[monitor_node-12] [WARN] [1790112889.804816901] [diagnostic_monitor]: ANOMALY on [lidar_node] /sim/lidar/scan:nan_ratio: Value 0.3222 deviated from baseline 0.0001±0.0052 (z=61.6, confirmed x69) (sev=1.00)
[monitor_node-12] [WARN] [1790112889.810574924] [diagnostic_monitor]: ANOMALY on [perception_node] /perception/obstacles:obstacle_empty: Value 1.0000 deviated from baseline 0.0000±0.0001 (z=10000.0, confirmed x2) (sev=1.00)
[monitor_node-12] [WARN] [1790112889.894111042] [diagnostic_monitor]: ANOMALY on [lidar_node] /sim/lidar/scan:nan_ratio: Value 0.3444 deviated from baseline 0.0001±0.0052 (z=65.9, confirmed x70) (sev=1.00)
[monitor_node-12] [WARN] [1790112889.898425924] [diagnostic_monitor]: ANOMALY on [perception_node] /perception/obstacles:obstacle_empty: Value 1.0000 deviated from baseline 0.0000±0.0001 (z=10000.0, confirmed x3) (sev=1.00)
[monitor_node-12] [WARN] [1790112890.015999509] [diagnostic_monitor]: ANOMALY on [lidar_node] /sim/lidar/scan:nan_ratio: Value 0.2889 deviated from baseline 0.0001±0.0052 (z=55.3, confirmed x71) (sev=1.00)
[monitor_node-12] [WARN] [1790112890.096058742] [diagnostic_monitor]: ANOMALY on [lidar_node] /sim/lidar/scan:nan_ratio: Value 0.2889 deviated from baseline 0.0001±0.0052 (z=55.3, confirmed x72) (sev=1.00)
[monitor_node-12] [WARN] [1790112890.206116167] [diagnostic_monitor]: ANOMALY on [lidar_node] /sim/lidar/scan:nan_ratio: Value 0.4111 deviated from baseline 0.0001±0.0052 (z=78.7, confirmed x73) (sev=1.00)
[monitor_node-12] [WARN] [1790112890.494940145] [diagnostic_monitor]: ANOMALY on [lidar_node] /sim/lidar/scan:nan_ratio: Value 0.3111 deviated from baseline 0.0002±0.0065 (z=48.1, confirmed x2) (sev=1.00)
[monitor_node-12] [WARN] [1790112890.498693607] [diagnostic_monitor]: ANOMALY on [perception_node] /perception/obstacles:obstacle_empty: Value 1.0000 deviated from baseline 0.0000±0.0001 (z=10000.0, confirmed x2) (sev=1.00)
[monitor_node-12] [WARN] [1790112890.605251317] [diagnostic_monitor]: ANOMALY on [lidar_node] /sim/lidar/scan:nan_ratio: Value 0.2778 deviated from baseline 0.0002±0.0065 (z=43.0, confirmed x3) (sev=1.00)
[monitor_node-12] [WARN] [1790112890.694271237] [diagnostic_monitor]: ANOMALY on [lidar_node] /sim/lidar/scan:nan_ratio: Value 0.2556 deviated from baseline 0.0002±0.0065 (z=39.5, confirmed x4) (sev=1.00)
[monitor_node-12] [WARN] [1790112890.804696171] [diagnostic_monitor]: ANOMALY on [lidar_node] /sim/lidar/scan:nan_ratio: Value 0.2778 deviated from baseline 0.0002±0.0065 (z=43.0, confirmed x5) (sev=1.00)
[lidar_node-3] [INFO] [1790112890.873443211] [lidar_node]: lidar_node: degradation "noise" expired
[monitor_node-12] [INFO] [1790112896.863373490] [diagnostic_monitor]: Anomaly window cleared. System operating nominally.
[monitor_node-12] [WARN] [1790112913.170610853] [diagnostic_monitor]: ANOMALY on [localization_node] /localization/pose:latency: Value 0.2378 deviated from baseline 0.0114±0.0064 (z=35.4, confirmed x2) (sev=1.00)
[monitor_node-12] [WARN] [1790112913.172329719] [diagnostic_monitor]: ANOMALY on [imu_node] /sim/imu/data:latency: Value 0.2201 deviated from baseline 0.0062±0.0045 (z=47.7, confirmed x2) (sev=1.00)
[monitor_node-12] [WARN] [1790112913.173460729] [diagnostic_monitor]: ANOMALY on [lidar_node] /sim/lidar/scan:latency: Value 0.2103 deviated from baseline 0.0063±0.0042 (z=48.4, confirmed x2) (sev=1.00)
[monitor_node-12] [WARN] [1790112913.175789218] [diagnostic_monitor]: ANOMALY on [odometry_node] /sim/odom:latency: Value 0.2422 deviated from baseline 0.0061±0.0042 (z=56.8, confirmed x2) (sev=1.00)
[monitor_node-12] [INFO] [1790112913.365048925] [diagnostic_monitor]: 
[monitor_node-12] ============================================================
[monitor_node-12] ROOT CAUSE DIAGNOSIS: imu_node (Confidence: 0.675)
[monitor_node-12] ============================================================
[monitor_node-12] Score Breakdown  R(C) = wD*D + wT*T + wS*S + wA*A:
[monitor_node-12]   R(imu_node) = 0.3·D(0.33) + 0.3·T(1.00) + 0.25·S(0.50) + 0.15·A(1.00) = 0.675
[monitor_node-12]   - Dependency D: 0.33 (reaches 1 downstream anomalous node(s); 0 anomalous upstream node(s))
[monitor_node-12]   - Temporal   T: 1.00 (first anomaly at t=1790112913.17s; earliest in window = supporting evidence, not proof of causality)
[monitor_node-12]   - Symptom    S: 0.50 (explains 2/4 anomalous nodes)
[monitor_node-12]   - Severity   A: 1.00 (max normalised severity on node, 1 direct anomaly event(s))
[monitor_node-12] 
[monitor_node-12] Propagation Chain (evidence-ordered, via discovered graph edges):
[monitor_node-12]   imu_node (t=1790112913.17s: /sim/imu/data:latency, sev=1.00)
[monitor_node-12]     └─→ localization_node via /sim/imu/data (t=1790112913.17s, -0.00s after imu_node: /localization/pose:latency)
[monitor_node-12]   (anomalous but not reachable from imu_node: lidar_node, odometry_node)
[monitor_node-12] 
[monitor_node-12] Candidate Ranking & Evidence Comparison:
[monitor_node-12]   #2 lidar_node           R=0.675 (Δ -0.000) [first anomaly 0.00s after imu_node]
[monitor_node-12]   #3 odometry_node        R=0.675 (Δ -0.000) [first anomaly 0.00s after imu_node]
[monitor_node-12]   #4 localization_node    R=0.512 (Δ -0.162) [downstream of imu_node in discovered graph; lower symptom coverage (25% vs 50%)]
[monitor_node-12] ============================================================
[imu_node-5] [INFO] [1790112914.699868771] [imu_node]: imu_node: faults cleared
[camera_node-4] [INFO] [1790112914.699881983] [camera_node]: camera_node: faults cleared
[perception_node-8] [INFO] [1790112914.699908857] [perception_node]: perception_node: faults cleared
[planning_node-10] [INFO] [1790112914.699965930] [planning_node]: planning_node: faults cleared
[control_node-11] [INFO] [1790112914.700091663] [control_node]: control_node: faults cleared
[sim_world-7] [INFO] [1790112914.701087359] [sim_world]: sim_world: faults cleared
[odometry_node-6] [INFO] [1790112914.701485388] [odometry_node]: odometry_node: faults cleared
[planning_node-10] [INFO] [1790112914.750528817] [planning_node]: planning_node: faults cleared
[imu_node-5] [INFO] [1790112914.750618853] [imu_node]: imu_node: faults cleared
[odometry_node-6] [INFO] [1790112914.750739616] [odometry_node]: odometry_node: faults cleared
[localization_node-9] [INFO] [1790112914.750774135] [localization_node]: localization_node: faults cleared
[control_node-11] [INFO] [1790112914.751306334] [control_node]: control_node: faults cleared
[camera_node-4] [INFO] [1790112914.752110575] [camera_node]: camera_node: faults cleared
[perception_node-8] [INFO] [1790112914.752257964] [perception_node]: perception_node: faults cleared
[sim_world-7] [INFO] [1790112914.753928513] [sim_world]: sim_world: faults cleared
[imu_node-5] [INFO] [1790112914.801254605] [imu_node]: imu_node: faults cleared
[perception_node-8] [INFO] [1790112914.801342492] [perception_node]: perception_node: faults cleared
[control_node-11] [INFO] [1790112914.801352996] [control_node]: control_node: faults cleared
[planning_node-10] [INFO] [1790112914.801372270] [planning_node]: planning_node: faults cleared
[camera_node-4] [INFO] [1790112914.801388375] [camera_node]: camera_node: faults cleared
[localization_node-9] [INFO] [1790112914.801437550] [localization_node]: localization_node: faults cleared
[sim_world-7] [INFO] [1790112914.802918799] [sim_world]: sim_world: faults cleared
[odometry_node-6] [INFO] [1790112914.803005835] [odometry_node]: odometry_node: faults cleared
[monitor_node-12] [INFO] [1790112919.363815613] [diagnostic_monitor]: Anomaly window cleared. System operating nominally.
