[INFO] [launch]: All log files can be found below /home/lynx/.ros/log/2026-09-22-22-26-37-844183-WINDOWS-FIRE-19680
[INFO] [launch]: Default logging verbosity is set to INFO
[INFO] [gz_sim-1]: process started with pid [19684]
[INFO] [parameter_bridge-2]: process started with pid [19685]
[INFO] [lidar_node-3]: process started with pid [19686]
[INFO] [camera_node-4]: process started with pid [19687]
[INFO] [imu_node-5]: process started with pid [19688]
[INFO] [odometry_node-6]: process started with pid [19689]
[INFO] [sim_world-7]: process started with pid [19690]
[INFO] [perception_node-8]: process started with pid [19691]
[INFO] [localization_node-9]: process started with pid [19692]
[INFO] [planning_node-10]: process started with pid [19693]
[INFO] [control_node-11]: process started with pid [19694]
[control_node-11] [INFO] [1790115999.389370770] [control_node]: control_node ready (path -> /cmd_vel)
[parameter_bridge-2] [INFO] [1790115999.435738963] [gz_bridge]: Creating GZ->ROS Bridge: [/scan (gz.msgs.LaserScan) -> /gz/scan (sensor_msgs/msg/LaserScan)] (Lazy 0)
[parameter_bridge-2] [INFO] [1790115999.458752960] [gz_bridge]: Creating GZ->ROS Bridge: [/camera/image (gz.msgs.Image) -> /gz/image (sensor_msgs/msg/Image)] (Lazy 0)
[parameter_bridge-2] [INFO] [1790115999.460507798] [gz_bridge]: Creating GZ->ROS Bridge: [/camera/camera_info (gz.msgs.CameraInfo) -> /gz/camera_info (sensor_msgs/msg/CameraInfo)] (Lazy 0)
[perception_node-8] [INFO] [1790115999.465765353] [perception_node]: perception_node ready (lidar + camera -> /perception/obstacles)
[parameter_bridge-2] [INFO] [1790115999.467728345] [gz_bridge]: Creating GZ->ROS Bridge: [/imu (gz.msgs.IMU) -> /gz/imu (sensor_msgs/msg/Imu)] (Lazy 0)
[parameter_bridge-2] [INFO] [1790115999.470082968] [gz_bridge]: Creating GZ->ROS Bridge: [/model/rca_bot/odometry (gz.msgs.Odometry) -> /gz/odom (nav_msgs/msg/Odometry)] (Lazy 0)
[imu_node-5] [INFO] [1790115999.477605819] [imu_node]: imu_node ready (/gz/imu -> /sim/imu/data)
[parameter_bridge-2] [INFO] [1790115999.478017457] [gz_bridge]: Creating GZ->ROS Bridge: [/model/rca_bot/tf (gz.msgs.Pose_V) -> /gz/tf (tf2_msgs/msg/TFMessage)] (Lazy 0)
[parameter_bridge-2] [INFO] [1790115999.486376171] [gz_bridge]: Creating GZ->ROS Bridge: [/clock (gz.msgs.Clock) -> /gz/clock (rosgraph_msgs/msg/Clock)] (Lazy 0)
[parameter_bridge-2] [INFO] [1790115999.490045004] [gz_bridge]: Creating ROS->GZ Bridge: [/gz/cmd_vel (geometry_msgs/msg/Twist) -> /model/rca_bot/cmd_vel (gz.msgs.Twist)] (Lazy 0)
[odometry_node-6] [INFO] [1790115999.562637191] [odometry_node]: odometry_node ready (/gz/odom -> /sim/odom)
[camera_node-4] [INFO] [1790115999.586402274] [camera_node]: camera_node ready (/gz/image -> /sim/camera/image)
[planning_node-10] [WARN] [1790115999.667799284] [planning_node]: planning_node: pose source = localization
[planning_node-10] [INFO] [1790115999.669229745] [planning_node]: planning_node ready (pose + obstacles -> /planning/path)
[localization_node-9] [INFO] [1790115999.804321902] [localization_node]: localization_node ready (odom + imu + landmarks -> /localization/pose)
[lidar_node-3] [INFO] [1790115999.820315713] [lidar_node]: lidar_node ready (/gz/scan -> /sim/lidar/scan)
[sim_world-7] [INFO] [1790115999.821685606] [sim_world]: sim_world ready (/cmd_vel -> Gazebo DiffDrive)
[parameter_bridge-2] [INFO] [1790115999.841680804] [gz_bridge]: Passing message from ROS geometry_msgs/msg/Twist to Gazebo gz.msgs.Twist (showing msg only once per type)
[gz_sim-1] [1;33m[Wrn] [Ogre2Camera.cc:423] [0m[1;33mOgre2Camera::SetVisibilityMask: Mask bits [0m[1;33mc0000000[0m[1;33m are set but will be ignored as they conflict with the [0m[1;33mreserved bits used internally by the ogre2 backend.[0m[1;33m[0m
[INFO] [monitor_node-12]: process started with pid [19896]
[monitor_node-12] [INFO] [1790116058.793103837] [diagnostic_monitor]: Deployment exclusions: topics=['/gz/'] nodes=[]
[monitor_node-12] [INFO] [1790116058.800212621] [diagnostic_monitor]: DiagnosticMonitorNode started. DB: /home/lynx/ros2_rca_ws/events.db, Weights: (wD=0.3, wT=0.3, wS=0.25, wA=0.15), z>3.0 confirmed x2, warmup 4.0s
[monitor_node-12] [INFO] [1790116059.801143740] [diagnostic_monitor]: Discovered graph: nodes=['camera_node', 'control_node', 'imu_node', 'lidar_node', 'localization_node', 'odometry_node', 'perception_node', 'planning_node', 'sim_world'] edges=[camera_node->perception_node, control_node->sim_world, imu_node->localization_node, lidar_node->perception_node, localization_node->planning_node, odometry_node->localization_node, perception_node->localization_node, perception_node->planning_node, planning_node->control_node]
[monitor_node-12] [INFO] [1790116059.879543480] [diagnostic_monitor]: Dynamically subscribed to monitor topic: /cmd_vel [geometry_msgs/msg/TwistStamped]
[monitor_node-12] [INFO] [1790116059.883213196] [diagnostic_monitor]: Dynamically subscribed to monitor topic: /localization/pose [geometry_msgs/msg/PoseWithCovarianceStamped]
[monitor_node-12] [INFO] [1790116059.886005850] [diagnostic_monitor]: Dynamically subscribed to monitor topic: /perception/obstacles [geometry_msgs/msg/PoseArray]
[monitor_node-12] [INFO] [1790116059.921633619] [diagnostic_monitor]: Dynamically subscribed to monitor topic: /planning/path [nav_msgs/msg/Path]
[monitor_node-12] [INFO] [1790116060.013944934] [diagnostic_monitor]: Dynamically subscribed to monitor topic: /sim/camera/image [sensor_msgs/msg/Image]
[monitor_node-12] [INFO] [1790116060.017981293] [diagnostic_monitor]: Dynamically subscribed to monitor topic: /sim/imu/data [sensor_msgs/msg/Imu]
[monitor_node-12] [INFO] [1790116060.022017635] [diagnostic_monitor]: Dynamically subscribed to monitor topic: /sim/lidar/scan [sensor_msgs/msg/LaserScan]
[monitor_node-12] [INFO] [1790116060.025275301] [diagnostic_monitor]: Dynamically subscribed to monitor topic: /sim/odom [nav_msgs/msg/Odometry]
[lidar_node-3] [INFO] [1790116100.227810849] [lidar_node]: lidar_node: faults cleared
[planning_node-10] [INFO] [1790116100.228019872] [planning_node]: planning_node: faults cleared
[planning_node-10] [INFO] [1790116100.276678780] [planning_node]: planning_node: faults cleared
[lidar_node-3] [INFO] [1790116100.276673995] [lidar_node]: lidar_node: faults cleared
[localization_node-9] [INFO] [1790116100.278839959] [localization_node]: localization_node: faults cleared
[imu_node-5] [INFO] [1790116100.279640577] [imu_node]: imu_node: faults cleared
[perception_node-8] [INFO] [1790116100.280650532] [perception_node]: perception_node: faults cleared
[lidar_node-3] [INFO] [1790116100.327639799] [lidar_node]: lidar_node: faults cleared
[imu_node-5] [INFO] [1790116100.327683823] [imu_node]: imu_node: faults cleared
[localization_node-9] [INFO] [1790116100.327683545] [localization_node]: localization_node: faults cleared
[planning_node-10] [INFO] [1790116100.327713247] [planning_node]: planning_node: faults cleared
[perception_node-8] [INFO] [1790116100.327775488] [perception_node]: perception_node: faults cleared
[camera_node-4] [WARN] [1790116108.412624649] [camera_node]: camera_node: degradation "restart" param=6 duration=1.0s
[camera_node-4] [FATAL] [1790116108.413828950] [camera_node]: camera_node: restart -> exiting process
[INFO] [camera_node-4]: process has finished cleanly [pid 19687]
[monitor_node-12] [WARN] [1790116108.802172403] [diagnostic_monitor]: ANOMALY on [camera_node] node_crash: Node camera_node absent from ROS 2 graph (process crash or killed); last seen alive t=1790116108.29, missing for 0.5s (sev=1.00)
[monitor_node-12] [FATAL] [1790116108.802879396] [diagnostic_monitor]: CRASH DETECTED: Node camera_node absent from ROS 2 graph (process crash or killed); last seen alive t=1790116108.29, missing for 0.5s
[monitor_node-12] [INFO] [1790116108.815283763] [diagnostic_monitor]: 
[monitor_node-12] ============================================================
[monitor_node-12] ROOT CAUSE DIAGNOSIS: camera_node (Confidence: 1.000)
[monitor_node-12] ============================================================
[monitor_node-12] Score Breakdown  R(C) = wD*D + wT*T + wS*S + wA*A:
[monitor_node-12]   R(camera_node) = 0.3·D(1.00) + 0.3·T(1.00) + 0.25·S(1.00) + 0.15·A(1.00) = 1.000
[monitor_node-12]   - Dependency D: 1.00 (reaches 0 downstream anomalous node(s); 0 anomalous upstream node(s))
[monitor_node-12]   - Temporal   T: 1.00 (first anomaly at t=1790116108.29s; earliest in window = supporting evidence, not proof of causality)
[monitor_node-12]   - Symptom    S: 1.00 (explains 1/1 anomalous nodes)
[monitor_node-12]   - Severity   A: 1.00 (max normalised severity on node, 1 direct anomaly event(s))
[monitor_node-12] 
[monitor_node-12] Propagation Chain (evidence-ordered, via discovered graph edges):
[monitor_node-12]   camera_node (t=1790116108.29s: node_crash, sev=1.00)
[monitor_node-12] 
[monitor_node-12] ============================================================
[monitor_node-12] [WARN] [1790116108.892292705] [diagnostic_monitor]: ANOMALY on [perception_node] /perception/obstacles:obstacle_empty: Value 1.0000 deviated from baseline 0.0000±0.0001 (z=10000.0, confirmed x2) (sev=1.00)
[monitor_node-12] [WARN] [1790116108.991813950] [diagnostic_monitor]: ANOMALY on [perception_node] /perception/obstacles:obstacle_empty: Value 1.0000 deviated from baseline 0.0000±0.0001 (z=10000.0, confirmed x3) (sev=1.00)
[monitor_node-12] [WARN] [1790116109.101499876] [diagnostic_monitor]: ANOMALY on [perception_node] /perception/obstacles:obstacle_empty: Value 1.0000 deviated from baseline 0.0000±0.0001 (z=10000.0, confirmed x4) (sev=1.00)
[monitor_node-12] [WARN] [1790116109.192198937] [diagnostic_monitor]: ANOMALY on [perception_node] /perception/obstacles:obstacle_empty: Value 1.0000 deviated from baseline 0.0000±0.0001 (z=10000.0, confirmed x5) (sev=1.00)
[monitor_node-12] [WARN] [1790116109.303563145] [diagnostic_monitor]: ANOMALY on [perception_node] /perception/obstacles:obstacle_empty: Value 1.0000 deviated from baseline 0.0000±0.0001 (z=10000.0, confirmed x6) (sev=1.00)
[monitor_node-12] [WARN] [1790116109.392236274] [diagnostic_monitor]: ANOMALY on [perception_node] /perception/obstacles:obstacle_empty: Value 1.0000 deviated from baseline 0.0000±0.0001 (z=10000.0, confirmed x7) (sev=1.00)
[monitor_node-12] [WARN] [1790116109.502851415] [diagnostic_monitor]: ANOMALY on [perception_node] /perception/obstacles:obstacle_empty: Value 1.0000 deviated from baseline 0.0000±0.0001 (z=10000.0, confirmed x8) (sev=1.00)
[monitor_node-12] [WARN] [1790116109.592153414] [diagnostic_monitor]: ANOMALY on [perception_node] /perception/obstacles:obstacle_empty: Value 1.0000 deviated from baseline 0.0000±0.0001 (z=10000.0, confirmed x9) (sev=1.00)
[monitor_node-12] [WARN] [1790116109.701881766] [diagnostic_monitor]: ANOMALY on [perception_node] /perception/obstacles:obstacle_empty: Value 1.0000 deviated from baseline 0.0000±0.0001 (z=10000.0, confirmed x10) (sev=1.00)
[monitor_node-12] [WARN] [1790116109.792146313] [diagnostic_monitor]: ANOMALY on [perception_node] /perception/obstacles:obstacle_empty: Value 1.0000 deviated from baseline 0.0000±0.0001 (z=10000.0, confirmed x11) (sev=1.00)
[monitor_node-12] [WARN] [1790116109.902023538] [diagnostic_monitor]: ANOMALY on [perception_node] /perception/obstacles:obstacle_empty: Value 1.0000 deviated from baseline 0.0000±0.0001 (z=10000.0, confirmed x12) (sev=1.00)
[monitor_node-12] [WARN] [1790116109.992101832] [diagnostic_monitor]: ANOMALY on [perception_node] /perception/obstacles:obstacle_empty: Value 1.0000 deviated from baseline 0.0000±0.0001 (z=10000.0, confirmed x13) (sev=1.00)
[monitor_node-12] [WARN] [1790116110.101664551] [diagnostic_monitor]: ANOMALY on [perception_node] /perception/obstacles:obstacle_empty: Value 1.0000 deviated from baseline 0.0000±0.0001 (z=10000.0, confirmed x14) (sev=1.00)
[monitor_node-12] [WARN] [1790116110.193421740] [diagnostic_monitor]: ANOMALY on [perception_node] /perception/obstacles:obstacle_empty: Value 1.0000 deviated from baseline 0.0000±0.0001 (z=10000.0, confirmed x15) (sev=1.00)
[monitor_node-12] [WARN] [1790116110.302486071] [diagnostic_monitor]: ANOMALY on [perception_node] /perception/obstacles:obstacle_empty: Value 1.0000 deviated from baseline 0.0000±0.0001 (z=10000.0, confirmed x16) (sev=1.00)
[monitor_node-12] [WARN] [1790116110.392483554] [diagnostic_monitor]: ANOMALY on [perception_node] /perception/obstacles:obstacle_empty: Value 1.0000 deviated from baseline 0.0000±0.0001 (z=10000.0, confirmed x17) (sev=1.00)
[monitor_node-12] [WARN] [1790116110.501737430] [diagnostic_monitor]: ANOMALY on [perception_node] /perception/obstacles:obstacle_empty: Value 1.0000 deviated from baseline 0.0000±0.0001 (z=10000.0, confirmed x18) (sev=1.00)
[monitor_node-12] [WARN] [1790116110.592184781] [diagnostic_monitor]: ANOMALY on [perception_node] /perception/obstacles:obstacle_empty: Value 1.0000 deviated from baseline 0.0000±0.0001 (z=10000.0, confirmed x19) (sev=1.00)
[monitor_node-12] [WARN] [1790116110.702442008] [diagnostic_monitor]: ANOMALY on [perception_node] /perception/obstacles:obstacle_empty: Value 1.0000 deviated from baseline 0.0000±0.0001 (z=10000.0, confirmed x20) (sev=1.00)
[monitor_node-12] [WARN] [1790116110.792250020] [diagnostic_monitor]: ANOMALY on [perception_node] /perception/obstacles:obstacle_empty: Value 1.0000 deviated from baseline 0.0000±0.0001 (z=10000.0, confirmed x21) (sev=1.00)
[monitor_node-12] [WARN] [1790116110.901623802] [diagnostic_monitor]: ANOMALY on [localization_node] /localization/pose:pose_uncertainty: Value 0.3406 deviated from baseline 0.0746±0.0254 (z=10.5, confirmed x2) (sev=1.00)
[monitor_node-12] [WARN] [1790116110.903489052] [diagnostic_monitor]: ANOMALY on [perception_node] /perception/obstacles:obstacle_empty: Value 1.0000 deviated from baseline 0.0000±0.0001 (z=10000.0, confirmed x22) (sev=1.00)
[monitor_node-12] [WARN] [1790116110.961789062] [diagnostic_monitor]: ANOMALY on [localization_node] /localization/pose:pose_uncertainty: Value 0.3509 deviated from baseline 0.0746±0.0254 (z=10.9, confirmed x3) (sev=1.00)
[monitor_node-12] [WARN] [1790116110.992771116] [diagnostic_monitor]: ANOMALY on [perception_node] /perception/obstacles:obstacle_empty: Value 1.0000 deviated from baseline 0.0000±0.0001 (z=10000.0, confirmed x23) (sev=1.00)
[monitor_node-12] [WARN] [1790116111.011670351] [diagnostic_monitor]: ANOMALY on [localization_node] /localization/pose:pose_uncertainty: Value 0.3593 deviated from baseline 0.0746±0.0254 (z=11.2, confirmed x4) (sev=1.00)
[monitor_node-12] [WARN] [1790116111.060931277] [diagnostic_monitor]: ANOMALY on [localization_node] /localization/pose:pose_uncertainty: Value 0.3678 deviated from baseline 0.0746±0.0254 (z=11.5, confirmed x5) (sev=1.00)
[monitor_node-12] [WARN] [1790116111.101742421] [diagnostic_monitor]: ANOMALY on [perception_node] /perception/obstacles:obstacle_empty: Value 1.0000 deviated from baseline 0.0000±0.0001 (z=10000.0, confirmed x24) (sev=1.00)
[monitor_node-12] [WARN] [1790116111.110813134] [diagnostic_monitor]: ANOMALY on [localization_node] /localization/pose:pose_uncertainty: Value 0.3763 deviated from baseline 0.0746±0.0254 (z=11.9, confirmed x6) (sev=1.00)
[monitor_node-12] [WARN] [1790116111.161166735] [diagnostic_monitor]: ANOMALY on [localization_node] /localization/pose:pose_uncertainty: Value 0.3847 deviated from baseline 0.0746±0.0254 (z=12.2, confirmed x7) (sev=1.00)
[monitor_node-12] [WARN] [1790116111.191719720] [diagnostic_monitor]: ANOMALY on [perception_node] /perception/obstacles:obstacle_empty: Value 1.0000 deviated from baseline 0.0000±0.0001 (z=10000.0, confirmed x25) (sev=1.00)
[monitor_node-12] [WARN] [1790116111.222780592] [diagnostic_monitor]: ANOMALY on [localization_node] /localization/pose:pose_uncertainty: Value 0.3951 deviated from baseline 0.0746±0.0254 (z=12.6, confirmed x8) (sev=1.00)
[monitor_node-12] [WARN] [1790116111.271423930] [diagnostic_monitor]: ANOMALY on [localization_node] /localization/pose:pose_uncertainty: Value 0.4034 deviated from baseline 0.0746±0.0254 (z=12.9, confirmed x9) (sev=1.00)
[monitor_node-12] [WARN] [1790116111.302069440] [diagnostic_monitor]: ANOMALY on [perception_node] /perception/obstacles:obstacle_empty: Value 1.0000 deviated from baseline 0.0000±0.0001 (z=10000.0, confirmed x26) (sev=1.00)
[monitor_node-12] [WARN] [1790116111.321851672] [diagnostic_monitor]: ANOMALY on [localization_node] /localization/pose:pose_uncertainty: Value 0.4119 deviated from baseline 0.0746±0.0254 (z=13.3, confirmed x10) (sev=1.00)
[monitor_node-12] [WARN] [1790116111.371509971] [diagnostic_monitor]: ANOMALY on [localization_node] /localization/pose:pose_uncertainty: Value 0.4204 deviated from baseline 0.0746±0.0254 (z=13.6, confirmed x11) (sev=1.00)
[monitor_node-12] [WARN] [1790116111.391393968] [diagnostic_monitor]: ANOMALY on [perception_node] /perception/obstacles:obstacle_empty: Value 1.0000 deviated from baseline 0.0000±0.0001 (z=10000.0, confirmed x27) (sev=1.00)
[monitor_node-12] [WARN] [1790116111.421429492] [diagnostic_monitor]: ANOMALY on [localization_node] /localization/pose:pose_uncertainty: Value 0.4290 deviated from baseline 0.0746±0.0254 (z=13.9, confirmed x12) (sev=1.00)
[monitor_node-12] [WARN] [1790116111.482458505] [diagnostic_monitor]: ANOMALY on [localization_node] /localization/pose:pose_uncertainty: Value 0.4391 deviated from baseline 0.0746±0.0254 (z=14.3, confirmed x13) (sev=1.00)
[monitor_node-12] [WARN] [1790116111.501920784] [diagnostic_monitor]: ANOMALY on [perception_node] /perception/obstacles:obstacle_empty: Value 1.0000 deviated from baseline 0.0000±0.0001 (z=10000.0, confirmed x28) (sev=1.00)
[monitor_node-12] [WARN] [1790116111.531271882] [diagnostic_monitor]: ANOMALY on [localization_node] /localization/pose:pose_uncertainty: Value 0.4475 deviated from baseline 0.0746±0.0254 (z=14.7, confirmed x14) (sev=1.00)
[monitor_node-12] [WARN] [1790116111.581094264] [diagnostic_monitor]: ANOMALY on [localization_node] /localization/pose:pose_uncertainty: Value 0.4560 deviated from baseline 0.0746±0.0254 (z=15.0, confirmed x15) (sev=1.00)
[monitor_node-12] [WARN] [1790116111.592144088] [diagnostic_monitor]: ANOMALY on [perception_node] /perception/obstacles:obstacle_empty: Value 1.0000 deviated from baseline 0.0000±0.0001 (z=10000.0, confirmed x29) (sev=1.00)
[monitor_node-12] [WARN] [1790116111.631638899] [diagnostic_monitor]: ANOMALY on [localization_node] /localization/pose:pose_uncertainty: Value 0.4645 deviated from baseline 0.0746±0.0254 (z=15.3, confirmed x16) (sev=1.00)
[monitor_node-12] [WARN] [1790116111.682336964] [diagnostic_monitor]: ANOMALY on [localization_node] /localization/pose:pose_uncertainty: Value 0.4730 deviated from baseline 0.0746±0.0254 (z=15.7, confirmed x17) (sev=1.00)
[monitor_node-12] [WARN] [1790116111.691959641] [diagnostic_monitor]: ANOMALY on [perception_node] /perception/obstacles:obstacle_empty: Value 1.0000 deviated from baseline 0.0000±0.0001 (z=10000.0, confirmed x30) (sev=1.00)
[monitor_node-12] [WARN] [1790116111.741747962] [diagnostic_monitor]: ANOMALY on [localization_node] /localization/pose:pose_uncertainty: Value 0.4833 deviated from baseline 0.0746±0.0254 (z=16.1, confirmed x18) (sev=1.00)
[monitor_node-12] [WARN] [1790116111.791742179] [diagnostic_monitor]: ANOMALY on [localization_node] /localization/pose:pose_uncertainty: Value 0.4917 deviated from baseline 0.0746±0.0254 (z=16.4, confirmed x19) (sev=1.00)
[monitor_node-12] [WARN] [1790116111.793364944] [diagnostic_monitor]: ANOMALY on [perception_node] /perception/obstacles:obstacle_empty: Value 1.0000 deviated from baseline 0.0000±0.0001 (z=10000.0, confirmed x31) (sev=1.00)
[monitor_node-12] [WARN] [1790116111.801335565] [diagnostic_monitor]: ANOMALY on [camera_node] node_crash: Node camera_node absent from ROS 2 graph (process crash or killed); last seen alive t=1790116108.29, missing for 3.5s (sev=1.00)
[monitor_node-12] [WARN] [1790116111.841753526] [diagnostic_monitor]: ANOMALY on [localization_node] /localization/pose:pose_uncertainty: Value 0.5002 deviated from baseline 0.0746±0.0254 (z=16.7, confirmed x20) (sev=1.00)
[monitor_node-12] [WARN] [1790116111.893448361] [diagnostic_monitor]: ANOMALY on [localization_node] /localization/pose:pose_uncertainty: Value 0.5086 deviated from baseline 0.0746±0.0254 (z=17.1, confirmed x21) (sev=1.00)
[monitor_node-12] [WARN] [1790116111.894770263] [diagnostic_monitor]: ANOMALY on [perception_node] /perception/obstacles:obstacle_empty: Value 1.0000 deviated from baseline 0.0000±0.0001 (z=10000.0, confirmed x32) (sev=1.00)
[monitor_node-12] [WARN] [1790116111.941331392] [diagnostic_monitor]: ANOMALY on [localization_node] /localization/pose:pose_uncertainty: Value 0.5171 deviated from baseline 0.0746±0.0254 (z=17.4, confirmed x22) (sev=1.00)
[monitor_node-12] [WARN] [1790116111.991150258] [diagnostic_monitor]: ANOMALY on [localization_node] /localization/pose:pose_uncertainty: Value 0.5256 deviated from baseline 0.0746±0.0254 (z=17.7, confirmed x23) (sev=1.00)
[monitor_node-12] [WARN] [1790116111.992271316] [diagnostic_monitor]: ANOMALY on [perception_node] /perception/obstacles:obstacle_empty: Value 1.0000 deviated from baseline 0.0000±0.0001 (z=10000.0, confirmed x33) (sev=1.00)
[monitor_node-12] [WARN] [1790116112.051307873] [diagnostic_monitor]: ANOMALY on [localization_node] /localization/pose:pose_uncertainty: Value 0.5359 deviated from baseline 0.0746±0.0254 (z=18.1, confirmed x24) (sev=1.00)
[monitor_node-12] [WARN] [1790116112.092425871] [diagnostic_monitor]: ANOMALY on [perception_node] /perception/obstacles:obstacle_empty: Value 1.0000 deviated from baseline 0.0000±0.0001 (z=10000.0, confirmed x34) (sev=1.00)
[monitor_node-12] [WARN] [1790116112.101574768] [diagnostic_monitor]: ANOMALY on [localization_node] /localization/pose:pose_uncertainty: Value 0.5444 deviated from baseline 0.0746±0.0254 (z=18.5, confirmed x25) (sev=1.00)
[monitor_node-12] [WARN] [1790116112.151485002] [diagnostic_monitor]: ANOMALY on [localization_node] /localization/pose:pose_uncertainty: Value 0.5528 deviated from baseline 0.0746±0.0254 (z=18.8, confirmed x26) (sev=1.00)
[monitor_node-12] [WARN] [1790116112.192130191] [diagnostic_monitor]: ANOMALY on [perception_node] /perception/obstacles:obstacle_empty: Value 1.0000 deviated from baseline 0.0000±0.0001 (z=10000.0, confirmed x35) (sev=1.00)
[monitor_node-12] [WARN] [1790116112.201886953] [diagnostic_monitor]: ANOMALY on [localization_node] /localization/pose:pose_uncertainty: Value 0.5613 deviated from baseline 0.0746±0.0254 (z=19.1, confirmed x27) (sev=1.00)
[monitor_node-12] [WARN] [1790116112.252149460] [diagnostic_monitor]: ANOMALY on [localization_node] /localization/pose:pose_uncertainty: Value 0.5698 deviated from baseline 0.0746±0.0254 (z=19.5, confirmed x28) (sev=1.00)
[monitor_node-12] [WARN] [1790116112.292473074] [diagnostic_monitor]: ANOMALY on [perception_node] /perception/obstacles:obstacle_empty: Value 1.0000 deviated from baseline 0.0000±0.0001 (z=10000.0, confirmed x36) (sev=1.00)
[monitor_node-12] [WARN] [1790116112.311630905] [diagnostic_monitor]: ANOMALY on [localization_node] /localization/pose:pose_uncertainty: Value 0.5799 deviated from baseline 0.0746±0.0254 (z=19.9, confirmed x29) (sev=1.00)
[monitor_node-12] [WARN] [1790116112.361519577] [diagnostic_monitor]: ANOMALY on [localization_node] /localization/pose:pose_uncertainty: Value 0.5884 deviated from baseline 0.0746±0.0254 (z=20.2, confirmed x30) (sev=1.00)
[monitor_node-12] [WARN] [1790116112.393025369] [diagnostic_monitor]: ANOMALY on [perception_node] /perception/obstacles:obstacle_empty: Value 1.0000 deviated from baseline 0.0000±0.0001 (z=10000.0, confirmed x37) (sev=1.00)
[monitor_node-12] [WARN] [1790116112.411434426] [diagnostic_monitor]: ANOMALY on [localization_node] /localization/pose:pose_uncertainty: Value 0.5969 deviated from baseline 0.0746±0.0254 (z=20.5, confirmed x31) (sev=1.00)
[INFO] [camera_node-4]: process started with pid [19950]
[monitor_node-12] [WARN] [1790116112.461508172] [diagnostic_monitor]: ANOMALY on [localization_node] /localization/pose:pose_uncertainty: Value 0.6054 deviated from baseline 0.0746±0.0254 (z=20.9, confirmed x32) (sev=1.00)
[monitor_node-12] [WARN] [1790116112.502799335] [diagnostic_monitor]: ANOMALY on [perception_node] /perception/obstacles:obstacle_empty: Value 1.0000 deviated from baseline 0.0000±0.0001 (z=10000.0, confirmed x38) (sev=1.00)
[monitor_node-12] [WARN] [1790116112.521543274] [diagnostic_monitor]: ANOMALY on [localization_node] /localization/pose:pose_uncertainty: Value 0.6157 deviated from baseline 0.0746±0.0254 (z=21.3, confirmed x33) (sev=1.00)
[monitor_node-12] [WARN] [1790116112.572055809] [diagnostic_monitor]: ANOMALY on [localization_node] /localization/pose:pose_uncertainty: Value 0.6241 deviated from baseline 0.0746±0.0254 (z=21.6, confirmed x34) (sev=1.00)
[monitor_node-12] [WARN] [1790116112.592822662] [diagnostic_monitor]: ANOMALY on [perception_node] /perception/obstacles:obstacle_empty: Value 1.0000 deviated from baseline 0.0000±0.0001 (z=10000.0, confirmed x39) (sev=1.00)
[monitor_node-12] [WARN] [1790116112.622424388] [diagnostic_monitor]: ANOMALY on [localization_node] /localization/pose:pose_uncertainty: Value 0.6326 deviated from baseline 0.0746±0.0254 (z=21.9, confirmed x35) (sev=1.00)
[monitor_node-12] [WARN] [1790116112.671458715] [diagnostic_monitor]: ANOMALY on [localization_node] /localization/pose:pose_uncertainty: Value 0.6410 deviated from baseline 0.0746±0.0254 (z=22.3, confirmed x36) (sev=1.00)
[monitor_node-12] [WARN] [1790116112.713271604] [diagnostic_monitor]: ANOMALY on [perception_node] /perception/obstacles:obstacle_empty: Value 1.0000 deviated from baseline 0.0000±0.0001 (z=10000.0, confirmed x40) (sev=1.00)
[monitor_node-12] [WARN] [1790116112.721616872] [diagnostic_monitor]: ANOMALY on [localization_node] /localization/pose:pose_uncertainty: Value 0.6496 deviated from baseline 0.0746±0.0254 (z=22.6, confirmed x37) (sev=1.00)
[monitor_node-12] [WARN] [1790116112.782472959] [diagnostic_monitor]: ANOMALY on [localization_node] /localization/pose:pose_uncertainty: Value 0.6597 deviated from baseline 0.0746±0.0254 (z=23.0, confirmed x38) (sev=1.00)
[monitor_node-12] [WARN] [1790116112.791673722] [diagnostic_monitor]: ANOMALY on [perception_node] /perception/obstacles:obstacle_empty: Value 1.0000 deviated from baseline 0.0000±0.0001 (z=10000.0, confirmed x41) (sev=1.00)
[monitor_node-12] [WARN] [1790116112.831278878] [diagnostic_monitor]: ANOMALY on [localization_node] /localization/pose:pose_uncertainty: Value 0.6682 deviated from baseline 0.0746±0.0254 (z=23.3, confirmed x39) (sev=1.00)
[monitor_node-12] [WARN] [1790116112.881767926] [diagnostic_monitor]: ANOMALY on [localization_node] /localization/pose:pose_uncertainty: Value 0.6767 deviated from baseline 0.0746±0.0254 (z=23.7, confirmed x40) (sev=1.00)
[monitor_node-12] [WARN] [1790116112.901220193] [diagnostic_monitor]: ANOMALY on [perception_node] /perception/obstacles:obstacle_empty: Value 1.0000 deviated from baseline 0.0000±0.0001 (z=10000.0, confirmed x42) (sev=1.00)
[monitor_node-12] [WARN] [1790116112.932439124] [diagnostic_monitor]: ANOMALY on [localization_node] /localization/pose:pose_uncertainty: Value 0.6852 deviated from baseline 0.0746±0.0254 (z=24.0, confirmed x41) (sev=1.00)
[monitor_node-12] [WARN] [1790116112.982409187] [diagnostic_monitor]: ANOMALY on [localization_node] /localization/pose:pose_uncertainty: Value 0.6937 deviated from baseline 0.0746±0.0254 (z=24.3, confirmed x42) (sev=1.00)
[monitor_node-12] [WARN] [1790116112.991971063] [diagnostic_monitor]: ANOMALY on [perception_node] /perception/obstacles:obstacle_empty: Value 1.0000 deviated from baseline 0.0000±0.0001 (z=10000.0, confirmed x43) (sev=1.00)
[monitor_node-12] [WARN] [1790116113.042613519] [diagnostic_monitor]: ANOMALY on [localization_node] /localization/pose:pose_uncertainty: Value 0.7039 deviated from baseline 0.0746±0.0254 (z=24.7, confirmed x43) (sev=1.00)
[monitor_node-12] [WARN] [1790116113.093122204] [diagnostic_monitor]: ANOMALY on [localization_node] /localization/pose:pose_uncertainty: Value 0.7124 deviated from baseline 0.0746±0.0254 (z=25.1, confirmed x44) (sev=1.00)
[monitor_node-12] [WARN] [1790116113.101387251] [diagnostic_monitor]: ANOMALY on [perception_node] /perception/obstacles:obstacle_empty: Value 1.0000 deviated from baseline 0.0000±0.0001 (z=10000.0, confirmed x44) (sev=1.00)
[monitor_node-12] [WARN] [1790116113.142023297] [diagnostic_monitor]: ANOMALY on [localization_node] /localization/pose:pose_uncertainty: Value 0.7208 deviated from baseline 0.0746±0.0254 (z=25.4, confirmed x45) (sev=1.00)
[monitor_node-12] [WARN] [1790116113.192702171] [diagnostic_monitor]: ANOMALY on [localization_node] /localization/pose:pose_uncertainty: Value 0.7294 deviated from baseline 0.0746±0.0254 (z=25.8, confirmed x46) (sev=1.00)
[monitor_node-12] [WARN] [1790116113.194900520] [diagnostic_monitor]: ANOMALY on [perception_node] /perception/obstacles:obstacle_empty: Value 1.0000 deviated from baseline 0.0000±0.0001 (z=10000.0, confirmed x45) (sev=1.00)
[monitor_node-12] [WARN] [1790116113.241550468] [diagnostic_monitor]: ANOMALY on [localization_node] /localization/pose:pose_uncertainty: Value 0.7378 deviated from baseline 0.0746±0.0254 (z=26.1, confirmed x47) (sev=1.00)
[monitor_node-12] [WARN] [1790116113.304832723] [diagnostic_monitor]: ANOMALY on [localization_node] /localization/pose:pose_uncertainty: Value 0.7480 deviated from baseline 0.0746±0.0254 (z=26.5, confirmed x48) (sev=1.00)
[monitor_node-12] [WARN] [1790116113.311404122] [diagnostic_monitor]: ANOMALY on [perception_node] /perception/obstacles:obstacle_empty: Value 1.0000 deviated from baseline 0.0000±0.0001 (z=10000.0, confirmed x46) (sev=1.00)
[monitor_node-12] [WARN] [1790116113.351391908] [diagnostic_monitor]: ANOMALY on [localization_node] /localization/pose:pose_uncertainty: Value 0.7565 deviated from baseline 0.0746±0.0254 (z=26.8, confirmed x49) (sev=1.00)
[monitor_node-12] [WARN] [1790116113.392282729] [diagnostic_monitor]: ANOMALY on [perception_node] /perception/obstacles:obstacle_empty: Value 1.0000 deviated from baseline 0.0000±0.0001 (z=10000.0, confirmed x47) (sev=1.00)
[monitor_node-12] [WARN] [1790116113.401337636] [diagnostic_monitor]: ANOMALY on [localization_node] /localization/pose:pose_uncertainty: Value 0.7651 deviated from baseline 0.0746±0.0254 (z=27.2, confirmed x50) (sev=1.00)
[monitor_node-12] [WARN] [1790116113.452014324] [diagnostic_monitor]: ANOMALY on [localization_node] /localization/pose:pose_uncertainty: Value 0.7734 deviated from baseline 0.0746±0.0254 (z=27.5, confirmed x51) (sev=1.00)
[monitor_node-12] [WARN] [1790116113.501946897] [diagnostic_monitor]: ANOMALY on [localization_node] /localization/pose:pose_uncertainty: Value 0.7819 deviated from baseline 0.0746±0.0254 (z=27.8, confirmed x52) (sev=1.00)
[monitor_node-12] [WARN] [1790116113.502928133] [diagnostic_monitor]: ANOMALY on [perception_node] /perception/obstacles:obstacle_empty: Value 1.0000 deviated from baseline 0.0000±0.0001 (z=10000.0, confirmed x48) (sev=1.00)
[monitor_node-12] [WARN] [1790116113.561962008] [diagnostic_monitor]: ANOMALY on [localization_node] /localization/pose:pose_uncertainty: Value 0.7921 deviated from baseline 0.0746±0.0254 (z=28.2, confirmed x53) (sev=1.00)
[monitor_node-12] [WARN] [1790116113.591655721] [diagnostic_monitor]: ANOMALY on [perception_node] /perception/obstacles:obstacle_empty: Value 1.0000 deviated from baseline 0.0000±0.0001 (z=10000.0, confirmed x49) (sev=1.00)
[monitor_node-12] [WARN] [1790116113.612735908] [diagnostic_monitor]: ANOMALY on [localization_node] /localization/pose:pose_uncertainty: Value 0.8005 deviated from baseline 0.0746±0.0254 (z=28.5, confirmed x54) (sev=1.00)
[monitor_node-12] [WARN] [1790116113.662174694] [diagnostic_monitor]: ANOMALY on [localization_node] /localization/pose:pose_uncertainty: Value 0.8090 deviated from baseline 0.0746±0.0254 (z=28.9, confirmed x55) (sev=1.00)
[monitor_node-12] [WARN] [1790116113.703102675] [diagnostic_monitor]: ANOMALY on [perception_node] /perception/obstacles:obstacle_empty: Value 1.0000 deviated from baseline 0.0000±0.0001 (z=10000.0, confirmed x50) (sev=1.00)
[monitor_node-12] [WARN] [1790116113.711548523] [diagnostic_monitor]: ANOMALY on [localization_node] /localization/pose:pose_uncertainty: Value 0.8176 deviated from baseline 0.0746±0.0254 (z=29.2, confirmed x56) (sev=1.00)
[monitor_node-12] [WARN] [1790116113.761602452] [diagnostic_monitor]: ANOMALY on [localization_node] /localization/pose:pose_uncertainty: Value 0.8260 deviated from baseline 0.0746±0.0254 (z=29.6, confirmed x57) (sev=1.00)
[monitor_node-12] [WARN] [1790116113.792718570] [diagnostic_monitor]: ANOMALY on [perception_node] /perception/obstacles:obstacle_empty: Value 1.0000 deviated from baseline 0.0000±0.0001 (z=10000.0, confirmed x51) (sev=1.00)
[monitor_node-12] [WARN] [1790116113.801854314] [diagnostic_monitor]: ANOMALY on [camera_node] node_crash: Node camera_node absent from ROS 2 graph (process crash or killed); last seen alive t=1790116108.29, missing for 5.5s (sev=1.00)
[monitor_node-12] [WARN] [1790116113.821265887] [diagnostic_monitor]: ANOMALY on [localization_node] /localization/pose:pose_uncertainty: Value 0.8363 deviated from baseline 0.0746±0.0254 (z=30.0, confirmed x58) (sev=1.00)
[monitor_node-12] [WARN] [1790116113.872189688] [diagnostic_monitor]: ANOMALY on [localization_node] /localization/pose:pose_uncertainty: Value 0.8447 deviated from baseline 0.0746±0.0254 (z=30.3, confirmed x59) (sev=1.00)
[monitor_node-12] [WARN] [1790116113.892085688] [diagnostic_monitor]: ANOMALY on [perception_node] /perception/obstacles:obstacle_empty: Value 1.0000 deviated from baseline 0.0000±0.0001 (z=10000.0, confirmed x52) (sev=1.00)
[monitor_node-12] [WARN] [1790116113.921499396] [diagnostic_monitor]: ANOMALY on [localization_node] /localization/pose:pose_uncertainty: Value 0.8533 deviated from baseline 0.0746±0.0254 (z=30.6, confirmed x60) (sev=1.00)
[monitor_node-12] [WARN] [1790116113.971991369] [diagnostic_monitor]: ANOMALY on [localization_node] /localization/pose:pose_uncertainty: Value 0.8617 deviated from baseline 0.0746±0.0254 (z=31.0, confirmed x61) (sev=1.00)
[camera_node-4] [INFO] [1790116114.006823353] [camera_node]: camera_node ready (/gz/image -> /sim/camera/image)
[monitor_node-12] [WARN] [1790116114.012599702] [diagnostic_monitor]: ANOMALY on [perception_node] /perception/obstacles:obstacle_empty: Value 1.0000 deviated from baseline 0.0000±0.0001 (z=10000.0, confirmed x53) (sev=1.00)
[monitor_node-12] [WARN] [1790116114.032886661] [diagnostic_monitor]: ANOMALY on [localization_node] /localization/pose:pose_uncertainty: Value 0.8719 deviated from baseline 0.0746±0.0254 (z=31.4, confirmed x62) (sev=1.00)
[monitor_node-12] [WARN] [1790116114.081445279] [diagnostic_monitor]: ANOMALY on [localization_node] /localization/pose:pose_uncertainty: Value 0.8804 deviated from baseline 0.0746±0.0254 (z=31.7, confirmed x63) (sev=1.00)
[monitor_node-12] [WARN] [1790116114.101978846] [diagnostic_monitor]: ANOMALY on [perception_node] /perception/obstacles:obstacle_empty: Value 1.0000 deviated from baseline 0.0000±0.0001 (z=10000.0, confirmed x54) (sev=1.00)
[monitor_node-12] [WARN] [1790116114.131567171] [diagnostic_monitor]: ANOMALY on [localization_node] /localization/pose:pose_uncertainty: Value 0.8888 deviated from baseline 0.0746±0.0254 (z=32.0, confirmed x64) (sev=1.00)
[monitor_node-12] [WARN] [1790116114.182744151] [diagnostic_monitor]: ANOMALY on [localization_node] /localization/pose:pose_uncertainty: Value 0.8972 deviated from baseline 0.0746±0.0254 (z=32.4, confirmed x65) (sev=1.00)
[monitor_node-12] [WARN] [1790116114.191456852] [diagnostic_monitor]: ANOMALY on [perception_node] /perception/obstacles:obstacle_empty: Value 1.0000 deviated from baseline 0.0000±0.0001 (z=10000.0, confirmed x55) (sev=1.00)
[monitor_node-12] [WARN] [1790116114.241517602] [diagnostic_monitor]: ANOMALY on [localization_node] /localization/pose:pose_uncertainty: Value 0.9075 deviated from baseline 0.0746±0.0254 (z=32.8, confirmed x66) (sev=1.00)
[monitor_node-12] [WARN] [1790116114.293149767] [diagnostic_monitor]: ANOMALY on [localization_node] /localization/pose:pose_uncertainty: Value 0.9160 deviated from baseline 0.0746±0.0254 (z=33.1, confirmed x67) (sev=1.00)
[monitor_node-12] [WARN] [1790116114.304922854] [diagnostic_monitor]: ANOMALY on [perception_node] /perception/obstacles:obstacle_empty: Value 1.0000 deviated from baseline 0.0000±0.0001 (z=10000.0, confirmed x56) (sev=1.00)
[monitor_node-12] [WARN] [1790116114.341450661] [diagnostic_monitor]: ANOMALY on [localization_node] /localization/pose:pose_uncertainty: Value 0.9245 deviated from baseline 0.0746±0.0254 (z=33.4, confirmed x68) (sev=1.00)
[monitor_node-12] [WARN] [1790116114.392456590] [diagnostic_monitor]: ANOMALY on [localization_node] /localization/pose:pose_uncertainty: Value 0.9330 deviated from baseline 0.0746±0.0254 (z=33.8, confirmed x69) (sev=1.00)
[monitor_node-12] [WARN] [1790116116.577412369] [diagnostic_monitor]: ANOMALY on [odometry_node] /sim/odom:latency: Value 0.2742 deviated from baseline 0.0063±0.0030 (z=90.0, confirmed x2) (sev=1.00)
[monitor_node-12] [WARN] [1790116116.580926958] [diagnostic_monitor]: ANOMALY on [localization_node] /localization/pose:latency: Value 0.2785 deviated from baseline 0.0158±0.0056 (z=46.6, confirmed x2) (sev=1.00)
[monitor_node-12] [WARN] [1790116116.582245645] [diagnostic_monitor]: ANOMALY on [imu_node] /sim/imu/data:latency: Value 0.2553 deviated from baseline 0.0053±0.0022 (z=114.5, confirmed x2) (sev=1.00)
[monitor_node-12] [WARN] [1790116116.584484872] [diagnostic_monitor]: ANOMALY on [odometry_node] /sim/odom:latency: Value 0.2300 deviated from baseline 0.0063±0.0030 (z=75.2, confirmed x3) (sev=1.00)
[monitor_node-12] [WARN] [1790116116.586465028] [diagnostic_monitor]: ANOMALY on [localization_node] /localization/pose:latency: Value 0.2322 deviated from baseline 0.0158±0.0056 (z=38.4, confirmed x3) (sev=1.00)
[monitor_node-12] [WARN] [1790116116.587681576] [diagnostic_monitor]: ANOMALY on [imu_node] /sim/imu/data:latency: Value 0.2138 deviated from baseline 0.0053±0.0022 (z=95.5, confirmed x3) (sev=1.00)
[monitor_node-12] [INFO] [1790116119.804326205] [diagnostic_monitor]: 
[monitor_node-12] ============================================================
[monitor_node-12] ROOT CAUSE DIAGNOSIS: perception_node (Confidence: 0.675)
[monitor_node-12] ============================================================
[monitor_node-12] Score Breakdown  R(C) = wD*D + wT*T + wS*S + wA*A:
[monitor_node-12]   R(perception_node) = 0.3·D(0.33) + 0.3·T(1.00) + 0.25·S(0.50) + 0.15·A(1.00) = 0.675
[monitor_node-12]   - Dependency D: 0.33 (reaches 1 downstream anomalous node(s); 0 anomalous upstream node(s))
[monitor_node-12]   - Temporal   T: 1.00 (first anomaly at t=1790116108.79s; earliest in window = supporting evidence, not proof of causality)
[monitor_node-12]   - Symptom    S: 0.50 (explains 2/4 anomalous nodes)
[monitor_node-12]   - Severity   A: 1.00 (max normalised severity on node, 5 direct anomaly event(s))
[monitor_node-12] 
[monitor_node-12] Propagation Chain (evidence-ordered, via discovered graph edges):
[monitor_node-12]   perception_node (t=1790116108.79s: /perception/obstacles:obstacle_empty, sev=1.00)
[monitor_node-12]     └─→ localization_node via /perception/obstacles (t=1790116110.85s, +2.06s after perception_node: /localization/pose:pose_uncertainty)
[monitor_node-12]   (anomalous but not reachable from perception_node: imu_node, odometry_node)
[monitor_node-12] 
[monitor_node-12] Candidate Ranking & Evidence Comparison:
[monitor_node-12]   #2 localization_node    R=0.410 (Δ -0.265) [first anomaly 2.06s after perception_node; downstream of perception_node in discovered graph; lower symptom coverage (25% vs 50%)]
[monitor_node-12]   #3 odometry_node        R=0.375 (Δ -0.300) [first anomaly 7.78s after perception_node]
[monitor_node-12]   #4 imu_node             R=0.375 (Δ -0.300) [first anomaly 7.78s after perception_node]
[monitor_node-12] ============================================================
[monitor_node-12] [INFO] [1790116120.803546747] [diagnostic_monitor]: 
[monitor_node-12] ============================================================
[monitor_node-12] ROOT CAUSE DIAGNOSIS: odometry_node (Confidence: 0.767)
[monitor_node-12] ============================================================
[monitor_node-12] Score Breakdown  R(C) = wD*D + wT*T + wS*S + wA*A:
[monitor_node-12]   R(odometry_node) = 0.3·D(0.50) + 0.3·T(1.00) + 0.25·S(0.67) + 0.15·A(1.00) = 0.767
[monitor_node-12]   - Dependency D: 0.50 (reaches 1 downstream anomalous node(s); 0 anomalous upstream node(s))
[monitor_node-12]   - Temporal   T: 1.00 (first anomaly at t=1790116116.57s; earliest in window = supporting evidence, not proof of causality)
[monitor_node-12]   - Symptom    S: 0.67 (explains 2/3 anomalous nodes)
[monitor_node-12]   - Severity   A: 1.00 (max normalised severity on node, 2 direct anomaly event(s))
[monitor_node-12] 
[monitor_node-12] Propagation Chain (evidence-ordered, via discovered graph edges):
[monitor_node-12]   odometry_node (t=1790116116.57s: /sim/odom:latency, sev=1.00)
[monitor_node-12]     └─→ localization_node via /sim/odom (t=1790116116.57s, +0.00s after odometry_node: /localization/pose:latency)
[monitor_node-12]   (anomalous but not reachable from odometry_node: imu_node)
[monitor_node-12] 
[monitor_node-12] Candidate Ranking & Evidence Comparison:
[monitor_node-12]   #2 imu_node             R=0.767 (Δ -0.000) [first anomaly 0.00s after odometry_node]
[monitor_node-12]   #3 localization_node    R=0.533 (Δ -0.233) [first anomaly 0.00s after odometry_node; downstream of odometry_node in discovered graph; lower symptom coverage (33% vs 67%)]
[monitor_node-12]   #4 camera_node          R=0.198 (Δ -0.568) [no direct anomaly observed; does not reach observed symptoms via dependency edges; lower symptom coverage (33% vs 67%)]
[monitor_node-12] ============================================================
[monitor_node-12] [INFO] [1790116122.807275774] [diagnostic_monitor]: Anomaly window cleared. System operating nominally.
[perception_node-8] [WARN] [1790116130.888077707] [perception_node]: perception_node: degradation "crash" param=0 duration=1.0s
[perception_node-8] [FATAL] [1790116130.888725879] [perception_node]: perception_node: crash -> exiting process
[ERROR] [perception_node-8]: process has died [pid 19691, exit code 1, cmd '/home/lynx/ros2_rca_ws/install/rca_sim/lib/rca_sim/perception_node --ros-args -r __node:=perception_node --params-file /tmp/launch_params_rothpt0d'].
[monitor_node-12] [WARN] [1790116131.302626177] [diagnostic_monitor]: ANOMALY on [perception_node] message_timeout: Message timeout on /perception/obstacles: no message for 0.50s (expected ~0.100s, threshold 0.45s, last seen t=1790116130.80) (sev=0.78)
[monitor_node-12] [INFO] [1790116131.304078929] [diagnostic_monitor]: 
[monitor_node-12] ============================================================
[monitor_node-12] ROOT CAUSE DIAGNOSIS: perception_node (Confidence: 0.966)
[monitor_node-12] ============================================================
[monitor_node-12] Score Breakdown  R(C) = wD*D + wT*T + wS*S + wA*A:
[monitor_node-12]   R(perception_node) = 0.3·D(1.00) + 0.3·T(1.00) + 0.25·S(1.00) + 0.15·A(0.78) = 0.966
[monitor_node-12]   - Dependency D: 1.00 (reaches 0 downstream anomalous node(s); 0 anomalous upstream node(s))
[monitor_node-12]   - Temporal   T: 1.00 (first anomaly at t=1790116131.25s; earliest in window = supporting evidence, not proof of causality)
[monitor_node-12]   - Symptom    S: 1.00 (explains 1/1 anomalous nodes)
[monitor_node-12]   - Severity   A: 0.78 (max normalised severity on node, 1 direct anomaly event(s))
[monitor_node-12] 
[monitor_node-12] Propagation Chain (evidence-ordered, via discovered graph edges):
[monitor_node-12]   perception_node (t=1790116131.25s: message_timeout, sev=0.78)
[monitor_node-12] 
[monitor_node-12] Candidate Ranking & Evidence Comparison:
[monitor_node-12]   #2 camera_node          R=0.415 (Δ -0.551) [no direct anomaly observed; does not reach observed symptoms via dependency edges]
[monitor_node-12]   #3 lidar_node           R=0.415 (Δ -0.551) [no direct anomaly observed; does not reach observed symptoms via dependency edges]
[monitor_node-12] ============================================================
[monitor_node-12] [WARN] [1790116131.802570223] [diagnostic_monitor]: ANOMALY on [perception_node] message_timeout: Message timeout on /perception/obstacles: no message for 1.00s (expected ~0.100s, threshold 0.45s, last seen t=1790116130.80) (sev=1.00)
[monitor_node-12] [WARN] [1790116132.302043886] [diagnostic_monitor]: ANOMALY on [perception_node] message_timeout: Message timeout on /perception/obstacles: no message for 1.50s (expected ~0.100s, threshold 0.45s, last seen t=1790116130.80) (sev=1.00)
[monitor_node-12] [WARN] [1790116132.804178643] [diagnostic_monitor]: ANOMALY on [perception_node] message_timeout: Message timeout on /perception/obstacles: no message for 2.00s (expected ~0.100s, threshold 0.45s, last seen t=1790116130.80) (sev=1.00)
[monitor_node-12] [WARN] [1790116133.021461358] [diagnostic_monitor]: ANOMALY on [localization_node] /localization/pose:pose_uncertainty: Value 0.3440 deviated from baseline 0.0764±0.0308 (z=8.7, confirmed x2) (sev=0.97)
[monitor_node-12] [WARN] [1790116133.070988096] [diagnostic_monitor]: ANOMALY on [localization_node] /localization/pose:pose_uncertainty: Value 0.3525 deviated from baseline 0.0764±0.0308 (z=9.0, confirmed x3) (sev=1.00)
[monitor_node-12] [WARN] [1790116133.121026490] [diagnostic_monitor]: ANOMALY on [localization_node] /localization/pose:pose_uncertainty: Value 0.3612 deviated from baseline 0.0764±0.0308 (z=9.2, confirmed x4) (sev=1.00)
[monitor_node-12] [WARN] [1790116133.171367063] [diagnostic_monitor]: ANOMALY on [localization_node] /localization/pose:pose_uncertainty: Value 0.3696 deviated from baseline 0.0764±0.0308 (z=9.5, confirmed x5) (sev=1.00)
[monitor_node-12] [WARN] [1790116133.221643332] [diagnostic_monitor]: ANOMALY on [localization_node] /localization/pose:pose_uncertainty: Value 0.3780 deviated from baseline 0.0764±0.0308 (z=9.8, confirmed x6) (sev=1.00)
[monitor_node-12] [WARN] [1790116133.281464738] [diagnostic_monitor]: ANOMALY on [localization_node] /localization/pose:pose_uncertainty: Value 0.3883 deviated from baseline 0.0764±0.0308 (z=10.1, confirmed x7) (sev=1.00)
[monitor_node-12] [WARN] [1790116133.301114858] [diagnostic_monitor]: ANOMALY on [perception_node] message_timeout: Message timeout on /perception/obstacles: no message for 2.50s (expected ~0.100s, threshold 0.45s, last seen t=1790116130.80) (sev=1.00)
[monitor_node-12] [WARN] [1790116133.331313994] [diagnostic_monitor]: ANOMALY on [localization_node] /localization/pose:pose_uncertainty: Value 0.3967 deviated from baseline 0.0764±0.0308 (z=10.4, confirmed x8) (sev=1.00)
[monitor_node-12] [WARN] [1790116133.381480443] [diagnostic_monitor]: ANOMALY on [localization_node] /localization/pose:pose_uncertainty: Value 0.4051 deviated from baseline 0.0764±0.0308 (z=10.7, confirmed x9) (sev=1.00)
[monitor_node-12] [WARN] [1790116133.431681312] [diagnostic_monitor]: ANOMALY on [localization_node] /localization/pose:pose_uncertainty: Value 0.4136 deviated from baseline 0.0764±0.0308 (z=11.0, confirmed x10) (sev=1.00)
[monitor_node-12] [WARN] [1790116133.481160793] [diagnostic_monitor]: ANOMALY on [localization_node] /localization/pose:pose_uncertainty: Value 0.4221 deviated from baseline 0.0764±0.0308 (z=11.2, confirmed x11) (sev=1.00)
[monitor_node-12] [WARN] [1790116133.531034397] [diagnostic_monitor]: ANOMALY on [localization_node] /localization/pose:pose_uncertainty: Value 0.4307 deviated from baseline 0.0764±0.0308 (z=11.5, confirmed x12) (sev=1.00)
[monitor_node-12] [WARN] [1790116133.591169612] [diagnostic_monitor]: ANOMALY on [localization_node] /localization/pose:pose_uncertainty: Value 0.4408 deviated from baseline 0.0764±0.0308 (z=11.8, confirmed x13) (sev=1.00)
[monitor_node-12] [WARN] [1790116133.641666126] [diagnostic_monitor]: ANOMALY on [localization_node] /localization/pose:pose_uncertainty: Value 0.4493 deviated from baseline 0.0764±0.0308 (z=12.1, confirmed x14) (sev=1.00)
[monitor_node-12] [WARN] [1790116133.691085884] [diagnostic_monitor]: ANOMALY on [localization_node] /localization/pose:pose_uncertainty: Value 0.4578 deviated from baseline 0.0764±0.0308 (z=12.4, confirmed x15) (sev=1.00)
[monitor_node-12] [WARN] [1790116133.741277933] [diagnostic_monitor]: ANOMALY on [localization_node] /localization/pose:pose_uncertainty: Value 0.4663 deviated from baseline 0.0764±0.0308 (z=12.7, confirmed x16) (sev=1.00)
[monitor_node-12] [WARN] [1790116133.791731623] [diagnostic_monitor]: ANOMALY on [localization_node] /localization/pose:pose_uncertainty: Value 0.4747 deviated from baseline 0.0764±0.0308 (z=12.9, confirmed x17) (sev=1.00)
[monitor_node-12] [WARN] [1790116133.802604666] [diagnostic_monitor]: ANOMALY on [perception_node] message_timeout: Message timeout on /perception/obstacles: no message for 3.00s (expected ~0.100s, threshold 0.45s, last seen t=1790116130.80) (sev=1.00)
[monitor_node-12] [WARN] [1790116133.851557785] [diagnostic_monitor]: ANOMALY on [localization_node] /localization/pose:pose_uncertainty: Value 0.4849 deviated from baseline 0.0764±0.0308 (z=13.3, confirmed x18) (sev=1.00)
[monitor_node-12] [WARN] [1790116133.901996999] [diagnostic_monitor]: ANOMALY on [localization_node] /localization/pose:pose_uncertainty: Value 0.4934 deviated from baseline 0.0764±0.0308 (z=13.5, confirmed x19) (sev=1.00)
[monitor_node-12] [WARN] [1790116133.950890833] [diagnostic_monitor]: ANOMALY on [localization_node] /localization/pose:pose_uncertainty: Value 0.5019 deviated from baseline 0.0764±0.0308 (z=13.8, confirmed x20) (sev=1.00)
[monitor_node-12] [WARN] [1790116134.000868224] [diagnostic_monitor]: ANOMALY on [localization_node] /localization/pose:pose_uncertainty: Value 0.5104 deviated from baseline 0.0764±0.0308 (z=14.1, confirmed x21) (sev=1.00)
[monitor_node-12] [WARN] [1790116134.061552856] [diagnostic_monitor]: ANOMALY on [localization_node] /localization/pose:pose_uncertainty: Value 0.5205 deviated from baseline 0.0764±0.0308 (z=14.4, confirmed x22) (sev=1.00)
[monitor_node-12] [WARN] [1790116134.111883149] [diagnostic_monitor]: ANOMALY on [localization_node] /localization/pose:pose_uncertainty: Value 0.5290 deviated from baseline 0.0764±0.0308 (z=14.7, confirmed x23) (sev=1.00)
[monitor_node-12] [WARN] [1790116134.162422743] [diagnostic_monitor]: ANOMALY on [localization_node] /localization/pose:pose_uncertainty: Value 0.5376 deviated from baseline 0.0764±0.0308 (z=15.0, confirmed x24) (sev=1.00)
[monitor_node-12] [WARN] [1790116134.211561192] [diagnostic_monitor]: ANOMALY on [localization_node] /localization/pose:pose_uncertainty: Value 0.5461 deviated from baseline 0.0764±0.0308 (z=15.3, confirmed x25) (sev=1.00)
[monitor_node-12] [WARN] [1790116134.261616672] [diagnostic_monitor]: ANOMALY on [localization_node] /localization/pose:pose_uncertainty: Value 0.5545 deviated from baseline 0.0764±0.0308 (z=15.5, confirmed x26) (sev=1.00)
[monitor_node-12] [WARN] [1790116134.301161429] [diagnostic_monitor]: ANOMALY on [perception_node] message_timeout: Message timeout on /perception/obstacles: no message for 3.50s (expected ~0.100s, threshold 0.45s, last seen t=1790116130.80) (sev=1.00)
[monitor_node-12] [WARN] [1790116134.322580899] [diagnostic_monitor]: ANOMALY on [localization_node] /localization/pose:pose_uncertainty: Value 0.5647 deviated from baseline 0.0764±0.0308 (z=15.9, confirmed x27) (sev=1.00)
[monitor_node-12] [WARN] [1790116134.371576900] [diagnostic_monitor]: ANOMALY on [localization_node] /localization/pose:pose_uncertainty: Value 0.5732 deviated from baseline 0.0764±0.0308 (z=16.1, confirmed x28) (sev=1.00)
[monitor_node-12] [WARN] [1790116134.421919569] [diagnostic_monitor]: ANOMALY on [localization_node] /localization/pose:pose_uncertainty: Value 0.5817 deviated from baseline 0.0764±0.0308 (z=16.4, confirmed x29) (sev=1.00)
[monitor_node-12] [WARN] [1790116134.471541771] [diagnostic_monitor]: ANOMALY on [localization_node] /localization/pose:pose_uncertainty: Value 0.5901 deviated from baseline 0.0764±0.0308 (z=16.7, confirmed x30) (sev=1.00)
[monitor_node-12] [WARN] [1790116134.522228933] [diagnostic_monitor]: ANOMALY on [localization_node] /localization/pose:pose_uncertainty: Value 0.5986 deviated from baseline 0.0764±0.0308 (z=17.0, confirmed x31) (sev=1.00)
[monitor_node-12] [WARN] [1790116134.581716815] [diagnostic_monitor]: ANOMALY on [localization_node] /localization/pose:pose_uncertainty: Value 0.6090 deviated from baseline 0.0764±0.0308 (z=17.3, confirmed x32) (sev=1.00)
[monitor_node-12] [WARN] [1790116134.631678605] [diagnostic_monitor]: ANOMALY on [localization_node] /localization/pose:pose_uncertainty: Value 0.6173 deviated from baseline 0.0764±0.0308 (z=17.6, confirmed x33) (sev=1.00)
[monitor_node-12] [WARN] [1790116134.683131502] [diagnostic_monitor]: ANOMALY on [localization_node] /localization/pose:pose_uncertainty: Value 0.6258 deviated from baseline 0.0764±0.0308 (z=17.8, confirmed x34) (sev=1.00)
[monitor_node-12] [WARN] [1790116134.731551493] [diagnostic_monitor]: ANOMALY on [localization_node] /localization/pose:pose_uncertainty: Value 0.6343 deviated from baseline 0.0764±0.0308 (z=18.1, confirmed x35) (sev=1.00)
[monitor_node-12] [WARN] [1790116134.782367682] [diagnostic_monitor]: ANOMALY on [localization_node] /localization/pose:pose_uncertainty: Value 0.6428 deviated from baseline 0.0764±0.0308 (z=18.4, confirmed x36) (sev=1.00)
[monitor_node-12] [WARN] [1790116134.802637010] [diagnostic_monitor]: ANOMALY on [perception_node] message_timeout: Message timeout on /perception/obstacles: no message for 4.00s (expected ~0.100s, threshold 0.45s, last seen t=1790116130.80) (sev=1.00)
[monitor_node-12] [WARN] [1790116134.842985753] [diagnostic_monitor]: ANOMALY on [localization_node] /localization/pose:pose_uncertainty: Value 0.6530 deviated from baseline 0.0764±0.0308 (z=18.7, confirmed x37) (sev=1.00)
[monitor_node-12] [WARN] [1790116134.895094021] [diagnostic_monitor]: ANOMALY on [localization_node] /localization/pose:pose_uncertainty: Value 0.6614 deviated from baseline 0.0764±0.0308 (z=19.0, confirmed x38) (sev=1.00)
[INFO] [perception_node-8]: process started with pid [19965]
[monitor_node-12] [WARN] [1790116134.942124558] [diagnostic_monitor]: ANOMALY on [localization_node] /localization/pose:pose_uncertainty: Value 0.6700 deviated from baseline 0.0764±0.0308 (z=19.3, confirmed x39) (sev=1.00)
[monitor_node-12] [WARN] [1790116134.992630603] [diagnostic_monitor]: ANOMALY on [localization_node] /localization/pose:pose_uncertainty: Value 0.6785 deviated from baseline 0.0764±0.0308 (z=19.6, confirmed x40) (sev=1.00)
[monitor_node-12] [WARN] [1790116135.041513595] [diagnostic_monitor]: ANOMALY on [localization_node] /localization/pose:pose_uncertainty: Value 0.6871 deviated from baseline 0.0764±0.0308 (z=19.8, confirmed x41) (sev=1.00)
[monitor_node-12] [WARN] [1790116135.107876132] [diagnostic_monitor]: ANOMALY on [localization_node] /localization/pose:pose_uncertainty: Value 0.6971 deviated from baseline 0.0764±0.0308 (z=20.2, confirmed x42) (sev=1.00)
[monitor_node-12] [WARN] [1790116135.152121991] [diagnostic_monitor]: ANOMALY on [localization_node] /localization/pose:pose_uncertainty: Value 0.7056 deviated from baseline 0.0764±0.0308 (z=20.4, confirmed x43) (sev=1.00)
[monitor_node-12] [WARN] [1790116135.206063965] [diagnostic_monitor]: ANOMALY on [localization_node] /localization/pose:pose_uncertainty: Value 0.7140 deviated from baseline 0.0764±0.0308 (z=20.7, confirmed x44) (sev=1.00)
[monitor_node-12] [WARN] [1790116135.261663973] [diagnostic_monitor]: ANOMALY on [localization_node] /localization/pose:pose_uncertainty: Value 0.7242 deviated from baseline 0.0764±0.0308 (z=21.0, confirmed x45) (sev=1.00)
[monitor_node-12] [WARN] [1790116135.301111533] [diagnostic_monitor]: ANOMALY on [perception_node] message_timeout: Message timeout on /perception/obstacles: no message for 4.50s (expected ~0.100s, threshold 0.45s, last seen t=1790116130.80) (sev=1.00)
[monitor_node-12] [WARN] [1790116135.322157851] [diagnostic_monitor]: ANOMALY on [localization_node] /localization/pose:pose_uncertainty: Value 0.7351 deviated from baseline 0.0764±0.0308 (z=21.4, confirmed x46) (sev=1.00)
[monitor_node-12] [WARN] [1790116135.381835433] [diagnostic_monitor]: ANOMALY on [localization_node] /localization/pose:pose_uncertainty: Value 0.7446 deviated from baseline 0.0764±0.0308 (z=21.7, confirmed x47) (sev=1.00)
[monitor_node-12] [WARN] [1790116135.432163048] [diagnostic_monitor]: ANOMALY on [localization_node] /localization/pose:pose_uncertainty: Value 0.7531 deviated from baseline 0.0764±0.0308 (z=22.0, confirmed x48) (sev=1.00)
[monitor_node-12] [WARN] [1790116135.481787618] [diagnostic_monitor]: ANOMALY on [localization_node] /localization/pose:pose_uncertainty: Value 0.7615 deviated from baseline 0.0764±0.0308 (z=22.3, confirmed x49) (sev=1.00)
[monitor_node-12] [WARN] [1790116135.532182022] [diagnostic_monitor]: ANOMALY on [localization_node] /localization/pose:pose_uncertainty: Value 0.7701 deviated from baseline 0.0764±0.0308 (z=22.5, confirmed x50) (sev=1.00)
[monitor_node-12] [WARN] [1790116135.581949796] [diagnostic_monitor]: ANOMALY on [localization_node] /localization/pose:pose_uncertainty: Value 0.7785 deviated from baseline 0.0764±0.0308 (z=22.8, confirmed x51) (sev=1.00)
[monitor_node-12] [WARN] [1790116135.631694839] [diagnostic_monitor]: ANOMALY on [localization_node] /localization/pose:pose_uncertainty: Value 0.7870 deviated from baseline 0.0764±0.0308 (z=23.1, confirmed x52) (sev=1.00)
[monitor_node-12] [WARN] [1790116135.692197665] [diagnostic_monitor]: ANOMALY on [localization_node] /localization/pose:pose_uncertainty: Value 0.7972 deviated from baseline 0.0764±0.0308 (z=23.4, confirmed x53) (sev=1.00)
[monitor_node-12] [WARN] [1790116135.742818043] [diagnostic_monitor]: ANOMALY on [localization_node] /localization/pose:pose_uncertainty: Value 0.8057 deviated from baseline 0.0764±0.0308 (z=23.7, confirmed x54) (sev=1.00)
[monitor_node-12] [WARN] [1790116135.791876613] [diagnostic_monitor]: ANOMALY on [localization_node] /localization/pose:pose_uncertainty: Value 0.8142 deviated from baseline 0.0764±0.0308 (z=24.0, confirmed x55) (sev=1.00)
[monitor_node-12] [WARN] [1790116135.805858208] [diagnostic_monitor]: ANOMALY on [perception_node] message_timeout: Message timeout on /perception/obstacles: no message for 5.00s (expected ~0.100s, threshold 0.45s, last seen t=1790116130.80) (sev=1.00)
[monitor_node-12] [WARN] [1790116135.842581395] [diagnostic_monitor]: ANOMALY on [localization_node] /localization/pose:pose_uncertainty: Value 0.8227 deviated from baseline 0.0764±0.0308 (z=24.2, confirmed x56) (sev=1.00)
[monitor_node-12] [WARN] [1790116135.906833487] [diagnostic_monitor]: ANOMALY on [localization_node] /localization/pose:pose_uncertainty: Value 0.8328 deviated from baseline 0.0764±0.0308 (z=24.6, confirmed x57) (sev=1.00)
[monitor_node-12] [WARN] [1790116135.971833328] [diagnostic_monitor]: ANOMALY on [localization_node] /localization/pose:pose_uncertainty: Value 0.8450 deviated from baseline 0.0764±0.0308 (z=25.0, confirmed x58) (sev=1.00)
[monitor_node-12] [WARN] [1790116136.027965129] [diagnostic_monitor]: ANOMALY on [localization_node] /localization/pose:pose_uncertainty: Value 0.8535 deviated from baseline 0.0764±0.0308 (z=25.2, confirmed x59) (sev=1.00)
[monitor_node-12] [WARN] [1790116136.096565986] [diagnostic_monitor]: ANOMALY on [localization_node] /localization/pose:pose_uncertainty: Value 0.8653 deviated from baseline 0.0764±0.0308 (z=25.6, confirmed x60) (sev=1.00)
[monitor_node-12] [WARN] [1790116136.141442464] [diagnostic_monitor]: ANOMALY on [localization_node] /localization/pose:pose_uncertainty: Value 0.8736 deviated from baseline 0.0764±0.0308 (z=25.9, confirmed x61) (sev=1.00)
[perception_node-8] [INFO] [1790116136.152868584] [perception_node]: perception_node ready (lidar + camera -> /perception/obstacles)
[monitor_node-12] [WARN] [1790116136.191440234] [diagnostic_monitor]: ANOMALY on [localization_node] /localization/pose:pose_uncertainty: Value 0.8822 deviated from baseline 0.0764±0.0308 (z=26.2, confirmed x62) (sev=1.00)
[monitor_node-12] [WARN] [1790116136.254637441] [diagnostic_monitor]: ANOMALY on [localization_node] /localization/pose:pose_uncertainty: Value 0.8923 deviated from baseline 0.0764±0.0308 (z=26.5, confirmed x63) (sev=1.00)
[monitor_node-12] [WARN] [1790116136.301450159] [diagnostic_monitor]: ANOMALY on [perception_node] message_timeout: Message timeout on /perception/obstacles: no message for 5.50s (expected ~0.100s, threshold 0.45s, last seen t=1790116130.80) (sev=1.00)
[monitor_node-12] [WARN] [1790116136.316270328] [diagnostic_monitor]: ANOMALY on [localization_node] /localization/pose:pose_uncertainty: Value 0.9008 deviated from baseline 0.0764±0.0308 (z=26.8, confirmed x64) (sev=1.00)
[monitor_node-12] [WARN] [1790116136.352000482] [diagnostic_monitor]: ANOMALY on [localization_node] /localization/pose:pose_uncertainty: Value 0.9096 deviated from baseline 0.0764±0.0308 (z=27.1, confirmed x65) (sev=1.00)
[monitor_node-12] [WARN] [1790116136.406409311] [diagnostic_monitor]: ANOMALY on [localization_node] /localization/pose:pose_uncertainty: Value 0.9178 deviated from baseline 0.0764±0.0308 (z=27.3, confirmed x66) (sev=1.00)
[monitor_node-12] [WARN] [1790116136.461745176] [diagnostic_monitor]: ANOMALY on [localization_node] /localization/pose:pose_uncertainty: Value 0.9281 deviated from baseline 0.0764±0.0308 (z=27.7, confirmed x67) (sev=1.00)
[monitor_node-12] [WARN] [1790116136.513754786] [diagnostic_monitor]: ANOMALY on [localization_node] /localization/pose:pose_uncertainty: Value 0.9364 deviated from baseline 0.0764±0.0308 (z=27.9, confirmed x68) (sev=1.00)
[monitor_node-12] [WARN] [1790116136.578975900] [diagnostic_monitor]: ANOMALY on [localization_node] /localization/pose:pose_uncertainty: Value 0.9463 deviated from baseline 0.0764±0.0308 (z=28.3, confirmed x69) (sev=1.00)
[monitor_node-12] [WARN] [1790116136.631922238] [diagnostic_monitor]: ANOMALY on [localization_node] /localization/pose:pose_uncertainty: Value 0.9567 deviated from baseline 0.0764±0.0308 (z=28.6, confirmed x70) (sev=1.00)
[monitor_node-12] [WARN] [1790116136.682384253] [diagnostic_monitor]: ANOMALY on [localization_node] /localization/pose:pose_uncertainty: Value 0.9652 deviated from baseline 0.0764±0.0308 (z=28.9, confirmed x71) (sev=1.00)
[monitor_node-12] [WARN] [1790116136.732312638] [diagnostic_monitor]: ANOMALY on [localization_node] /localization/pose:pose_uncertainty: Value 0.9737 deviated from baseline 0.0764±0.0308 (z=29.1, confirmed x72) (sev=1.00)
[monitor_node-12] [WARN] [1790116136.791573749] [diagnostic_monitor]: ANOMALY on [localization_node] /localization/pose:pose_uncertainty: Value 0.9840 deviated from baseline 0.0764±0.0308 (z=29.5, confirmed x73) (sev=1.00)
[monitor_node-12] [WARN] [1790116136.803009497] [diagnostic_monitor]: ANOMALY on [perception_node] message_timeout: Message timeout on /perception/obstacles: no message for 6.00s (expected ~0.100s, threshold 0.45s, last seen t=1790116130.80) (sev=1.00)
[monitor_node-12] [WARN] [1790116136.842561419] [diagnostic_monitor]: ANOMALY on [localization_node] /localization/pose:pose_uncertainty: Value 0.9924 deviated from baseline 0.0764±0.0308 (z=29.7, confirmed x74) (sev=1.00)
[monitor_node-12] [WARN] [1790116136.892671459] [diagnostic_monitor]: ANOMALY on [localization_node] /localization/pose:pose_uncertainty: Value 1.0009 deviated from baseline 0.0764±0.0308 (z=30.0, confirmed x75) (sev=1.00)
[monitor_node-12] [WARN] [1790116136.941908295] [diagnostic_monitor]: ANOMALY on [localization_node] /localization/pose:pose_uncertainty: Value 1.0093 deviated from baseline 0.0764±0.0308 (z=30.3, confirmed x76) (sev=1.00)
[monitor_node-12] [WARN] [1790116136.991459667] [diagnostic_monitor]: ANOMALY on [localization_node] /localization/pose:pose_uncertainty: Value 1.0177 deviated from baseline 0.0764±0.0308 (z=30.6, confirmed x77) (sev=1.00)
[monitor_node-12] [WARN] [1790116137.051539321] [diagnostic_monitor]: ANOMALY on [localization_node] /localization/pose:pose_uncertainty: Value 1.0280 deviated from baseline 0.0764±0.0308 (z=30.9, confirmed x78) (sev=1.00)
[monitor_node-12] [WARN] [1790116137.100885022] [diagnostic_monitor]: ANOMALY on [localization_node] /localization/pose:pose_uncertainty: Value 1.0366 deviated from baseline 0.0764±0.0308 (z=31.2, confirmed x79) (sev=1.00)
[monitor_node-12] [WARN] [1790116137.151366357] [diagnostic_monitor]: ANOMALY on [localization_node] /localization/pose:pose_uncertainty: Value 1.0450 deviated from baseline 0.0764±0.0308 (z=31.5, confirmed x80) (sev=1.00)
[monitor_node-12] [WARN] [1790116137.201452727] [diagnostic_monitor]: ANOMALY on [localization_node] /localization/pose:pose_uncertainty: Value 1.0535 deviated from baseline 0.0764±0.0308 (z=31.7, confirmed x81) (sev=1.00)
[monitor_node-12] [WARN] [1790116137.301291976] [diagnostic_monitor]: ANOMALY on [perception_node] message_timeout: Message timeout on /perception/obstacles: no message for 6.50s (expected ~0.100s, threshold 0.45s, last seen t=1790116130.80) (sev=1.00)
[monitor_node-12] [WARN] [1790116137.577498745] [diagnostic_monitor]: ANOMALY on [localization_node] /localization/pose:pose_uncertainty: Value 1.0619 deviated from baseline 0.0764±0.0308 (z=32.0, confirmed x82) (sev=1.00)
[monitor_node-12] [WARN] [1790116137.580720850] [diagnostic_monitor]: ANOMALY on [odometry_node] /sim/odom:latency: Value 0.2884 deviated from baseline 0.0066±0.0068 (z=41.6, confirmed x2) (sev=1.00)
[monitor_node-12] [WARN] [1790116137.582671310] [diagnostic_monitor]: ANOMALY on [localization_node] /localization/pose:latency: Value 0.2905 deviated from baseline 0.0160±0.0076 (z=36.0, confirmed x2) (sev=1.00)
[monitor_node-12] [WARN] [1790116137.583684129] [diagnostic_monitor]: ANOMALY on [localization_node] /localization/pose:pose_uncertainty: Value 1.0721 deviated from baseline 0.0764±0.0308 (z=32.3, confirmed x83) (sev=1.00)
[monitor_node-12] [WARN] [1790116137.585212034] [diagnostic_monitor]: ANOMALY on [imu_node] /sim/imu/data:latency: Value 0.2734 deviated from baseline 0.0055±0.0059 (z=45.5, confirmed x2) (sev=1.00)
[monitor_node-12] [WARN] [1790116137.586699688] [diagnostic_monitor]: ANOMALY on [lidar_node] /sim/lidar/scan:latency: Value 0.2083 deviated from baseline 0.0066±0.0082 (z=24.5, confirmed x2) (sev=1.00)
[monitor_node-12] [WARN] [1790116137.588673810] [diagnostic_monitor]: ANOMALY on [odometry_node] /sim/odom:latency: Value 0.2446 deviated from baseline 0.0066±0.0068 (z=35.1, confirmed x3) (sev=1.00)
[monitor_node-12] [WARN] [1790116137.590634372] [diagnostic_monitor]: ANOMALY on [localization_node] /localization/pose:latency: Value 0.2468 deviated from baseline 0.0160±0.0076 (z=30.3, confirmed x3) (sev=1.00)
[monitor_node-12] [WARN] [1790116137.591223680] [diagnostic_monitor]: ANOMALY on [localization_node] /localization/pose:pose_uncertainty: Value 1.0806 deviated from baseline 0.0764±0.0308 (z=32.6, confirmed x84) (sev=1.00)
[monitor_node-12] [WARN] [1790116137.591920666] [diagnostic_monitor]: ANOMALY on [imu_node] /sim/imu/data:latency: Value 0.2322 deviated from baseline 0.0055±0.0059 (z=38.5, confirmed x3) (sev=1.00)
[monitor_node-12] [WARN] [1790116137.593173970] [diagnostic_monitor]: ANOMALY on [localization_node] /localization/pose:pose_uncertainty: Value 1.0890 deviated from baseline 0.0764±0.0308 (z=32.9, confirmed x85) (sev=1.00)
[monitor_node-12] [WARN] [1790116137.594800850] [diagnostic_monitor]: ANOMALY on [localization_node] /localization/pose:pose_uncertainty: Value 1.0976 deviated from baseline 0.0764±0.0308 (z=33.2, confirmed x86) (sev=1.00)
[monitor_node-12] [WARN] [1790116137.596069385] [diagnostic_monitor]: ANOMALY on [localization_node] /localization/pose:pose_uncertainty: Value 1.1060 deviated from baseline 0.0764±0.0308 (z=33.4, confirmed x87) (sev=1.00)
[monitor_node-12] [WARN] [1790116137.598598043] [diagnostic_monitor]: ANOMALY on [localization_node] /localization/pose:pose_uncertainty: Value 1.1162 deviated from baseline 0.0764±0.0308 (z=33.8, confirmed x88) (sev=1.00)
[monitor_node-12] [WARN] [1790116137.620996706] [diagnostic_monitor]: ANOMALY on [localization_node] /localization/pose:pose_uncertainty: Value 1.1248 deviated from baseline 0.0764±0.0308 (z=34.0, confirmed x89) (sev=1.00)
[monitor_node-12] [WARN] [1790116137.671448244] [diagnostic_monitor]: ANOMALY on [localization_node] /localization/pose:pose_uncertainty: Value 1.1333 deviated from baseline 0.0764±0.0308 (z=34.3, confirmed x90) (sev=1.00)
[monitor_node-12] [WARN] [1790116137.721808294] [diagnostic_monitor]: ANOMALY on [localization_node] /localization/pose:pose_uncertainty: Value 1.1418 deviated from baseline 0.0764±0.0308 (z=34.6, confirmed x91) (sev=1.00)
[monitor_node-12] [WARN] [1790116137.772855420] [diagnostic_monitor]: ANOMALY on [localization_node] /localization/pose:pose_uncertainty: Value 1.1501 deviated from baseline 0.0764±0.0308 (z=34.9, confirmed x92) (sev=1.00)
[monitor_node-12] [WARN] [1790116137.809002803] [diagnostic_monitor]: ANOMALY on [perception_node] message_timeout: Message timeout on /perception/obstacles: no message for 7.00s (expected ~0.100s, threshold 0.45s, last seen t=1790116130.80) (sev=1.00)
[monitor_node-12] [WARN] [1790116137.831216457] [diagnostic_monitor]: ANOMALY on [localization_node] /localization/pose:pose_uncertainty: Value 1.1603 deviated from baseline 0.0764±0.0308 (z=35.2, confirmed x93) (sev=1.00)
[monitor_node-12] [WARN] [1790116137.881688541] [diagnostic_monitor]: ANOMALY on [localization_node] /localization/pose:pose_uncertainty: Value 1.1689 deviated from baseline 0.0764±0.0308 (z=35.5, confirmed x94) (sev=1.00)
[monitor_node-12] [WARN] [1790116137.932227408] [diagnostic_monitor]: ANOMALY on [localization_node] /localization/pose:pose_uncertainty: Value 1.1773 deviated from baseline 0.0764±0.0308 (z=35.8, confirmed x95) (sev=1.00)
[monitor_node-12] [WARN] [1790116137.981307542] [diagnostic_monitor]: ANOMALY on [localization_node] /localization/pose:pose_uncertainty: Value 1.1859 deviated from baseline 0.0764±0.0308 (z=36.0, confirmed x96) (sev=1.00)
[monitor_node-12] [WARN] [1790116138.031999815] [diagnostic_monitor]: ANOMALY on [localization_node] /localization/pose:pose_uncertainty: Value 1.1943 deviated from baseline 0.0764±0.0308 (z=36.3, confirmed x97) (sev=1.00)
[monitor_node-12] [WARN] [1790116138.092405917] [diagnostic_monitor]: ANOMALY on [localization_node] /localization/pose:pose_uncertainty: Value 1.2045 deviated from baseline 0.0764±0.0308 (z=36.6, confirmed x98) (sev=1.00)
[monitor_node-12] [WARN] [1790116138.141571019] [diagnostic_monitor]: ANOMALY on [localization_node] /localization/pose:pose_uncertainty: Value 1.2130 deviated from baseline 0.0764±0.0308 (z=36.9, confirmed x99) (sev=1.00)
[monitor_node-12] [WARN] [1790116138.192316291] [diagnostic_monitor]: ANOMALY on [localization_node] /localization/pose:pose_uncertainty: Value 1.2214 deviated from baseline 0.0764±0.0308 (z=37.2, confirmed x100) (sev=1.00)
[monitor_node-12] [WARN] [1790116138.242210304] [diagnostic_monitor]: ANOMALY on [localization_node] /localization/pose:pose_uncertainty: Value 1.2300 deviated from baseline 0.0764±0.0308 (z=37.5, confirmed x101) (sev=1.00)
[monitor_node-12] [WARN] [1790116138.291810715] [diagnostic_monitor]: ANOMALY on [localization_node] /localization/pose:pose_uncertainty: Value 1.2384 deviated from baseline 0.0764±0.0308 (z=37.7, confirmed x102) (sev=1.00)
[monitor_node-12] [WARN] [1790116138.300983113] [diagnostic_monitor]: ANOMALY on [perception_node] message_timeout: Message timeout on /perception/obstacles: no message for 7.50s (expected ~0.100s, threshold 0.45s, last seen t=1790116130.80) (sev=1.00)
[monitor_node-12] [WARN] [1790116138.351364400] [diagnostic_monitor]: ANOMALY on [localization_node] /localization/pose:pose_uncertainty: Value 1.2486 deviated from baseline 0.0764±0.0308 (z=38.1, confirmed x103) (sev=1.00)
[monitor_node-12] [WARN] [1790116138.401504678] [diagnostic_monitor]: ANOMALY on [localization_node] /localization/pose:pose_uncertainty: Value 1.2571 deviated from baseline 0.0764±0.0308 (z=38.3, confirmed x104) (sev=1.00)
[monitor_node-12] [WARN] [1790116138.451230410] [diagnostic_monitor]: ANOMALY on [localization_node] /localization/pose:pose_uncertainty: Value 1.2656 deviated from baseline 0.0764±0.0308 (z=38.6, confirmed x105) (sev=1.00)
[monitor_node-12] [WARN] [1790116138.501105871] [diagnostic_monitor]: ANOMALY on [localization_node] /localization/pose:pose_uncertainty: Value 1.2740 deviated from baseline 0.0764±0.0308 (z=38.9, confirmed x106) (sev=1.00)
[monitor_node-12] [WARN] [1790116138.551980594] [diagnostic_monitor]: ANOMALY on [localization_node] /localization/pose:pose_uncertainty: Value 1.2826 deviated from baseline 0.0764±0.0308 (z=39.2, confirmed x107) (sev=1.00)
[monitor_node-12] [WARN] [1790116138.611526684] [diagnostic_monitor]: ANOMALY on [localization_node] /localization/pose:pose_uncertainty: Value 1.2927 deviated from baseline 0.0764±0.0308 (z=39.5, confirmed x108) (sev=1.00)
[monitor_node-12] [WARN] [1790116138.662034575] [diagnostic_monitor]: ANOMALY on [localization_node] /localization/pose:pose_uncertainty: Value 1.3017 deviated from baseline 0.0764±0.0308 (z=39.8, confirmed x109) (sev=1.00)
[monitor_node-12] [WARN] [1790116138.712162660] [diagnostic_monitor]: ANOMALY on [localization_node] /localization/pose:pose_uncertainty: Value 1.3097 deviated from baseline 0.0764±0.0308 (z=40.1, confirmed x110) (sev=1.00)
[monitor_node-12] [WARN] [1790116138.771525792] [diagnostic_monitor]: ANOMALY on [localization_node] /localization/pose:pose_uncertainty: Value 1.3199 deviated from baseline 0.0764±0.0308 (z=40.4, confirmed x111) (sev=1.00)
[monitor_node-12] [WARN] [1790116138.812254947] [diagnostic_monitor]: ANOMALY on [perception_node] message_timeout: Message timeout on /perception/obstacles: no message for 8.00s (expected ~0.100s, threshold 0.45s, last seen t=1790116130.80) (sev=1.00)
[monitor_node-12] [WARN] [1790116138.829373921] [diagnostic_monitor]: ANOMALY on [localization_node] /localization/pose:pose_uncertainty: Value 1.3283 deviated from baseline 0.0764±0.0308 (z=40.7, confirmed x112) (sev=1.00)
[monitor_node-12] [WARN] [1790116138.887163813] [diagnostic_monitor]: ANOMALY on [localization_node] /localization/pose:pose_uncertainty: Value 1.3386 deviated from baseline 0.0764±0.0308 (z=41.0, confirmed x113) (sev=1.00)
[monitor_node-12] [WARN] [1790116138.942951871] [diagnostic_monitor]: ANOMALY on [localization_node] /localization/pose:pose_uncertainty: Value 1.3490 deviated from baseline 0.0764±0.0308 (z=41.3, confirmed x114) (sev=1.00)
[monitor_node-12] [WARN] [1790116138.994152445] [diagnostic_monitor]: ANOMALY on [localization_node] /localization/pose:pose_uncertainty: Value 1.3573 deviated from baseline 0.0764±0.0308 (z=41.6, confirmed x115) (sev=1.00)
[monitor_node-12] [WARN] [1790116139.042042377] [diagnostic_monitor]: ANOMALY on [localization_node] /localization/pose:pose_uncertainty: Value 1.3658 deviated from baseline 0.0764±0.0308 (z=41.9, confirmed x116) (sev=1.00)
[monitor_node-12] [WARN] [1790116139.093059116] [diagnostic_monitor]: ANOMALY on [localization_node] /localization/pose:pose_uncertainty: Value 1.3742 deviated from baseline 0.0764±0.0308 (z=42.1, confirmed x117) (sev=1.00)
[monitor_node-12] [WARN] [1790116139.144045357] [diagnostic_monitor]: ANOMALY on [perception_node] /perception/obstacles:latency: Value 0.3373 deviated from baseline 0.0104±0.0090 (z=36.3, confirmed x2) (sev=1.00)
[monitor_node-12] [WARN] [1790116139.145388398] [diagnostic_monitor]: ANOMALY on [perception_node] /perception/obstacles:latency: Value 0.2295 deviated from baseline 0.0104±0.0090 (z=24.3, confirmed x3) (sev=1.00)
[monitor_node-12] [WARN] [1790116139.151502807] [diagnostic_monitor]: ANOMALY on [localization_node] /localization/pose:pose_uncertainty: Value 1.3843 deviated from baseline 0.0764±0.0308 (z=42.5, confirmed x118) (sev=1.00)
[monitor_node-12] [INFO] [1790116145.301662122] [diagnostic_monitor]: Anomaly window cleared. System operating nominally.
[planning_node-10] [WARN] [1790116210.996847046] [planning_node]: planning_node: degradation "topic_change" param=1 duration=12.0s
[planning_node-10] [WARN] [1790116211.026819086] [planning_node]: planning_node: pose source = odom
[planning_node-10] [WARN] [1790116211.040857564] [planning_node]: planning_node: degradation "topic_change" param=1 duration=12.0s
[planning_node-10] [WARN] [1790116211.045834593] [planning_node]: planning_node: pose source = odom
[planning_node-10] [WARN] [1790116211.100324450] [planning_node]: planning_node: degradation "topic_change" param=1 duration=12.0s
[planning_node-10] [WARN] [1790116211.112855123] [planning_node]: planning_node: pose source = odom
[planning_node-10] [WARN] [1790116211.149080640] [planning_node]: planning_node: degradation "topic_change" param=1 duration=12.0s
[planning_node-10] [WARN] [1790116211.156092898] [planning_node]: planning_node: pose source = odom
[monitor_node-12] [INFO] [1790116211.802219881] [diagnostic_monitor]: Discovered graph: nodes=['camera_node', 'control_node', 'imu_node', 'lidar_node', 'localization_node', 'odometry_node', 'perception_node', 'planning_node', 'sim_world'] edges=[camera_node->perception_node, control_node->sim_world, imu_node->localization_node, lidar_node->perception_node, odometry_node->localization_node, odometry_node->planning_node, perception_node->localization_node, perception_node->planning_node, planning_node->control_node]
[localization_node-9] [INFO] [1790116221.257618139] [localization_node]: localization_node: faults cleared
[imu_node-5] [INFO] [1790116221.257663701] [imu_node]: imu_node: faults cleared
[lidar_node-3] [INFO] [1790116221.257891193] [lidar_node]: lidar_node: faults cleared
[perception_node-8] [INFO] [1790116221.258571320] [perception_node]: perception_node: faults cleared
[camera_node-4] [INFO] [1790116221.258591766] [camera_node]: camera_node: faults cleared
[odometry_node-6] [INFO] [1790116221.258698334] [odometry_node]: odometry_node: faults cleared
[control_node-11] [INFO] [1790116221.259565823] [control_node]: control_node: faults cleared
[planning_node-10] [INFO] [1790116221.260390822] [planning_node]: planning_node: faults cleared
[sim_world-7] [INFO] [1790116221.262057123] [sim_world]: sim_world: faults cleared
[planning_node-10] [WARN] [1790116221.264552398] [planning_node]: planning_node: pose source = localization
[planning_node-10] [INFO] [1790116221.307984503] [planning_node]: planning_node: faults cleared
[localization_node-9] [INFO] [1790116221.308152467] [localization_node]: localization_node: faults cleared
[imu_node-5] [INFO] [1790116221.308152299] [imu_node]: imu_node: faults cleared
[perception_node-8] [INFO] [1790116221.308199430] [perception_node]: perception_node: faults cleared
[lidar_node-3] [INFO] [1790116221.308412442] [lidar_node]: lidar_node: faults cleared
[control_node-11] [INFO] [1790116221.309182778] [control_node]: control_node: faults cleared
[camera_node-4] [INFO] [1790116221.309746457] [camera_node]: camera_node: faults cleared
[sim_world-7] [INFO] [1790116221.309894885] [sim_world]: sim_world: faults cleared
[odometry_node-6] [INFO] [1790116221.309905567] [odometry_node]: odometry_node: faults cleared
[odometry_node-6] [INFO] [1790116221.360393015] [odometry_node]: odometry_node: faults cleared
[imu_node-5] [INFO] [1790116221.360461208] [imu_node]: imu_node: faults cleared
[localization_node-9] [INFO] [1790116221.360508298] [localization_node]: localization_node: faults cleared
[planning_node-10] [INFO] [1790116221.360615765] [planning_node]: planning_node: faults cleared
[perception_node-8] [INFO] [1790116221.360653995] [perception_node]: perception_node: faults cleared
[lidar_node-3] [INFO] [1790116221.360789891] [lidar_node]: lidar_node: faults cleared
[camera_node-4] [INFO] [1790116221.361350469] [camera_node]: camera_node: faults cleared
[sim_world-7] [INFO] [1790116221.362027312] [sim_world]: sim_world: faults cleared
[control_node-11] [INFO] [1790116221.362843030] [control_node]: control_node: faults cleared
[localization_node-9] [INFO] [1790116221.410683718] [localization_node]: localization_node: faults cleared
[planning_node-10] [INFO] [1790116221.410767515] [planning_node]: planning_node: faults cleared
[lidar_node-3] [INFO] [1790116221.410767678] [lidar_node]: lidar_node: faults cleared
[control_node-11] [INFO] [1790116221.410887455] [control_node]: control_node: faults cleared
[camera_node-4] [INFO] [1790116221.410887465] [camera_node]: camera_node: faults cleared
[imu_node-5] [INFO] [1790116221.411063514] [imu_node]: imu_node: faults cleared
[odometry_node-6] [INFO] [1790116221.411394624] [odometry_node]: odometry_node: faults cleared
[perception_node-8] [INFO] [1790116221.412377580] [perception_node]: perception_node: faults cleared
[sim_world-7] [INFO] [1790116221.412377555] [sim_world]: sim_world: faults cleared
[monitor_node-12] [INFO] [1790116221.801777056] [diagnostic_monitor]: Discovered graph: nodes=['camera_node', 'control_node', 'imu_node', 'lidar_node', 'localization_node', 'odometry_node', 'perception_node', 'planning_node', 'sim_world'] edges=[camera_node->perception_node, control_node->sim_world, imu_node->localization_node, lidar_node->perception_node, localization_node->planning_node, odometry_node->localization_node, perception_node->localization_node, perception_node->planning_node, planning_node->control_node]
[monitor_node-12] [WARN] [1790116239.587163099] [diagnostic_monitor]: ANOMALY on [imu_node] /sim/imu/data:latency: Value 0.2551 deviated from baseline 0.0062±0.0060 (z=41.3, confirmed x2) (sev=1.00)
[monitor_node-12] [WARN] [1790116239.589550636] [diagnostic_monitor]: ANOMALY on [localization_node] /localization/pose:latency: Value 0.2371 deviated from baseline 0.0158±0.0070 (z=31.8, confirmed x2) (sev=1.00)
[monitor_node-12] [WARN] [1790116239.591789555] [diagnostic_monitor]: ANOMALY on [imu_node] /sim/imu/data:latency: Value 0.2113 deviated from baseline 0.0062±0.0060 (z=34.1, confirmed x3) (sev=1.00)
[monitor_node-12] [WARN] [1790116239.620126851] [diagnostic_monitor]: ANOMALY on [lidar_node] /sim/lidar/scan:latency: Value 0.2291 deviated from baseline 0.0063±0.0066 (z=33.6, confirmed x2) (sev=1.00)
[monitor_node-12] [WARN] [1790116239.635635641] [diagnostic_monitor]: ANOMALY on [odometry_node] /sim/odom:latency: Value 0.2832 deviated from baseline 0.0065±0.0067 (z=41.5, confirmed x2) (sev=1.00)
[monitor_node-12] [WARN] [1790116239.637889491] [diagnostic_monitor]: ANOMALY on [localization_node] /localization/pose:latency: Value 0.2342 deviated from baseline 0.0158±0.0070 (z=31.4, confirmed x3) (sev=1.00)
[monitor_node-12] [WARN] [1790116239.651342049] [diagnostic_monitor]: ANOMALY on [imu_node] /sim/imu/data:latency: Value 0.2080 deviated from baseline 0.0062±0.0060 (z=33.5, confirmed x4) (sev=1.00)
[monitor_node-12] [WARN] [1790116239.653709908] [diagnostic_monitor]: ANOMALY on [odometry_node] /sim/odom:latency: Value 0.2501 deviated from baseline 0.0065±0.0067 (z=36.5, confirmed x3) (sev=1.00)
[monitor_node-12] [WARN] [1790116239.668860065] [diagnostic_monitor]: ANOMALY on [odometry_node] /sim/odom:latency: Value 0.2125 deviated from baseline 0.0065±0.0067 (z=30.9, confirmed x4) (sev=1.00)
[monitor_node-12] [WARN] [1790116239.670516062] [diagnostic_monitor]: ANOMALY on [control_node] /cmd_vel:latency: Value 0.2670 deviated from baseline 0.0668±0.0173 (z=11.6, confirmed x2) (sev=1.00)
[monitor_node-12] [INFO] [1790116239.808734743] [diagnostic_monitor]: Discovered graph: nodes=['aux_probe_node', 'camera_node', 'control_node', 'imu_node', 'lidar_node', 'localization_node', 'odometry_node', 'perception_node', 'planning_node', 'sim_world'] edges=[camera_node->perception_node, control_node->sim_world, imu_node->localization_node, lidar_node->aux_probe_node, lidar_node->perception_node, localization_node->planning_node, odometry_node->localization_node, perception_node->localization_node, perception_node->planning_node, planning_node->control_node]
[monitor_node-12] [INFO] [1790116239.812651735] [diagnostic_monitor]: Dynamically subscribed to monitor topic: /aux/probe [std_msgs/msg/String]
[monitor_node-12] [INFO] [1790116239.816512864] [diagnostic_monitor]: 
[monitor_node-12] ============================================================
[monitor_node-12] ROOT CAUSE DIAGNOSIS: imu_node (Confidence: 0.750)
[monitor_node-12] ============================================================
[monitor_node-12] Score Breakdown  R(C) = wD*D + wT*T + wS*S + wA*A:
[monitor_node-12]   R(imu_node) = 0.3·D(0.50) + 0.3·T(1.00) + 0.25·S(0.60) + 0.15·A(1.00) = 0.750
[monitor_node-12]   - Dependency D: 0.50 (reaches 2 downstream anomalous node(s); 0 anomalous upstream node(s))
[monitor_node-12]   - Temporal   T: 1.00 (first anomaly at t=1790116239.58s; earliest in window = supporting evidence, not proof of causality)
[monitor_node-12]   - Symptom    S: 0.60 (explains 3/5 anomalous nodes)
[monitor_node-12]   - Severity   A: 1.00 (max normalised severity on node, 3 direct anomaly event(s))
[monitor_node-12] 
[monitor_node-12] Propagation Chain (evidence-ordered, via discovered graph edges):
[monitor_node-12]   imu_node (t=1790116239.58s: /sim/imu/data:latency, sev=1.00)
[monitor_node-12]     └─→ localization_node via /sim/imu/data (t=1790116239.58s, +0.00s after imu_node: /localization/pose:latency)
[monitor_node-12]   (anomalous but not reachable from imu_node: control_node, lidar_node, odometry_node)
[monitor_node-12] 
[monitor_node-12] Candidate Ranking & Evidence Comparison:
[monitor_node-12]   #2 lidar_node           R=0.750 (Δ -0.000) [first anomaly 0.00s after imu_node]
[monitor_node-12]   #3 odometry_node        R=0.750 (Δ -0.000) [first anomaly 0.00s after imu_node]
[monitor_node-12]   #4 localization_node    R=0.580 (Δ -0.170) [first anomaly 0.00s after imu_node; downstream of imu_node in discovered graph; lower symptom coverage (40% vs 60%)]
[monitor_node-12] ============================================================
[monitor_node-12] [INFO] [1790116245.802903084] [diagnostic_monitor]: Anomaly window cleared. System operating nominally.
[monitor_node-12] [WARN] [1790116248.806957283] [diagnostic_monitor]: ANOMALY on [aux_probe_node] node_crash: Node aux_probe_node absent from ROS 2 graph (process crash or killed); last seen alive t=1790116248.48, missing for 0.3s (sev=1.00)
[monitor_node-12] [FATAL] [1790116248.807669878] [diagnostic_monitor]: CRASH DETECTED: Node aux_probe_node absent from ROS 2 graph (process crash or killed); last seen alive t=1790116248.48, missing for 0.3s
[monitor_node-12] [INFO] [1790116248.811207278] [diagnostic_monitor]: 
[monitor_node-12] ============================================================
[monitor_node-12] ROOT CAUSE DIAGNOSIS: aux_probe_node (Confidence: 1.000)
[monitor_node-12] ============================================================
[monitor_node-12] Score Breakdown  R(C) = wD*D + wT*T + wS*S + wA*A:
[monitor_node-12]   R(aux_probe_node) = 0.3·D(1.00) + 0.3·T(1.00) + 0.25·S(1.00) + 0.15·A(1.00) = 1.000
[monitor_node-12]   - Dependency D: 1.00 (reaches 0 downstream anomalous node(s); 0 anomalous upstream node(s))
[monitor_node-12]   - Temporal   T: 1.00 (first anomaly at t=1790116248.48s; earliest in window = supporting evidence, not proof of causality)
[monitor_node-12]   - Symptom    S: 1.00 (explains 1/1 anomalous nodes)
[monitor_node-12]   - Severity   A: 1.00 (max normalised severity on node, 1 direct anomaly event(s))
[monitor_node-12] 
[monitor_node-12] Propagation Chain (evidence-ordered, via discovered graph edges):
[monitor_node-12]   aux_probe_node (t=1790116248.48s: node_crash, sev=1.00)
[monitor_node-12] 
[monitor_node-12] Candidate Ranking & Evidence Comparison:
[monitor_node-12]   #2 lidar_node           R=0.415 (Δ -0.585) [no direct anomaly observed; does not reach observed symptoms via dependency edges]
[monitor_node-12] ============================================================
[monitor_node-12] [WARN] [1790116251.802513870] [diagnostic_monitor]: ANOMALY on [aux_probe_node] node_crash: Node aux_probe_node absent from ROS 2 graph (process crash or killed); last seen alive t=1790116248.48, missing for 3.3s (sev=1.00)
[monitor_node-12] [WARN] [1790116253.808890623] [diagnostic_monitor]: ANOMALY on [aux_probe_node] node_crash: Node aux_probe_node absent from ROS 2 graph (process crash or killed); last seen alive t=1790116248.48, missing for 5.3s (sev=1.00)
[monitor_node-12] [WARN] [1790116256.806826513] [diagnostic_monitor]: ANOMALY on [aux_probe_node] node_crash: Node aux_probe_node absent from ROS 2 graph (process crash or killed); last seen alive t=1790116248.48, missing for 8.3s (sev=1.00)
[monitor_node-12] [WARN] [1790116258.802221844] [diagnostic_monitor]: ANOMALY on [aux_probe_node] node_crash: Node aux_probe_node absent from ROS 2 graph (process crash or killed); last seen alive t=1790116248.48, missing for 10.3s (sev=1.00)
[monitor_node-12] [WARN] [1790116260.815025499] [diagnostic_monitor]: ANOMALY on [aux_probe_node] node_crash: Node aux_probe_node absent from ROS 2 graph (process crash or killed); last seen alive t=1790116248.48, missing for 12.3s (sev=1.00)
[monitor_node-12] [WARN] [1790116263.804947313] [diagnostic_monitor]: ANOMALY on [aux_probe_node] node_crash: Node aux_probe_node absent from ROS 2 graph (process crash or killed); last seen alive t=1790116248.48, missing for 15.3s (sev=1.00)
[monitor_node-12] [INFO] [1790116264.801276045] [diagnostic_monitor]: Discovered graph: nodes=['aux_probe_node', 'camera_node', 'control_node', 'dds_lease_probe', 'imu_node', 'lidar_node', 'localization_node', 'odometry_node', 'perception_node', 'planning_node', 'sim_world'] edges=[camera_node->perception_node, control_node->sim_world, imu_node->localization_node, lidar_node->aux_probe_node, lidar_node->perception_node, localization_node->planning_node, odometry_node->localization_node, perception_node->localization_node, perception_node->planning_node, planning_node->control_node]
[monitor_node-12] [INFO] [1790116264.804394245] [diagnostic_monitor]: Dynamically subscribed to monitor topic: /aux/lease_probe [std_msgs/msg/String]
[monitor_node-12] [WARN] [1790116266.302085839] [diagnostic_monitor]: ANOMALY on [dds_lease_probe] message_timeout: Message timeout on /aux/lease_probe: no message for 0.58s (expected ~0.100s, threshold 0.45s, last seen t=1790116265.72) (sev=0.82)
[monitor_node-12] [WARN] [1790116266.813567750] [diagnostic_monitor]: ANOMALY on [aux_probe_node] node_crash: Node aux_probe_node absent from ROS 2 graph (process crash or killed); last seen alive t=1790116248.48, missing for 18.3s (sev=1.00)
[monitor_node-12] [WARN] [1790116266.817326685] [diagnostic_monitor]: ANOMALY on [dds_lease_probe] message_timeout: Message timeout on /aux/lease_probe: no message for 1.10s (expected ~0.100s, threshold 0.45s, last seen t=1790116265.72) (sev=1.00)
[monitor_node-12] [WARN] [1790116267.303116795] [diagnostic_monitor]: ANOMALY on [dds_lease_probe] message_timeout: Message timeout on /aux/lease_probe: no message for 1.58s (expected ~0.100s, threshold 0.45s, last seen t=1790116265.72) (sev=1.00)
[monitor_node-12] [WARN] [1790116267.803427746] [diagnostic_monitor]: ANOMALY on [dds_lease_probe] message_timeout: Message timeout on /aux/lease_probe: no message for 2.08s (expected ~0.100s, threshold 0.45s, last seen t=1790116265.72) (sev=1.00)
[monitor_node-12] [WARN] [1790116268.300529911] [diagnostic_monitor]: ANOMALY on [dds_lease_probe] message_timeout: Message timeout on /aux/lease_probe: no message for 2.58s (expected ~0.100s, threshold 0.45s, last seen t=1790116265.72) (sev=1.00)
[monitor_node-12] [WARN] [1790116268.803875048] [diagnostic_monitor]: ANOMALY on [dds_lease_probe] message_timeout: Message timeout on /aux/lease_probe: no message for 3.08s (expected ~0.100s, threshold 0.45s, last seen t=1790116265.72) (sev=1.00)
[monitor_node-12] [WARN] [1790116269.301364059] [diagnostic_monitor]: ANOMALY on [dds_lease_probe] message_timeout: Message timeout on /aux/lease_probe: no message for 3.58s (expected ~0.100s, threshold 0.45s, last seen t=1790116265.72) (sev=1.00)
[monitor_node-12] [WARN] [1790116269.804889317] [diagnostic_monitor]: ANOMALY on [aux_probe_node] node_crash: Node aux_probe_node absent from ROS 2 graph (process crash or killed); last seen alive t=1790116248.48, missing for 21.3s (sev=1.00)
[monitor_node-12] [WARN] [1790116269.809271495] [diagnostic_monitor]: ANOMALY on [dds_lease_probe] message_timeout: Message timeout on /aux/lease_probe: no message for 4.09s (expected ~0.100s, threshold 0.45s, last seen t=1790116265.72) (sev=1.00)
[monitor_node-12] [WARN] [1790116270.301492669] [diagnostic_monitor]: ANOMALY on [dds_lease_probe] message_timeout: Message timeout on /aux/lease_probe: no message for 4.58s (expected ~0.100s, threshold 0.45s, last seen t=1790116265.72) (sev=1.00)
[monitor_node-12] [WARN] [1790116270.804953232] [diagnostic_monitor]: ANOMALY on [dds_lease_probe] message_timeout: Message timeout on /aux/lease_probe: no message for 5.09s (expected ~0.100s, threshold 0.45s, last seen t=1790116265.72) (sev=1.00)
[monitor_node-12] [WARN] [1790116271.300859763] [diagnostic_monitor]: ANOMALY on [dds_lease_probe] message_timeout: Message timeout on /aux/lease_probe: no message for 5.58s (expected ~0.100s, threshold 0.45s, last seen t=1790116265.72) (sev=1.00)
[monitor_node-12] [WARN] [1790116271.804558898] [diagnostic_monitor]: ANOMALY on [dds_lease_probe] message_timeout: Message timeout on /aux/lease_probe: no message for 6.08s (expected ~0.100s, threshold 0.45s, last seen t=1790116265.72) (sev=1.00)
[monitor_node-12] [WARN] [1790116272.301332984] [diagnostic_monitor]: ANOMALY on [dds_lease_probe] message_timeout: Message timeout on /aux/lease_probe: no message for 6.58s (expected ~0.100s, threshold 0.45s, last seen t=1790116265.72) (sev=1.00)
[monitor_node-12] [WARN] [1790116272.802011524] [diagnostic_monitor]: ANOMALY on [aux_probe_node] node_crash: Node aux_probe_node absent from ROS 2 graph (process crash or killed); last seen alive t=1790116248.48, missing for 24.3s (sev=1.00)
[monitor_node-12] [WARN] [1790116272.804361450] [diagnostic_monitor]: ANOMALY on [dds_lease_probe] message_timeout: Message timeout on /aux/lease_probe: no message for 7.09s (expected ~0.100s, threshold 0.45s, last seen t=1790116265.72) (sev=1.00)
[monitor_node-12] [WARN] [1790116273.305207478] [diagnostic_monitor]: ANOMALY on [dds_lease_probe] message_timeout: Message timeout on /aux/lease_probe: no message for 7.58s (expected ~0.100s, threshold 0.45s, last seen t=1790116265.72) (sev=1.00)
[monitor_node-12] [WARN] [1790116273.810142159] [diagnostic_monitor]: ANOMALY on [dds_lease_probe] message_timeout: Message timeout on /aux/lease_probe: no message for 8.08s (expected ~0.100s, threshold 0.45s, last seen t=1790116265.72) (sev=1.00)
[monitor_node-12] [WARN] [1790116274.302529237] [diagnostic_monitor]: ANOMALY on [dds_lease_probe] message_timeout: Message timeout on /aux/lease_probe: no message for 8.58s (expected ~0.100s, threshold 0.45s, last seen t=1790116265.72) (sev=1.00)
[monitor_node-12] [WARN] [1790116274.802190434] [diagnostic_monitor]: ANOMALY on [dds_lease_probe] message_timeout: Message timeout on /aux/lease_probe: no message for 9.08s (expected ~0.100s, threshold 0.45s, last seen t=1790116265.72) (sev=1.00)
[monitor_node-12] [WARN] [1790116275.301124424] [diagnostic_monitor]: ANOMALY on [dds_lease_probe] message_timeout: Message timeout on /aux/lease_probe: no message for 9.58s (expected ~0.100s, threshold 0.45s, last seen t=1790116265.72) (sev=1.00)
[monitor_node-12] [WARN] [1790116275.805215530] [diagnostic_monitor]: ANOMALY on [aux_probe_node] node_crash: Node aux_probe_node absent from ROS 2 graph (process crash or killed); last seen alive t=1790116248.48, missing for 27.3s (sev=1.00)
[monitor_node-12] [WARN] [1790116275.808143968] [diagnostic_monitor]: ANOMALY on [dds_lease_probe] message_timeout: Message timeout on /aux/lease_probe: no message for 10.09s (expected ~0.100s, threshold 0.45s, last seen t=1790116265.72) (sev=1.00)
[monitor_node-12] [WARN] [1790116276.302398472] [diagnostic_monitor]: ANOMALY on [dds_lease_probe] message_timeout: Message timeout on /aux/lease_probe: no message for 10.58s (expected ~0.100s, threshold 0.45s, last seen t=1790116265.72) (sev=1.00)
[monitor_node-12] [WARN] [1790116276.802878736] [diagnostic_monitor]: ANOMALY on [dds_lease_probe] message_timeout: Message timeout on /aux/lease_probe: no message for 11.08s (expected ~0.100s, threshold 0.45s, last seen t=1790116265.72) (sev=1.00)
[monitor_node-12] [WARN] [1790116277.302477069] [diagnostic_monitor]: ANOMALY on [dds_lease_probe] message_timeout: Message timeout on /aux/lease_probe: no message for 11.58s (expected ~0.100s, threshold 0.45s, last seen t=1790116265.72) (sev=1.00)
[monitor_node-12] [WARN] [1790116277.804784965] [diagnostic_monitor]: ANOMALY on [dds_lease_probe] message_timeout: Message timeout on /aux/lease_probe: no message for 12.08s (expected ~0.100s, threshold 0.45s, last seen t=1790116265.72) (sev=1.00)
[monitor_node-12] [WARN] [1790116278.301432425] [diagnostic_monitor]: ANOMALY on [dds_lease_probe] message_timeout: Message timeout on /aux/lease_probe: no message for 12.58s (expected ~0.100s, threshold 0.45s, last seen t=1790116265.72) (sev=1.00)
[monitor_node-12] [WARN] [1790116278.801796280] [diagnostic_monitor]: ANOMALY on [aux_probe_node] node_crash: Node aux_probe_node absent from ROS 2 graph (process crash or killed); last seen alive t=1790116248.48, missing for 30.3s (sev=1.00)
[monitor_node-12] [WARN] [1790116278.803522411] [diagnostic_monitor]: ANOMALY on [dds_lease_probe] message_timeout: Message timeout on /aux/lease_probe: no message for 13.08s (expected ~0.100s, threshold 0.45s, last seen t=1790116265.72) (sev=1.00)
[monitor_node-12] [WARN] [1790116279.302457545] [diagnostic_monitor]: ANOMALY on [dds_lease_probe] message_timeout: Message timeout on /aux/lease_probe: no message for 13.58s (expected ~0.100s, threshold 0.45s, last seen t=1790116265.72) (sev=1.00)
[monitor_node-12] [WARN] [1790116279.804365065] [diagnostic_monitor]: ANOMALY on [dds_lease_probe] message_timeout: Message timeout on /aux/lease_probe: no message for 14.08s (expected ~0.100s, threshold 0.45s, last seen t=1790116265.72) (sev=1.00)
[monitor_node-12] [WARN] [1790116280.301356956] [diagnostic_monitor]: ANOMALY on [dds_lease_probe] message_timeout: Message timeout on /aux/lease_probe: no message for 14.58s (expected ~0.100s, threshold 0.45s, last seen t=1790116265.72) (sev=1.00)
[monitor_node-12] [WARN] [1790116280.801795466] [diagnostic_monitor]: ANOMALY on [aux_probe_node] node_crash: Node aux_probe_node absent from ROS 2 graph (process crash or killed); last seen alive t=1790116248.48, missing for 32.3s (sev=1.00)
[monitor_node-12] [WARN] [1790116280.803524039] [diagnostic_monitor]: ANOMALY on [dds_lease_probe] message_timeout: Message timeout on /aux/lease_probe: no message for 15.08s (expected ~0.100s, threshold 0.45s, last seen t=1790116265.72) (sev=1.00)
[monitor_node-12] [WARN] [1790116281.301760265] [diagnostic_monitor]: ANOMALY on [dds_lease_probe] message_timeout: Message timeout on /aux/lease_probe: no message for 15.58s (expected ~0.100s, threshold 0.45s, last seen t=1790116265.72) (sev=1.00)
[monitor_node-12] [WARN] [1790116281.803441484] [diagnostic_monitor]: ANOMALY on [dds_lease_probe] message_timeout: Message timeout on /aux/lease_probe: no message for 16.08s (expected ~0.100s, threshold 0.45s, last seen t=1790116265.72) (sev=1.00)
[monitor_node-12] [WARN] [1790116282.301433914] [diagnostic_monitor]: ANOMALY on [dds_lease_probe] message_timeout: Message timeout on /aux/lease_probe: no message for 16.58s (expected ~0.100s, threshold 0.45s, last seen t=1790116265.72) (sev=1.00)
[monitor_node-12] [WARN] [1790116282.801477955] [diagnostic_monitor]: ANOMALY on [aux_probe_node] node_crash: Node aux_probe_node absent from ROS 2 graph (process crash or killed); last seen alive t=1790116248.48, missing for 34.3s (sev=1.00)
[monitor_node-12] [WARN] [1790116282.802997211] [diagnostic_monitor]: ANOMALY on [dds_lease_probe] message_timeout: Message timeout on /aux/lease_probe: no message for 17.08s (expected ~0.100s, threshold 0.45s, last seen t=1790116265.72) (sev=1.00)
[monitor_node-12] [WARN] [1790116283.301363160] [diagnostic_monitor]: ANOMALY on [dds_lease_probe] message_timeout: Message timeout on /aux/lease_probe: no message for 17.58s (expected ~0.100s, threshold 0.45s, last seen t=1790116265.72) (sev=1.00)
[monitor_node-12] [WARN] [1790116283.803432942] [diagnostic_monitor]: ANOMALY on [dds_lease_probe] message_timeout: Message timeout on /aux/lease_probe: no message for 18.08s (expected ~0.100s, threshold 0.45s, last seen t=1790116265.72) (sev=1.00)
[monitor_node-12] [WARN] [1790116284.301255975] [diagnostic_monitor]: ANOMALY on [dds_lease_probe] message_timeout: Message timeout on /aux/lease_probe: no message for 18.58s (expected ~0.100s, threshold 0.45s, last seen t=1790116265.72) (sev=1.00)
[monitor_node-12] [WARN] [1790116284.803587426] [diagnostic_monitor]: ANOMALY on [aux_probe_node] node_crash: Node aux_probe_node absent from ROS 2 graph (process crash or killed); last seen alive t=1790116248.48, missing for 36.3s (sev=1.00)
[monitor_node-12] [WARN] [1790116284.884953639] [diagnostic_monitor]: ANOMALY on [dds_lease_probe] message_timeout: Message timeout on /aux/lease_probe: no message for 19.09s (expected ~0.100s, threshold 0.45s, last seen t=1790116265.72) (sev=1.00)
[monitor_node-12] [WARN] [1790116285.301896767] [diagnostic_monitor]: ANOMALY on [dds_lease_probe] message_timeout: Message timeout on /aux/lease_probe: no message for 19.58s (expected ~0.100s, threshold 0.45s, last seen t=1790116265.72) (sev=1.00)
[monitor_node-12] [WARN] [1790116285.801274470] [diagnostic_monitor]: ANOMALY on [dds_lease_probe] node_crash: Node dds_lease_probe absent from ROS 2 graph (process crash or killed); last seen alive t=1790116265.72, missing for 20.1s (sev=1.00)
[monitor_node-12] [FATAL] [1790116285.801732396] [diagnostic_monitor]: CRASH DETECTED: Node dds_lease_probe absent from ROS 2 graph (process crash or killed); last seen alive t=1790116265.72, missing for 20.1s
[monitor_node-12] [INFO] [1790116285.802492087] [diagnostic_monitor]: Discovered graph: nodes=['aux_probe_node', 'camera_node', 'control_node', 'imu_node', 'lidar_node', 'localization_node', 'odometry_node', 'perception_node', 'planning_node', 'sim_world'] edges=[camera_node->perception_node, control_node->sim_world, imu_node->localization_node, lidar_node->aux_probe_node, lidar_node->perception_node, localization_node->planning_node, odometry_node->localization_node, perception_node->localization_node, perception_node->planning_node, planning_node->control_node]
[monitor_node-12] [WARN] [1790116287.802368520] [diagnostic_monitor]: ANOMALY on [aux_probe_node] node_crash: Node aux_probe_node absent from ROS 2 graph (process crash or killed); last seen alive t=1790116248.48, missing for 39.3s (sev=1.00)
[monitor_node-12] [WARN] [1790116287.802919129] [diagnostic_monitor]: ANOMALY on [dds_lease_probe] node_crash: Node dds_lease_probe absent from ROS 2 graph (process crash or killed); last seen alive t=1790116265.72, missing for 22.1s (sev=1.00)
[monitor_node-12] [WARN] [1790116290.802323777] [diagnostic_monitor]: ANOMALY on [aux_probe_node] node_crash: Node aux_probe_node absent from ROS 2 graph (process crash or killed); last seen alive t=1790116248.48, missing for 42.3s (sev=1.00)
[monitor_node-12] [WARN] [1790116290.802917669] [diagnostic_monitor]: ANOMALY on [dds_lease_probe] node_crash: Node dds_lease_probe absent from ROS 2 graph (process crash or killed); last seen alive t=1790116265.72, missing for 25.1s (sev=1.00)
[monitor_node-12] [WARN] [1790116292.801776272] [diagnostic_monitor]: ANOMALY on [aux_probe_node] node_crash: Node aux_probe_node absent from ROS 2 graph (process crash or killed); last seen alive t=1790116248.48, missing for 44.3s (sev=1.00)
[monitor_node-12] [WARN] [1790116292.802671196] [diagnostic_monitor]: ANOMALY on [dds_lease_probe] node_crash: Node dds_lease_probe absent from ROS 2 graph (process crash or killed); last seen alive t=1790116265.72, missing for 27.1s (sev=1.00)
[monitor_node-12] [WARN] [1790116294.802730399] [diagnostic_monitor]: ANOMALY on [aux_probe_node] node_crash: Node aux_probe_node absent from ROS 2 graph (process crash or killed); last seen alive t=1790116248.48, missing for 46.3s (sev=1.00)
[monitor_node-12] [WARN] [1790116294.803379971] [diagnostic_monitor]: ANOMALY on [dds_lease_probe] node_crash: Node dds_lease_probe absent from ROS 2 graph (process crash or killed); last seen alive t=1790116265.72, missing for 29.1s (sev=1.00)
[monitor_node-12] [WARN] [1790116297.801300452] [diagnostic_monitor]: ANOMALY on [aux_probe_node] node_crash: Node aux_probe_node absent from ROS 2 graph (process crash or killed); last seen alive t=1790116248.48, missing for 49.3s (sev=1.00)
[monitor_node-12] [WARN] [1790116297.801848740] [diagnostic_monitor]: ANOMALY on [dds_lease_probe] node_crash: Node dds_lease_probe absent from ROS 2 graph (process crash or killed); last seen alive t=1790116265.72, missing for 32.1s (sev=1.00)
[monitor_node-12] [WARN] [1790116299.802431451] [diagnostic_monitor]: ANOMALY on [aux_probe_node] node_crash: Node aux_probe_node absent from ROS 2 graph (process crash or killed); last seen alive t=1790116248.48, missing for 51.3s (sev=1.00)
[monitor_node-12] [WARN] [1790116299.802998427] [diagnostic_monitor]: ANOMALY on [dds_lease_probe] node_crash: Node dds_lease_probe absent from ROS 2 graph (process crash or killed); last seen alive t=1790116265.72, missing for 34.1s (sev=1.00)
[monitor_node-12] [WARN] [1790116301.801981279] [diagnostic_monitor]: ANOMALY on [aux_probe_node] node_crash: Node aux_probe_node absent from ROS 2 graph (process crash or killed); last seen alive t=1790116248.48, missing for 53.3s (sev=1.00)
[monitor_node-12] [WARN] [1790116301.802781709] [diagnostic_monitor]: ANOMALY on [dds_lease_probe] node_crash: Node dds_lease_probe absent from ROS 2 graph (process crash or killed); last seen alive t=1790116265.72, missing for 36.1s (sev=1.00)
[monitor_node-12] [WARN] [1790116304.802775556] [diagnostic_monitor]: ANOMALY on [aux_probe_node] node_crash: Node aux_probe_node absent from ROS 2 graph (process crash or killed); last seen alive t=1790116248.48, missing for 56.3s (sev=1.00)
[monitor_node-12] [WARN] [1790116304.803631353] [diagnostic_monitor]: ANOMALY on [dds_lease_probe] node_crash: Node dds_lease_probe absent from ROS 2 graph (process crash or killed); last seen alive t=1790116265.72, missing for 39.1s (sev=1.00)
[monitor_node-12] [WARN] [1790116307.801772394] [diagnostic_monitor]: ANOMALY on [aux_probe_node] node_crash: Node aux_probe_node absent from ROS 2 graph (process crash or killed); last seen alive t=1790116248.48, missing for 59.3s (sev=1.00)
[monitor_node-12] [WARN] [1790116307.802322745] [diagnostic_monitor]: ANOMALY on [dds_lease_probe] node_crash: Node dds_lease_probe absent from ROS 2 graph (process crash or killed); last seen alive t=1790116265.72, missing for 42.1s (sev=1.00)
[monitor_node-12] [INFO] [1790116308.805485083] [diagnostic_monitor]: Discovered graph: nodes=['camera_node', 'control_node', 'imu_node', 'lidar_node', 'localization_node', 'odometry_node', 'perception_node', 'planning_node', 'sim_world'] edges=[camera_node->perception_node, control_node->sim_world, imu_node->localization_node, lidar_node->perception_node, localization_node->planning_node, odometry_node->localization_node, perception_node->localization_node, perception_node->planning_node, planning_node->control_node]
[monitor_node-12] [WARN] [1790116309.803502726] [diagnostic_monitor]: ANOMALY on [dds_lease_probe] node_crash: Node dds_lease_probe absent from ROS 2 graph (process crash or killed); last seen alive t=1790116265.72, missing for 44.1s (sev=1.00)
[monitor_node-12] [WARN] [1790116312.802171962] [diagnostic_monitor]: ANOMALY on [dds_lease_probe] node_crash: Node dds_lease_probe absent from ROS 2 graph (process crash or killed); last seen alive t=1790116265.72, missing for 47.1s (sev=1.00)
[monitor_node-12] [INFO] [1790116313.804489958] [diagnostic_monitor]: 
[monitor_node-12] ============================================================
[monitor_node-12] ROOT CAUSE DIAGNOSIS: dds_lease_probe (Confidence: 1.000)
[monitor_node-12] ============================================================
[monitor_node-12] Score Breakdown  R(C) = wD*D + wT*T + wS*S + wA*A:
[monitor_node-12]   R(dds_lease_probe) = 0.3·D(1.00) + 0.3·T(1.00) + 0.25·S(1.00) + 0.15·A(1.00) = 1.000
[monitor_node-12]   - Dependency D: 1.00 (reaches 0 downstream anomalous node(s); 0 anomalous upstream node(s))
[monitor_node-12]   - Temporal   T: 1.00 (first anomaly at t=1790116265.72s; earliest in window = supporting evidence, not proof of causality)
[monitor_node-12]   - Symptom    S: 1.00 (explains 1/1 anomalous nodes)
[monitor_node-12]   - Severity   A: 1.00 (max normalised severity on node, 2 direct anomaly event(s))
[monitor_node-12] 
[monitor_node-12] Propagation Chain (evidence-ordered, via discovered graph edges):
[monitor_node-12]   dds_lease_probe (t=1790116265.72s: node_crash, sev=1.00)
[monitor_node-12] 
[monitor_node-12] ============================================================
[monitor_node-12] [WARN] [1790116314.803750121] [diagnostic_monitor]: ANOMALY on [dds_lease_probe] node_crash: Node dds_lease_probe absent from ROS 2 graph (process crash or killed); last seen alive t=1790116265.72, missing for 49.1s (sev=1.00)
[monitor_node-12] [WARN] [1790116317.802406311] [diagnostic_monitor]: ANOMALY on [dds_lease_probe] node_crash: Node dds_lease_probe absent from ROS 2 graph (process crash or killed); last seen alive t=1790116265.72, missing for 52.1s (sev=1.00)
[monitor_node-12] [WARN] [1790116319.802701041] [diagnostic_monitor]: ANOMALY on [dds_lease_probe] node_crash: Node dds_lease_probe absent from ROS 2 graph (process crash or killed); last seen alive t=1790116265.72, missing for 54.1s (sev=1.00)
[monitor_node-12] [WARN] [1790116322.806995199] [diagnostic_monitor]: ANOMALY on [dds_lease_probe] node_crash: Node dds_lease_probe absent from ROS 2 graph (process crash or killed); last seen alive t=1790116265.72, missing for 57.1s (sev=1.00)
[monitor_node-12] [INFO] [1790116328.808542842] [diagnostic_monitor]: Anomaly window cleared. System operating nominally.
