[INFO] [1790112986.211339142] [experiment_controller]: ExperimentController ready with DB: /home/lynx/ros2_rca_ws/events.db
[INFO] [1790113011.415183057] [experiment_controller]: >>> Cleared all faults.
[INFO] [1790113071.618674821] [experiment_controller]: >>> Cleared all faults.
[INFO] [1790113073.822624443] [experiment_controller]: >>> Injected noise on lidar_node (param=8.0, dur=10.0s)
[INFO] [1790113081.824913697] [experiment_controller]: >>> Cleared all faults.
[INFO] [1790113082.031083403] [experiment_controller]: >>> Cleared all faults.
[INFO] [1790113089.743982214] [experiment_controller]: >>> Injected dropout on lidar_node (param=1.0, dur=10.0s)
[INFO] [1790113097.754586709] [experiment_controller]: >>> Cleared all faults.
[INFO] [1790113097.959987572] [experiment_controller]: >>> Cleared all faults.
[INFO] [1790113105.674614523] [experiment_controller]: >>> Injected degradation on perception_node (param=0.0, dur=10.0s)
[INFO] [1790113113.683384506] [experiment_controller]: >>> Cleared all faults.
[INFO] [1790113113.894897495] [experiment_controller]: >>> Cleared all faults.
[INFO] [1790113121.607716367] [experiment_controller]: >>> Injected crash on perception_node (param=0.0, dur=1.0s)
[INFO] [1790113131.614542956] [experiment_controller]: >>> Cleared all faults.
[INFO] [1790113131.820376404] [experiment_controller]: >>> Cleared all faults.
[INFO] [1790113135.528416819] [experiment_controller]: >>> Injected localization_failure on localization_node (param=20.0, dur=10.0s)
[INFO] [1790113143.537603878] [experiment_controller]: >>> Cleared all faults.
[INFO] [1790113143.748229738] [experiment_controller]: >>> Cleared all faults.
[INFO] [1790113151.961556818] [experiment_controller]: >>> Injected control_failure on control_node (param=1.0, dur=10.0s)
[INFO] [1790113159.965079154] [experiment_controller]: >>> Cleared all faults.
[INFO] [1790113160.173725795] [experiment_controller]: >>> Cleared all faults.
[INFO] [1790113167.886154386] [experiment_controller]: >>> Injected latency on perception_node (param=0.4, dur=10.0s)
[INFO] [1790113175.889013124] [experiment_controller]: >>> Cleared all faults.
[INFO] [1790113176.099213149] [experiment_controller]: >>> Cleared all faults.
[INFO] [1790113183.810441225] [experiment_controller]: >>> Injected jitter on lidar_node (param=0.25, dur=10.0s)
[INFO] [1790113191.815421772] [experiment_controller]: >>> Cleared all faults.
[INFO] [1790113192.025790206] [experiment_controller]: >>> Cleared all faults.
[INFO] [1790113199.738189306] [experiment_controller]: >>> Injected loss on lidar_node (param=0.6, dur=10.0s)
[INFO] [1790113207.739829238] [experiment_controller]: >>> Cleared all faults.
[INFO] [1790113207.947865096] [experiment_controller]: >>> Cleared all faults.
[INFO] [1790113215.158183611] [experiment_controller]: >>> Injected workload on perception_node (param=150.0, dur=10.0s)
Event store: /home/lynx/ros2_rca_ws/events.db
Simulator backend: rca_sim
Waiting 25.0s (fault-free warm-up)...
warm-up 25.0s: anomalies 0, diagnoses 0
discovered graph: 9 nodes 9 edges: [('camera_node', 'perception_node'), ('control_node', 'sim_world'), ('imu_node', 'localization_node'), ('lidar_node', 'perception_node'), ('localization_node', 'planning_node'), ('odometry_node', 'localization_node'), ('perception_node', 'localization_node'), ('perception_node', 'planning_node'), ('planning_node', 'control_node')]

========================================================================
NOMINAL SOAK: observing fault-free operation for 60s
========================================================================
  duration 60.0s | anomalies 0 | diagnoses (false alarms) 0

==============================================================================
S01 sensor degradation: LiDAR noise / invalid returns   [rep 0]
  faults: lidar_node:noise(p=8.0, +0.0s, 10.0s)
==============================================================================
  predicted=lidar_node  accepted=['lidar_node']  top1=PASS rank=1  det=0.18s diag=0.19s FDR=0.0 chain_acc=1.0 phys_cov=0.4
  anomalous nodes: ['lidar_node', 'perception_node']  chain: ['lidar_node', 'perception_node']
  baselines (identical evidence):  independent=PASS  temporal_only=PASS  static_dep_anom=PASS  static_dep_temp=PASS  proposed=PASS
  ablation:  full=PASS  no_D=PASS  no_T=PASS  no_S=PASS  no_A=PASS

Results written to runs/simulation/bench3/results.json

==============================================================================
S02 sensor dropout: LiDAR stops publishing   [rep 0]
  faults: lidar_node:dropout(p=1.0, +0.0s, 10.0s)
==============================================================================
  predicted=lidar_node  accepted=['lidar_node']  top1=PASS rank=1  det=0.766s diag=0.766s FDR=0.0 chain_acc=1.0 phys_cov=0.6
  anomalous nodes: ['lidar_node', 'localization_node', 'perception_node']  chain: ['lidar_node', 'perception_node', 'localization_node']
  baselines (identical evidence):  independent=FAIL  temporal_only=PASS  static_dep_anom=PASS  static_dep_temp=PASS  proposed=PASS
  ablation:  full=PASS  no_D=PASS  no_T=PASS  no_S=PASS  no_A=PASS

Results written to runs/simulation/bench3/results.json

==============================================================================
S03 perception processing degradation: empty obstacle sets   [rep 0]
  faults: perception_node:degradation(p=0.0, +0.0s, 10.0s)
==============================================================================
  predicted=perception_node  accepted=['perception_node']  top1=PASS rank=1  det=0.132s diag=0.34s FDR=0.0 chain_acc=1.0 phys_cov=0.5
  anomalous nodes: ['localization_node', 'perception_node']  chain: ['perception_node', 'localization_node']
  baselines (identical evidence):  independent=FAIL  temporal_only=PASS  static_dep_anom=PASS  static_dep_temp=PASS  proposed=PASS
  ablation:  full=PASS  no_D=PASS  no_T=PASS  no_S=PASS  no_A=PASS

Results written to runs/simulation/bench3/results.json

==============================================================================
S04 perception node failure (process crash, respawned by launch)   [rep 0]
  faults: perception_node:crash(p=0.0, +0.0s, 1.0s)
==============================================================================
  predicted=perception_node  accepted=['perception_node']  top1=PASS rank=1  det=0.903s diag=0.903s FDR=0.0 chain_acc=1.0 phys_cov=0.5
  anomalous nodes: ['localization_node', 'perception_node']  chain: ['perception_node', 'localization_node']
  baselines (identical evidence):  independent=FAIL  temporal_only=PASS  static_dep_anom=PASS  static_dep_temp=PASS  proposed=PASS
  ablation:  full=PASS  no_D=PASS  no_T=PASS  no_S=PASS  no_A=PASS

Results written to runs/simulation/bench3/results.json

==============================================================================
S05 localization failure: pose jump + uncertainty spike   [rep 0]
  faults: localization_node:localization_failure(p=20.0, +0.0s, 10.0s)
==============================================================================
  predicted=localization_node  accepted=['localization_node']  top1=PASS rank=1  det=0.057s diag=0.485s FDR=0.0 chain_acc=1.0 phys_cov=1.0
  anomalous nodes: ['control_node', 'localization_node', 'planning_node']  chain: ['localization_node', 'planning_node', 'control_node']
  baselines (identical evidence):  independent=PASS  temporal_only=PASS  static_dep_anom=PASS  static_dep_temp=PASS  proposed=PASS
  ablation:  full=PASS  no_D=PASS  no_T=PASS  no_S=PASS  no_A=PASS

Results written to runs/simulation/bench3/results.json

==============================================================================
S06 control failure: erratic velocity commands   [rep 0]
  faults: control_node:control_failure(p=1.0, +0.0s, 10.0s)
==============================================================================
  predicted=control_node  accepted=['control_node']  top1=PASS rank=1  det=2.009s diag=2.051s FDR=0.0 chain_acc=1.0 phys_cov=1.0
  anomalous nodes: ['control_node']  chain: ['control_node']
  baselines (identical evidence):  independent=PASS  temporal_only=PASS  static_dep_anom=PASS  static_dep_temp=PASS  proposed=PASS
  ablation:  full=PASS  no_D=PASS  no_T=PASS  no_S=PASS  no_A=PASS

Results written to runs/simulation/bench3/results.json

==============================================================================
S07 communication: perception output delayed 0.4 s   [rep 0]
  faults: perception_node:latency(p=0.4, +0.0s, 10.0s)
==============================================================================
  predicted=perception_node  accepted=['perception_node']  top1=PASS rank=1  det=0.526s diag=0.624s FDR=0.0 chain_acc=0.5 phys_cov=0.25
  anomalous nodes: ['perception_node']  chain: ['perception_node']
  baselines (identical evidence):  independent=PASS  temporal_only=PASS  static_dep_anom=PASS  static_dep_temp=PASS  proposed=PASS
  ablation:  full=PASS  no_D=PASS  no_T=PASS  no_S=PASS  no_A=PASS

Results written to runs/simulation/bench3/results.json

==============================================================================
S08 communication: LiDAR link jitter (sigma 0.25 s)   [rep 0]
  faults: lidar_node:jitter(p=0.25, +0.0s, 10.0s)
==============================================================================
  predicted=lidar_node  accepted=['lidar_node']  top1=PASS rank=1  det=0.442s diag=0.7s FDR=0.0 chain_acc=1.0 phys_cov=0.6667
  anomalous nodes: ['lidar_node', 'perception_node']  chain: ['lidar_node', 'perception_node']
  baselines (identical evidence):  independent=FAIL  temporal_only=PASS  static_dep_anom=PASS  static_dep_temp=PASS  proposed=PASS
  ablation:  full=PASS  no_D=PASS  no_T=PASS  no_S=PASS  no_A=PASS

Results written to runs/simulation/bench3/results.json

==============================================================================
S09 communication: LiDAR message loss 60 %   [rep 0]
  faults: lidar_node:loss(p=0.6, +0.0s, 10.0s)
==============================================================================
  predicted=lidar_node  accepted=['lidar_node']  top1=PASS rank=1  det=1.274s diag=1.274s FDR=0.2143 chain_acc=1.0 phys_cov=0.6667
  anomalous nodes: ['lidar_node', 'perception_node']  chain: ['lidar_node', 'perception_node']
  baselines (identical evidence):  independent=FAIL  temporal_only=FAIL  static_dep_anom=PASS  static_dep_temp=PASS  proposed=PASS
  ablation:  full=PASS  no_D=PASS  no_T=PASS  no_S=PASS  no_A=PASS

Results written to runs/simulation/bench3/results.json

==============================================================================
S10 workload: perception CPU work 150 ms per callback   [rep 0]
  faults: perception_node:workload(p=150.0, +0.0s, 10.0s)
==============================================================================
  predicted=perception_node  accepted=['perception_node']  top1=PASS rank=1  det=0.816s diag=0.854s FDR=0.0 chain_acc=1.0 phys_cov=0.3333
  anomalous nodes: ['perception_node']  chain: ['perception_node']
  baselines (identical evidence):  independent=PASS  temporal_only=PASS  static_dep_anom=PASS[INFO] [1790113223.163993351] [experiment_controller]: >>> Cleared all faults.
[INFO] [1790113223.379055913] [experiment_controller]: >>> Cleared all faults.
[INFO] [1790113231.110121030] [experiment_controller]: >>> Injected stop on localization_node (param=0.0, dur=1.0s)
[INFO] [1790113241.094946540] [experiment_controller]: >>> Cleared all faults.
[INFO] [1790113241.305370190] [experiment_controller]: >>> Cleared all faults.
[INFO] [1790113249.521245582] [experiment_controller]: >>> Injected restart on camera_node (param=6.0, dur=1.0s)
[INFO] [1790113259.525391735] [experiment_controller]: >>> Cleared all faults.
[INFO] [1790113259.740902655] [experiment_controller]: >>> Cleared all faults.
[INFO] [1790113263.948248229] [experiment_controller]: >>> Injected topic_change on planning_node (param=1.0, dur=10.0s)
[INFO] [1790113271.948215474] [experiment_controller]: >>> Cleared all faults.
[INFO] [1790113272.157973078] [experiment_controller]: >>> Cleared all faults.
[INFO] [1790113274.361949725] [experiment_controller]: >>> Injected noise on lidar_node (param=8.0, dur=10.0s)
[INFO] [1790113276.361858119] [experiment_controller]: >>> Injected jitter on perception_node (param=0.3, dur=10.0s)
[INFO] [1790113284.368833545] [experiment_controller]: >>> Cleared all faults.
[INFO] [1790113284.579699339] [experiment_controller]: >>> Cleared all faults.
[INFO] [1790113292.292846965] [experiment_controller]: >>> Injected noise on lidar_node (param=8.0, dur=10.0s)
[INFO] [1790113293.794204305] [experiment_controller]: >>> Injected workload on perception_node (param=150.0, dur=10.0s)
[INFO] [1790113302.296952167] [experiment_controller]: >>> Cleared all faults.
[INFO] [1790113302.515604858] [experiment_controller]: >>> Cleared all faults.
[INFO] [1790113310.729704023] [experiment_controller]: >>> Injected degradation on perception_node (param=0.0, dur=10.0s)
[INFO] [1790113311.730227129] [experiment_controller]: >>> Injected degradation on localization_node (param=0.6, dur=10.0s)
[INFO] [1790113320.741159252] [experiment_controller]: >>> Cleared all faults.
[INFO] [1790113320.953852897] [experiment_controller]: >>> Cleared all faults.
[INFO] [1790113329.168791554] [experiment_controller]: >>> Injected stale on odometry_node (param=1.0, dur=10.0s)
[INFO] [1790113339.187858097] [experiment_controller]: >>> Cleared all faults.
[INFO] [1790113339.406422505] [experiment_controller]: >>> Cleared all faults.
[INFO] [1790113347.118555947] [experiment_controller]: >>> Injected workload on perception_node (param=120.0, dur=10.0s)
[INFO] [1790113350.118574999] [experiment_controller]: >>> Injected localization_failure on localization_node (param=20.0, dur=10.0s)
[INFO] [1790113357.132481008] [experiment_controller]: >>> Cleared all faults.
[INFO] [1790113357.353395198] [experiment_controller]: >>> Cleared all faults.
[INFO] [1790113365.068495839] [experiment_controller]: >>> Injected dropout on camera_node (param=1.0, dur=10.0s)
[INFO] [1790113375.075550671] [experiment_controller]: >>> Cleared all faults.
[INFO] [1790113375.306751972] [experiment_controller]: >>> Cleared all faults.
[INFO] [1790113384.021284050] [experiment_controller]: >>> Injected dropout on lidar_node (param=1.0, dur=10.0s)
[INFO] [1790113387.021342131] [experiment_controller]: >>> Injected stop on localization_node (param=0.0, dur=1.0s)
  static_dep_temp=PASS  proposed=PASS
  ablation:  full=PASS  no_D=PASS  no_T=PASS  no_S=PASS  no_A=PASS

Results written to runs/simulation/bench3/results.json

==============================================================================
S11 node restart: localization clean stop, respawned after 4 s   [rep 0]
  faults: localization_node:stop(p=0.0, +0.0s, 1.0s)
==============================================================================
  predicted=planning_node  accepted=['localization_node']  top1=FAIL rank=5  det=0.419s diag=0.419s FDR=0.05 chain_acc=0.5 phys_cov=0.3333
  anomalous nodes: ['localization_node', 'planning_node']  chain: ['planning_node']
  baselines (identical evidence):  independent=FAIL  temporal_only=PASS  static_dep_anom=PASS  static_dep_temp=PASS  proposed=PASS
  ablation:  full=PASS  no_D=PASS  no_T=PASS  no_S=PASS  no_A=PASS

Results written to runs/simulation/bench3/results.json

==============================================================================
S12 node disappearance / reappearance: camera removed for 6 s   [rep 0]
  faults: camera_node:restart(p=6.0, +0.0s, 1.0s)
==============================================================================
  predicted=camera_node  accepted=['camera_node']  top1=PASS rank=1  det=0.489s diag=0.501s FDR=0.0 chain_acc=1.0 phys_cov=0.6
  anomalous nodes: ['camera_node', 'localization_node', 'perception_node']  chain: ['camera_node', 'perception_node', 'localization_node']
  baselines (identical evidence):  independent=FAIL  temporal_only=PASS  static_dep_anom=PASS  static_dep_temp=PASS  proposed=PASS
  ablation:  full=PASS  no_D=PASS  no_T=PASS  no_S=PASS  no_A=PASS

Results written to runs/simulation/bench3/results.json

==============================================================================
S13 runtime topic change: planner switches pose source to raw odometry (no fault)   [rep 0]
  faults: planning_node:topic_change(p=1.0, +0.0s, 10.0s)
==============================================================================
  graph-change scenario: diagnoses raised = 0  -> PASS

Results written to runs/simulation/bench3/results.json

==============================================================================
S14 compound: LiDAR noise + perception link jitter 2 s later   [rep 0]
  faults: lidar_node:noise(p=8.0, +0.0s, 10.0s); perception_node:jitter(p=0.3, +2.0s, 10.0s)
==============================================================================
  predicted=lidar_node  accepted=['lidar_node', 'perception_node']  top1=PASS rank=1  det=0.141s diag=0.148s FDR=0.0 chain_acc=1.0 phys_cov=0.4
  anomalous nodes: ['lidar_node', 'perception_node']  chain: ['lidar_node', 'perception_node']
  baselines (identical evidence):  independent=PASS  temporal_only=PASS  static_dep_anom=PASS  static_dep_temp=PASS  proposed=PASS
  ablation:  full=PASS  no_D=PASS  no_T=PASS  no_S=PASS  no_A=PASS

Results written to runs/simulation/bench3/results.json

==============================================================================
S15 compound: LiDAR noise + perception workload 1.5 s later   [rep 0]
  faults: lidar_node:noise(p=8.0, +0.0s, 10.0s); perception_node:workload(p=150.0, +1.5s, 10.0s)
==============================================================================
  predicted=lidar_node  accepted=['lidar_node', 'perception_node']  top1=PASS rank=1  det=0.209s diag=0.217s FDR=0.0 chain_acc=1.0 phys_cov=0.4
  anomalous nodes: ['lidar_node', 'perception_node']  chain: ['lidar_node', 'perception_node']
  baselines (identical evidence):  independent=PASS  temporal_only=PASS  static_dep_anom=PASS  static_dep_temp=PASS  proposed=PASS
  ablation:  full=PASS  no_D=PASS  no_T=PASS  no_S=PASS  no_A=PASS

Results written to runs/simulation/bench3/results.json

==============================================================================
S16 compound: perception degradation + localization degradation 1 s later   [rep 0]
  faults: perception_node:degradation(p=0.0, +0.0s, 10.0s); localization_node:degradation(p=0.6, +1.0s, 10.0s)
==============================================================================
  predicted=perception_node  accepted=['perception_node', 'localization_node']  top1=PASS rank=1  det=0.181s diag=0.287s FDR=0.0 chain_acc=0.5 phys_cov=1.0
  anomalous nodes: ['control_node', 'localization_node', 'perception_node', 'planning_node']  chain: ['perception_node', 'localization_node', 'planning_node', 'control_node']
  baselines (identical evidence):  independent=PASS  temporal_only=PASS  static_dep_anom=PASS  static_dep_temp=PASS  proposed=PASS
  ablation:  full=PASS  no_D=PASS  no_T=PASS  no_S=PASS  no_A=PASS

Results written to runs/simulation/bench3/results.json

==============================================================================
S17 ambiguous: mild upstream (stale odometry) with strong downstream symptoms   [rep 0]
  faults: odometry_node:stale(p=1.0, +0.0s, 10.0s)
==============================================================================
  predicted=odometry_node  accepted=['odometry_node']  top1=PASS rank=1  det=0.063s diag=0.341s FDR=0.0 chain_acc=1.0 phys_cov=0.75
  anomalous nodes: ['localization_node', 'odometry_node', 'planning_node']  chain: ['odometry_node', 'localization_node', 'planning_node']
  baselines (identical evidence):  independent=FAIL  temporal_only=PASS  static_dep_anom=PASS  static_dep_temp=PASS  proposed=PASS
  ablation:  full=PASS  no_D=PASS  no_T=PASS  no_S=PASS  no_A=PASS

Results written to runs/simulation/bench3/results.json

==============================================================================
S18 ambiguous: mild perception workload, then strong localization failure 3 s later   [rep 0]
  faults: perception_node:workload(p=120.0, +0.0s, 10.0s); localization_node:localization_failure(p=20.0, +3.0s, 10.0s)
==============================================================================
  predicted=perception_node  accepted=['perception_node', 'localization_node']  top1=PASS rank=1  det=0.737s diag=0.894s FDR=0.0 chain_acc=1.0 phys_cov=1.0
  anomalous nodes: ['control_node', 'localization_node', 'perception_node', 'planning_node']  chain: ['perception_node', 'localization_node', 'planning_node', 'control_node']
  baselines (identical evidence):  independent=PASS  temporal_only=PASS  static_dep_anom=PASS  static_dep_temp=PASS  proposed=PASS
  ablation:  full=PASS  no_D=PASS  no_T=PASS  no_S=PASS  no_A=PASS

Results written to runs/simulation/bench3/results.json

==============================================================================
S20 ambiguous: low-rate camera dropout; perception empties before the camera timeout is confirmable   [rep 0]
  faults: camera_node:dropout(p=1.0, +0.0s, 10.0s)
==============================================================================
  predicted=camera_node  accepted=['camera_node']  top1=PASS rank=1  det=0.544s diag=0.945s FDR=0.0 chain_acc=0.6 phys_cov=1.0
  anomalous nodes: ['camera_node', 'control_node', 'localization_node', 'perception_node', 'planning_node']  chain: ['camera_node', 'perception_node', 'localization_node', 'planning_node', 'control_node']
  baselines (identical evidence):  independent=FAIL  temporal_only=FAIL  static_dep_anom=PASS  static_dep_temp=PASS  proposed=PASS
  ablation:  full=PASS  no_D=PASS  no_T=PASS  no_S=PASS  no_A=PASS

Results written to runs/simulation/bench3/results.json

==============================================================================
S19 ambiguous: LiDAR dropout, localization stops mid-incident (graph changes)   [rep 0]
  faults: lidar_node:dropout(p=1.0, +0.0s, 10.0s); localization_node:stop(p=0.0, +3.0s, 1.0s)
==============================================================================
  predicted=lidar_node  accepted=['lidar_node', 'localization_node']  top1=PASS rank=1  det=0.489s diag=0.489s FDR=0.0 chain_acc=0.75 phys_cov=0.8
  anomalous nodes: ['lidar_node', 'localization_node', 'perception_node', 'planning_node']  chain: ['lidar_node', 'perception_node', 'localization_node', 'planning_node']
  baselines (identical evidence):  independent=FAIL  temporal_only=PASS  static_dep_anom=PASS  static_dep_temp=PASS  proposed=PASS[INFO] [1790113396.026981436] [experiment_controller]: >>> Cleared all faults.
[INFO] [1790113396.254416594] [experiment_controller]: >>> Cleared all faults.
[INFO] [1790113403.466934970] [experiment_controller]: >>> Injected noise on lidar_node (param=8.0, dur=10.0s)
[INFO] [1790113411.469904726] [experiment_controller]: >>> Cleared all faults.
[INFO] [1790113411.685159956] [experiment_controller]: >>> Cleared all faults.
[INFO] [1790113419.397970416] [experiment_controller]: >>> Injected dropout on lidar_node (param=1.0, dur=10.0s)
[INFO] [1790113427.401900710] [experiment_controller]: >>> Cleared all faults.
[INFO] [1790113427.645694670] [experiment_controller]: >>> Cleared all faults.
[INFO] [1790113435.859215304] [experiment_controller]: >>> Injected degradation on perception_node (param=0.0, dur=10.0s)
[INFO] [1790113443.865465513] [experiment_controller]: >>> Cleared all faults.
[INFO] [1790113444.091037946] [experiment_controller]: >>> Cleared all faults.
[INFO] [1790113451.802882770] [experiment_controller]: >>> Injected crash on perception_node (param=0.0, dur=1.0s)
[INFO] [1790113461.807098111] [experiment_controller]: >>> Cleared all faults.
[INFO] [1790113462.025789651] [experiment_controller]: >>> Cleared all faults.
[INFO] [1790113465.732848875] [experiment_controller]: >>> Injected localization_failure on localization_node (param=20.0, dur=10.0s)
[INFO] [1790113473.738785072] [experiment_controller]: >>> Cleared all faults.
[INFO] [1790113473.960270500] [experiment_controller]: >>> Cleared all faults.
[INFO] [1790113481.673036687] [experiment_controller]: >>> Injected control_failure on control_node (param=1.0, dur=10.0s)
[INFO] [1790113489.675368902] [experiment_controller]: >>> Cleared all faults.
[INFO] [1790113489.899339348] [experiment_controller]: >>> Cleared all faults.
[INFO] [1790113497.112264194] [experiment_controller]: >>> Injected latency on perception_node (param=0.4, dur=10.0s)
[INFO] [1790113505.114617854] [experiment_controller]: >>> Cleared all faults.
[INFO] [1790113505.334488658] [experiment_controller]: >>> Cleared all faults.
[INFO] [1790113513.046154893] [experiment_controller]: >>> Injected jitter on lidar_node (param=0.25, dur=10.0s)
[INFO] [1790113521.048889693] [experiment_controller]: >>> Cleared all faults.
[INFO] [1790113521.270823203] [experiment_controller]: >>> Cleared all faults.
[INFO] [1790113528.981733097] [experiment_controller]: >>> Injected loss on lidar_node (param=0.6, dur=10.0s)
[INFO] [1790113536.983574147] [experiment_controller]: >>> Cleared all faults.
[INFO] [1790113537.210203333] [experiment_controller]: >>> Cleared all faults.
[INFO] [1790113543.419332356] [experiment_controller]: >>> Injected workload on perception_node (param=150.0, dur=10.0s)
[INFO] [1790113551.421788151] [experiment_controller]: >>> Cleared all faults.
[INFO] [1790113551.641288137] [experiment_controller]: >>> Cleared all faults.
[INFO] [1790113559.853263023] [experiment_controller]: >>> Injected stop on localization_node (param=0.0, dur=1.0s)

  ablation:  full=PASS  no_D=PASS  no_T=PASS  no_S=PASS  no_A=PASS

Results written to runs/simulation/bench3/results.json

==============================================================================
S01 sensor degradation: LiDAR noise / invalid returns   [rep 1]
  faults: lidar_node:noise(p=8.0, +0.0s, 10.0s)
==============================================================================
  predicted=lidar_node  accepted=['lidar_node']  top1=PASS rank=1  det=0.135s diag=0.546s FDR=0.0 chain_acc=1.0 phys_cov=0.4
  anomalous nodes: ['lidar_node', 'perception_node']  chain: ['lidar_node', 'perception_node']
  baselines (identical evidence):  independent=PASS  temporal_only=PASS  static_dep_anom=PASS  static_dep_temp=PASS  proposed=PASS
  ablation:  full=PASS  no_D=PASS  no_T=PASS  no_S=PASS  no_A=PASS

Results written to runs/simulation/bench3/results.json

==============================================================================
S02 sensor dropout: LiDAR stops publishing   [rep 1]
  faults: lidar_node:dropout(p=1.0, +0.0s, 10.0s)
==============================================================================
  predicted=lidar_node  accepted=['lidar_node']  top1=PASS rank=1  det=0.614s diag=0.614s FDR=0.0 chain_acc=1.0 phys_cov=0.6
  anomalous nodes: ['lidar_node', 'localization_node', 'perception_node']  chain: ['lidar_node', 'perception_node', 'localization_node']
  baselines (identical evidence):  independent=FAIL  temporal_only=PASS  static_dep_anom=PASS  static_dep_temp=PASS  proposed=PASS
  ablation:  full=PASS  no_D=PASS  no_T=PASS  no_S=PASS  no_A=PASS

Results written to runs/simulation/bench3/results.json

==============================================================================
S03 perception processing degradation: empty obstacle sets   [rep 1]
  faults: perception_node:degradation(p=0.0, +0.0s, 10.0s)
==============================================================================
  predicted=perception_node  accepted=['perception_node']  top1=PASS rank=1  det=0.155s diag=0.651s FDR=0.0 chain_acc=1.0 phys_cov=0.5
  anomalous nodes: ['localization_node', 'perception_node']  chain: ['perception_node', 'localization_node']
  baselines (identical evidence):  independent=FAIL  temporal_only=PASS  static_dep_anom=PASS  static_dep_temp=PASS  proposed=PASS
  ablation:  full=PASS  no_D=PASS  no_T=PASS  no_S=PASS  no_A=PASS

Results written to runs/simulation/bench3/results.json

==============================================================================
S04 perception node failure (process crash, respawned by launch)   [rep 1]
  faults: perception_node:crash(p=0.0, +0.0s, 1.0s)
==============================================================================
  predicted=perception_node  accepted=['perception_node']  top1=PASS rank=1  det=0.707s diag=0.707s FDR=0.0 chain_acc=1.0 phys_cov=0.5
  anomalous nodes: ['localization_node', 'perception_node']  chain: ['perception_node', 'localization_node']
  baselines (identical evidence):  independent=FAIL  temporal_only=PASS  static_dep_anom=PASS  static_dep_temp=PASS  proposed=PASS
  ablation:  full=PASS  no_D=PASS  no_T=PASS  no_S=PASS  no_A=PASS

Results written to runs/simulation/bench3/results.json

==============================================================================
S05 localization failure: pose jump + uncertainty spike   [rep 1]
  faults: localization_node:localization_failure(p=20.0, +0.0s, 10.0s)
==============================================================================
  predicted=localization_node  accepted=['localization_node']  top1=PASS rank=1  det=0.056s diag=0.279s FDR=0.0 chain_acc=1.0 phys_cov=1.0
  anomalous nodes: ['control_node', 'localization_node', 'planning_node']  chain: ['localization_node', 'planning_node', 'control_node']
  baselines (identical evidence):  independent=PASS  temporal_only=PASS  static_dep_anom=PASS  static_dep_temp=PASS  proposed=PASS
  ablation:  full=PASS  no_D=PASS  no_T=PASS  no_S=PASS  no_A=PASS

Results written to runs/simulation/bench3/results.json

==============================================================================
S06 control failure: erratic velocity commands   [rep 1]
  faults: control_node:control_failure(p=1.0, +0.0s, 10.0s)
==============================================================================
  predicted=control_node  accepted=['control_node']  top1=PASS rank=1  det=0.898s diag=1.34s FDR=0.0 chain_acc=1.0 phys_cov=1.0
  anomalous nodes: ['control_node']  chain: ['control_node']
  baselines (identical evidence):  independent=PASS  temporal_only=PASS  static_dep_anom=PASS  static_dep_temp=PASS  proposed=PASS
  ablation:  full=PASS  no_D=PASS  no_T=PASS  no_S=PASS  no_A=PASS

Results written to runs/simulation/bench3/results.json

==============================================================================
S07 communication: perception output delayed 0.4 s   [rep 1]
  faults: perception_node:latency(p=0.4, +0.0s, 10.0s)
==============================================================================
  predicted=perception_node  accepted=['perception_node']  top1=PASS rank=1  det=0.602s diag=0.901s FDR=0.0 chain_acc=0.5 phys_cov=0.25
  anomalous nodes: ['perception_node']  chain: ['perception_node']
  baselines (identical evidence):  independent=PASS  temporal_only=PASS  static_dep_anom=PASS  static_dep_temp=PASS  proposed=PASS
  ablation:  full=PASS  no_D=PASS  no_T=PASS  no_S=PASS  no_A=PASS

Results written to runs/simulation/bench3/results.json

==============================================================================
S08 communication: LiDAR link jitter (sigma 0.25 s)   [rep 1]
  faults: lidar_node:jitter(p=0.25, +0.0s, 10.0s)
==============================================================================
  predicted=lidar_node  accepted=['lidar_node']  top1=PASS rank=1  det=0.637s diag=0.966s FDR=0.0 chain_acc=1.0 phys_cov=0.6667
  anomalous nodes: ['lidar_node', 'perception_node']  chain: ['lidar_node', 'perception_node']
  baselines (identical evidence):  independent=PASS  temporal_only=PASS  static_dep_anom=PASS  static_dep_temp=PASS  proposed=PASS
  ablation:  full=PASS  no_D=PASS  no_T=PASS  no_S=PASS  no_A=PASS

Results written to runs/simulation/bench3/results.json

==============================================================================
S09 communication: LiDAR message loss 60 %   [rep 1]
  faults: lidar_node:loss(p=0.6, +0.0s, 10.0s)
==============================================================================
  predicted=lidar_node  accepted=['lidar_node']  top1=PASS rank=1  det=0.92s diag=1.03s FDR=0.0 chain_acc=1.0 phys_cov=0.6667
  anomalous nodes: ['lidar_node', 'perception_node']  chain: ['lidar_node', 'perception_node']
  baselines (identical evidence):  independent=PASS  temporal_only=PASS  static_dep_anom=PASS  static_dep_temp=PASS  proposed=PASS
  ablation:  full=PASS  no_D=PASS  no_T=PASS  no_S=PASS  no_A=PASS

Results written to runs/simulation/bench3/results.json

==============================================================================
S10 workload: perception CPU work 150 ms per callback   [rep 1]
  faults: perception_node:workload(p=150.0, +0.0s, 10.0s)
==============================================================================
  predicted=perception_node  accepted=['perception_node']  top1=PASS rank=1  det=0.851s diag=1.091s FDR=0.0 chain_acc=1.0 phys_cov=0.3333
  anomalous nodes: ['perception_node']  chain: ['perception_node']
  baselines (identical evidence):  independent=PASS  temporal_only=PASS  static_dep_anom=PASS  static_dep_temp=PASS  proposed=PASS
  ablation:  full=PASS  no_D=PASS  no_T=PASS  no_S=PASS  no_A=PASS

Results written to runs/simulation/bench3/results.json

==============================================================================
S11 node restart: localization clean stop, respawned after 4 s   [rep 1]
  faults: localization_node:stop(p=0.0, +0.0s, 1.0s)
==============================================================================
  predicted=localization_node  accepted=['localization_node']  top1=PASS rank=1  det=0.157s diag=0.163s FDR=0.0 chain_acc=1.0 phys_cov=0.6667
  anomalous nodes: ['localization_node', 'planning_node']  chain: ['localization_node', 'planning_node'][INFO] [1790113569.856635334] [experiment_controller]: >>> Cleared all faults.
[INFO] [1790113570.095866760] [experiment_controller]: >>> Cleared all faults.
[INFO] [1790113574.804727189] [experiment_controller]: >>> Injected restart on camera_node (param=6.0, dur=1.0s)
[INFO] [1790113584.809507458] [experiment_controller]: >>> Cleared all faults.
[INFO] [1790113585.037970885] [experiment_controller]: >>> Cleared all faults.
[INFO] [1790113589.246243463] [experiment_controller]: >>> Injected topic_change on planning_node (param=1.0, dur=10.0s)
[INFO] [1790113597.246463735] [experiment_controller]: >>> Cleared all faults.
[INFO] [1790113597.476084632] [experiment_controller]: >>> Cleared all faults.
[INFO] [1790113599.679699371] [experiment_controller]: >>> Injected noise on lidar_node (param=8.0, dur=10.0s)
[INFO] [1790113601.680003905] [experiment_controller]: >>> Injected jitter on perception_node (param=0.3, dur=10.0s)
[INFO] [1790113609.685000990] [experiment_controller]: >>> Cleared all faults.
[INFO] [1790113609.910479420] [experiment_controller]: >>> Cleared all faults.
[INFO] [1790113617.622669104] [experiment_controller]: >>> Injected noise on lidar_node (param=8.0, dur=10.0s)
[INFO] [1790113619.122422967] [experiment_controller]: >>> Injected workload on perception_node (param=150.0, dur=10.0s)
[INFO] [1790113627.625815173] [experiment_controller]: >>> Cleared all faults.
[INFO] [1790113627.846281363] [experiment_controller]: >>> Cleared all faults.
[INFO] [1790113635.556761817] [experiment_controller]: >>> Injected degradation on perception_node (param=0.0, dur=10.0s)
[INFO] [1790113636.556836728] [experiment_controller]: >>> Injected degradation on localization_node (param=0.6, dur=10.0s)
[INFO] [1790113645.562244072] [experiment_controller]: >>> Cleared all faults.
[INFO] [1790113645.778819005] [experiment_controller]: >>> Cleared all faults.
[INFO] [1790113653.992111664] [experiment_controller]: >>> Injected stale on odometry_node (param=1.0, dur=10.0s)
[INFO] [1790113664.129231142] [experiment_controller]: >>> Cleared all faults.
[INFO] [1790113664.346753568] [experiment_controller]: >>> Cleared all faults.
[INFO] [1790113672.059719761] [experiment_controller]: >>> Injected workload on perception_node (param=120.0, dur=10.0s)
[INFO] [1790113675.059519839] [experiment_controller]: >>> Injected localization_failure on localization_node (param=20.0, dur=10.0s)
[INFO] [1790113682.064944956] [experiment_controller]: >>> Cleared all faults.
[INFO] [1790113682.280857697] [experiment_controller]: >>> Cleared all faults.
[INFO] [1790113690.493430581] [experiment_controller]: >>> Injected dropout on camera_node (param=1.0, dur=10.0s)
[INFO] [1790113700.498387465] [experiment_controller]: >>> Cleared all faults.
[INFO] [1790113700.716237480] [experiment_controller]: >>> Cleared all faults.
[INFO] [1790113708.927394944] [experiment_controller]: >>> Injected dropout on lidar_node (param=1.0, dur=10.0s)
[INFO] [1790113711.927849348] [experiment_controller]: >>> Injected stop on localization_node (param=0.0, dur=1.0s)
[INFO] [1790113721.086979202] [experiment_controller]: >>> Cleared all faults.
[INFO] [1790113721.331308132] [experiment_controller]: >>> Cleared all faults.
[INFO] [1790113727.580541849] [experiment_controller]: >>> Injected noise on lidar_node (param=8.0, dur=10.0s)

  baselines (identical evidence):  independent=FAIL  temporal_only=PASS  static_dep_anom=PASS  static_dep_temp=PASS  proposed=PASS
  ablation:  full=PASS  no_D=PASS  no_T=PASS  no_S=PASS  no_A=PASS

Results written to runs/simulation/bench3/results.json

==============================================================================
S12 node disappearance / reappearance: camera removed for 6 s   [rep 1]
  faults: camera_node:restart(p=6.0, +0.0s, 1.0s)
==============================================================================
  predicted=camera_node  accepted=['camera_node']  top1=PASS rank=1  det=0.206s diag=0.211s FDR=0.0 chain_acc=1.0 phys_cov=0.6
  anomalous nodes: ['camera_node', 'localization_node', 'perception_node']  chain: ['camera_node', 'perception_node', 'localization_node']
  baselines (identical evidence):  independent=FAIL  temporal_only=PASS  static_dep_anom=PASS  static_dep_temp=PASS  proposed=PASS
  ablation:  full=PASS  no_D=PASS  no_T=PASS  no_S=PASS  no_A=PASS

Results written to runs/simulation/bench3/results.json

==============================================================================
S13 runtime topic change: planner switches pose source to raw odometry (no fault)   [rep 1]
  faults: planning_node:topic_change(p=1.0, +0.0s, 10.0s)
==============================================================================
  graph-change scenario: diagnoses raised = 0  -> PASS

Results written to runs/simulation/bench3/results.json

==============================================================================
S14 compound: LiDAR noise + perception link jitter 2 s later   [rep 1]
  faults: lidar_node:noise(p=8.0, +0.0s, 10.0s); perception_node:jitter(p=0.3, +2.0s, 10.0s)
==============================================================================
  predicted=lidar_node  accepted=['lidar_node', 'perception_node']  top1=PASS rank=1  det=0.122s diag=0.333s FDR=0.0 chain_acc=1.0 phys_cov=0.4
  anomalous nodes: ['lidar_node', 'perception_node']  chain: ['lidar_node', 'perception_node']
  baselines (identical evidence):  independent=PASS  temporal_only=PASS  static_dep_anom=PASS  static_dep_temp=PASS  proposed=PASS
  ablation:  full=PASS  no_D=PASS  no_T=PASS  no_S=PASS  no_A=PASS

Results written to runs/simulation/bench3/results.json

==============================================================================
S15 compound: LiDAR noise + perception workload 1.5 s later   [rep 1]
  faults: lidar_node:noise(p=8.0, +0.0s, 10.0s); perception_node:workload(p=150.0, +1.5s, 10.0s)
==============================================================================
  predicted=lidar_node  accepted=['lidar_node', 'perception_node']  top1=PASS rank=1  det=0.181s diag=0.393s FDR=0.0 chain_acc=1.0 phys_cov=0.4
  anomalous nodes: ['lidar_node', 'perception_node']  chain: ['lidar_node', 'perception_node']
  baselines (identical evidence):  independent=PASS  temporal_only=PASS  static_dep_anom=PASS  static_dep_temp=PASS  proposed=PASS
  ablation:  full=PASS  no_D=PASS  no_T=PASS  no_S=PASS  no_A=PASS

Results written to runs/simulation/bench3/results.json

==============================================================================
S16 compound: perception degradation + localization degradation 1 s later   [rep 1]
  faults: perception_node:degradation(p=0.0, +0.0s, 10.0s); localization_node:degradation(p=0.6, +1.0s, 10.0s)
==============================================================================
  predicted=perception_node  accepted=['perception_node', 'localization_node']  top1=PASS rank=1  det=0.156s diag=0.455s FDR=0.0 chain_acc=0.5 phys_cov=1.0
  anomalous nodes: ['control_node', 'localization_node', 'perception_node', 'planning_node']  chain: ['perception_node', 'localization_node', 'planning_node', 'control_node']
  baselines (identical evidence):  independent=PASS  temporal_only=PASS  static_dep_anom=PASS  static_dep_temp=PASS  proposed=PASS
  ablation:  full=PASS  no_D=PASS  no_T=PASS  no_S=PASS  no_A=PASS

Results written to runs/simulation/bench3/results.json

==============================================================================
S17 ambiguous: mild upstream (stale odometry) with strong downstream symptoms   [rep 1]
  faults: odometry_node:stale(p=1.0, +0.0s, 10.0s)
==============================================================================
  predicted=odometry_node  accepted=['odometry_node']  top1=PASS rank=1  det=0.09s diag=0.518s FDR=0.0 chain_acc=1.0 phys_cov=0.75
  anomalous nodes: ['localization_node', 'odometry_node', 'planning_node']  chain: ['odometry_node', 'localization_node', 'planning_node']
  baselines (identical evidence):  independent=FAIL  temporal_only=PASS  static_dep_anom=PASS  static_dep_temp=PASS  proposed=PASS
  ablation:  full=PASS  no_D=PASS  no_T=PASS  no_S=PASS  no_A=PASS

Results written to runs/simulation/bench3/results.json

==============================================================================
S18 ambiguous: mild perception workload, then strong localization failure 3 s later   [rep 1]
  faults: perception_node:workload(p=120.0, +0.0s, 10.0s); localization_node:localization_failure(p=20.0, +3.0s, 10.0s)
==============================================================================
  predicted=perception_node  accepted=['perception_node', 'localization_node']  top1=PASS rank=1  det=0.512s diag=0.953s FDR=0.0 chain_acc=1.0 phys_cov=1.0
  anomalous nodes: ['control_node', 'localization_node', 'perception_node', 'planning_node']  chain: ['perception_node', 'localization_node', 'planning_node', 'control_node']
  baselines (identical evidence):  independent=PASS  temporal_only=PASS  static_dep_anom=PASS  static_dep_temp=PASS  proposed=PASS
  ablation:  full=PASS  no_D=PASS  no_T=PASS  no_S=PASS  no_A=PASS

Results written to runs/simulation/bench3/results.json

==============================================================================
S20 ambiguous: low-rate camera dropout; perception empties before the camera timeout is confirmable   [rep 1]
  faults: camera_node:dropout(p=1.0, +0.0s, 10.0s)
==============================================================================
  predicted=camera_node  accepted=['camera_node']  top1=PASS rank=1  det=0.609s diag=1.016s FDR=0.0 chain_acc=0.6 phys_cov=1.0
  anomalous nodes: ['camera_node', 'control_node', 'localization_node', 'perception_node', 'planning_node']  chain: ['camera_node', 'perception_node', 'localization_node', 'planning_node', 'control_node']
  baselines (identical evidence):  independent=FAIL  temporal_only=FAIL  static_dep_anom=PASS  static_dep_temp=PASS  proposed=PASS
  ablation:  full=PASS  no_D=PASS  no_T=PASS  no_S=PASS  no_A=PASS

Results written to runs/simulation/bench3/results.json

==============================================================================
S19 ambiguous: LiDAR dropout, localization stops mid-incident (graph changes)   [rep 1]
  faults: lidar_node:dropout(p=1.0, +0.0s, 10.0s); localization_node:stop(p=0.0, +3.0s, 1.0s)
==============================================================================
  predicted=lidar_node  accepted=['lidar_node', 'localization_node']  top1=PASS rank=1  det=0.582s diag=0.582s FDR=0.0 chain_acc=0.75 phys_cov=0.8
  anomalous nodes: ['lidar_node', 'localization_node', 'perception_node', 'planning_node']  chain: ['lidar_node', 'perception_node', 'localization_node', 'planning_node']
  baselines (identical evidence):  independent=FAIL  temporal_only=PASS  static_dep_anom=PASS  static_dep_temp=PASS  proposed=PASS
  ablation:  full=PASS  no_D=PASS  no_T=PASS  no_S=PASS  no_A=PASS

Results written to runs/simulation/bench3/results.json

==============================================================================
S01 sensor degradation: LiDAR noise / invalid returns   [rep 2]
  faults: lidar_node:noise(p=8.0, +0.0s, 10.0s)
==============================================================================
  predicted=lidar_node  accepted=['lidar_node']  top1=PASS rank=1  det=0.136s diag=0.436s FDR=0.0 chain_acc=1.0 phys_cov=0.4
  anomalous nodes: ['lidar_node', 'perception_node']  chain: ['lidar_node', 'perception_node']
  baselines (identical evidence):  independent=PASS  temporal_only=PASS[INFO] [1790113735.582503534] [experiment_controller]: >>> Cleared all faults.
[INFO] [1790113735.804215015] [experiment_controller]: >>> Cleared all faults.
[INFO] [1790113743.016388042] [experiment_controller]: >>> Injected dropout on lidar_node (param=1.0, dur=10.0s)
[INFO] [1790113751.019198371] [experiment_controller]: >>> Cleared all faults.
[INFO] [1790113751.236498528] [experiment_controller]: >>> Cleared all faults.
[INFO] [1790113759.446632582] [experiment_controller]: >>> Injected degradation on perception_node (param=0.0, dur=10.0s)
[INFO] [1790113767.451669334] [experiment_controller]: >>> Cleared all faults.
[INFO] [1790113767.673994260] [experiment_controller]: >>> Cleared all faults.
[INFO] [1790113775.393405270] [experiment_controller]: >>> Injected crash on perception_node (param=0.0, dur=1.0s)
[INFO] [1790113785.395811813] [experiment_controller]: >>> Cleared all faults.
[INFO] [1790113785.618284351] [experiment_controller]: >>> Cleared all faults.
[INFO] [1790113790.326567765] [experiment_controller]: >>> Injected localization_failure on localization_node (param=20.0, dur=10.0s)
[INFO] [1790113798.330633966] [experiment_controller]: >>> Cleared all faults.
[INFO] [1790113798.551726337] [experiment_controller]: >>> Cleared all faults.
[INFO] [1790113806.265073609] [experiment_controller]: >>> Injected control_failure on control_node (param=1.0, dur=10.0s)
[INFO] [1790113814.267976702] [experiment_controller]: >>> Cleared all faults.
[INFO] [1790113814.490173731] [experiment_controller]: >>> Cleared all faults.
[INFO] [1790113821.702916153] [experiment_controller]: >>> Injected latency on perception_node (param=0.4, dur=10.0s)
[INFO] [1790113829.705177506] [experiment_controller]: >>> Cleared all faults.
[INFO] [1790113829.920750191] [experiment_controller]: >>> Cleared all faults.
[INFO] [1790113837.632466932] [experiment_controller]: >>> Injected jitter on lidar_node (param=0.25, dur=10.0s)
[INFO] [1790113845.635311569] [experiment_controller]: >>> Cleared all faults.
[INFO] [1790113845.860515866] [experiment_controller]: >>> Cleared all faults.
[INFO] [1790113853.071587657] [experiment_controller]: >>> Injected loss on lidar_node (param=0.6, dur=10.0s)
[INFO] [1790113861.073476248] [experiment_controller]: >>> Cleared all faults.
[INFO] [1790113861.297787544] [experiment_controller]: >>> Cleared all faults.
[INFO] [1790113869.015347144] [experiment_controller]: >>> Injected workload on perception_node (param=150.0, dur=10.0s)
[INFO] [1790113877.012805406] [experiment_controller]: >>> Cleared all faults.
[INFO] [1790113877.239962291] [experiment_controller]: >>> Cleared all faults.
[INFO] [1790113885.450578177] [experiment_controller]: >>> Injected stop on localization_node (param=0.0, dur=1.0s)
[INFO] [1790113895.454063611] [experiment_controller]: >>> Cleared all faults.
[INFO] [1790113895.675689766] [experiment_controller]: >>> Cleared all faults.
[INFO] [1790113900.884704113] [experiment_controller]: >>> Injected restart on camera_node (param=6.0, dur=1.0s)
  static_dep_anom=PASS  static_dep_temp=PASS  proposed=PASS
  ablation:  full=PASS  no_D=PASS  no_T=PASS  no_S=PASS  no_A=PASS

Results written to runs/simulation/bench3/results.json

==============================================================================
S02 sensor dropout: LiDAR stops publishing   [rep 2]
  faults: lidar_node:dropout(p=1.0, +0.0s, 10.0s)
==============================================================================
  predicted=lidar_node  accepted=['lidar_node']  top1=PASS rank=1  det=0.493s diag=0.493s FDR=0.0 chain_acc=1.0 phys_cov=0.6
  anomalous nodes: ['lidar_node', 'localization_node', 'perception_node']  chain: ['lidar_node', 'perception_node', 'localization_node']
  baselines (identical evidence):  independent=FAIL  temporal_only=PASS  static_dep_anom=PASS  static_dep_temp=PASS  proposed=PASS
  ablation:  full=PASS  no_D=PASS  no_T=PASS  no_S=PASS  no_A=PASS

Results written to runs/simulation/bench3/results.json

==============================================================================
S03 perception processing degradation: empty obstacle sets   [rep 2]
  faults: perception_node:degradation(p=0.0, +0.0s, 10.0s)
==============================================================================
  predicted=perception_node  accepted=['perception_node']  top1=PASS rank=1  det=0.155s diag=0.565s FDR=0.0 chain_acc=1.0 phys_cov=0.5
  anomalous nodes: ['localization_node', 'perception_node']  chain: ['perception_node', 'localization_node']
  baselines (identical evidence):  independent=FAIL  temporal_only=PASS  static_dep_anom=PASS  static_dep_temp=PASS  proposed=PASS
  ablation:  full=PASS  no_D=PASS  no_T=PASS  no_S=PASS  no_A=PASS

Results written to runs/simulation/bench3/results.json

==============================================================================
S04 perception node failure (process crash, respawned by launch)   [rep 2]
  faults: perception_node:crash(p=0.0, +0.0s, 1.0s)
==============================================================================
  predicted=perception_node  accepted=['perception_node']  top1=PASS rank=1  det=0.618s diag=0.618s FDR=0.0 chain_acc=1.0 phys_cov=0.5
  anomalous nodes: ['localization_node', 'perception_node']  chain: ['perception_node', 'localization_node']
  baselines (identical evidence):  independent=FAIL  temporal_only=PASS  static_dep_anom=PASS  static_dep_temp=PASS  proposed=PASS
  ablation:  full=PASS  no_D=PASS  no_T=PASS  no_S=PASS  no_A=PASS

Results written to runs/simulation/bench3/results.json

==============================================================================
S05 localization failure: pose jump + uncertainty spike   [rep 2]
  faults: localization_node:localization_failure(p=20.0, +0.0s, 10.0s)
==============================================================================
  predicted=localization_node  accepted=['localization_node']  top1=PASS rank=1  det=0.058s diag=0.184s FDR=0.0 chain_acc=1.0 phys_cov=1.0
  anomalous nodes: ['control_node', 'localization_node', 'planning_node']  chain: ['localization_node', 'planning_node', 'control_node']
  baselines (identical evidence):  independent=PASS  temporal_only=PASS  static_dep_anom=PASS  static_dep_temp=PASS  proposed=PASS
  ablation:  full=PASS  no_D=PASS  no_T=PASS  no_S=PASS  no_A=PASS

Results written to runs/simulation/bench3/results.json

==============================================================================
S06 control failure: erratic velocity commands   [rep 2]
  faults: control_node:control_failure(p=1.0, +0.0s, 10.0s)
==============================================================================
  predicted=control_node  accepted=['control_node']  top1=PASS rank=1  det=0.706s diag=0.747s FDR=0.0 chain_acc=1.0 phys_cov=1.0
  anomalous nodes: ['control_node']  chain: ['control_node']
  baselines (identical evidence):  independent=PASS  temporal_only=PASS  static_dep_anom=PASS  static_dep_temp=PASS  proposed=PASS
  ablation:  full=PASS  no_D=PASS  no_T=PASS  no_S=PASS  no_A=PASS

Results written to runs/simulation/bench3/results.json

==============================================================================
S07 communication: perception output delayed 0.4 s   [rep 2]
  faults: perception_node:latency(p=0.4, +0.0s, 10.0s)
==============================================================================
  predicted=perception_node  accepted=['perception_node']  top1=PASS rank=1  det=0.605s diag=0.808s FDR=0.0 chain_acc=0.5 phys_cov=0.25
  anomalous nodes: ['perception_node']  chain: ['perception_node']
  baselines (identical evidence):  independent=PASS  temporal_only=PASS  static_dep_anom=PASS  static_dep_temp=PASS  proposed=PASS
  ablation:  full=PASS  no_D=PASS  no_T=PASS  no_S=PASS  no_A=PASS

Results written to runs/simulation/bench3/results.json

==============================================================================
S08 communication: LiDAR link jitter (sigma 0.25 s)   [rep 2]
  faults: lidar_node:jitter(p=0.25, +0.0s, 10.0s)
==============================================================================
  predicted=lidar_node  accepted=['lidar_node']  top1=PASS rank=1  det=0.41s diag=0.877s FDR=0.0 chain_acc=1.0 phys_cov=0.6667
  anomalous nodes: ['lidar_node', 'perception_node']  chain: ['lidar_node', 'perception_node']
  baselines (identical evidence):  independent=PASS  temporal_only=PASS  static_dep_anom=PASS  static_dep_temp=PASS  proposed=PASS
  ablation:  full=PASS  no_D=PASS  no_T=PASS  no_S=PASS  no_A=PASS

Results written to runs/simulation/bench3/results.json

==============================================================================
S09 communication: LiDAR message loss 60 %   [rep 2]
  faults: lidar_node:loss(p=0.6, +0.0s, 10.0s)
==============================================================================
  predicted=lidar_node  accepted=['lidar_node']  top1=PASS rank=1  det=0.83s diag=0.94s FDR=0.0 chain_acc=1.0 phys_cov=0.6667
  anomalous nodes: ['lidar_node', 'perception_node']  chain: ['lidar_node', 'perception_node']
  baselines (identical evidence):  independent=PASS  temporal_only=PASS  static_dep_anom=PASS  static_dep_temp=PASS  proposed=PASS
  ablation:  full=PASS  no_D=PASS  no_T=PASS  no_S=PASS  no_A=PASS

Results written to runs/simulation/bench3/results.json

==============================================================================
S10 workload: perception CPU work 150 ms per callback   [rep 2]
  faults: perception_node:workload(p=150.0, +0.0s, 10.0s)
==============================================================================
  predicted=perception_node  accepted=['perception_node']  top1=PASS rank=1  det=0.684s diag=1.003s FDR=0.0 chain_acc=1.0 phys_cov=0.3333
  anomalous nodes: ['perception_node']  chain: ['perception_node']
  baselines (identical evidence):  independent=PASS  temporal_only=PASS  static_dep_anom=PASS  static_dep_temp=PASS  proposed=PASS
  ablation:  full=PASS  no_D=PASS  no_T=PASS  no_S=PASS  no_A=PASS

Results written to runs/simulation/bench3/results.json

==============================================================================
S11 node restart: localization clean stop, respawned after 4 s   [rep 2]
  faults: localization_node:stop(p=0.0, +0.0s, 1.0s)
==============================================================================
  predicted=localization_node  accepted=['localization_node']  top1=PASS rank=1  det=0.507s diag=0.564s FDR=0.0 chain_acc=1.0 phys_cov=0.6667
  anomalous nodes: ['localization_node', 'planning_node']  chain: ['localization_node', 'planning_node']
  baselines (identical evidence):  independent=FAIL  temporal_only=PASS  static_dep_anom=PASS  static_dep_temp=PASS  proposed=PASS
  ablation:  full=PASS  no_D=PASS  no_T=PASS  no_S=PASS  no_A=PASS

Results written to runs/simulation/bench3/results.json

==============================================================================
S12 node disappearance / reappearance: camera removed for 6 s   [rep 2]
  faults: camera_node:restart(p=6.0, +0.0s, 1.0s)
==============================================================================
  predicted=camera_node  accepted=['camera_node']  top1=PASS rank=1  det=0.126s diag=0.128s FDR=0.0 chain_acc=1.0 phys_cov=0.6[INFO] [1790113910.889671958] [experiment_controller]: >>> Cleared all faults.
[INFO] [1790113911.109694273] [experiment_controller]: >>> Cleared all faults.
[INFO] [1790113915.317490450] [experiment_controller]: >>> Injected topic_change on planning_node (param=1.0, dur=10.0s)
[INFO] [1790113923.317484390] [experiment_controller]: >>> Cleared all faults.
[INFO] [1790113923.537387053] [experiment_controller]: >>> Cleared all faults.
[INFO] [1790113925.740956418] [experiment_controller]: >>> Injected noise on lidar_node (param=8.0, dur=10.0s)
[INFO] [1790113927.741664279] [experiment_controller]: >>> Injected jitter on perception_node (param=0.3, dur=10.0s)
[INFO] [1790113935.745347460] [experiment_controller]: >>> Cleared all faults.
[INFO] [1790113935.968950564] [experiment_controller]: >>> Cleared all faults.
[INFO] [1790113943.680388124] [experiment_controller]: >>> Injected noise on lidar_node (param=8.0, dur=10.0s)
[INFO] [1790113945.179905035] [experiment_controller]: >>> Injected workload on perception_node (param=150.0, dur=10.0s)
[INFO] [1790113953.684461280] [experiment_controller]: >>> Cleared all faults.
[INFO] [1790113953.915336492] [experiment_controller]: >>> Cleared all faults.
[INFO] [1790113961.627426238] [experiment_controller]: >>> Injected degradation on perception_node (param=0.0, dur=10.0s)
[INFO] [1790113962.628348187] [experiment_controller]: >>> Injected degradation on localization_node (param=0.6, dur=10.0s)
[INFO] [1790113971.646242731] [experiment_controller]: >>> Cleared all faults.
[INFO] [1790113971.869626659] [experiment_controller]: >>> Cleared all faults.
[INFO] [1790113979.581194740] [experiment_controller]: >>> Injected stale on odometry_node (param=1.0, dur=10.0s)
[INFO] [1790113989.590024113] [experiment_controller]: >>> Cleared all faults.
[INFO] [1790113989.817115689] [experiment_controller]: >>> Cleared all faults.
[INFO] [1790113997.529967871] [experiment_controller]: >>> Injected workload on perception_node (param=120.0, dur=10.0s)
[INFO] [1790114000.529644392] [experiment_controller]: >>> Injected localization_failure on localization_node (param=20.0, dur=10.0s)
[INFO] [1790114007.535104062] [experiment_controller]: >>> Cleared all faults.
[INFO] [1790114007.767494133] [experiment_controller]: >>> Cleared all faults.
[INFO] [1790114015.980999877] [experiment_controller]: >>> Injected dropout on camera_node (param=1.0, dur=10.0s)
[INFO] [1790114025.985171495] [experiment_controller]: >>> Cleared all faults.
[INFO] [1790114026.217134170] [experiment_controller]: >>> Cleared all faults.
[INFO] [1790114034.429504062] [experiment_controller]: >>> Injected dropout on lidar_node (param=1.0, dur=10.0s)
[INFO] [1790114037.429906159] [experiment_controller]: >>> Injected stop on localization_node (param=0.0, dur=1.0s)
[INFO] [1790114046.432901984] [experiment_controller]: >>> Cleared all faults.
[INFO] [1790114046.657385553] [experiment_controller]: >>> Cleared all faults.
[INFO] [1790114052.866393498] [experiment_controller]: >>> Injected noise on lidar_node (param=8.0, dur=10.0s)
[INFO] [1790114060.868613960] [experiment_controller]: >>> Cleared all faults.
[INFO] [1790114061.090220564] [experiment_controller]: >>> Cleared all faults.
[INFO] [1790114068.802083954] [experiment_controller]: >>> Injected dropout on lidar_node (param=1.0, dur=10.0s)

  anomalous nodes: ['camera_node', 'localization_node', 'perception_node']  chain: ['camera_node', 'perception_node', 'localization_node']
  baselines (identical evidence):  independent=FAIL  temporal_only=PASS  static_dep_anom=PASS  static_dep_temp=PASS  proposed=PASS
  ablation:  full=PASS  no_D=PASS  no_T=PASS  no_S=PASS  no_A=PASS

Results written to runs/simulation/bench3/results.json

==============================================================================
S13 runtime topic change: planner switches pose source to raw odometry (no fault)   [rep 2]
  faults: planning_node:topic_change(p=1.0, +0.0s, 10.0s)
==============================================================================
  graph-change scenario: diagnoses raised = 0  -> PASS

Results written to runs/simulation/bench3/results.json

==============================================================================
S14 compound: LiDAR noise + perception link jitter 2 s later   [rep 2]
  faults: lidar_node:noise(p=8.0, +0.0s, 10.0s); perception_node:jitter(p=0.3, +2.0s, 10.0s)
==============================================================================
  predicted=lidar_node  accepted=['lidar_node', 'perception_node']  top1=PASS rank=1  det=0.16s diag=0.27s FDR=0.0 chain_acc=1.0 phys_cov=0.4
  anomalous nodes: ['lidar_node', 'perception_node']  chain: ['lidar_node', 'perception_node']
  baselines (identical evidence):  independent=PASS  temporal_only=PASS  static_dep_anom=PASS  static_dep_temp=PASS  proposed=PASS
  ablation:  full=PASS  no_D=PASS  no_T=PASS  no_S=PASS  no_A=PASS

Results written to runs/simulation/bench3/results.json

==============================================================================
S15 compound: LiDAR noise + perception workload 1.5 s later   [rep 2]
  faults: lidar_node:noise(p=8.0, +0.0s, 10.0s); perception_node:workload(p=150.0, +1.5s, 10.0s)
==============================================================================
  predicted=lidar_node  accepted=['lidar_node', 'perception_node']  top1=PASS rank=1  det=0.123s diag=0.331s FDR=0.0 chain_acc=1.0 phys_cov=0.4
  anomalous nodes: ['lidar_node', 'perception_node']  chain: ['lidar_node', 'perception_node']
  baselines (identical evidence):  independent=PASS  temporal_only=PASS  static_dep_anom=PASS  static_dep_temp=PASS  proposed=PASS
  ablation:  full=PASS  no_D=PASS  no_T=PASS  no_S=PASS  no_A=PASS

Results written to runs/simulation/bench3/results.json

==============================================================================
S16 compound: perception degradation + localization degradation 1 s later   [rep 2]
  faults: perception_node:degradation(p=0.0, +0.0s, 10.0s); localization_node:degradation(p=0.6, +1.0s, 10.0s)
==============================================================================
  predicted=perception_node  accepted=['perception_node', 'localization_node']  top1=PASS rank=1  det=0.18s diag=0.384s FDR=0.0 chain_acc=0.5 phys_cov=1.0
  anomalous nodes: ['control_node', 'localization_node', 'perception_node', 'planning_node']  chain: ['perception_node', 'localization_node', 'planning_node', 'control_node']
  baselines (identical evidence):  independent=PASS  temporal_only=PASS  static_dep_anom=PASS  static_dep_temp=PASS  proposed=PASS
  ablation:  full=PASS  no_D=PASS  no_T=PASS  no_S=PASS  no_A=PASS

Results written to runs/simulation/bench3/results.json

==============================================================================
S17 ambiguous: mild upstream (stale odometry) with strong downstream symptoms   [rep 2]
  faults: odometry_node:stale(p=1.0, +0.0s, 10.0s)
==============================================================================
  predicted=odometry_node  accepted=['odometry_node']  top1=PASS rank=1  det=0.1s diag=0.43s FDR=0.0 chain_acc=1.0 phys_cov=0.75
  anomalous nodes: ['localization_node', 'odometry_node', 'planning_node']  chain: ['odometry_node', 'localization_node', 'planning_node']
  baselines (identical evidence):  independent=FAIL  temporal_only=PASS  static_dep_anom=PASS  static_dep_temp=PASS  proposed=PASS
  ablation:  full=PASS  no_D=PASS  no_T=PASS  no_S=PASS  no_A=PASS

Results written to runs/simulation/bench3/results.json

==============================================================================
S18 ambiguous: mild perception workload, then strong localization failure 3 s later   [rep 2]
  faults: perception_node:workload(p=120.0, +0.0s, 10.0s); localization_node:localization_failure(p=20.0, +3.0s, 10.0s)
==============================================================================
  predicted=perception_node  accepted=['perception_node', 'localization_node']  top1=PASS rank=1  det=0.68s diag=0.981s FDR=0.0 chain_acc=1.0 phys_cov=1.0
  anomalous nodes: ['control_node', 'localization_node', 'perception_node', 'planning_node']  chain: ['perception_node', 'localization_node', 'planning_node', 'control_node']
  baselines (identical evidence):  independent=PASS  temporal_only=PASS  static_dep_anom=PASS  static_dep_temp=PASS  proposed=PASS
  ablation:  full=PASS  no_D=PASS  no_T=PASS  no_S=PASS  no_A=PASS

Results written to runs/simulation/bench3/results.json

==============================================================================
S20 ambiguous: low-rate camera dropout; perception empties before the camera timeout is confirmable   [rep 2]
  faults: camera_node:dropout(p=1.0, +0.0s, 10.0s)
==============================================================================
  predicted=camera_node  accepted=['camera_node']  top1=PASS rank=1  det=0.527s diag=0.529s FDR=0.0 chain_acc=0.6 phys_cov=1.0
  anomalous nodes: ['camera_node', 'control_node', 'localization_node', 'perception_node', 'planning_node']  chain: ['camera_node', 'perception_node', 'localization_node', 'planning_node', 'control_node']
  baselines (identical evidence):  independent=FAIL  temporal_only=PASS  static_dep_anom=PASS  static_dep_temp=PASS  proposed=PASS
  ablation:  full=PASS  no_D=PASS  no_T=PASS  no_S=PASS  no_A=PASS

Results written to runs/simulation/bench3/results.json

==============================================================================
S19 ambiguous: LiDAR dropout, localization stops mid-incident (graph changes)   [rep 2]
  faults: lidar_node:dropout(p=1.0, +0.0s, 10.0s); localization_node:stop(p=0.0, +3.0s, 1.0s)
==============================================================================
  predicted=lidar_node  accepted=['lidar_node', 'localization_node']  top1=PASS rank=1  det=0.582s diag=0.582s FDR=0.0 chain_acc=0.75 phys_cov=0.8
  anomalous nodes: ['lidar_node', 'localization_node', 'perception_node', 'planning_node']  chain: ['lidar_node', 'perception_node', 'localization_node', 'planning_node']
  baselines (identical evidence):  independent=PASS  temporal_only=PASS  static_dep_anom=PASS  static_dep_temp=PASS  proposed=PASS
  ablation:  full=PASS  no_D=PASS  no_T=PASS  no_S=PASS  no_A=PASS

Results written to runs/simulation/bench3/results.json

==============================================================================
S01 sensor degradation: LiDAR noise / invalid returns   [rep 3]
  faults: lidar_node:noise(p=8.0, +0.0s, 10.0s)
==============================================================================
  predicted=lidar_node  accepted=['lidar_node']  top1=PASS rank=1  det=0.135s diag=0.145s FDR=0.0 chain_acc=1.0 phys_cov=0.4
  anomalous nodes: ['lidar_node', 'perception_node']  chain: ['lidar_node', 'perception_node']
  baselines (identical evidence):  independent=PASS  temporal_only=PASS  static_dep_anom=PASS  static_dep_temp=PASS  proposed=PASS
  ablation:  full=PASS  no_D=PASS  no_T=PASS  no_S=PASS  no_A=PASS

Results written to runs/simulation/bench3/results.json

==============================================================================
S02 sensor dropout: LiDAR stops publishing   [rep 3]
  faults: lidar_node:dropout(p=1.0, +0.0s, 10.0s)
==============================================================================
  predicted=lidar_node  accepted=['lidar_node']  top1=PASS rank=1  det=0.709s diag=0.709s FDR=0.0 chain_acc=1.0 phys_cov=0.6
  anomalous nodes: ['lidar_node', 'localization_node', 'perception_node']  chain: ['lidar_node', 'perception_node', 'localization_node'][INFO] [1790114076.804232846] [experiment_controller]: >>> Cleared all faults.
[INFO] [1790114077.031563615] [experiment_controller]: >>> Cleared all faults.
[INFO] [1790114084.745879083] [experiment_controller]: >>> Injected degradation on perception_node (param=0.0, dur=10.0s)
[INFO] [1790114092.750067210] [experiment_controller]: >>> Cleared all faults.
[INFO] [1790114092.977479308] [experiment_controller]: >>> Cleared all faults.
[INFO] [1790114100.689982886] [experiment_controller]: >>> Injected crash on perception_node (param=0.0, dur=1.0s)
[INFO] [1790114110.698392987] [experiment_controller]: >>> Cleared all faults.
[INFO] [1790114110.935828673] [experiment_controller]: >>> Cleared all faults.
[INFO] [1790114116.653158380] [experiment_controller]: >>> Injected localization_failure on localization_node (param=20.0, dur=10.0s)
[INFO] [1790114124.651141108] [experiment_controller]: >>> Cleared all faults.
[INFO] [1790114124.878935585] [experiment_controller]: >>> Cleared all faults.
[INFO] [1790114132.591797885] [experiment_controller]: >>> Injected control_failure on control_node (param=1.0, dur=10.0s)
[INFO] [1790114140.593784614] [experiment_controller]: >>> Cleared all faults.
[INFO] [1790114140.834023753] [experiment_controller]: >>> Cleared all faults.
[INFO] [1790114148.046087339] [experiment_controller]: >>> Injected latency on perception_node (param=0.4, dur=10.0s)
[INFO] [1790114156.048072363] [experiment_controller]: >>> Cleared all faults.
[INFO] [1790114156.270997819] [experiment_controller]: >>> Cleared all faults.
[INFO] [1790114164.481677855] [experiment_controller]: >>> Injected jitter on lidar_node (param=0.25, dur=10.0s)
[INFO] [1790114172.483988869] [experiment_controller]: >>> Cleared all faults.
[INFO] [1790114172.707523183] [experiment_controller]: >>> Cleared all faults.
[INFO] [1790114180.419144672] [experiment_controller]: >>> Injected loss on lidar_node (param=0.6, dur=10.0s)
[INFO] [1790114188.420964922] [experiment_controller]: >>> Cleared all faults.
[INFO] [1790114188.649601595] [experiment_controller]: >>> Cleared all faults.
[INFO] [1790114196.360205935] [experiment_controller]: >>> Injected workload on perception_node (param=150.0, dur=10.0s)
[INFO] [1790114204.361653228] [experiment_controller]: >>> Cleared all faults.
[INFO] [1790114204.612969700] [experiment_controller]: >>> Cleared all faults.
[INFO] [1790114212.325327745] [experiment_controller]: >>> Injected stop on localization_node (param=0.0, dur=1.0s)
[INFO] [1790114222.327612556] [experiment_controller]: >>> Cleared all faults.
[INFO] [1790114222.561816950] [experiment_controller]: >>> Cleared all faults.
[INFO] [1790114228.273072181] [experiment_controller]: >>> Injected restart on camera_node (param=6.0, dur=1.0s)
[INFO] [1790114238.276328208] [experiment_controller]: >>> Cleared all faults.

  baselines (identical evidence):  independent=FAIL  temporal_only=PASS  static_dep_anom=PASS  static_dep_temp=PASS  proposed=PASS
  ablation:  full=PASS  no_D=PASS  no_T=PASS  no_S=PASS  no_A=PASS

Results written to runs/simulation/bench3/results.json

==============================================================================
S03 perception processing degradation: empty obstacle sets   [rep 3]
  faults: perception_node:degradation(p=0.0, +0.0s, 10.0s)
==============================================================================
  predicted=perception_node  accepted=['perception_node']  top1=PASS rank=1  det=0.163s diag=0.265s FDR=0.0 chain_acc=1.0 phys_cov=0.5
  anomalous nodes: ['localization_node', 'perception_node']  chain: ['perception_node', 'localization_node']
  baselines (identical evidence):  independent=FAIL  temporal_only=PASS  static_dep_anom=PASS  static_dep_temp=PASS  proposed=PASS
  ablation:  full=PASS  no_D=PASS  no_T=PASS  no_S=PASS  no_A=PASS

Results written to runs/simulation/bench3/results.json

==============================================================================
S04 perception node failure (process crash, respawned by launch)   [rep 3]
  faults: perception_node:crash(p=0.0, +0.0s, 1.0s)
==============================================================================
  predicted=perception_node  accepted=['perception_node']  top1=PASS rank=1  det=0.82s diag=0.82s FDR=0.0 chain_acc=1.0 phys_cov=0.5
  anomalous nodes: ['localization_node', 'perception_node']  chain: ['perception_node', 'localization_node']
  baselines (identical evidence):  independent=FAIL  temporal_only=PASS  static_dep_anom=PASS  static_dep_temp=PASS  proposed=PASS
  ablation:  full=PASS  no_D=PASS  no_T=PASS  no_S=PASS  no_A=PASS

Results written to runs/simulation/bench3/results.json

==============================================================================
S05 localization failure: pose jump + uncertainty spike   [rep 3]
  faults: localization_node:localization_failure(p=20.0, +0.0s, 10.0s)
==============================================================================
  predicted=localization_node  accepted=['localization_node']  top1=PASS rank=1  det=0.089s diag=0.368s FDR=0.0 chain_acc=1.0 phys_cov=1.0
  anomalous nodes: ['control_node', 'localization_node', 'planning_node']  chain: ['localization_node', 'planning_node', 'control_node']
  baselines (identical evidence):  independent=PASS  temporal_only=PASS  static_dep_anom=PASS  static_dep_temp=PASS  proposed=PASS
  ablation:  full=PASS  no_D=PASS  no_T=PASS  no_S=PASS  no_A=PASS

Results written to runs/simulation/bench3/results.json

==============================================================================
S06 control failure: erratic velocity commands   [rep 3]
  faults: control_node:control_failure(p=1.0, +0.0s, 10.0s)
==============================================================================
  predicted=control_node  accepted=['control_node']  top1=PASS rank=1  det=1.579s diag=1.918s FDR=0.0 chain_acc=1.0 phys_cov=1.0
  anomalous nodes: ['control_node']  chain: ['control_node']
  baselines (identical evidence):  independent=PASS  temporal_only=PASS  static_dep_anom=PASS  static_dep_temp=PASS  proposed=PASS
  ablation:  full=PASS  no_D=PASS  no_T=PASS  no_S=PASS  no_A=PASS

Results written to runs/simulation/bench3/results.json

==============================================================================
S07 communication: perception output delayed 0.4 s   [rep 3]
  faults: perception_node:latency(p=0.4, +0.0s, 10.0s)
==============================================================================
  predicted=perception_node  accepted=['perception_node']  top1=PASS rank=1  det=0.464s diag=0.464s FDR=0.0 chain_acc=0.5 phys_cov=0.25
  anomalous nodes: ['perception_node']  chain: ['perception_node']
  baselines (identical evidence):  independent=PASS  temporal_only=PASS  static_dep_anom=PASS  static_dep_temp=PASS  proposed=PASS
  ablation:  full=PASS  no_D=PASS  no_T=PASS  no_S=PASS  no_A=PASS

Results written to runs/simulation/bench3/results.json

==============================================================================
S08 communication: LiDAR link jitter (sigma 0.25 s)   [rep 3]
  faults: lidar_node:jitter(p=0.25, +0.0s, 10.0s)
==============================================================================
  predicted=lidar_node  accepted=['lidar_node']  top1=PASS rank=1  det=0.44s diag=0.53s FDR=0.0 chain_acc=1.0 phys_cov=0.6667
  anomalous nodes: ['lidar_node', 'perception_node']  chain: ['lidar_node', 'perception_node']
  baselines (identical evidence):  independent=FAIL  temporal_only=PASS  static_dep_anom=PASS  static_dep_temp=PASS  proposed=PASS
  ablation:  full=PASS  no_D=PASS  no_T=PASS  no_S=PASS  no_A=PASS

Results written to runs/simulation/bench3/results.json

==============================================================================
S09 communication: LiDAR message loss 60 %   [rep 3]
  faults: lidar_node:loss(p=0.6, +0.0s, 10.0s)
==============================================================================
  predicted=lidar_node  accepted=['lidar_node']  top1=PASS rank=1  det=2.592s diag=2.592s FDR=0.0909 chain_acc=1.0 phys_cov=0.6667
  anomalous nodes: ['lidar_node', 'perception_node']  chain: ['lidar_node', 'perception_node']
  baselines (identical evidence):  independent=FAIL  temporal_only=FAIL  static_dep_anom=PASS  static_dep_temp=PASS  proposed=PASS
  ablation:  full=PASS  no_D=PASS  no_T=PASS  no_S=PASS  no_A=PASS

Results written to runs/simulation/bench3/results.json

==============================================================================
S10 workload: perception CPU work 150 ms per callback   [rep 3]
  faults: perception_node:workload(p=150.0, +0.0s, 10.0s)
==============================================================================
  predicted=perception_node  accepted=['perception_node']  top1=PASS rank=1  det=0.799s diag=1.15s FDR=0.0 chain_acc=1.0 phys_cov=0.3333
  anomalous nodes: ['perception_node']  chain: ['perception_node']
  baselines (identical evidence):  independent=PASS  temporal_only=PASS  static_dep_anom=PASS  static_dep_temp=PASS  proposed=PASS
  ablation:  full=PASS  no_D=PASS  no_T=PASS  no_S=PASS  no_A=PASS

Results written to runs/simulation/bench3/results.json

==============================================================================
S11 node restart: localization clean stop, respawned after 4 s   [rep 3]
  faults: localization_node:stop(p=0.0, +0.0s, 1.0s)
==============================================================================
  predicted=localization_node  accepted=['localization_node']  top1=PASS rank=1  det=0.434s diag=0.689s FDR=0.0 chain_acc=1.0 phys_cov=0.6667
  anomalous nodes: ['localization_node', 'planning_node']  chain: ['localization_node', 'planning_node']
  baselines (identical evidence):  independent=FAIL  temporal_only=PASS  static_dep_anom=PASS  static_dep_temp=PASS  proposed=PASS
  ablation:  full=PASS  no_D=PASS  no_T=PASS  no_S=PASS  no_A=PASS

Results written to runs/simulation/bench3/results.json

==============================================================================
S12 node disappearance / reappearance: camera removed for 6 s   [rep 3]
  faults: camera_node:restart(p=6.0, +0.0s, 1.0s)
==============================================================================
  predicted=perception_node  accepted=['camera_node']  top1=FAIL rank=2  det=0.738s diag=0.742s FDR=0.0526 chain_acc=0.6667 phys_cov=0.4
  anomalous nodes: ['camera_node', 'localization_node', 'perception_node']  chain: ['perception_node', 'localization_node']
  baselines (identical evidence):  independent=FAIL  temporal_only=PASS  static_dep_anom=PASS  static_dep_temp=PASS  proposed=PASS
  ablation:  full=PASS  no_D=PASS  no_T=PASS  no_S=PASS  no_A=PASS

Results written to runs/simulation/bench3/results.json

==============================================================================
S13 runtime topic change: planner switches pose source to raw odometry (no fault)   [rep 3]
  faults: planning_node:topic_change(p=1.0, +0.0s, 10.0s)
==============================================================================[INFO] [1790114238.505827038] [experiment_controller]: >>> Cleared all faults.
[INFO] [1790114242.714208685] [experiment_controller]: >>> Injected topic_change on planning_node (param=1.0, dur=10.0s)
[INFO] [1790114250.714678698] [experiment_controller]: >>> Cleared all faults.
[INFO] [1790114250.950965403] [experiment_controller]: >>> Cleared all faults.
[INFO] [1790114253.155379275] [experiment_controller]: >>> Injected noise on lidar_node (param=8.0, dur=10.0s)
[INFO] [1790114255.155587714] [experiment_controller]: >>> Injected jitter on perception_node (param=0.3, dur=10.0s)
[INFO] [1790114263.157787035] [experiment_controller]: >>> Cleared all faults.
[INFO] [1790114263.385860160] [experiment_controller]: >>> Cleared all faults.
[INFO] [1790114271.096149870] [experiment_controller]: >>> Injected noise on lidar_node (param=8.0, dur=10.0s)
[INFO] [1790114272.596657012] [experiment_controller]: >>> Injected workload on perception_node (param=150.0, dur=10.0s)
[INFO] [1790114281.101394553] [experiment_controller]: >>> Cleared all faults.
[INFO] [1790114281.328012072] [experiment_controller]: >>> Cleared all faults.
[INFO] [1790114289.039799750] [experiment_controller]: >>> Injected degradation on perception_node (param=0.0, dur=10.0s)
[INFO] [1790114290.040287539] [experiment_controller]: >>> Injected degradation on localization_node (param=0.6, dur=10.0s)
[INFO] [1790114299.061389072] [experiment_controller]: >>> Cleared all faults.
[INFO] [1790114299.322644980] [experiment_controller]: >>> Cleared all faults.
[INFO] [1790114307.037043260] [experiment_controller]: >>> Injected stale on odometry_node (param=1.0, dur=10.0s)
[INFO] [1790114317.045069350] [experiment_controller]: >>> Cleared all faults.
[INFO] [1790114317.288388899] [experiment_controller]: >>> Cleared all faults.
[INFO] [1790114332.516353174] [experiment_controller]: >>> Injected workload on perception_node (param=120.0, dur=10.0s)
[INFO] [1790114335.515506144] [experiment_controller]: >>> Injected localization_failure on localization_node (param=20.0, dur=10.0s)
[INFO] [1790114342.527125497] [experiment_controller]: >>> Cleared all faults.
[INFO] [1790114342.797587831] [experiment_controller]: >>> Cleared all faults.
[INFO] [1790114350.522969897] [experiment_controller]: >>> Injected dropout on camera_node (param=1.0, dur=10.0s)
[INFO] [1790114360.527067246] [experiment_controller]: >>> Cleared all faults.
[INFO] [1790114360.752986964] [experiment_controller]: >>> Cleared all faults.
[INFO] [1790114368.967472020] [experiment_controller]: >>> Injected dropout on lidar_node (param=1.0, dur=10.0s)
[INFO] [1790114371.966587392] [experiment_controller]: >>> Injected stop on localization_node (param=0.0, dur=1.0s)
[INFO] [1790114380.970426914] [experiment_controller]: >>> Cleared all faults.
[INFO] [1790114381.198696648] [experiment_controller]: >>> Cleared all faults.
[INFO] [1790114387.410994525] [experiment_controller]: >>> Injected noise on lidar_node (param=8.0, dur=10.0s)
[INFO] [1790114395.414733958] [experiment_controller]: >>> Cleared all faults.
[INFO] [1790114395.643247401] [experiment_controller]: >>> Cleared all faults.
[INFO] [1790114403.355160792] [experiment_controller]: >>> Injected dropout on lidar_node (param=1.0, dur=10.0s)
[INFO] [1790114411.357011545] [experiment_controller]: >>> Cleared all faults.
[INFO] [1790114411.589053614] [experiment_controller]: >>> Cleared all faults.
[INFO] [1790114419.801533755] [experiment_controller]: >>> Injected degradation on perception_node (param=0.0, dur=10.0s)

  graph-change scenario: diagnoses raised = 0  -> PASS

Results written to runs/simulation/bench3/results.json

==============================================================================
S14 compound: LiDAR noise + perception link jitter 2 s later   [rep 3]
  faults: lidar_node:noise(p=8.0, +0.0s, 10.0s); perception_node:jitter(p=0.3, +2.0s, 10.0s)
==============================================================================
  predicted=lidar_node  accepted=['lidar_node', 'perception_node']  top1=PASS rank=1  det=0.147s diag=0.355s FDR=0.0 chain_acc=1.0 phys_cov=0.4
  anomalous nodes: ['lidar_node', 'perception_node']  chain: ['lidar_node', 'perception_node']
  baselines (identical evidence):  independent=PASS  temporal_only=PASS  static_dep_anom=PASS  static_dep_temp=PASS  proposed=PASS
  ablation:  full=PASS  no_D=PASS  no_T=PASS  no_S=PASS  no_A=PASS

Results written to runs/simulation/bench3/results.json

==============================================================================
S15 compound: LiDAR noise + perception workload 1.5 s later   [rep 3]
  faults: lidar_node:noise(p=8.0, +0.0s, 10.0s); perception_node:workload(p=150.0, +1.5s, 10.0s)
==============================================================================
  predicted=lidar_node  accepted=['lidar_node', 'perception_node']  top1=PASS rank=1  det=0.205s diag=0.414s FDR=0.0 chain_acc=0.6667 phys_cov=0.6
  anomalous nodes: ['lidar_node', 'localization_node', 'perception_node']  chain: ['lidar_node', 'perception_node', 'localization_node']
  baselines (identical evidence):  independent=PASS  temporal_only=PASS  static_dep_anom=PASS  static_dep_temp=PASS  proposed=PASS
  ablation:  full=PASS  no_D=PASS  no_T=PASS  no_S=PASS  no_A=PASS

Results written to runs/simulation/bench3/results.json

==============================================================================
S16 compound: perception degradation + localization degradation 1 s later   [rep 3]
  faults: perception_node:degradation(p=0.0, +0.0s, 10.0s); localization_node:degradation(p=0.6, +1.0s, 10.0s)
==============================================================================
  predicted=perception_node  accepted=['perception_node', 'localization_node']  top1=PASS rank=1  det=0.171s diag=0.47s FDR=0.0 chain_acc=0.5 phys_cov=1.0
  anomalous nodes: ['control_node', 'localization_node', 'perception_node', 'planning_node']  chain: ['perception_node', 'localization_node', 'planning_node', 'control_node']
  baselines (identical evidence):  independent=PASS  temporal_only=PASS  static_dep_anom=PASS  static_dep_temp=PASS  proposed=PASS
  ablation:  full=PASS  no_D=PASS  no_T=PASS  no_S=PASS  no_A=PASS

Results written to runs/simulation/bench3/results.json

==============================================================================
S17 ambiguous: mild upstream (stale odometry) with strong downstream symptoms   [rep 3]
  faults: odometry_node:stale(p=1.0, +0.0s, 10.0s)
==============================================================================
  predicted=odometry_node  accepted=['odometry_node']  top1=PASS rank=1  det=0.095s diag=0.473s FDR=0.0 chain_acc=1.0 phys_cov=0.75
  anomalous nodes: ['localization_node', 'odometry_node', 'planning_node']  chain: ['odometry_node', 'localization_node', 'planning_node']
  baselines (identical evidence):  independent=FAIL  temporal_only=PASS  static_dep_anom=PASS  static_dep_temp=PASS  proposed=PASS
  ablation:  full=PASS  no_D=PASS  no_T=PASS  no_S=PASS  no_A=PASS

Results written to runs/simulation/bench3/results.json

==============================================================================
S18 ambiguous: mild perception workload, then strong localization failure 3 s later   [rep 3]
  faults: perception_node:workload(p=120.0, +0.0s, 10.0s); localization_node:localization_failure(p=20.0, +3.0s, 10.0s)
==============================================================================
  predicted=perception_node  accepted=['perception_node', 'localization_node']  top1=PASS rank=1  det=0.729s diag=0.995s FDR=0.0 chain_acc=1.0 phys_cov=1.0
  anomalous nodes: ['control_node', 'localization_node', 'perception_node', 'planning_node']  chain: ['perception_node', 'localization_node', 'planning_node', 'control_node']
  baselines (identical evidence):  independent=PASS  temporal_only=PASS  static_dep_anom=PASS  static_dep_temp=PASS  proposed=PASS
  ablation:  full=PASS  no_D=PASS  no_T=PASS  no_S=PASS  no_A=PASS

Results written to runs/simulation/bench3/results.json

==============================================================================
S20 ambiguous: low-rate camera dropout; perception empties before the camera timeout is confirmable   [rep 3]
  faults: camera_node:dropout(p=1.0, +0.0s, 10.0s)
==============================================================================
  predicted=camera_node  accepted=['camera_node']  top1=PASS rank=1  det=0.589s diag=0.988s FDR=0.0 chain_acc=0.6 phys_cov=1.0
  anomalous nodes: ['camera_node', 'control_node', 'localization_node', 'perception_node', 'planning_node']  chain: ['camera_node', 'perception_node', 'localization_node', 'planning_node', 'control_node']
  baselines (identical evidence):  independent=FAIL  temporal_only=FAIL  static_dep_anom=PASS  static_dep_temp=PASS  proposed=PASS
  ablation:  full=PASS  no_D=PASS  no_T=PASS  no_S=PASS  no_A=PASS

Results written to runs/simulation/bench3/results.json

==============================================================================
S19 ambiguous: LiDAR dropout, localization stops mid-incident (graph changes)   [rep 3]
  faults: lidar_node:dropout(p=1.0, +0.0s, 10.0s); localization_node:stop(p=0.0, +3.0s, 1.0s)
==============================================================================
  predicted=lidar_node  accepted=['lidar_node', 'localization_node']  top1=PASS rank=1  det=0.544s diag=0.544s FDR=0.0 chain_acc=0.75 phys_cov=0.8
  anomalous nodes: ['lidar_node', 'localization_node', 'perception_node', 'planning_node']  chain: ['lidar_node', 'perception_node', 'localization_node', 'planning_node']
  baselines (identical evidence):  independent=FAIL  temporal_only=PASS  static_dep_anom=PASS  static_dep_temp=PASS  proposed=PASS
  ablation:  full=PASS  no_D=PASS  no_T=PASS  no_S=PASS  no_A=PASS

Results written to runs/simulation/bench3/results.json

==============================================================================
S01 sensor degradation: LiDAR noise / invalid returns   [rep 4]
  faults: lidar_node:noise(p=8.0, +0.0s, 10.0s)
==============================================================================
  predicted=lidar_node  accepted=['lidar_node']  top1=PASS rank=1  det=0.191s diag=0.601s FDR=0.0 chain_acc=1.0 phys_cov=0.4
  anomalous nodes: ['lidar_node', 'perception_node']  chain: ['lidar_node', 'perception_node']
  baselines (identical evidence):  independent=PASS  temporal_only=PASS  static_dep_anom=PASS  static_dep_temp=PASS  proposed=PASS
  ablation:  full=PASS  no_D=PASS  no_T=PASS  no_S=PASS  no_A=PASS

Results written to runs/simulation/bench3/results.json

==============================================================================
S02 sensor dropout: LiDAR stops publishing   [rep 4]
  faults: lidar_node:dropout(p=1.0, +0.0s, 10.0s)
==============================================================================
  predicted=lidar_node  accepted=['lidar_node']  top1=PASS rank=1  det=0.658s diag=0.658s FDR=0.0 chain_acc=1.0 phys_cov=0.6
  anomalous nodes: ['lidar_node', 'localization_node', 'perception_node']  chain: ['lidar_node', 'perception_node', 'localization_node']
  baselines (identical evidence):  independent=FAIL  temporal_only=PASS  static_dep_anom=PASS  static_dep_temp=PASS  proposed=PASS
  ablation:  full=PASS  no_D=PASS  no_T=PASS  no_S=PASS  no_A=PASS

Results written to runs/simulation/bench3/results.json

==============================================================================
S03 perception processing degradation: empty obstacle sets   [rep 4]
  faults: perception_node:degradation(p=0.0, +0.0s, 10.0s)
==============================================================================
  predicted=perception_node  accepted=['perception_node']  top1=PASS rank=1  det=0.212s diag=0.709s FDR=0.0 chain_acc=1.0 phys_cov=0.5[INFO] [1790114427.805683098] [experiment_controller]: >>> Cleared all faults.
[INFO] [1790114428.038391545] [experiment_controller]: >>> Cleared all faults.
[INFO] [1790114435.749539747] [experiment_controller]: >>> Injected crash on perception_node (param=0.0, dur=1.0s)
[INFO] [1790114445.755230803] [experiment_controller]: >>> Cleared all faults.
[INFO] [1790114445.994572369] [experiment_controller]: >>> Cleared all faults.
[INFO] [1790114451.202466318] [experiment_controller]: >>> Injected localization_failure on localization_node (param=20.0, dur=10.0s)
[INFO] [1790114459.207131561] [experiment_controller]: >>> Cleared all faults.
[INFO] [1790114459.449700008] [experiment_controller]: >>> Cleared all faults.
[INFO] [1790114467.162693699] [experiment_controller]: >>> Injected control_failure on control_node (param=1.0, dur=10.0s)
[INFO] [1790114475.164400547] [experiment_controller]: >>> Cleared all faults.
[INFO] [1790114475.417858357] [experiment_controller]: >>> Cleared all faults.
[INFO] [1790114482.628773131] [experiment_controller]: >>> Injected latency on perception_node (param=0.4, dur=10.0s)
[INFO] [1790114490.630600706] [experiment_controller]: >>> Cleared all faults.
[INFO] [1790114490.866490857] [experiment_controller]: >>> Cleared all faults.
[INFO] [1790114498.577121022] [experiment_controller]: >>> Injected jitter on lidar_node (param=0.25, dur=10.0s)
[INFO] [1790114506.580234033] [experiment_controller]: >>> Cleared all faults.
[INFO] [1790114506.816164925] [experiment_controller]: >>> Cleared all faults.
[INFO] [1790114514.025593362] [experiment_controller]: >>> Injected loss on lidar_node (param=0.6, dur=10.0s)
[INFO] [1790114522.027872009] [experiment_controller]: >>> Cleared all faults.
[INFO] [1790114522.289003932] [experiment_controller]: >>> Cleared all faults.
[INFO] [1790114530.505056415] [experiment_controller]: >>> Injected workload on perception_node (param=150.0, dur=10.0s)
[INFO] [1790114538.503366124] [experiment_controller]: >>> Cleared all faults.
[INFO] [1790114538.739071139] [experiment_controller]: >>> Cleared all faults.
[INFO] [1790114546.950938997] [experiment_controller]: >>> Injected stop on localization_node (param=0.0, dur=1.0s)
[INFO] [1790114556.953602159] [experiment_controller]: >>> Cleared all faults.
[INFO] [1790114557.183269422] [experiment_controller]: >>> Cleared all faults.
[INFO] [1790114560.891776092] [experiment_controller]: >>> Injected restart on camera_node (param=6.0, dur=1.0s)
[INFO] [1790114570.896479841] [experiment_controller]: >>> Cleared all faults.
[INFO] [1790114571.124902528] [experiment_controller]: >>> Cleared all faults.
[INFO] [1790114575.332517061] [experiment_controller]: >>> Injected topic_change on planning_node (param=1.0, dur=10.0s)
[INFO] [1790114583.333830263] [experiment_controller]: >>> Cleared all faults.
[INFO] [1790114583.589080779] [experiment_controller]: >>> Cleared all faults.
[INFO] [1790114585.792674190] [experiment_controller]: >>> Injected noise on lidar_node (param=8.0, dur=10.0s)
[INFO] [1790114587.792794454] [experiment_controller]: >>> Injected jitter on perception_node (param=0.3, dur=10.0s)

  anomalous nodes: ['localization_node', 'perception_node']  chain: ['perception_node', 'localization_node']
  baselines (identical evidence):  independent=FAIL  temporal_only=PASS  static_dep_anom=PASS  static_dep_temp=PASS  proposed=PASS
  ablation:  full=PASS  no_D=PASS  no_T=PASS  no_S=PASS  no_A=PASS

Results written to runs/simulation/bench3/results.json

==============================================================================
S04 perception node failure (process crash, respawned by launch)   [rep 4]
  faults: perception_node:crash(p=0.0, +0.0s, 1.0s)
==============================================================================
  predicted=perception_node  accepted=['perception_node']  top1=PASS rank=1  det=0.761s diag=0.761s FDR=0.0 chain_acc=1.0 phys_cov=0.5
  anomalous nodes: ['localization_node', 'perception_node']  chain: ['perception_node', 'localization_node']
  baselines (identical evidence):  independent=FAIL  temporal_only=PASS  static_dep_anom=PASS  static_dep_temp=PASS  proposed=PASS
  ablation:  full=PASS  no_D=PASS  no_T=PASS  no_S=PASS  no_A=PASS

Results written to runs/simulation/bench3/results.json

==============================================================================
S05 localization failure: pose jump + uncertainty spike   [rep 4]
  faults: localization_node:localization_failure(p=20.0, +0.0s, 10.0s)
==============================================================================
  predicted=localization_node  accepted=['localization_node']  top1=PASS rank=1  det=0.086s diag=0.307s FDR=0.0 chain_acc=1.0 phys_cov=1.0
  anomalous nodes: ['control_node', 'localization_node', 'planning_node']  chain: ['localization_node', 'planning_node', 'control_node']
  baselines (identical evidence):  independent=PASS  temporal_only=PASS  static_dep_anom=PASS  static_dep_temp=PASS  proposed=PASS
  ablation:  full=PASS  no_D=PASS  no_T=PASS  no_S=PASS  no_A=PASS

Results written to runs/simulation/bench3/results.json

==============================================================================
S06 control failure: erratic velocity commands   [rep 4]
  faults: control_node:control_failure(p=1.0, +0.0s, 10.0s)
==============================================================================
  predicted=control_node  accepted=['control_node']  top1=PASS rank=1  det=0.608s diag=0.851s FDR=0.0 chain_acc=1.0 phys_cov=1.0
  anomalous nodes: ['control_node']  chain: ['control_node']
  baselines (identical evidence):  independent=PASS  temporal_only=PASS  static_dep_anom=PASS  static_dep_temp=PASS  proposed=PASS
  ablation:  full=PASS  no_D=PASS  no_T=PASS  no_S=PASS  no_A=PASS

Results written to runs/simulation/bench3/results.json

==============================================================================
S07 communication: perception output delayed 0.4 s   [rep 4]
  faults: perception_node:latency(p=0.4, +0.0s, 10.0s)
==============================================================================
  predicted=perception_node  accepted=['perception_node']  top1=PASS rank=1  det=0.577s diag=0.881s FDR=0.0 chain_acc=0.5 phys_cov=0.25
  anomalous nodes: ['perception_node']  chain: ['perception_node']
  baselines (identical evidence):  independent=PASS  temporal_only=PASS  static_dep_anom=PASS  static_dep_temp=PASS  proposed=PASS
  ablation:  full=PASS  no_D=PASS  no_T=PASS  no_S=PASS  no_A=PASS

Results written to runs/simulation/bench3/results.json

==============================================================================
S08 communication: LiDAR link jitter (sigma 0.25 s)   [rep 4]
  faults: lidar_node:jitter(p=0.25, +0.0s, 10.0s)
==============================================================================
  predicted=lidar_node  accepted=['lidar_node']  top1=PASS rank=1  det=0.745s diag=0.933s FDR=0.0 chain_acc=1.0 phys_cov=0.6667
  anomalous nodes: ['lidar_node', 'perception_node']  chain: ['lidar_node', 'perception_node']
  baselines (identical evidence):  independent=PASS  temporal_only=PASS  static_dep_anom=PASS  static_dep_temp=PASS  proposed=PASS
  ablation:  full=PASS  no_D=PASS  no_T=PASS  no_S=PASS  no_A=PASS

Results written to runs/simulation/bench3/results.json

==============================================================================
S09 communication: LiDAR message loss 60 %   [rep 4]
  faults: lidar_node:loss(p=0.6, +0.0s, 10.0s)
==============================================================================
  predicted=lidar_node  accepted=['lidar_node']  top1=PASS rank=1  det=0.777s diag=0.987s FDR=0.0 chain_acc=1.0 phys_cov=0.6667
  anomalous nodes: ['lidar_node', 'perception_node']  chain: ['lidar_node', 'perception_node']
  baselines (identical evidence):  independent=PASS  temporal_only=PASS  static_dep_anom=PASS  static_dep_temp=PASS  proposed=PASS
  ablation:  full=PASS  no_D=PASS  no_T=PASS  no_S=PASS  no_A=PASS

Results written to runs/simulation/bench3/results.json

==============================================================================
S10 workload: perception CPU work 150 ms per callback   [rep 4]
  faults: perception_node:workload(p=150.0, +0.0s, 10.0s)
==============================================================================
  predicted=perception_node  accepted=['perception_node']  top1=PASS rank=1  det=0.629s diag=1.009s FDR=0.0 chain_acc=1.0 phys_cov=0.3333
  anomalous nodes: ['perception_node']  chain: ['perception_node']
  baselines (identical evidence):  independent=PASS  temporal_only=PASS  static_dep_anom=PASS  static_dep_temp=PASS  proposed=PASS
  ablation:  full=PASS  no_D=PASS  no_T=PASS  no_S=PASS  no_A=PASS

Results written to runs/simulation/bench3/results.json

==============================================================================
S11 node restart: localization clean stop, respawned after 4 s   [rep 4]
  faults: localization_node:stop(p=0.0, +0.0s, 1.0s)
==============================================================================
  predicted=planning_node  accepted=['localization_node']  top1=FAIL rank=5  det=0.059s diag=0.064s FDR=0.2 chain_acc=0.5 phys_cov=0.3333
  anomalous nodes: ['localization_node', 'planning_node']  chain: ['planning_node']
  baselines (identical evidence):  independent=FAIL  temporal_only=PASS  static_dep_anom=PASS  static_dep_temp=PASS  proposed=PASS
  ablation:  full=PASS  no_D=PASS  no_T=PASS  no_S=PASS  no_A=PASS

Results written to runs/simulation/bench3/results.json

==============================================================================
S12 node disappearance / reappearance: camera removed for 6 s   [rep 4]
  faults: camera_node:restart(p=6.0, +0.0s, 1.0s)
==============================================================================
  predicted=camera_node  accepted=['camera_node']  top1=PASS rank=1  det=0.118s diag=0.121s FDR=0.0 chain_acc=1.0 phys_cov=0.6
  anomalous nodes: ['camera_node', 'localization_node', 'perception_node']  chain: ['camera_node', 'perception_node', 'localization_node']
  baselines (identical evidence):  independent=FAIL  temporal_only=PASS  static_dep_anom=PASS  static_dep_temp=PASS  proposed=PASS
  ablation:  full=PASS  no_D=PASS  no_T=PASS  no_S=PASS  no_A=PASS

Results written to runs/simulation/bench3/results.json

==============================================================================
S13 runtime topic change: planner switches pose source to raw odometry (no fault)   [rep 4]
  faults: planning_node:topic_change(p=1.0, +0.0s, 10.0s)
==============================================================================
  graph-change scenario: diagnoses raised = 0  -> PASS

Results written to runs/simulation/bench3/results.json

==============================================================================
S14 compound: LiDAR noise + perception link jitter 2 s later   [rep 4]
  faults: lidar_node:noise(p=8.0, +0.0s, 10.0s); perception_node:jitter(p=0.3, +2.0s, 10.0s)
==============================================================================
  predicted=lidar_node  accepted=['lidar_node', 'perception_node']  top1=PASS rank=1  det=0.209s diag=0.218s FDR=0.0 chain_acc=1.0 phys_cov=0.4
  anomalous nodes: ['lidar_node', 'perception_node']  chain: ['lidar_node', 'perception_node'][INFO] [1790114595.797994642] [experiment_controller]: >>> Cleared all faults.
[INFO] [1790114596.030533674] [experiment_controller]: >>> Cleared all faults.
[INFO] [1790114603.741606835] [experiment_controller]: >>> Injected noise on lidar_node (param=8.0, dur=10.0s)
[INFO] [1790114605.241997327] [experiment_controller]: >>> Injected workload on perception_node (param=150.0, dur=10.0s)
[INFO] [1790114613.747336908] [experiment_controller]: >>> Cleared all faults.
[INFO] [1790114613.999077628] [experiment_controller]: >>> Cleared all faults.
[INFO] [1790114622.212618830] [experiment_controller]: >>> Injected degradation on perception_node (param=0.0, dur=10.0s)
[INFO] [1790114623.213808473] [experiment_controller]: >>> Injected degradation on localization_node (param=0.6, dur=10.0s)
[INFO] [1790114632.222350854] [experiment_controller]: >>> Cleared all faults.
[INFO] [1790114632.459021206] [experiment_controller]: >>> Cleared all faults.
[INFO] [1790114640.170897406] [experiment_controller]: >>> Injected stale on odometry_node (param=1.0, dur=10.0s)
[INFO] [1790114650.177590213] [experiment_controller]: >>> Cleared all faults.
[INFO] [1790114650.413441211] [experiment_controller]: >>> Cleared all faults.
[INFO] [1790114658.124815718] [experiment_controller]: >>> Injected workload on perception_node (param=120.0, dur=10.0s)
[INFO] [1790114661.124780251] [experiment_controller]: >>> Injected localization_failure on localization_node (param=20.0, dur=10.0s)
[INFO] [1790114668.129471257] [experiment_controller]: >>> Cleared all faults.
[INFO] [1790114668.359044690] [experiment_controller]: >>> Cleared all faults.
[INFO] [1790114676.070626227] [experiment_controller]: >>> Injected dropout on camera_node (param=1.0, dur=10.0s)
[INFO] [1790114686.078611361] [experiment_controller]: >>> Cleared all faults.
[INFO] [1790114686.317674754] [experiment_controller]: >>> Cleared all faults.
[INFO] [1790114694.529106712] [experiment_controller]: >>> Injected dropout on lidar_node (param=1.0, dur=10.0s)
[INFO] [1790114697.529037779] [experiment_controller]: >>> Injected stop on localization_node (param=0.0, dur=1.0s)
[INFO] [1790114706.532909509] [experiment_controller]: >>> Cleared all faults.

  baselines (identical evidence):  independent=PASS  temporal_only=PASS  static_dep_anom=PASS  static_dep_temp=PASS  proposed=PASS
  ablation:  full=PASS  no_D=PASS  no_T=PASS  no_S=PASS  no_A=PASS

Results written to runs/simulation/bench3/results.json

==============================================================================
S15 compound: LiDAR noise + perception workload 1.5 s later   [rep 4]
  faults: lidar_node:noise(p=8.0, +0.0s, 10.0s); perception_node:workload(p=150.0, +1.5s, 10.0s)
==============================================================================
  predicted=lidar_node  accepted=['lidar_node', 'perception_node']  top1=PASS rank=1  det=0.159s diag=0.269s FDR=0.0 chain_acc=1.0 phys_cov=0.4
  anomalous nodes: ['lidar_node', 'perception_node']  chain: ['lidar_node', 'perception_node']
  baselines (identical evidence):  independent=PASS  temporal_only=PASS  static_dep_anom=PASS  static_dep_temp=PASS  proposed=PASS
  ablation:  full=PASS  no_D=PASS  no_T=PASS  no_S=PASS  no_A=PASS

Results written to runs/simulation/bench3/results.json

==============================================================================
S16 compound: perception degradation + localization degradation 1 s later   [rep 4]
  faults: perception_node:degradation(p=0.0, +0.0s, 10.0s); localization_node:degradation(p=0.6, +1.0s, 10.0s)
==============================================================================
  predicted=perception_node  accepted=['perception_node', 'localization_node']  top1=PASS rank=1  det=0.193s diag=0.297s FDR=0.0 chain_acc=0.5 phys_cov=1.0
  anomalous nodes: ['control_node', 'localization_node', 'perception_node', 'planning_node']  chain: ['perception_node', 'localization_node', 'planning_node', 'control_node']
  baselines (identical evidence):  independent=PASS  temporal_only=PASS  static_dep_anom=PASS  static_dep_temp=PASS  proposed=PASS
  ablation:  full=PASS  no_D=PASS  no_T=PASS  no_S=PASS  no_A=PASS

Results written to runs/simulation/bench3/results.json

==============================================================================
S17 ambiguous: mild upstream (stale odometry) with strong downstream symptoms   [rep 4]
  faults: odometry_node:stale(p=1.0, +0.0s, 10.0s)
==============================================================================
  predicted=odometry_node  accepted=['odometry_node']  top1=PASS rank=1  det=0.111s diag=0.339s FDR=0.0 chain_acc=1.0 phys_cov=0.75
  anomalous nodes: ['localization_node', 'odometry_node', 'planning_node']  chain: ['odometry_node', 'localization_node', 'planning_node']
  baselines (identical evidence):  independent=FAIL  temporal_only=PASS  static_dep_anom=PASS  static_dep_temp=PASS  proposed=PASS
  ablation:  full=PASS  no_D=PASS  no_T=PASS  no_S=PASS  no_A=PASS

Results written to runs/simulation/bench3/results.json

==============================================================================
S18 ambiguous: mild perception workload, then strong localization failure 3 s later   [rep 4]
  faults: perception_node:workload(p=120.0, +0.0s, 10.0s); localization_node:localization_failure(p=20.0, +3.0s, 10.0s)
==============================================================================
  predicted=perception_node  accepted=['perception_node', 'localization_node']  top1=PASS rank=1  det=0.69s diag=0.894s FDR=0.0 chain_acc=1.0 phys_cov=1.0
  anomalous nodes: ['control_node', 'localization_node', 'perception_node', 'planning_node']  chain: ['perception_node', 'localization_node', 'planning_node', 'control_node']
  baselines (identical evidence):  independent=PASS  temporal_only=PASS  static_dep_anom=PASS  static_dep_temp=PASS  proposed=PASS
  ablation:  full=PASS  no_D=PASS  no_T=PASS  no_S=PASS  no_A=PASS

Results written to runs/simulation/bench3/results.json

==============================================================================
S20 ambiguous: low-rate camera dropout; perception empties before the camera timeout is confirmable   [rep 4]
  faults: camera_node:dropout(p=1.0, +0.0s, 10.0s)
==============================================================================
  predicted=camera_node  accepted=['camera_node']  top1=PASS rank=1  det=0.635s diag=0.941s FDR=0.0 chain_acc=0.6 phys_cov=1.0
  anomalous nodes: ['camera_node', 'control_node', 'localization_node', 'perception_node', 'planning_node']  chain: ['camera_node', 'perception_node', 'localization_node', 'planning_node', 'control_node']
  baselines (identical evidence):  independent=FAIL  temporal_only=FAIL  static_dep_anom=PASS  static_dep_temp=PASS  proposed=PASS
  ablation:  full=PASS  no_D=PASS  no_T=PASS  no_S=PASS  no_A=PASS

Results written to runs/simulation/bench3/results.json

==============================================================================
S19 ambiguous: LiDAR dropout, localization stops mid-incident (graph changes)   [rep 4]
  faults: lidar_node:dropout(p=1.0, +0.0s, 10.0s); localization_node:stop(p=0.0, +3.0s, 1.0s)
==============================================================================
  predicted=lidar_node  accepted=['lidar_node', 'localization_node']  top1=PASS rank=1  det=0.482s diag=0.482s FDR=0.0 chain_acc=0.75 phys_cov=0.8
  anomalous nodes: ['lidar_node', 'localization_node', 'perception_node', 'planning_node']  chain: ['lidar_node', 'perception_node', 'localization_node', 'planning_node']
  baselines (identical evidence):  independent=PASS  temporal_only=PASS  static_dep_anom=PASS  static_dep_temp=PASS  proposed=PASS
  ablation:  full=PASS  no_D=PASS  no_T=PASS  no_S=PASS  no_A=PASS

Results written to runs/simulation/bench3/results.json

======================================================================================================================
SIMULATION BENCHMARK (proposed method, live; baselines/ablations on identical recorded evidence)
======================================================================================================================
scenario                                n top1 top3   MRR   det  diag   FDR chain  phys | indepe tempor static static propos |  full  no_D  no_T  no_S  no_A
----------------------------------------------------------------------------------------------------------------------
lidar_noise                             5    5    5   1.0 0.155 0.384   0.0   1.0   0.4 |      5      5      5      5      5 |     5     5     5     5     5
lidar_dropout                           5    5    5   1.0 0.648 0.648   0.0   1.0   0.6 |      0      5      5      5      5 |     5     5     5     5     5
perception_degradation                  5    5    5   1.0 0.163 0.506   0.0   1.0   0.5 |      0      5      5      5      5 |     5     5     5     5     5
perception_crash                        5    5    5   1.0 0.762 0.762   0.0   1.0   0.5 |      0      5      5      5      5 |     5     5     5     5     5
localization_failure                    5    5    5   1.0 0.069 0.325   0.0   1.0   1.0 |      5      5      5      5      5 |     5     5     5     5     5
control_failure                         5    5    5   1.0  1.16 1.381   0.0   1.0   1.0 |      5      5      5      5      5 |     5     5     5     5     5
perception_link_latency                 5    5    5   1.0 0.555 0.736   0.0   0.5  0.25 |      5      5      5      5      5 |     5     5     5     5     5
lidar_link_jitter                       5    5    5   1.0 0.535 0.801   0.0   1.0 0.667 |      3      5      5      5      5 |     5     5     5     5     5
lidar_link_loss                         5    5    5   1.0 1.279 1.365 0.061   1.0 0.667 |      3      3      5      5      5 |     5     5     5     5     5
perception_workload                     5    5    5   1.0 0.756 1.021   0.0   1.0 0.333 |      5      5      5      5      5 |     5     5     5     5     5
localization_restart                    5    3    3  0.68 0.315  0.38  0.05   0.8 0.533 |      0      5      5      5      5 |     5     5     5     5     5
camera_disappear_reappear               5    4    5   0.9 0.335 0.341 0.011 0.933  0.56 |      0      5      5      5      5 |     5     5     5     5     5
planning_topic_change                   5    5    5   1.0  None  None   0.0   1.0   1.0 |      -      -      -      -      - |     -     -     -     -     -
lidar_noise_plus_perception_jitter      5    5    5   1.0 0.156 0.265   0.0   1.0   0.4 |      5      5      5      5      5 |     5     5     5     5     5
lidar_noise_plus_perception_workload    5    5    5   1.0 0.175 0.325   0.0 0.933  0.44 |      5      5      5      5      5 |     5     5     5     5     5
perception_plus_localization_degradation  5    5    5   1.0 0.176 0.379   0.0   0.5   1.0 |      5      5      5      5      5 |     5     5     5     5     5
odometry_stale_cascade                  5    5    5   1.0 0.092  0.42   0.0   1.0  0.75 |      0      5      5      5      5 |     5     5     5     5     5
workload_then_localization_failure      5    5    5   1.0  0.67 0.943   0.0   1.0   1.0 |      5      5      5      5      5 |     5     5     5     5     5
camera_dropout_gated_perception         5    5    5   1.0 0.581 0.884   0.0   0.6   1.0 |      0      1      5      5      5 |     5     5     5     5     5
lidar_dropout_with_localization_stop    5    5    5   1.0 0.536 0.536   0.0  0.75   0.8 |      2      5      5      5      5 |     5     5     5     5     5
----------------------------------------------------------------------------------------------------------------------
{
  "total_experiments": 100,
  "top1_correct": 97,
  "top1_accuracy": 0.97,
  "top3_correct": 98,
  "top3_accuracy": 0.98,
  "mean_reciprocal_rank": 0.979,
  "avg_detection_latency_sec": 0.48,
  "avg_diagnosis_latency_sec": 0.653,
  "avg_correct_diagnosis_latency_sec": 0.674,
  "detection_latency_stats": {
    "n": 95,
    "mean": 0.48,
    "min": 0.056,
    "max": 2.592,
    "std": 0.405,
    "median": 0.489,
    "p25": 0.157,
    "p75": 0.682
  },
  "diagnosis_latency_stats": {
    "n": 95,
    "mean": 0.653,
    "min": 0.064,
    "max": 2.592,
    "std": 0.406,
    "median": 0.582,
    "p25": 0.361,
    "p75": 0.894
  },
  "correct_diagnosis_latency_stats": {
    "n": 95,
    "mean": 0.674,
    "min": 0.064,
    "max": 3.091,
    "std": 0.48,
    "median": 0.582,
    "p25": 0.361,
    "p75": 0.894
  },
  "post_injection_diagnoses": 1668,
  "post_injection_false_diagnoses": 10,
  "post_injection_false_diagnosis_rate": 0.006,
  "false_diagnosis_rate": 0.006,
  "num_diagnoses_after_injection": 1668,
  "avg_chain_accuracy": 0.901,
  "chain_accuracy_n": 100,
  "chain_order_correct_count": 92,
  "chain_order_n": 100,
  "chain_order_accuracy": 0.92,
  "avg_physical_chain_coverage": 0.67,
  "physical_chain_coverage_n": 100,
  "scenarios_with_unobserved_physical_nodes": [
    "camera_disappear_reappear",
    "lidar_dropout",
    "lidar_dropout_with_localization_stop",
    "lidar_link_jitter",
    "lidar_link_loss",
    "lidar_noise",
    "lidar_noise_plus_perception_jitter",
    "lidar_noise_plus_perception_workload",
    "localization_restart",
    "odometry_stale_cascade",
    "perception_crash",
    "perception_degradation",
    "perception_link_latency",
    "perception_workload"
  ],
  "nominal_fault_free_windows": 102,
  "nominal_fault_free_sec": 137.817,
  "nominal_anomalies": 4,
  "nominal_diagnoses": 12,
  "nominal_false_alarms": 12,
  "nominal_false_alarm_rate_per_min": 5.2243,
  "nominal_false_alarms_per_min": 5.2243
}

====================================================================================================
COHORTS AND DENOMINATORS (no silent denominator switching)
====================================================================================================
  ALL RUNS              n = 100  proposed Top-1 = 97/100 (0.97)
  COMMON-EVIDENCE SUBSET n = 95   proposed Top-1 = 92/95 (0.9684)
      baseline independent        Top-1 = 53/95 (0.5579)  MRR = 0.7614
      baseline temporal_only      Top-1 = 89/95 (0.9368)  MRR = 0.9684
      baseline static_dep_anom    Top-1 = 95/95 (1.0)  MRR = 1.0
      baseline static_dep_temp    Top-1 = 95/95 (1.0)  MRR = 1.0
      baseline proposed           Top-1 = 95/95 (1.0)  MRR = 1.0
  EXCLUDED from the subset n = 5  reasons = {'scenario declares no ground-truth root cause (expect_no_diagnosis)': 5}  keys = ['planning_topic_change']
  inclusion criterion: scenario declares a ground-truth root cause; defined before the comparison and independent of which method succeeded
  denominators match: True
  NOTE: at least one baseline outperforms the proposed method on this scenario set.

BASELINES (Top-1 over all evaluated runs, identical evidence):
  independent      top1 = 53/95 (56%)  MRR = 0.761
  temporal_only    top1 = 89/95 (94%)  MRR = 0.968
  static_dep_anom  top1 = 95/95 (100%)  MRR = 1.000
  static_dep_temp  top1 = 95/95 (100%)  MRR = 1.000
  proposed         top1 = 95/95 (100%)  MRR = 1.000
ABLATIONS (Top-1 over all evaluated runs):
  full     {'wD': 0.3, 'wT': 0.3, 'wS': 0.25, 'wA': 0.15}  top1 = 95/95 (100%)
  no_D     {'wD': 0.0, 'wT': 0.3, 'wS': 0.25, 'wA': 0.15}  top1 = 95/95 (100%)
  no_T     {'wD': 0.3, 'wT': 0.0, 'wS': 0.25, 'wA': 0.15}  top1 = 95/95 (100%)
  no_S     {'wD': 0.3, 'wT': 0.3, 'wS': 0.0, 'wA': 0.15}  top1 = 95/95 (100%)
  no_A     {'wD': 0.3, 'wT': 0.3, 'wS': 0.25, 'wA': 0.0}  top1 = 95/95 (100%)

NOMINAL: 137.8s fault-free observed, 4 anomalies, 12 false alarms (5.2243/min)

Results written to runs/simulation/bench3/results.json
EXIT=0
