[INFO] [launch]: All log files can be found below /home/lynx/.ros/log/2026-09-19-21-29-35-029428-WINDOWS-FIRE-7689
[INFO] [launch]: Default logging verbosity is set to INFO
[INFO] [sensor_node-1]: process started with pid [7698]
[INFO] [perception_node-2]: process started with pid [7699]
[INFO] [localization_node-3]: process started with pid [7700]
[INFO] [navigation_node-4]: process started with pid [7701]
[INFO] [monitor_node-5]: process started with pid [7702]
[monitor_node-5] [INFO] [1789853377.187376986] [diagnostic_monitor]: DiagnosticMonitorNode started. DB: events.db, Weights: (wD=0.3, wT=0.3, wS=0.25, wA=0.15), z>3.0 confirmed x2, warmup 4.0s
[navigation_node-4] [INFO] [1789853377.187961117] [navigation_node]: NavigationNode initialized, listening to /localization/pose
[sensor_node-1] [INFO] [1789853377.221486214] [sensor_node]: SensorNode initialized at 10.0 Hz
[perception_node-2] [INFO] [1789853377.254701423] [perception_node]: PerceptionNode initialized, listening to /sensor/scan
[localization_node-3] [INFO] [1789853377.327816306] [localization_node]: LocalizationNode initialized, listening to /perception/obstacles
[monitor_node-5] [INFO] [1789853378.135892410] [diagnostic_monitor]: Discovered graph: nodes=['localization_node', 'navigation_node', 'perception_node', 'sensor_node'] edges=[localization_node->navigation_node, perception_node->localization_node, sensor_node->perception_node]
[monitor_node-5] [INFO] [1789853378.266496140] [diagnostic_monitor]: Dynamically subscribed to monitor topic: /localization/pose [geometry_msgs/msg/PoseStamped]
[monitor_node-5] [INFO] [1789853378.269388516] [diagnostic_monitor]: Dynamically subscribed to monitor topic: /navigation/cmd_vel [geometry_msgs/msg/TwistStamped]
[monitor_node-5] [INFO] [1789853378.271851172] [diagnostic_monitor]: Dynamically subscribed to monitor topic: /perception/obstacles [geometry_msgs/msg/PoseArray]
[monitor_node-5] [INFO] [1789853378.466113247] [diagnostic_monitor]: Dynamically subscribed to monitor topic: /sensor/scan [sensor_msgs/msg/LaserScan]
[localization_node-3] [INFO] [1789853493.705815267] [localization_node]: LocalizationNode: Fault cleared.
[perception_node-2] [INFO] [1789853493.706056079] [perception_node]: PerceptionNode: Fault cleared.
[localization_node-3] [INFO] [1789853493.754743242] [localization_node]: LocalizationNode: Fault cleared.
[perception_node-2] [INFO] [1789853493.755858274] [perception_node]: PerceptionNode: Fault cleared.
[localization_node-3] [INFO] [1789853493.805405187] [localization_node]: LocalizationNode: Fault cleared.
[perception_node-2] [INFO] [1789853493.805487300] [perception_node]: PerceptionNode: Fault cleared.
[perception_node-2] [INFO] [1789853493.855982171] [perception_node]: PerceptionNode: Fault cleared.
[localization_node-3] [INFO] [1789853493.856177617] [localization_node]: LocalizationNode: Fault cleared.
[sensor_node-1] [WARN] [1789853495.910393180] [sensor_node]: SensorNode: Injected fault "latency" (param=0.4, duration=9.0s)
[sensor_node-1] [WARN] [1789853495.959275130] [sensor_node]: SensorNode: Injected fault "latency" (param=0.4, duration=9.0s)
[sensor_node-1] [WARN] [1789853496.010389537] [sensor_node]: SensorNode: Injected fault "latency" (param=0.4, duration=9.0s)
[sensor_node-1] [WARN] [1789853496.060894577] [sensor_node]: SensorNode: Injected fault "latency" (param=0.4, duration=9.0s)
[monitor_node-5] [WARN] [1789853496.556416703] [diagnostic_monitor]: ANOMALY on [sensor_node] /sensor/scan:latency: Value 0.5007 deviated from baseline 0.0012±0.0031 (z=158.7, confirmed x2) (sev=1.00)
[monitor_node-5] [WARN] [1789853496.559277820] [diagnostic_monitor]: ANOMALY on [localization_node] /localization/pose:latency: Value 0.5050 deviated from baseline 0.0028±0.0048 (z=104.4, confirmed x2) (sev=1.00)
[monitor_node-5] [WARN] [1789853496.561800132] [diagnostic_monitor]: ANOMALY on [navigation_node] /navigation/cmd_vel:latency: Value 0.5075 deviated from baseline 0.0035±0.0050 (z=100.9, confirmed x2) (sev=1.00)
[monitor_node-5] [WARN] [1789853496.563205502] [diagnostic_monitor]: ANOMALY on [perception_node] /perception/obstacles:latency: Value 0.5091 deviated from baseline 0.0021±0.0048 (z=104.7, confirmed x2) (sev=1.00)
[monitor_node-5] [INFO] [1789853496.637620884] [diagnostic_monitor]: 
[monitor_node-5] ============================================================
[monitor_node-5] ROOT CAUSE DIAGNOSIS: sensor_node (Confidence: 1.000)
[monitor_node-5] ============================================================
[monitor_node-5] Score Breakdown  R(C) = wD*D + wT*T + wS*S + wA*A:
[monitor_node-5]   R(sensor_node) = 0.3·D(1.00) + 0.3·T(1.00) + 0.25·S(1.00) + 0.15·A(1.00) = 1.000
[monitor_node-5]   - Dependency D: 1.00 (reaches 3 downstream anomalous node(s); 0 anomalous upstream node(s))
[monitor_node-5]   - Temporal   T: 1.00 (first anomaly at t=1789853496.55s; earliest in window = supporting evidence, not proof of causality)
[monitor_node-5]   - Symptom    S: 1.00 (explains 4/4 anomalous nodes)
[monitor_node-5]   - Severity   A: 1.00 (max normalised severity on node, 1 direct anomaly event(s))
[monitor_node-5] 
[monitor_node-5] Propagation Chain (evidence-ordered, via discovered graph edges):
[monitor_node-5]   sensor_node (t=1789853496.55s: /sensor/scan:latency, sev=1.00)
[monitor_node-5]     └─→ perception_node via /sensor/scan (t=1789853496.56s, +0.01s after sensor_node: /perception/obstacles:latency)
[monitor_node-5]       └─→ localization_node via /perception/obstacles (t=1789853496.56s, -0.00s after perception_node: /localization/pose:latency)
[monitor_node-5]         └─→ navigation_node via /localization/pose (t=1789853496.56s, +0.00s after localization_node: /navigation/cmd_vel:latency)
[monitor_node-5] 
[monitor_node-5] Candidate Ranking & Evidence Comparison:
[monitor_node-5]   #2 perception_node      R=0.787 (Δ -0.213) [first anomaly 0.01s after sensor_node; downstream of sensor_node in discovered graph; lower symptom coverage (75% vs 100%)]
[monitor_node-5]   #3 localization_node    R=0.625 (Δ -0.375) [first anomaly 0.00s after sensor_node; downstream of sensor_node in discovered graph; lower symptom coverage (50% vs 100%)]
[monitor_node-5]   #4 navigation_node      R=0.512 (Δ -0.488) [first anomaly 0.01s after sensor_node; downstream of sensor_node in discovered graph; lower symptom coverage (25% vs 100%)]
[monitor_node-5] ============================================================
[monitor_node-5] [WARN] [1789853496.655124653] [diagnostic_monitor]: ANOMALY on [sensor_node] /sensor/scan:latency: Value 0.5011 deviated from baseline 0.0012±0.0031 (z=158.8, confirmed x3) (sev=1.00)
[monitor_node-5] [WARN] [1789853496.656825222] [diagnostic_monitor]: ANOMALY on [localization_node] /localization/pose:latency: Value 0.5029 deviated from baseline 0.0028±0.0048 (z=103.9, confirmed x3) (sev=1.00)
[monitor_node-5] [WARN] [1789853496.658034932] [diagnostic_monitor]: ANOMALY on [perception_node] /perception/obstacles:latency: Value 0.5042 deviated from baseline 0.0021±0.0048 (z=103.7, confirmed x3) (sev=1.00)
[monitor_node-5] [WARN] [1789853496.659066153] [diagnostic_monitor]: ANOMALY on [sensor_node] /sensor/scan:latency: Value 0.4055 deviated from baseline 0.0012±0.0031 (z=128.4, confirmed x4) (sev=1.00)
[monitor_node-5] [WARN] [1789853496.660920909] [diagnostic_monitor]: ANOMALY on [localization_node] /localization/pose:latency: Value 0.4069 deviated from baseline 0.0028±0.0048 (z=84.0, confirmed x4) (sev=1.00)
[monitor_node-5] [WARN] [1789853496.662110253] [diagnostic_monitor]: ANOMALY on [navigation_node] /navigation/cmd_vel:latency: Value 0.5082 deviated from baseline 0.0035±0.0050 (z=101.0, confirmed x3) (sev=1.00)
[monitor_node-5] [WARN] [1789853496.663373273] [diagnostic_monitor]: ANOMALY on [perception_node] /perception/obstacles:latency: Value 0.4095 deviated from baseline 0.0021±0.0048 (z=84.1, confirmed x4) (sev=1.00)
[monitor_node-5] [WARN] [1789853496.665224263] [diagnostic_monitor]: ANOMALY on [navigation_node] /navigation/cmd_vel:latency: Value 0.4114 deviated from baseline 0.0035±0.0050 (z=81.7, confirmed x4) (sev=1.00)
[monitor_node-5] [WARN] [1789853496.855291725] [diagnostic_monitor]: ANOMALY on [sensor_node] /sensor/scan:latency: Value 0.5013 deviated from baseline 0.0012±0.0031 (z=158.9, confirmed x5) (sev=1.00)
[monitor_node-5] [WARN] [1789853496.856725123] [diagnostic_monitor]: ANOMALY on [localization_node] /localization/pose:latency: Value 0.5030 deviated from baseline 0.0028±0.0048 (z=104.0, confirmed x5) (sev=1.00)
[monitor_node-5] [WARN] [1789853496.857644359] [diagnostic_monitor]: ANOMALY on [perception_node] /perception/obstacles:latency: Value 0.5040 deviated from baseline 0.0021±0.0048 (z=103.6, confirmed x5) (sev=1.00)
[monitor_node-5] [WARN] [1789853496.858566310] [diagnostic_monitor]: ANOMALY on [sensor_node] /sensor/scan:latency: Value 0.4049 deviated from baseline 0.0012±0.0031 (z=128.3, confirmed x6) (sev=1.00)
[monitor_node-5] [WARN] [1789853496.859883504] [diagnostic_monitor]: ANOMALY on [localization_node] /localization/pose:latency: Value 0.4062 deviated from baseline 0.0028±0.0048 (z=83.8, confirmed x6) (sev=1.00)
[monitor_node-5] [WARN] [1789853496.861006004] [diagnostic_monitor]: ANOMALY on [navigation_node] /navigation/cmd_vel:latency: Value 0.5071 deviated from baseline 0.0035±0.0050 (z=100.8, confirmed x5) (sev=1.00)
[monitor_node-5] [WARN] [1789853496.861975096] [diagnostic_monitor]: ANOMALY on [perception_node] /perception/obstacles:latency: Value 0.4083 deviated from baseline 0.0021±0.0048 (z=83.8, confirmed x6) (sev=1.00)
[monitor_node-5] [WARN] [1789853496.863523396] [diagnostic_monitor]: ANOMALY on [navigation_node] /navigation/cmd_vel:latency: Value 0.4096 deviated from baseline 0.0035±0.0050 (z=81.3, confirmed x6) (sev=1.00)
[monitor_node-5] [WARN] [1789853496.954984822] [diagnostic_monitor]: ANOMALY on [sensor_node] /sensor/scan:latency: Value 0.4011 deviated from baseline 0.0012±0.0031 (z=127.0, confirmed x7) (sev=1.00)
[monitor_node-5] [WARN] [1789853496.956561885] [diagnostic_monitor]: ANOMALY on [localization_node] /localization/pose:latency: Value 0.4029 deviated from baseline 0.0028±0.0048 (z=83.1, confirmed x7) (sev=1.00)
[monitor_node-5] [WARN] [1789853496.957754526] [diagnostic_monitor]: ANOMALY on [perception_node] /perception/obstacles:latency: Value 0.4041 deviated from baseline 0.0021±0.0048 (z=83.0, confirmed x7) (sev=1.00)
[monitor_node-5] [WARN] [1789853496.959416942] [diagnostic_monitor]: ANOMALY on [navigation_node] /navigation/cmd_vel:latency: Value 0.4056 deviated from baseline 0.0035±0.0050 (z=80.5, confirmed x7) (sev=1.00)
[monitor_node-5] [WARN] [1789853497.155099029] [diagnostic_monitor]: ANOMALY on [sensor_node] /sensor/scan:latency: Value 0.5010 deviated from baseline 0.0012±0.0031 (z=158.8, confirmed x8) (sev=1.00)
[monitor_node-5] [WARN] [1789853497.156975278] [diagnostic_monitor]: ANOMALY on [localization_node] /localization/pose:latency: Value 0.5032 deviated from baseline 0.0028±0.0048 (z=104.0, confirmed x8) (sev=1.00)
[monitor_node-5] [WARN] [1789853497.159461959] [diagnostic_monitor]: ANOMALY on [navigation_node] /navigation/cmd_vel:latency: Value 0.5053 deviated from baseline 0.0035±0.0050 (z=100.5, confirmed x8) (sev=1.00)
[monitor_node-5] [WARN] [1789853497.160579887] [diagnostic_monitor]: ANOMALY on [perception_node] /perception/obstacles:latency: Value 0.5068 deviated from baseline 0.0021±0.0048 (z=104.2, confirmed x8) (sev=1.00)
[monitor_node-5] [WARN] [1789853497.161540877] [diagnostic_monitor]: ANOMALY on [sensor_node] /sensor/scan:latency: Value 0.4080 deviated from baseline 0.0012±0.0031 (z=129.2, confirmed x9) (sev=1.00)
[monitor_node-5] [WARN] [1789853497.163057258] [diagnostic_monitor]: ANOMALY on [localization_node] /localization/pose:latency: Value 0.4094 deviated from baseline 0.0028±0.0048 (z=84.5, confirmed x9) (sev=1.00)
[monitor_node-5] [WARN] [1789853497.164151694] [diagnostic_monitor]: ANOMALY on [navigation_node] /navigation/cmd_vel:latency: Value 0.4104 deviated from baseline 0.0035±0.0050 (z=81.5, confirmed x9) (sev=1.00)
[monitor_node-5] [WARN] [1789853497.165145735] [diagnostic_monitor]: ANOMALY on [perception_node] /perception/obstacles:latency: Value 0.4115 deviated from baseline 0.0021±0.0048 (z=84.5, confirmed x9) (sev=1.00)
[monitor_node-5] [WARN] [1789853497.354638261] [diagnostic_monitor]: ANOMALY on [sensor_node] /sensor/scan:latency: Value 0.5003 deviated from baseline 0.0012±0.0031 (z=158.5, confirmed x10) (sev=1.00)
[monitor_node-5] [WARN] [1789853497.356238664] [diagnostic_monitor]: ANOMALY on [localization_node] /localization/pose:latency: Value 0.5020 deviated from baseline 0.0028±0.0048 (z=103.7, confirmed x10) (sev=1.00)
[monitor_node-5] [WARN] [1789853497.357372844] [diagnostic_monitor]: ANOMALY on [perception_node] /perception/obstacles:latency: Value 0.5033 deviated from baseline 0.0021±0.0048 (z=103.5, confirmed x10) (sev=1.00)
[monitor_node-5] [WARN] [1789853497.359022932] [diagnostic_monitor]: ANOMALY on [navigation_node] /navigation/cmd_vel:latency: Value 0.5047 deviated from baseline 0.0035±0.0050 (z=100.3, confirmed x10) (sev=1.00)
[monitor_node-5] [WARN] [1789853497.455605230] [diagnostic_monitor]: ANOMALY on [sensor_node] /sensor/scan:latency: Value 0.5015 deviated from baseline 0.0012±0.0031 (z=158.9, confirmed x11) (sev=1.00)
[monitor_node-5] [WARN] [1789853497.457496605] [diagnostic_monitor]: ANOMALY on [localization_node] /localization/pose:latency: Value 0.5033 deviated from baseline 0.0028±0.0048 (z=104.0, confirmed x11) (sev=1.00)
[monitor_node-5] [WARN] [1789853497.459573906] [diagnostic_monitor]: ANOMALY on [perception_node] /perception/obstacles:latency: Value 0.5056 deviated from baseline 0.0021±0.0048 (z=103.9, confirmed x11) (sev=1.00)
[monitor_node-5] [WARN] [1789853497.460868134] [diagnostic_monitor]: ANOMALY on [sensor_node] /sensor/scan:latency: Value 0.4070 deviated from baseline 0.0012±0.0031 (z=128.9, confirmed x12) (sev=1.00)
[monitor_node-5] [WARN] [1789853497.462368806] [diagnostic_monitor]: ANOMALY on [localization_node] /localization/pose:latency: Value 0.4087 deviated from baseline 0.0028±0.0048 (z=84.4, confirmed x12) (sev=1.00)
[monitor_node-5] [WARN] [1789853497.464011062] [diagnostic_monitor]: ANOMALY on [navigation_node] /navigation/cmd_vel:latency: Value 0.5096 deviated from baseline 0.0035±0.0050 (z=101.3, confirmed x11) (sev=1.00)
[monitor_node-5] [WARN] [1789853497.465059350] [diagnostic_monitor]: ANOMALY on [perception_node] /perception/obstacles:latency: Value 0.4116 deviated from baseline 0.0021±0.0048 (z=84.5, confirmed x12) (sev=1.00)
[monitor_node-5] [WARN] [1789853497.467431963] [diagnostic_monitor]: ANOMALY on [navigation_node] /navigation/cmd_vel:latency: Value 0.4129 deviated from baseline 0.0035±0.0050 (z=82.0, confirmed x12) (sev=1.00)
[monitor_node-5] [WARN] [1789853497.555347108] [diagnostic_monitor]: ANOMALY on [sensor_node] /sensor/scan:latency: Value 0.4013 deviated from baseline 0.0012±0.0031 (z=127.1, confirmed x13) (sev=1.00)
[monitor_node-5] [WARN] [1789853497.556846954] [diagnostic_monitor]: ANOMALY on [localization_node] /localization/pose:latency: Value 0.4031 deviated from baseline 0.0028±0.0048 (z=83.2, confirmed x13) (sev=1.00)
[monitor_node-5] [WARN] [1789853497.558068751] [diagnostic_monitor]: ANOMALY on [perception_node] /perception/obstacles:latency: Value 0.4042 deviated from baseline 0.0021±0.0048 (z=83.0, confirmed x13) (sev=1.00)
[monitor_node-5] [WARN] [1789853497.559594910] [diagnostic_monitor]: ANOMALY on [navigation_node] /navigation/cmd_vel:latency: Value 0.4057 deviated from baseline 0.0035±0.0050 (z=80.5, confirmed x13) (sev=1.00)
[monitor_node-5] [WARN] [1789853497.754925752] [diagnostic_monitor]: ANOMALY on [sensor_node] /sensor/scan:latency: Value 0.5009 deviated from baseline 0.0012±0.0031 (z=158.8, confirmed x14) (sev=1.00)
[monitor_node-5] [WARN] [1789853497.757795133] [diagnostic_monitor]: ANOMALY on [localization_node] /localization/pose:latency: Value 0.5037 deviated from baseline 0.0028±0.0048 (z=104.1, confirmed x14) (sev=1.00)
[monitor_node-5] [WARN] [1789853497.759213801] [diagnostic_monitor]: ANOMALY on [navigation_node] /navigation/cmd_vel:latency: Value 0.5053 deviated from baseline 0.0035±0.0050 (z=100.5, confirmed x14) (sev=1.00)
[monitor_node-5] [WARN] [1789853497.760813776] [diagnostic_monitor]: ANOMALY on [perception_node] /perception/obstacles:latency: Value 0.5070 deviated from baseline 0.0021±0.0048 (z=104.2, confirmed x14) (sev=1.00)
[monitor_node-5] [WARN] [1789853497.761976761] [diagnostic_monitor]: ANOMALY on [sensor_node] /sensor/scan:latency: Value 0.4083 deviated from baseline 0.0012±0.0031 (z=129.3, confirmed x15) (sev=1.00)
[monitor_node-5] [WARN] [1789853497.766373474] [diagnostic_monitor]: ANOMALY on [localization_node] /localization/pose:latency: Value 0.4100 deviated from baseline 0.0028±0.0048 (z=84.6, confirmed x15) (sev=1.00)
[monitor_node-5] [WARN] [1789853497.768383179] [diagnostic_monitor]: ANOMALY on [navigation_node] /navigation/cmd_vel:latency: Value 0.4143 deviated from baseline 0.0035±0.0050 (z=82.2, confirmed x15) (sev=1.00)
[monitor_node-5] [WARN] [1789853497.770173520] [diagnostic_monitor]: ANOMALY on [perception_node] /perception/obstacles:latency: Value 0.4167 deviated from baseline 0.0021±0.0048 (z=85.6, confirmed x15) (sev=1.00)
[monitor_node-5] [WARN] [1789853497.955228660] [diagnostic_monitor]: ANOMALY on [sensor_node] /sensor/scan:latency: Value 0.5009 deviated from baseline 0.0012±0.0031 (z=158.7, confirmed x16) (sev=1.00)
[monitor_node-5] [WARN] [1789853497.956861085] [diagnostic_monitor]: ANOMALY on [localization_node] /localization/pose:latency: Value 0.5029 deviated from baseline 0.0028±0.0048 (z=103.9, confirmed x16) (sev=1.00)
[monitor_node-5] [WARN] [1789853497.958094785] [diagnostic_monitor]: ANOMALY on [perception_node] /perception/obstacles:latency: Value 0.5041 deviated from baseline 0.0021±0.0048 (z=103.6, confirmed x16) (sev=1.00)
[monitor_node-5] [WARN] [1789853497.959901923] [diagnostic_monitor]: ANOMALY on [navigation_node] /navigation/cmd_vel:latency: Value 0.5057 deviated from baseline 0.0035±0.0050 (z=100.5, confirmed x16) (sev=1.00)
[monitor_node-5] [WARN] [1789853498.055036955] [diagnostic_monitor]: ANOMALY on [sensor_node] /sensor/scan:latency: Value 0.5009 deviated from baseline 0.0012±0.0031 (z=158.7, confirmed x17) (sev=1.00)
[monitor_node-5] [WARN] [1789853498.056549676] [diagnostic_monitor]: ANOMALY on [localization_node] /localization/pose:latency: Value 0.5026 deviated from baseline 0.0028±0.0048 (z=103.9, confirmed x17) (sev=1.00)
[monitor_node-5] [WARN] [1789853498.057613768] [diagnostic_monitor]: ANOMALY on [perception_node] /perception/obstacles:latency: Value 0.5038 deviated from baseline 0.0021±0.0048 (z=103.6, confirmed x17) (sev=1.00)
[monitor_node-5] [WARN] [1789853498.058663668] [diagnostic_monitor]: ANOMALY on [sensor_node] /sensor/scan:latency: Value 0.4051 deviated from baseline 0.0012±0.0031 (z=128.3, confirmed x18) (sev=1.00)
[monitor_node-5] [WARN] [1789853498.060179396] [diagnostic_monitor]: ANOMALY on [localization_node] /localization/pose:latency: Value 0.4065 deviated from baseline 0.0028±0.0048 (z=83.9, confirmed x18) (sev=1.00)
[monitor_node-5] [WARN] [1789853498.061403357] [diagnostic_monitor]: ANOMALY on [navigation_node] /navigation/cmd_vel:latency: Value 0.5074 deviated from baseline 0.0035±0.0050 (z=100.9, confirmed x17) (sev=1.00)
[monitor_node-5] [WARN] [1789853498.063265480] [diagnostic_monitor]: ANOMALY on [perception_node] /perception/obstacles:latency: Value 0.4089 deviated from baseline 0.0021±0.0048 (z=84.0, confirmed x18) (sev=1.00)
[monitor_node-5] [WARN] [1789853498.066728029] [diagnostic_monitor]: ANOMALY on [navigation_node] /navigation/cmd_vel:latency: Value 0.4129 deviated from baseline 0.0035±0.0050 (z=82.0, confirmed x18) (sev=1.00)
[monitor_node-5] [WARN] [1789853498.155194334] [diagnostic_monitor]: ANOMALY on [sensor_node] /sensor/scan:latency: Value 0.4012 deviated from baseline 0.0012±0.0031 (z=127.1, confirmed x19) (sev=1.00)
[monitor_node-5] [WARN] [1789853498.156660586] [diagnostic_monitor]: ANOMALY on [localization_node] /localization/pose:latency: Value 0.4030 deviated from baseline 0.0028±0.0048 (z=83.2, confirmed x19) (sev=1.00)
[monitor_node-5] [WARN] [1789853498.157581369] [diagnostic_monitor]: ANOMALY on [perception_node] /perception/obstacles:latency: Value 0.4040 deviated from baseline 0.0021±0.0048 (z=83.0, confirmed x19) (sev=1.00)
[monitor_node-5] [WARN] [1789853498.159092365] [diagnostic_monitor]: ANOMALY on [navigation_node] /navigation/cmd_vel:latency: Value 0.4052 deviated from baseline 0.0035±0.0050 (z=80.4, confirmed x19) (sev=1.00)
[monitor_node-5] [WARN] [1789853498.254889063] [diagnostic_monitor]: ANOMALY on [sensor_node] /sensor/scan:latency: Value 0.4010 deviated from baseline 0.0012±0.0031 (z=127.0, confirmed x20) (sev=1.00)
[monitor_node-5] [WARN] [1789853498.256354449] [diagnostic_monitor]: ANOMALY on [localization_node] /localization/pose:latency: Value 0.4027 deviated from baseline 0.0028±0.0048 (z=83.1, confirmed x20) (sev=1.00)
[monitor_node-5] [WARN] [1789853498.257467838] [diagnostic_monitor]: ANOMALY on [perception_node] /perception/obstacles:latency: Value 0.4038 deviated from baseline 0.0021±0.0048 (z=82.9, confirmed x20) (sev=1.00)
[monitor_node-5] [WARN] [1789853498.259070108] [diagnostic_monitor]: ANOMALY on [navigation_node] /navigation/cmd_vel:latency: Value 0.4052 deviated from baseline 0.0035±0.0050 (z=80.4, confirmed x20) (sev=1.00)
[monitor_node-5] [WARN] [1789853498.455315871] [diagnostic_monitor]: ANOMALY on [sensor_node] /sensor/scan:latency: Value 0.5011 deviated from baseline 0.0012±0.0031 (z=158.8, confirmed x21) (sev=1.00)
[monitor_node-5] [WARN] [1789853498.457191876] [diagnostic_monitor]: ANOMALY on [localization_node] /localization/pose:latency: Value 0.5033 deviated from baseline 0.0028±0.0048 (z=104.0, confirmed x21) (sev=1.00)
[monitor_node-5] [WARN] [1789853498.458479260] [diagnostic_monitor]: ANOMALY on [navigation_node] /navigation/cmd_vel:latency: Value 0.5046 deviated from baseline 0.0035±0.0050 (z=100.3, confirmed x21) (sev=1.00)
[monitor_node-5] [WARN] [1789853498.459463111] [diagnostic_monitor]: ANOMALY on [perception_node] /perception/obstacles:latency: Value 0.5057 deviated from baseline 0.0021±0.0048 (z=104.0, confirmed x21) (sev=1.00)
[monitor_node-5] [WARN] [1789853498.460452221] [diagnostic_monitor]: ANOMALY on [sensor_node] /sensor/scan:latency: Value 0.4067 deviated from baseline 0.0012±0.0031 (z=128.8, confirmed x22) (sev=1.00)
[monitor_node-5] [WARN] [1789853498.461928250] [diagnostic_monitor]: ANOMALY on [localization_node] /localization/pose:latency: Value 0.4082 deviated from baseline 0.0028±0.0048 (z=84.2, confirmed x22) (sev=1.00)
[monitor_node-5] [WARN] [1789853498.463094381] [diagnostic_monitor]: ANOMALY on [navigation_node] /navigation/cmd_vel:latency: Value 0.4092 deviated from baseline 0.0035±0.0050 (z=81.2, confirmed x22) (sev=1.00)
[monitor_node-5] [WARN] [1789853498.464261255] [diagnostic_monitor]: ANOMALY on [perception_node] /perception/obstacles:latency: Value 0.4104 deviated from baseline 0.0021±0.0048 (z=84.3, confirmed x22) (sev=1.00)
[monitor_node-5] [WARN] [1789853498.654963585] [diagnostic_monitor]: ANOMALY on [sensor_node] /sensor/scan:latency: Value 0.5008 deviated from baseline 0.0012±0.0031 (z=158.7, confirmed x23) (sev=1.00)
[monitor_node-5] [WARN] [1789853498.656546979] [diagnostic_monitor]: ANOMALY on [localization_node] /localization/pose:latency: Value 0.5026 deviated from baseline 0.0028±0.0048 (z=103.9, confirmed x23) (sev=1.00)
[monitor_node-5] [WARN] [1789853498.657509884] [diagnostic_monitor]: ANOMALY on [perception_node] /perception/obstacles:latency: Value 0.5037 deviated from baseline 0.0021±0.0048 (z=103.5, confirmed x23) (sev=1.00)
[monitor_node-5] [WARN] [1789853498.658559444] [diagnostic_monitor]: ANOMALY on [sensor_node] /sensor/scan:latency: Value 0.4049 deviated from baseline 0.0012±0.0031 (z=128.2, confirmed x24) (sev=1.00)
[monitor_node-5] [WARN] [1789853498.659832598] [diagnostic_monitor]: ANOMALY on [localization_node] /localization/pose:latency: Value 0.4062 deviated from baseline 0.0028±0.0048 (z=83.8, confirmed x24) (sev=1.00)
[monitor_node-5] [WARN] [1789853498.660894710] [diagnostic_monitor]: ANOMALY on [navigation_node] /navigation/cmd_vel:latency: Value 0.5069 deviated from baseline 0.0035±0.0050 (z=100.8, confirmed x23) (sev=1.00)
[monitor_node-5] [WARN] [1789853498.661644455] [diagnostic_monitor]: ANOMALY on [perception_node] /perception/obstacles:latency: Value 0.4082 deviated from baseline 0.0021±0.0048 (z=83.8, confirmed x24) (sev=1.00)
[monitor_node-5] [WARN] [1789853498.663119316] [diagnostic_monitor]: ANOMALY on [navigation_node] /navigation/cmd_vel:latency: Value 0.4093 deviated from baseline 0.0035±0.0050 (z=81.2, confirmed x24) (sev=1.00)
[monitor_node-5] [WARN] [1789853498.755010115] [diagnostic_monitor]: ANOMALY on [sensor_node] /sensor/scan:latency: Value 0.4012 deviated from baseline 0.0012±0.0031 (z=127.1, confirmed x25) (sev=1.00)
[monitor_node-5] [WARN] [1789853498.756495065] [diagnostic_monitor]: ANOMALY on [localization_node] /localization/pose:latency: Value 0.4029 deviated from baseline 0.0028±0.0048 (z=83.1, confirmed x25) (sev=1.00)
[monitor_node-5] [WARN] [1789853498.757524046] [diagnostic_monitor]: ANOMALY on [perception_node] /perception/obstacles:latency: Value 0.4040 deviated from baseline 0.0021±0.0048 (z=83.0, confirmed x25) (sev=1.00)
[monitor_node-5] [WARN] [1789853498.759193714] [diagnostic_monitor]: ANOMALY on [navigation_node] /navigation/cmd_vel:latency: Value 0.4054 deviated from baseline 0.0035±0.0050 (z=80.5, confirmed x25) (sev=1.00)
[monitor_node-5] [WARN] [1789853498.955580579] [diagnostic_monitor]: ANOMALY on [sensor_node] /sensor/scan:latency: Value 0.5013 deviated from baseline 0.0012±0.0031 (z=158.9, confirmed x26) (sev=1.00)
[monitor_node-5] [WARN] [1789853498.957280993] [diagnostic_monitor]: ANOMALY on [localization_node] /localization/pose:latency: Value 0.5033 deviated from baseline 0.0028±0.0048 (z=104.0, confirmed x26) (sev=1.00)
[monitor_node-5] [WARN] [1789853498.958997897] [diagnostic_monitor]: ANOMALY on [navigation_node] /navigation/cmd_vel:latency: Value 0.5047 deviated from baseline 0.0035±0.0050 (z=100.3, confirmed x26) (sev=1.00)
[monitor_node-5] [WARN] [1789853498.960357403] [diagnostic_monitor]: ANOMALY on [perception_node] /perception/obstacles:latency: Value 0.5064 deviated from baseline 0.0021±0.0048 (z=104.1, confirmed x26) (sev=1.00)
[monitor_node-5] [WARN] [1789853498.961738274] [diagnostic_monitor]: ANOMALY on [sensor_node] /sensor/scan:latency: Value 0.4079 deviated from baseline 0.0012±0.0031 (z=129.2, confirmed x27) (sev=1.00)
[monitor_node-5] [WARN] [1789853498.963058645] [diagnostic_monitor]: ANOMALY on [localization_node] /localization/pose:latency: Value 0.4095 deviated from baseline 0.0028±0.0048 (z=84.5, confirmed x27) (sev=1.00)
[monitor_node-5] [WARN] [1789853498.964512546] [diagnostic_monitor]: ANOMALY on [navigation_node] /navigation/cmd_vel:latency: Value 0.4105 deviated from baseline 0.0035±0.0050 (z=81.5, confirmed x27) (sev=1.00)
[monitor_node-5] [WARN] [1789853498.965723323] [diagnostic_monitor]: ANOMALY on [perception_node] /perception/obstacles:latency: Value 0.4120 deviated from baseline 0.0021±0.0048 (z=84.6, confirmed x27) (sev=1.00)
[monitor_node-5] [WARN] [1789853499.155102158] [diagnostic_monitor]: ANOMALY on [sensor_node] /sensor/scan:latency: Value 0.5010 deviated from baseline 0.0012±0.0031 (z=158.8, confirmed x28) (sev=1.00)
[monitor_node-5] [WARN] [1789853499.156710212] [diagnostic_monitor]: ANOMALY on [localization_node] /localization/pose:latency: Value 0.5028 deviated from baseline 0.0028±0.0048 (z=103.9, confirmed x28) (sev=1.00)
[monitor_node-5] [WARN] [1789853499.157920967] [diagnostic_monitor]: ANOMALY on [perception_node] /perception/obstacles:latency: Value 0.5040 deviated from baseline 0.0021±0.0048 (z=103.6, confirmed x28) (sev=1.00)
[monitor_node-5] [WARN] [1789853499.159551125] [diagnostic_monitor]: ANOMALY on [navigation_node] /navigation/cmd_vel:latency: Value 0.5056 deviated from baseline 0.0035±0.0050 (z=100.5, confirmed x28) (sev=1.00)
[monitor_node-5] [WARN] [1789853499.254697739] [diagnostic_monitor]: ANOMALY on [sensor_node] /sensor/scan:latency: Value 0.5009 deviated from baseline 0.0012±0.0031 (z=158.7, confirmed x29) (sev=1.00)
[monitor_node-5] [WARN] [1789853499.256169389] [diagnostic_monitor]: ANOMALY on [localization_node] /localization/pose:latency: Value 0.5023 deviated from baseline 0.0028±0.0048 (z=103.8, confirmed x29) (sev=1.00)
[monitor_node-5] [WARN] [1789853499.257180685] [diagnostic_monitor]: ANOMALY on [perception_node] /perception/obstacles:latency: Value 0.5034 deviated from baseline 0.0021±0.0048 (z=103.5, confirmed x29) (sev=1.00)
[monitor_node-5] [WARN] [1789853499.258214404] [diagnostic_monitor]: ANOMALY on [sensor_node] /sensor/scan:latency: Value 0.4046 deviated from baseline 0.0012±0.0031 (z=128.2, confirmed x30) (sev=1.00)
[monitor_node-5] [WARN] [1789853499.259631336] [diagnostic_monitor]: ANOMALY on [localization_node] /localization/pose:latency: Value 0.4060 deviated from baseline 0.0028±0.0048 (z=83.8, confirmed x30) (sev=1.00)
[monitor_node-5] [WARN] [1789853499.260842378] [diagnostic_monitor]: ANOMALY on [navigation_node] /navigation/cmd_vel:latency: Value 0.5068 deviated from baseline 0.0035±0.0050 (z=100.8, confirmed x29) (sev=1.00)
[monitor_node-5] [WARN] [1789853499.261873870] [diagnostic_monitor]: ANOMALY on [perception_node] /perception/obstacles:latency: Value 0.4082 deviated from baseline 0.0021±0.0048 (z=83.8, confirmed x30) (sev=1.00)
[monitor_node-5] [WARN] [1789853499.265046312] [diagnostic_monitor]: ANOMALY on [navigation_node] /navigation/cmd_vel:latency: Value 0.4096 deviated from baseline 0.0035±0.0050 (z=81.3, confirmed x30) (sev=1.00)
[monitor_node-5] [WARN] [1789853499.454633419] [diagnostic_monitor]: ANOMALY on [sensor_node] /sensor/scan:latency: Value 0.5009 deviated from baseline 0.0012±0.0031 (z=158.7, confirmed x31) (sev=1.00)
[monitor_node-5] [WARN] [1789853499.456087278] [diagnostic_monitor]: ANOMALY on [localization_node] /localization/pose:latency: Value 0.5023 deviated from baseline 0.0028±0.0048 (z=103.8, confirmed x31) (sev=1.00)
[monitor_node-5] [WARN] [1789853499.457186148] [diagnostic_monitor]: ANOMALY on [perception_node] /perception/obstacles:latency: Value 0.5035 deviated from baseline 0.0021±0.0048 (z=103.5, confirmed x31) (sev=1.00)
[monitor_node-5] [WARN] [1789853499.458712134] [diagnostic_monitor]: ANOMALY on [navigation_node] /navigation/cmd_vel:latency: Value 0.5048 deviated from baseline 0.0035±0.0050 (z=100.4, confirmed x31) (sev=1.00)
[monitor_node-5] [WARN] [1789853499.555134143] [diagnostic_monitor]: ANOMALY on [sensor_node] /sensor/scan:latency: Value 0.5012 deviated from baseline 0.0012±0.0031 (z=158.8, confirmed x32) (sev=1.00)
[monitor_node-5] [WARN] [1789853499.556604687] [diagnostic_monitor]: ANOMALY on [localization_node] /localization/pose:latency: Value 0.5029 deviated from baseline 0.0028±0.0048 (z=103.9, confirmed x32) (sev=1.00)
[monitor_node-5] [WARN] [1789853499.557616892] [diagnostic_monitor]: ANOMALY on [perception_node] /perception/obstacles:latency: Value 0.5039 deviated from baseline 0.0021±0.0048 (z=103.6, confirmed x32) (sev=1.00)
[monitor_node-5] [WARN] [1789853499.558642584] [diagnostic_monitor]: ANOMALY on [sensor_node] /sensor/scan:latency: Value 0.4050 deviated from baseline 0.0012±0.0031 (z=128.3, confirmed x33) (sev=1.00)
[monitor_node-5] [WARN] [1789853499.559994561] [diagnostic_monitor]: ANOMALY on [localization_node] /localization/pose:latency: Value 0.4064 deviated from baseline 0.0028±0.0048 (z=83.9, confirmed x33) (sev=1.00)
[monitor_node-5] [WARN] [1789853499.561078298] [diagnostic_monitor]: ANOMALY on [navigation_node] /navigation/cmd_vel:latency: Value 0.5073 deviated from baseline 0.0035±0.0050 (z=100.9, confirmed x32) (sev=1.00)
[monitor_node-5] [WARN] [1789853499.562042074] [diagnostic_monitor]: ANOMALY on [perception_node] /perception/obstacles:latency: Value 0.4084 deviated from baseline 0.0021±0.0048 (z=83.9, confirmed x33) (sev=1.00)
[monitor_node-5] [WARN] [1789853499.563458258] [diagnostic_monitor]: ANOMALY on [navigation_node] /navigation/cmd_vel:latency: Value 0.4096 deviated from baseline 0.0035±0.0050 (z=81.3, confirmed x33) (sev=1.00)
[monitor_node-5] [WARN] [1789853499.754832807] [diagnostic_monitor]: ANOMALY on [sensor_node] /sensor/scan:latency: Value 0.5010 deviated from baseline 0.0012±0.0031 (z=158.8, confirmed x34) (sev=1.00)
[monitor_node-5] [WARN] [1789853499.756381166] [diagnostic_monitor]: ANOMALY on [perception_node] /perception/obstacles:latency: Value 0.5026 deviated from baseline 0.0021±0.0048 (z=103.3, confirmed x34) (sev=1.00)
[monitor_node-5] [WARN] [1789853499.757978703] [diagnostic_monitor]: ANOMALY on [localization_node] /localization/pose:latency: Value 0.5041 deviated from baseline 0.0028±0.0048 (z=104.2, confirmed x34) (sev=1.00)
[monitor_node-5] [WARN] [1789853499.759173713] [diagnostic_monitor]: ANOMALY on [navigation_node] /navigation/cmd_vel:latency: Value 0.5053 deviated from baseline 0.0035±0.0050 (z=100.5, confirmed x34) (sev=1.00)
[monitor_node-5] [WARN] [1789853499.855633752] [diagnostic_monitor]: ANOMALY on [sensor_node] /sensor/scan:latency: Value 0.5016 deviated from baseline 0.0012±0.0031 (z=159.0, confirmed x35) (sev=1.00)
[monitor_node-5] [WARN] [1789853499.857114792] [diagnostic_monitor]: ANOMALY on [localization_node] /localization/pose:latency: Value 0.5033 deviated from baseline 0.0028±0.0048 (z=104.0, confirmed x35) (sev=1.00)
[monitor_node-5] [WARN] [1789853499.858227759] [diagnostic_monitor]: ANOMALY on [perception_node] /perception/obstacles:latency: Value 0.5044 deviated from baseline 0.0021±0.0048 (z=103.7, confirmed x35) (sev=1.00)
[monitor_node-5] [WARN] [1789853499.859286791] [diagnostic_monitor]: ANOMALY on [sensor_node] /sensor/scan:latency: Value 0.4057 deviated from baseline 0.0012±0.0031 (z=128.5, confirmed x36) (sev=1.00)
[monitor_node-5] [WARN] [1789853499.860818045] [diagnostic_monitor]: ANOMALY on [localization_node] /localization/pose:latency: Value 0.4071 deviated from baseline 0.0028±0.0048 (z=84.0, confirmed x36) (sev=1.00)
[monitor_node-5] [WARN] [1789853499.862183227] [diagnostic_monitor]: ANOMALY on [navigation_node] /navigation/cmd_vel:latency: Value 0.5082 deviated from baseline 0.0035±0.0050 (z=101.0, confirmed x35) (sev=1.00)
[monitor_node-5] [WARN] [1789853499.863253675] [diagnostic_monitor]: ANOMALY on [perception_node] /perception/obstacles:latency: Value 0.4096 deviated from baseline 0.0021±0.0048 (z=84.1, confirmed x36) (sev=1.00)
[monitor_node-5] [WARN] [1789853499.864866141] [diagnostic_monitor]: ANOMALY on [navigation_node] /navigation/cmd_vel:latency: Value 0.4111 deviated from baseline 0.0035±0.0050 (z=81.6, confirmed x36) (sev=1.00)
[monitor_node-5] [WARN] [1789853500.055255525] [diagnostic_monitor]: ANOMALY on [sensor_node] /sensor/scan:latency: Value 0.5012 deviated from baseline 0.0012±0.0031 (z=158.8, confirmed x37) (sev=1.00)
[monitor_node-5] [WARN] [1789853500.056760542] [diagnostic_monitor]: ANOMALY on [localization_node] /localization/pose:latency: Value 0.5030 deviated from baseline 0.0028±0.0048 (z=103.9, confirmed x37) (sev=1.00)
[monitor_node-5] [WARN] [1789853500.058048119] [diagnostic_monitor]: ANOMALY on [perception_node] /perception/obstacles:latency: Value 0.5042 deviated from baseline 0.0021±0.0048 (z=103.6, confirmed x37) (sev=1.00)
[monitor_node-5] [WARN] [1789853500.059182539] [diagnostic_monitor]: ANOMALY on [sensor_node] /sensor/scan:latency: Value 0.4053 deviated from baseline 0.0012±0.0031 (z=128.4, confirmed x38) (sev=1.00)
[monitor_node-5] [WARN] [1789853500.060688701] [diagnostic_monitor]: ANOMALY on [localization_node] /localization/pose:latency: Value 0.4069 deviated from baseline 0.0028±0.0048 (z=84.0, confirmed x38) (sev=1.00)
[monitor_node-5] [WARN] [1789853500.083765569] [diagnostic_monitor]: ANOMALY on [navigation_node] /navigation/cmd_vel:latency: Value 0.5080 deviated from baseline 0.0035±0.0050 (z=101.0, confirmed x37) (sev=1.00)
[monitor_node-5] [WARN] [1789853500.086281505] [diagnostic_monitor]: ANOMALY on [perception_node] /perception/obstacles:latency: Value 0.4312 deviated from baseline 0.0021±0.0048 (z=88.6, confirmed x38) (sev=1.00)
[monitor_node-5] [WARN] [1789853500.088160230] [diagnostic_monitor]: ANOMALY on [navigation_node] /navigation/cmd_vel:latency: Value 0.4341 deviated from baseline 0.0035±0.0050 (z=86.2, confirmed x38) (sev=1.00)
[monitor_node-5] [WARN] [1789853500.155411018] [diagnostic_monitor]: ANOMALY on [sensor_node] /sensor/scan:latency: Value 0.4014 deviated from baseline 0.0012±0.0031 (z=127.1, confirmed x39) (sev=1.00)
[monitor_node-5] [WARN] [1789853500.156898113] [diagnostic_monitor]: ANOMALY on [localization_node] /localization/pose:latency: Value 0.4032 deviated from baseline 0.0028±0.0048 (z=83.2, confirmed x39) (sev=1.00)
[monitor_node-5] [WARN] [1789853500.158047699] [diagnostic_monitor]: ANOMALY on [perception_node] /perception/obstacles:latency: Value 0.4043 deviated from baseline 0.0021±0.0048 (z=83.0, confirmed x39) (sev=1.00)
[monitor_node-5] [WARN] [1789853500.159773799] [diagnostic_monitor]: ANOMALY on [navigation_node] /navigation/cmd_vel:latency: Value 0.4058 deviated from baseline 0.0035±0.0050 (z=80.5, confirmed x39) (sev=1.00)
[monitor_node-5] [WARN] [1789853500.354947514] [diagnostic_monitor]: ANOMALY on [sensor_node] /sensor/scan:latency: Value 0.5009 deviated from baseline 0.0012±0.0031 (z=158.7, confirmed x40) (sev=1.00)
[monitor_node-5] [WARN] [1789853500.356451281] [diagnostic_monitor]: ANOMALY on [localization_node] /localization/pose:latency: Value 0.5026 deviated from baseline 0.0028±0.0048 (z=103.9, confirmed x40) (sev=1.00)
[monitor_node-5] [WARN] [1789853500.357593643] [diagnostic_monitor]: ANOMALY on [perception_node] /perception/obstacles:latency: Value 0.5038 deviated from baseline 0.0021±0.0048 (z=103.6, confirmed x40) (sev=1.00)
[monitor_node-5] [WARN] [1789853500.359097177] [diagnostic_monitor]: ANOMALY on [navigation_node] /navigation/cmd_vel:latency: Value 0.5052 deviated from baseline 0.0035±0.0050 (z=100.4, confirmed x40) (sev=1.00)
[monitor_node-5] [WARN] [1789853500.455076001] [diagnostic_monitor]: ANOMALY on [sensor_node] /sensor/scan:latency: Value 0.5011 deviated from baseline 0.0012±0.0031 (z=158.8, confirmed x41) (sev=1.00)
[monitor_node-5] [WARN] [1789853500.456428550] [diagnostic_monitor]: ANOMALY on [localization_node] /localization/pose:latency: Value 0.5028 deviated from baseline 0.0028±0.0048 (z=103.9, confirmed x41) (sev=1.00)
[monitor_node-5] [WARN] [1789853500.457409944] [diagnostic_monitor]: ANOMALY on [perception_node] /perception/obstacles:latency: Value 0.5037 deviated from baseline 0.0021±0.0048 (z=103.6, confirmed x41) (sev=1.00)
[monitor_node-5] [WARN] [1789853500.458793381] [diagnostic_monitor]: ANOMALY on [navigation_node] /navigation/cmd_vel:latency: Value 0.5051 deviated from baseline 0.0035±0.0050 (z=100.4, confirmed x41) (sev=1.00)
[monitor_node-5] [WARN] [1789853500.555240892] [diagnostic_monitor]: ANOMALY on [sensor_node] /sensor/scan:latency: Value 0.5010 deviated from baseline 0.0012±0.0031 (z=158.8, confirmed x42) (sev=1.00)
[monitor_node-5] [WARN] [1789853500.556585589] [diagnostic_monitor]: ANOMALY on [localization_node] /localization/pose:latency: Value 0.5028 deviated from baseline 0.0028±0.0048 (z=103.9, confirmed x42) (sev=1.00)
[monitor_node-5] [WARN] [1789853500.557714010] [diagnostic_monitor]: ANOMALY on [perception_node] /perception/obstacles:latency: Value 0.5037 deviated from baseline 0.0021±0.0048 (z=103.6, confirmed x42) (sev=1.00)
[monitor_node-5] [WARN] [1789853500.559202559] [diagnostic_monitor]: ANOMALY on [navigation_node] /navigation/cmd_vel:latency: Value 0.5052 deviated from baseline 0.0035±0.0050 (z=100.4, confirmed x42) (sev=1.00)
[monitor_node-5] [WARN] [1789853500.654772784] [diagnostic_monitor]: ANOMALY on [sensor_node] /sensor/scan:latency: Value 0.5005 deviated from baseline 0.0012±0.0031 (z=158.6, confirmed x43) (sev=1.00)
[monitor_node-5] [WARN] [1789853500.656731751] [diagnostic_monitor]: ANOMALY on [localization_node] /localization/pose:latency: Value 0.5023 deviated from baseline 0.0028±0.0048 (z=103.8, confirmed x43) (sev=1.00)
[monitor_node-5] [WARN] [1789853500.658073201] [diagnostic_monitor]: ANOMALY on [perception_node] /perception/obstacles:latency: Value 0.5039 deviated from baseline 0.0021±0.0048 (z=103.6, confirmed x43) (sev=1.00)
[monitor_node-5] [WARN] [1789853500.659954713] [diagnostic_monitor]: ANOMALY on [navigation_node] /navigation/cmd_vel:latency: Value 0.5056 deviated from baseline 0.0035±0.0050 (z=100.5, confirmed x43) (sev=1.00)
[monitor_node-5] [WARN] [1789853500.754731657] [diagnostic_monitor]: ANOMALY on [sensor_node] /sensor/scan:latency: Value 0.5008 deviated from baseline 0.0012±0.0031 (z=158.7, confirmed x44) (sev=1.00)
[monitor_node-5] [WARN] [1789853500.756164689] [diagnostic_monitor]: ANOMALY on [localization_node] /localization/pose:latency: Value 0.5026 deviated from baseline 0.0028±0.0048 (z=103.9, confirmed x44) (sev=1.00)
[monitor_node-5] [WARN] [1789853500.756957596] [diagnostic_monitor]: ANOMALY on [perception_node] /perception/obstacles:latency: Value 0.5035 deviated from baseline 0.0021±0.0048 (z=103.5, confirmed x44) (sev=1.00)
[monitor_node-5] [WARN] [1789853500.757705045] [diagnostic_monitor]: ANOMALY on [sensor_node] /sensor/scan:latency: Value 0.4044 deviated from baseline 0.0012±0.0031 (z=128.1, confirmed x45) (sev=1.00)
[monitor_node-5] [WARN] [1789853500.758964886] [diagnostic_monitor]: ANOMALY on [localization_node] /localization/pose:latency: Value 0.4055 deviated from baseline 0.0028±0.0048 (z=83.7, confirmed x45) (sev=1.00)
[monitor_node-5] [WARN] [1789853500.760135149] [diagnostic_monitor]: ANOMALY on [navigation_node] /navigation/cmd_vel:latency: Value 0.5063 deviated from baseline 0.0035±0.0050 (z=100.7, confirmed x44) (sev=1.00)
[monitor_node-5] [WARN] [1789853500.761240557] [diagnostic_monitor]: ANOMALY on [perception_node] /perception/obstacles:latency: Value 0.4076 deviated from baseline 0.0021±0.0048 (z=83.7, confirmed x45) (sev=1.00)
[monitor_node-5] [WARN] [1789853500.763267836] [diagnostic_monitor]: ANOMALY on [navigation_node] /navigation/cmd_vel:latency: Value 0.4090 deviated from baseline 0.0035±0.0050 (z=81.2, confirmed x45) (sev=1.00)
[monitor_node-5] [WARN] [1789853500.955073014] [diagnostic_monitor]: ANOMALY on [sensor_node] /sensor/scan:latency: Value 0.5010 deviated from baseline 0.0012±0.0031 (z=158.8, confirmed x46) (sev=1.00)
[monitor_node-5] [WARN] [1789853500.956762368] [diagnostic_monitor]: ANOMALY on [localization_node] /localization/pose:latency: Value 0.5028 deviated from baseline 0.0028±0.0048 (z=103.9, confirmed x46) (sev=1.00)
[monitor_node-5] [WARN] [1789853500.958058200] [diagnostic_monitor]: ANOMALY on [perception_node] /perception/obstacles:latency: Value 0.5041 deviated from baseline 0.0021±0.0048 (z=103.6, confirmed x46) (sev=1.00)
[monitor_node-5] [WARN] [1789853500.959805988] [diagnostic_monitor]: ANOMALY on [navigation_node] /navigation/cmd_vel:latency: Value 0.5056 deviated from baseline 0.0035±0.0050 (z=100.5, confirmed x46) (sev=1.00)
[monitor_node-5] [WARN] [1789853501.054933444] [diagnostic_monitor]: ANOMALY on [sensor_node] /sensor/scan:latency: Value 0.5010 deviated from baseline 0.0012±0.0031 (z=158.8, confirmed x47) (sev=1.00)
[monitor_node-5] [WARN] [1789853501.056508066] [diagnostic_monitor]: ANOMALY on [localization_node] /localization/pose:latency: Value 0.5027 deviated from baseline 0.0028±0.0048 (z=103.9, confirmed x47) (sev=1.00)
[monitor_node-5] [WARN] [1789853501.057540646] [diagnostic_monitor]: ANOMALY on [perception_node] /perception/obstacles:latency: Value 0.5039 deviated from baseline 0.0021±0.0048 (z=103.6, confirmed x47) (sev=1.00)
[monitor_node-5] [WARN] [1789853501.058530812] [diagnostic_monitor]: ANOMALY on [sensor_node] /sensor/scan:latency: Value 0.4049 deviated from baseline 0.0012±0.0031 (z=128.3, confirmed x48) (sev=1.00)
[monitor_node-5] [WARN] [1789853501.059976053] [diagnostic_monitor]: ANOMALY on [localization_node] /localization/pose:latency: Value 0.4064 deviated from baseline 0.0028±0.0048 (z=83.9, confirmed x48) (sev=1.00)
[monitor_node-5] [WARN] [1789853501.061279347] [diagnostic_monitor]: ANOMALY on [navigation_node] /navigation/cmd_vel:latency: Value 0.5073 deviated from baseline 0.0035±0.0050 (z=100.9, confirmed x47) (sev=1.00)
[monitor_node-5] [WARN] [1789853501.062487441] [diagnostic_monitor]: ANOMALY on [perception_node] /perception/obstacles:latency: Value 0.4088 deviated from baseline 0.0021±0.0048 (z=84.0, confirmed x48) (sev=1.00)
[monitor_node-5] [WARN] [1789853501.066842988] [diagnostic_monitor]: ANOMALY on [navigation_node] /navigation/cmd_vel:latency: Value 0.4110 deviated from baseline 0.0035±0.0050 (z=81.6, confirmed x48) (sev=1.00)
[monitor_node-5] [WARN] [1789853501.255002841] [diagnostic_monitor]: ANOMALY on [sensor_node] /sensor/scan:latency: Value 0.5011 deviated from baseline 0.0012±0.0031 (z=158.8, confirmed x49) (sev=1.00)
[monitor_node-5] [WARN] [1789853501.256582144] [diagnostic_monitor]: ANOMALY on [localization_node] /localization/pose:latency: Value 0.5029 deviated from baseline 0.0028±0.0048 (z=103.9, confirmed x49) (sev=1.00)
[monitor_node-5] [WARN] [1789853501.257570489] [diagnostic_monitor]: ANOMALY on [perception_node] /perception/obstacles:latency: Value 0.5040 deviated from baseline 0.0021±0.0048 (z=103.6, confirmed x49) (sev=1.00)
[monitor_node-5] [WARN] [1789853501.258400009] [diagnostic_monitor]: ANOMALY on [sensor_node] /sensor/scan:latency: Value 0.4050 deviated from baseline 0.0012±0.0031 (z=128.3, confirmed x50) (sev=1.00)
[monitor_node-5] [WARN] [1789853501.259603059] [diagnostic_monitor]: ANOMALY on [localization_node] /localization/pose:latency: Value 0.4062 deviated from baseline 0.0028±0.0048 (z=83.8, confirmed x50) (sev=1.00)
[monitor_node-5] [WARN] [1789853501.260639486] [diagnostic_monitor]: ANOMALY on [navigation_node] /navigation/cmd_vel:latency: Value 0.5069 deviated from baseline 0.0035±0.0050 (z=100.8, confirmed x49) (sev=1.00)
[monitor_node-5] [WARN] [1789853501.261611735] [diagnostic_monitor]: ANOMALY on [perception_node] /perception/obstacles:latency: Value 0.4080 deviated from baseline 0.0021±0.0048 (z=83.8, confirmed x50) (sev=1.00)
[monitor_node-5] [WARN] [1789853501.263076738] [diagnostic_monitor]: ANOMALY on [navigation_node] /navigation/cmd_vel:latency: Value 0.4094 deviated from baseline 0.0035±0.0050 (z=81.3, confirmed x50) (sev=1.00)
[monitor_node-5] [WARN] [1789853501.354992677] [diagnostic_monitor]: ANOMALY on [sensor_node] /sensor/scan:latency: Value 0.4011 deviated from baseline 0.0012±0.0031 (z=127.0, confirmed x51) (sev=1.00)
[monitor_node-5] [WARN] [1789853501.356519575] [diagnostic_monitor]: ANOMALY on [localization_node] /localization/pose:latency: Value 0.4028 deviated from baseline 0.0028±0.0048 (z=83.1, confirmed x51) (sev=1.00)
[monitor_node-5] [WARN] [1789853501.357495748] [diagnostic_monitor]: ANOMALY on [perception_node] /perception/obstacles:latency: Value 0.4039 deviated from baseline 0.0021±0.0048 (z=82.9, confirmed x51) (sev=1.00)
[monitor_node-5] [WARN] [1789853501.358937192] [diagnostic_monitor]: ANOMALY on [navigation_node] /navigation/cmd_vel:latency: Value 0.4051 deviated from baseline 0.0035±0.0050 (z=80.4, confirmed x51) (sev=1.00)
[monitor_node-5] [WARN] [1789853501.455175067] [diagnostic_monitor]: ANOMALY on [sensor_node] /sensor/scan:latency: Value 0.4011 deviated from baseline 0.0012±0.0031 (z=127.1, confirmed x52) (sev=1.00)
[monitor_node-5] [WARN] [1789853501.456648454] [diagnostic_monitor]: ANOMALY on [localization_node] /localization/pose:latency: Value 0.4030 deviated from baseline 0.0028±0.0048 (z=83.2, confirmed x52) (sev=1.00)
[monitor_node-5] [WARN] [1789853501.457994104] [diagnostic_monitor]: ANOMALY on [perception_node] /perception/obstacles:latency: Value 0.4041 deviated from baseline 0.0021±0.0048 (z=83.0, confirmed x52) (sev=1.00)
[monitor_node-5] [WARN] [1789853501.459775663] [diagnostic_monitor]: ANOMALY on [navigation_node] /navigation/cmd_vel:latency: Value 0.4057 deviated from baseline 0.0035±0.0050 (z=80.5, confirmed x52) (sev=1.00)
[monitor_node-5] [WARN] [1789853501.555241428] [diagnostic_monitor]: ANOMALY on [sensor_node] /sensor/scan:latency: Value 0.4014 deviated from baseline 0.0012±0.0031 (z=127.1, confirmed x53) (sev=1.00)
[monitor_node-5] [WARN] [1789853501.556789666] [diagnostic_monitor]: ANOMALY on [localization_node] /localization/pose:latency: Value 0.4032 deviated from baseline 0.0028±0.0048 (z=83.2, confirmed x53) (sev=1.00)
[monitor_node-5] [WARN] [1789853501.559038925] [diagnostic_monitor]: ANOMALY on [perception_node] /perception/obstacles:latency: Value 0.4054 deviated from baseline 0.0021±0.0048 (z=83.3, confirmed x53) (sev=1.00)
[monitor_node-5] [WARN] [1789853501.560835294] [diagnostic_monitor]: ANOMALY on [navigation_node] /navigation/cmd_vel:latency: Value 0.4070 deviated from baseline 0.0035±0.0050 (z=80.8, confirmed x53) (sev=1.00)
[monitor_node-5] [WARN] [1789853501.754810582] [diagnostic_monitor]: ANOMALY on [sensor_node] /sensor/scan:latency: Value 0.5007 deviated from baseline 0.0012±0.0031 (z=158.7, confirmed x54) (sev=1.00)
[monitor_node-5] [WARN] [1789853501.756375743] [diagnostic_monitor]: ANOMALY on [localization_node] /localization/pose:latency: Value 0.5026 deviated from baseline 0.0028±0.0048 (z=103.9, confirmed x54) (sev=1.00)
[monitor_node-5] [WARN] [1789853501.757402689] [diagnostic_monitor]: ANOMALY on [perception_node] /perception/obstacles:latency: Value 0.5038 deviated from baseline 0.0021±0.0048 (z=103.6, confirmed x54) (sev=1.00)
[monitor_node-5] [WARN] [1789853501.759073104] [diagnostic_monitor]: ANOMALY on [navigation_node] /navigation/cmd_vel:latency: Value 0.5051 deviated from baseline 0.0035±0.0050 (z=100.4, confirmed x54) (sev=1.00)
[monitor_node-5] [WARN] [1789853501.855936650] [diagnostic_monitor]: ANOMALY on [sensor_node] /sensor/scan:latency: Value 0.5018 deviated from baseline 0.0012±0.0031 (z=159.0, confirmed x55) (sev=1.00)
[monitor_node-5] [WARN] [1789853501.857665452] [diagnostic_monitor]: ANOMALY on [localization_node] /localization/pose:latency: Value 0.5038 deviated from baseline 0.0028±0.0048 (z=104.1, confirmed x55) (sev=1.00)
[monitor_node-5] [WARN] [1789853501.858815956] [diagnostic_monitor]: ANOMALY on [perception_node] /perception/obstacles:latency: Value 0.5051 deviated from baseline 0.0021±0.0048 (z=103.8, confirmed x55) (sev=1.00)
[monitor_node-5] [WARN] [1789853501.860301352] [diagnostic_monitor]: ANOMALY on [navigation_node] /navigation/cmd_vel:latency: Value 0.5065 deviated from baseline 0.0035±0.0050 (z=100.7, confirmed x55) (sev=1.00)
[monitor_node-5] [WARN] [1789853501.955064931] [diagnostic_monitor]: ANOMALY on [sensor_node] /sensor/scan:latency: Value 0.5010 deviated from baseline 0.0012±0.0031 (z=158.8, confirmed x56) (sev=1.00)
[monitor_node-5] [WARN] [1789853501.956733264] [diagnostic_monitor]: ANOMALY on [localization_node] /localization/pose:latency: Value 0.5029 deviated from baseline 0.0028±0.0048 (z=103.9, confirmed x56) (sev=1.00)
[monitor_node-5] [WARN] [1789853501.958090411] [diagnostic_monitor]: ANOMALY on [perception_node] /perception/obstacles:latency: Value 0.5042 deviated from baseline 0.0021±0.0048 (z=103.7, confirmed x56) (sev=1.00)
[monitor_node-5] [WARN] [1789853501.959562933] [diagnostic_monitor]: ANOMALY on [navigation_node] /navigation/cmd_vel:latency: Value 0.5057 deviated from baseline 0.0035±0.0050 (z=100.5, confirmed x56) (sev=1.00)
[monitor_node-5] [WARN] [1789853502.054758027] [diagnostic_monitor]: ANOMALY on [sensor_node] /sensor/scan:latency: Value 0.5007 deviated from baseline 0.0012±0.0031 (z=158.7, confirmed x57) (sev=1.00)
[monitor_node-5] [WARN] [1789853502.056310839] [diagnostic_monitor]: ANOMALY on [localization_node] /localization/pose:latency: Value 0.5025 deviated from baseline 0.0028±0.0048 (z=103.8, confirmed x57) (sev=1.00)
[monitor_node-5] [WARN] [1789853502.057490578] [diagnostic_monitor]: ANOMALY on [perception_node] /perception/obstacles:latency: Value 0.5036 deviated from baseline 0.0021±0.0048 (z=103.5, confirmed x57) (sev=1.00)
[monitor_node-5] [WARN] [1789853502.058587772] [diagnostic_monitor]: ANOMALY on [sensor_node] /sensor/scan:latency: Value 0.4051 deviated from baseline 0.0012±0.0031 (z=128.3, confirmed x58) (sev=1.00)
[monitor_node-5] [WARN] [1789853502.060046881] [diagnostic_monitor]: ANOMALY on [localization_node] /localization/pose:latency: Value 0.4065 deviated from baseline 0.0028±0.0048 (z=83.9, confirmed x58) (sev=1.00)
[monitor_node-5] [WARN] [1789853502.061283726] [diagnostic_monitor]: ANOMALY on [navigation_node] /navigation/cmd_vel:latency: Value 0.5073 deviated from baseline 0.0035±0.0050 (z=100.9, confirmed x57) (sev=1.00)
[monitor_node-5] [WARN] [1789853502.062462250] [diagnostic_monitor]: ANOMALY on [perception_node] /perception/obstacles:latency: Value 0.4088 deviated from baseline 0.0021±0.0048 (z=84.0, confirmed x58) (sev=1.00)
[monitor_node-5] [WARN] [1789853502.068288480] [diagnostic_monitor]: ANOMALY on [navigation_node] /navigation/cmd_vel:latency: Value 0.4141 deviated from baseline 0.0035±0.0050 (z=82.2, confirmed x58) (sev=1.00)
[perception_node-2] [INFO] [1789853502.117561256] [perception_node]: PerceptionNode: Fault cleared.
[sensor_node-1] [INFO] [1789853502.117637645] [sensor_node]: SensorNode: Fault cleared.
[localization_node-3] [INFO] [1789853502.117669178] [localization_node]: LocalizationNode: Fault cleared.
[navigation_node-4] [INFO] [1789853502.121523719] [navigation_node]: NavigationNode: Fault cleared.
[perception_node-2] [INFO] [1789853502.168100563] [perception_node]: PerceptionNode: Fault cleared.
[sensor_node-1] [INFO] [1789853502.168112079] [sensor_node]: SensorNode: Fault cleared.
[localization_node-3] [INFO] [1789853502.168109858] [localization_node]: LocalizationNode: Fault cleared.
[navigation_node-4] [INFO] [1789853502.168162373] [navigation_node]: NavigationNode: Fault cleared.
[sensor_node-1] [INFO] [1789853502.218701543] [sensor_node]: SensorNode: Fault cleared.
[navigation_node-4] [INFO] [1789853502.218698247] [navigation_node]: NavigationNode: Fault cleared.
[perception_node-2] [INFO] [1789853502.218718642] [perception_node]: PerceptionNode: Fault cleared.
[localization_node-3] [INFO] [1789853502.218753954] [localization_node]: LocalizationNode: Fault cleared.
[localization_node-3] [INFO] [1789853502.269040149] [localization_node]: LocalizationNode: Fault cleared.
[sensor_node-1] [INFO] [1789853502.269163396] [sensor_node]: SensorNode: Fault cleared.
[navigation_node-4] [INFO] [1789853502.269162098] [navigation_node]: NavigationNode: Fault cleared.
[perception_node-2] [INFO] [1789853502.269179484] [perception_node]: PerceptionNode: Fault cleared.
[localization_node-3] [INFO] [1789853502.320723831] [localization_node]: LocalizationNode: Fault cleared.
[perception_node-2] [INFO] [1789853502.320719469] [perception_node]: PerceptionNode: Fault cleared.
[navigation_node-4] [INFO] [1789853502.320737549] [navigation_node]: NavigationNode: Fault cleared.
[sensor_node-1] [INFO] [1789853502.320748898] [sensor_node]: SensorNode: Fault cleared.
[sensor_node-1] [INFO] [1789853502.371284409] [sensor_node]: SensorNode: Fault cleared.
[navigation_node-4] [INFO] [1789853502.371282805] [navigation_node]: NavigationNode: Fault cleared.
[perception_node-2] [INFO] [1789853502.371312131] [perception_node]: PerceptionNode: Fault cleared.
[localization_node-3] [INFO] [1789853502.371337405] [localization_node]: LocalizationNode: Fault cleared.
[navigation_node-4] [INFO] [1789853502.421919823] [navigation_node]: NavigationNode: Fault cleared.
[perception_node-2] [INFO] [1789853502.421919817] [perception_node]: PerceptionNode: Fault cleared.
[localization_node-3] [INFO] [1789853502.421927781] [localization_node]: LocalizationNode: Fault cleared.
[sensor_node-1] [INFO] [1789853502.422164073] [sensor_node]: SensorNode: Fault cleared.
[localization_node-3] [INFO] [1789853502.472308085] [localization_node]: LocalizationNode: Fault cleared.
[sensor_node-1] [INFO] [1789853502.472358167] [sensor_node]: SensorNode: Fault cleared.
[navigation_node-4] [INFO] [1789853502.472382021] [navigation_node]: NavigationNode: Fault cleared.
[perception_node-2] [INFO] [1789853502.472471160] [perception_node]: PerceptionNode: Fault cleared.
[monitor_node-5] [INFO] [1789853508.136505571] [diagnostic_monitor]: Anomaly window cleared. System operating nominally.
[localization_node-3] [WARN] [1789853510.034777778] [localization_node]: LocalizationNode: Injected fault "localization_failure" (param=50.0, duration=9.0s)
[localization_node-3] [WARN] [1789853510.055809808] [localization_node]: LocalizationNode: Emitting FAULT pose with jump 50.0m
[navigation_node-4] [WARN] [1789853510.057645382] [navigation_node]: NavigationNode: Detected invalid pose (jump=70.75m, z=99.90)! Emergency stop triggered.
[localization_node-3] [WARN] [1789853510.085448683] [localization_node]: LocalizationNode: Injected fault "localization_failure" (param=50.0, duration=9.0s)
[localization_node-3] [WARN] [1789853510.135825814] [localization_node]: LocalizationNode: Injected fault "localization_failure" (param=50.0, duration=9.0s)
[localization_node-3] [WARN] [1789853510.155829635] [localization_node]: LocalizationNode: Emitting FAULT pose with jump 50.0m
[monitor_node-5] [WARN] [1789853510.157675694] [diagnostic_monitor]: ANOMALY on [localization_node] /localization/pose:z_pos: Value 99.9000 deviated from baseline 0.0000±0.0001 (z=999000.0, confirmed x2) (sev=1.00)
[navigation_node-4] [WARN] [1789853510.157768370] [navigation_node]: NavigationNode: Detected invalid pose (jump=0.05m, z=99.90)! Emergency stop triggered.
[monitor_node-5] [WARN] [1789853510.159234098] [diagnostic_monitor]: ANOMALY on [navigation_node] /navigation/cmd_vel:linear_vel: Value 0.0000 deviated from baseline 0.5000±0.0001 (z=5000.0, confirmed x2) (sev=1.00)
[localization_node-3] [WARN] [1789853510.186480980] [localization_node]: LocalizationNode: Injected fault "localization_failure" (param=50.0, duration=9.0s)
[localization_node-3] [WARN] [1789853510.255956581] [localization_node]: LocalizationNode: Emitting FAULT pose with jump 50.0m
[monitor_node-5] [WARN] [1789853510.257785011] [diagnostic_monitor]: ANOMALY on [localization_node] /localization/pose:z_pos: Value 99.9000 deviated from baseline 0.0000±0.0001 (z=999000.0, confirmed x3) (sev=1.00)
[navigation_node-4] [WARN] [1789853510.257936729] [navigation_node]: NavigationNode: Detected invalid pose (jump=0.05m, z=99.90)! Emergency stop triggered.
[monitor_node-5] [WARN] [1789853510.259634610] [diagnostic_monitor]: ANOMALY on [navigation_node] /navigation/cmd_vel:linear_vel: Value 0.0000 deviated from baseline 0.5000±0.0001 (z=5000.0, confirmed x3) (sev=1.00)
[localization_node-3] [WARN] [1789853510.356322991] [localization_node]: LocalizationNode: Emitting FAULT pose with jump 50.0m
[monitor_node-5] [WARN] [1789853510.358224194] [diagnostic_monitor]: ANOMALY on [localization_node] /localization/pose:z_pos: Value 99.9000 deviated from baseline 0.0000±0.0001 (z=999000.0, confirmed x4) (sev=1.00)
[navigation_node-4] [WARN] [1789853510.358269081] [navigation_node]: NavigationNode: Detected invalid pose (jump=0.05m, z=99.90)! Emergency stop triggered.
[monitor_node-5] [WARN] [1789853510.359949881] [diagnostic_monitor]: ANOMALY on [navigation_node] /navigation/cmd_vel:linear_vel: Value 0.0000 deviated from baseline 0.5000±0.0001 (z=5000.0, confirmed x4) (sev=1.00)
[localization_node-3] [WARN] [1789853510.455761924] [localization_node]: LocalizationNode: Emitting FAULT pose with jump 50.0m
[navigation_node-4] [WARN] [1789853510.457439286] [navigation_node]: NavigationNode: Detected invalid pose (jump=0.05m, z=99.90)! Emergency stop triggered.
[monitor_node-5] [WARN] [1789853510.457469609] [diagnostic_monitor]: ANOMALY on [localization_node] /localization/pose:z_pos: Value 99.9000 deviated from baseline 0.0000±0.0001 (z=999000.0, confirmed x5) (sev=1.00)
[monitor_node-5] [WARN] [1789853510.459147012] [diagnostic_monitor]: ANOMALY on [navigation_node] /navigation/cmd_vel:linear_vel: Value 0.0000 deviated from baseline 0.5000±0.0001 (z=5000.0, confirmed x5) (sev=1.00)
[localization_node-3] [WARN] [1789853510.555921148] [localization_node]: LocalizationNode: Emitting FAULT pose with jump 50.0m
[monitor_node-5] [WARN] [1789853510.557749073] [diagnostic_monitor]: ANOMALY on [localization_node] /localization/pose:z_pos: Value 99.9000 deviated from baseline 0.0000±0.0001 (z=999000.0, confirmed x6) (sev=1.00)
[navigation_node-4] [WARN] [1789853510.558047889] [navigation_node]: NavigationNode: Detected invalid pose (jump=0.05m, z=99.90)! Emergency stop triggered.
[monitor_node-5] [WARN] [1789853510.559888946] [diagnostic_monitor]: ANOMALY on [navigation_node] /navigation/cmd_vel:linear_vel: Value 0.0000 deviated from baseline 0.5000±0.0001 (z=5000.0, confirmed x6) (sev=1.00)
[monitor_node-5] [INFO] [1789853510.635961169] [diagnostic_monitor]: 
[monitor_node-5] ============================================================
[monitor_node-5] ROOT CAUSE DIAGNOSIS: localization_node (Confidence: 1.000)
[monitor_node-5] ============================================================
[monitor_node-5] Score Breakdown  R(C) = wD*D + wT*T + wS*S + wA*A:
[monitor_node-5]   R(localization_node) = 0.3·D(1.00) + 0.3·T(1.00) + 0.25·S(1.00) + 0.15·A(1.00) = 1.000
[monitor_node-5]   - Dependency D: 1.00 (reaches 1 downstream anomalous node(s); 0 anomalous upstream node(s))
[monitor_node-5]   - Temporal   T: 1.00 (first anomaly at t=1789853510.16s; earliest in window = supporting evidence, not proof of causality)
[monitor_node-5]   - Symptom    S: 1.00 (explains 2/2 anomalous nodes)
[monitor_node-5]   - Severity   A: 1.00 (max normalised severity on node, 5 direct anomaly event(s))
[monitor_node-5] 
[monitor_node-5] Propagation Chain (evidence-ordered, via discovered graph edges):
[monitor_node-5]   localization_node (t=1789853510.16s: /localization/pose:z_pos, sev=1.00)
[monitor_node-5]     └─→ navigation_node via /localization/pose (t=1789853510.16s, +0.00s after localization_node: /navigation/cmd_vel:linear_vel)
[monitor_node-5] 
[monitor_node-5] Candidate Ranking & Evidence Comparison:
[monitor_node-5]   #2 navigation_node      R=0.575 (Δ -0.425) [first anomaly 0.00s after localization_node; downstream of localization_node in discovered graph; lower symptom coverage (50% vs 100%)]
[monitor_node-5]   #3 perception_node      R=0.565 (Δ -0.435) [no direct anomaly observed]
[monitor_node-5]   #4 sensor_node          R=0.565 (Δ -0.435) [no direct anomaly observed]
[monitor_node-5] ============================================================
[localization_node-3] [WARN] [1789853510.655737717] [localization_node]: LocalizationNode: Emitting FAULT pose with jump 50.0m
[monitor_node-5] [WARN] [1789853510.657355795] [diagnostic_monitor]: ANOMALY on [localization_node] /localization/pose:z_pos: Value 99.9000 deviated from baseline 0.0000±0.0001 (z=999000.0, confirmed x7) (sev=1.00)
[navigation_node-4] [WARN] [1789853510.657917082] [navigation_node]: NavigationNode: Detected invalid pose (jump=0.05m, z=99.90)! Emergency stop triggered.
[monitor_node-5] [WARN] [1789853510.659619801] [diagnostic_monitor]: ANOMALY on [navigation_node] /navigation/cmd_vel:linear_vel: Value 0.0000 deviated from baseline 0.5000±0.0001 (z=5000.0, confirmed x7) (sev=1.00)
[localization_node-3] [WARN] [1789853510.755913893] [localization_node]: LocalizationNode: Emitting FAULT pose with jump 50.0m
[monitor_node-5] [WARN] [1789853510.757973502] [diagnostic_monitor]: ANOMALY on [localization_node] /localization/pose:z_pos: Value 99.9000 deviated from baseline 0.0000±0.0001 (z=999000.0, confirmed x8) (sev=1.00)
[navigation_node-4] [WARN] [1789853510.758244046] [navigation_node]: NavigationNode: Detected invalid pose (jump=0.05m, z=99.90)! Emergency stop triggered.
[monitor_node-5] [WARN] [1789853510.760001769] [diagnostic_monitor]: ANOMALY on [navigation_node] /navigation/cmd_vel:linear_vel: Value 0.0000 deviated from baseline 0.5000±0.0001 (z=5000.0, confirmed x8) (sev=1.00)
[localization_node-3] [WARN] [1789853510.855442582] [localization_node]: LocalizationNode: Emitting FAULT pose with jump 50.0m
[monitor_node-5] [WARN] [1789853510.857010990] [diagnostic_monitor]: ANOMALY on [localization_node] /localization/pose:z_pos: Value 99.9000 deviated from baseline 0.0000±0.0001 (z=999000.0, confirmed x9) (sev=1.00)
[navigation_node-4] [WARN] [1789853510.857172048] [navigation_node]: NavigationNode: Detected invalid pose (jump=0.05m, z=99.90)! Emergency stop triggered.
[monitor_node-5] [WARN] [1789853510.858974852] [diagnostic_monitor]: ANOMALY on [navigation_node] /navigation/cmd_vel:linear_vel: Value 0.0000 deviated from baseline 0.5000±0.0001 (z=5000.0, confirmed x9) (sev=1.00)
[localization_node-3] [WARN] [1789853510.956067600] [localization_node]: LocalizationNode: Emitting FAULT pose with jump 50.0m
[navigation_node-4] [WARN] [1789853510.957946333] [navigation_node]: NavigationNode: Detected invalid pose (jump=0.05m, z=99.90)! Emergency stop triggered.
[monitor_node-5] [WARN] [1789853510.957985865] [diagnostic_monitor]: ANOMALY on [localization_node] /localization/pose:z_pos: Value 99.9000 deviated from baseline 0.0000±0.0001 (z=999000.0, confirmed x10) (sev=1.00)
[monitor_node-5] [WARN] [1789853510.959710306] [diagnostic_monitor]: ANOMALY on [navigation_node] /navigation/cmd_vel:linear_vel: Value 0.0000 deviated from baseline 0.5000±0.0001 (z=5000.0, confirmed x10) (sev=1.00)
[localization_node-3] [WARN] [1789853511.055935407] [localization_node]: LocalizationNode: Emitting FAULT pose with jump 50.0m
[monitor_node-5] [WARN] [1789853511.057699536] [diagnostic_monitor]: ANOMALY on [localization_node] /localization/pose:z_pos: Value 99.9000 deviated from baseline 0.0000±0.0001 (z=999000.0, confirmed x11) (sev=1.00)
[navigation_node-4] [WARN] [1789853511.057781750] [navigation_node]: NavigationNode: Detected invalid pose (jump=0.05m, z=99.90)! Emergency stop triggered.
[monitor_node-5] [WARN] [1789853511.059556619] [diagnostic_monitor]: ANOMALY on [navigation_node] /navigation/cmd_vel:linear_vel: Value 0.0000 deviated from baseline 0.5000±0.0001 (z=5000.0, confirmed x11) (sev=1.00)
[localization_node-3] [WARN] [1789853511.155853375] [localization_node]: LocalizationNode: Emitting FAULT pose with jump 50.0m
[monitor_node-5] [WARN] [1789853511.157555701] [diagnostic_monitor]: ANOMALY on [localization_node] /localization/pose:z_pos: Value 99.9000 deviated from baseline 0.0000±0.0001 (z=999000.0, confirmed x12) (sev=1.00)
[navigation_node-4] [WARN] [1789853511.157600100] [navigation_node]: NavigationNode: Detected invalid pose (jump=0.05m, z=99.90)! Emergency stop triggered.
[monitor_node-5] [WARN] [1789853511.159215276] [diagnostic_monitor]: ANOMALY on [navigation_node] /navigation/cmd_vel:linear_vel: Value 0.0000 deviated from baseline 0.5000±0.0001 (z=5000.0, confirmed x12) (sev=1.00)
[localization_node-3] [WARN] [1789853511.256152254] [localization_node]: LocalizationNode: Emitting FAULT pose with jump 50.0m
[monitor_node-5] [WARN] [1789853511.257972293] [diagnostic_monitor]: ANOMALY on [localization_node] /localization/pose:z_pos: Value 99.9000 deviated from baseline 0.0000±0.0001 (z=999000.0, confirmed x13) (sev=1.00)
[navigation_node-4] [WARN] [1789853511.258092690] [navigation_node]: NavigationNode: Detected invalid pose (jump=0.05m, z=99.90)! Emergency stop triggered.
[monitor_node-5] [WARN] [1789853511.259941074] [diagnostic_monitor]: ANOMALY on [navigation_node] /navigation/cmd_vel:linear_vel: Value 0.0000 deviated from baseline 0.5000±0.0001 (z=5000.0, confirmed x13) (sev=1.00)
[localization_node-3] [WARN] [1789853511.355903663] [localization_node]: LocalizationNode: Emitting FAULT pose with jump 50.0m
[navigation_node-4] [WARN] [1789853511.357593884] [navigation_node]: NavigationNode: Detected invalid pose (jump=0.05m, z=99.90)! Emergency stop triggered.
[monitor_node-5] [WARN] [1789853511.357719574] [diagnostic_monitor]: ANOMALY on [localization_node] /localization/pose:z_pos: Value 99.9000 deviated from baseline 0.0000±0.0001 (z=999000.0, confirmed x14) (sev=1.00)
[monitor_node-5] [WARN] [1789853511.359393421] [diagnostic_monitor]: ANOMALY on [navigation_node] /navigation/cmd_vel:linear_vel: Value 0.0000 deviated from baseline 0.5000±0.0001 (z=5000.0, confirmed x14) (sev=1.00)
[localization_node-3] [WARN] [1789853511.456121798] [localization_node]: LocalizationNode: Emitting FAULT pose with jump 50.0m
[monitor_node-5] [WARN] [1789853511.458569246] [diagnostic_monitor]: ANOMALY on [localization_node] /localization/pose:z_pos: Value 99.9000 deviated from baseline 0.0000±0.0001 (z=999000.0, confirmed x15) (sev=1.00)
[navigation_node-4] [WARN] [1789853511.458595300] [navigation_node]: NavigationNode: Detected invalid pose (jump=0.05m, z=99.90)! Emergency stop triggered.
[monitor_node-5] [WARN] [1789853511.460212347] [diagnostic_monitor]: ANOMALY on [navigation_node] /navigation/cmd_vel:linear_vel: Value 0.0000 deviated from baseline 0.5000±0.0001 (z=5000.0, confirmed x15) (sev=1.00)
[localization_node-3] [WARN] [1789853511.556098721] [localization_node]: LocalizationNode: Emitting FAULT pose with jump 50.0m
[monitor_node-5] [WARN] [1789853511.557781531] [diagnostic_monitor]: ANOMALY on [localization_node] /localization/pose:z_pos: Value 99.9000 deviated from baseline 0.0000±0.0001 (z=999000.0, confirmed x16) (sev=1.00)
[navigation_node-4] [WARN] [1789853511.557928940] [navigation_node]: NavigationNode: Detected invalid pose (jump=0.05m, z=99.90)! Emergency stop triggered.
[monitor_node-5] [WARN] [1789853511.559495804] [diagnostic_monitor]: ANOMALY on [navigation_node] /navigation/cmd_vel:linear_vel: Value 0.0000 deviated from baseline 0.5000±0.0001 (z=5000.0, confirmed x16) (sev=1.00)
[localization_node-3] [WARN] [1789853511.655717095] [localization_node]: LocalizationNode: Emitting FAULT pose with jump 50.0m
[monitor_node-5] [WARN] [1789853511.657378478] [diagnostic_monitor]: ANOMALY on [localization_node] /localization/pose:z_pos: Value 99.9000 deviated from baseline 0.0000±0.0001 (z=999000.0, confirmed x17) (sev=1.00)
[navigation_node-4] [WARN] [1789853511.657448447] [navigation_node]: NavigationNode: Detected invalid pose (jump=0.05m, z=99.90)! Emergency stop triggered.
[monitor_node-5] [WARN] [1789853511.659116817] [diagnostic_monitor]: ANOMALY on [navigation_node] /navigation/cmd_vel:linear_vel: Value 0.0000 deviated from baseline 0.5000±0.0001 (z=5000.0, confirmed x17) (sev=1.00)
[localization_node-3] [WARN] [1789853511.756282535] [localization_node]: LocalizationNode: Emitting FAULT pose with jump 50.0m
[monitor_node-5] [WARN] [1789853511.758095187] [diagnostic_monitor]: ANOMALY on [localization_node] /localization/pose:z_pos: Value 99.9000 deviated from baseline 0.0000±0.0001 (z=999000.0, confirmed x18) (sev=1.00)
[navigation_node-4] [WARN] [1789853511.758096052] [navigation_node]: NavigationNode: Detected invalid pose (jump=0.05m, z=99.90)! Emergency stop triggered.
[monitor_node-5] [WARN] [1789853511.759766332] [diagnostic_monitor]: ANOMALY on [navigation_node] /navigation/cmd_vel:linear_vel: Value 0.0000 deviated from baseline 0.5000±0.0001 (z=5000.0, confirmed x18) (sev=1.00)
[localization_node-3] [WARN] [1789853511.856252100] [localization_node]: LocalizationNode: Emitting FAULT pose with jump 50.0m
[monitor_node-5] [WARN] [1789853511.858114074] [diagnostic_monitor]: ANOMALY on [localization_node] /localization/pose:z_pos: Value 99.9000 deviated from baseline 0.0000±0.0001 (z=999000.0, confirmed x19) (sev=1.00)
[navigation_node-4] [WARN] [1789853511.858218372] [navigation_node]: NavigationNode: Detected invalid pose (jump=0.05m, z=99.90)! Emergency stop triggered.
[monitor_node-5] [WARN] [1789853511.859694187] [diagnostic_monitor]: ANOMALY on [navigation_node] /navigation/cmd_vel:linear_vel: Value 0.0000 deviated from baseline 0.5000±0.0001 (z=5000.0, confirmed x19) (sev=1.00)
[localization_node-3] [WARN] [1789853511.955767219] [localization_node]: LocalizationNode: Emitting FAULT pose with jump 50.0m
[monitor_node-5] [WARN] [1789853511.957429548] [diagnostic_monitor]: ANOMALY on [localization_node] /localization/pose:z_pos: Value 99.9000 deviated from baseline 0.0000±0.0001 (z=999000.0, confirmed x20) (sev=1.00)
[navigation_node-4] [WARN] [1789853511.957505656] [navigation_node]: NavigationNode: Detected invalid pose (jump=0.05m, z=99.90)! Emergency stop triggered.
[monitor_node-5] [WARN] [1789853511.959195809] [diagnostic_monitor]: ANOMALY on [navigation_node] /navigation/cmd_vel:linear_vel: Value 0.0000 deviated from baseline 0.5000±0.0001 (z=5000.0, confirmed x20) (sev=1.00)
[localization_node-3] [WARN] [1789853512.056148233] [localization_node]: LocalizationNode: Emitting FAULT pose with jump 50.0m
[monitor_node-5] [WARN] [1789853512.058172752] [diagnostic_monitor]: ANOMALY on [localization_node] /localization/pose:z_pos: Value 99.9000 deviated from baseline 0.0000±0.0001 (z=999000.0, confirmed x21) (sev=1.00)
[navigation_node-4] [WARN] [1789853512.058978031] [navigation_node]: NavigationNode: Detected invalid pose (jump=0.05m, z=99.90)! Emergency stop triggered.
[monitor_node-5] [WARN] [1789853512.060809091] [diagnostic_monitor]: ANOMALY on [navigation_node] /navigation/cmd_vel:linear_vel: Value 0.0000 deviated from baseline 0.5000±0.0001 (z=5000.0, confirmed x21) (sev=1.00)
[localization_node-3] [WARN] [1789853512.155881203] [localization_node]: LocalizationNode: Emitting FAULT pose with jump 50.0m
[monitor_node-5] [WARN] [1789853512.157572651] [diagnostic_monitor]: ANOMALY on [localization_node] /localization/pose:z_pos: Value 99.9000 deviated from baseline 0.0000±0.0001 (z=999000.0, confirmed x22) (sev=1.00)
[navigation_node-4] [WARN] [1789853512.157662579] [navigation_node]: NavigationNode: Detected invalid pose (jump=0.05m, z=99.90)! Emergency stop triggered.
[monitor_node-5] [WARN] [1789853512.159317565] [diagnostic_monitor]: ANOMALY on [navigation_node] /navigation/cmd_vel:linear_vel: Value 0.0000 deviated from baseline 0.5000±0.0001 (z=5000.0, confirmed x22) (sev=1.00)
[localization_node-3] [WARN] [1789853512.255376598] [localization_node]: LocalizationNode: Emitting FAULT pose with jump 50.0m
[monitor_node-5] [WARN] [1789853512.256999480] [diagnostic_monitor]: ANOMALY on [localization_node] /localization/pose:z_pos: Value 99.9000 deviated from baseline 0.0000±0.0001 (z=999000.0, confirmed x23) (sev=1.00)
[navigation_node-4] [WARN] [1789853512.257135201] [navigation_node]: NavigationNode: Detected invalid pose (jump=0.05m, z=99.90)! Emergency stop triggered.
[monitor_node-5] [WARN] [1789853512.258843044] [diagnostic_monitor]: ANOMALY on [navigation_node] /navigation/cmd_vel:linear_vel: Value 0.0000 deviated from baseline 0.5000±0.0001 (z=5000.0, confirmed x23) (sev=1.00)
[localization_node-3] [WARN] [1789853512.356014450] [localization_node]: LocalizationNode: Emitting FAULT pose with jump 50.0m
[monitor_node-5] [WARN] [1789853512.357612146] [diagnostic_monitor]: ANOMALY on [localization_node] /localization/pose:z_pos: Value 99.9000 deviated from baseline 0.0000±0.0001 (z=999000.0, confirmed x24) (sev=1.00)
[navigation_node-4] [WARN] [1789853512.357785443] [navigation_node]: NavigationNode: Detected invalid pose (jump=0.05m, z=99.90)! Emergency stop triggered.
[monitor_node-5] [WARN] [1789853512.359528497] [diagnostic_monitor]: ANOMALY on [navigation_node] /navigation/cmd_vel:linear_vel: Value 0.0000 deviated from baseline 0.5000±0.0001 (z=5000.0, confirmed x24) (sev=1.00)
[localization_node-3] [WARN] [1789853512.455712454] [localization_node]: LocalizationNode: Emitting FAULT pose with jump 50.0m
[monitor_node-5] [WARN] [1789853512.457232878] [diagnostic_monitor]: ANOMALY on [localization_node] /localization/pose:z_pos: Value 99.9000 deviated from baseline 0.0000±0.0001 (z=999000.0, confirmed x25) (sev=1.00)
[navigation_node-4] [WARN] [1789853512.457404034] [navigation_node]: NavigationNode: Detected invalid pose (jump=0.05m, z=99.90)! Emergency stop triggered.
[monitor_node-5] [WARN] [1789853512.458882501] [diagnostic_monitor]: ANOMALY on [navigation_node] /navigation/cmd_vel:linear_vel: Value 0.0000 deviated from baseline 0.5000±0.0001 (z=5000.0, confirmed x25) (sev=1.00)
[localization_node-3] [WARN] [1789853512.556114440] [localization_node]: LocalizationNode: Emitting FAULT pose with jump 50.0m
[monitor_node-5] [WARN] [1789853512.558295527] [diagnostic_monitor]: ANOMALY on [localization_node] /localization/pose:z_pos: Value 99.9000 deviated from baseline 0.0000±0.0001 (z=999000.0, confirmed x26) (sev=1.00)
[navigation_node-4] [WARN] [1789853512.558300163] [navigation_node]: NavigationNode: Detected invalid pose (jump=0.05m, z=99.90)! Emergency stop triggered.
[monitor_node-5] [WARN] [1789853512.560037000] [diagnostic_monitor]: ANOMALY on [navigation_node] /navigation/cmd_vel:linear_vel: Value 0.0000 deviated from baseline 0.5000±0.0001 (z=5000.0, confirmed x26) (sev=1.00)
[localization_node-3] [WARN] [1789853512.655781941] [localization_node]: LocalizationNode: Emitting FAULT pose with jump 50.0m
[monitor_node-5] [WARN] [1789853512.657518863] [diagnostic_monitor]: ANOMALY on [localization_node] /localization/pose:z_pos: Value 99.9000 deviated from baseline 0.0000±0.0001 (z=999000.0, confirmed x27) (sev=1.00)
[navigation_node-4] [WARN] [1789853512.657572640] [navigation_node]: NavigationNode: Detected invalid pose (jump=0.05m, z=99.90)! Emergency stop triggered.
[monitor_node-5] [WARN] [1789853512.659248238] [diagnostic_monitor]: ANOMALY on [navigation_node] /navigation/cmd_vel:linear_vel: Value 0.0000 deviated from baseline 0.5000±0.0001 (z=5000.0, confirmed x27) (sev=1.00)
[localization_node-3] [WARN] [1789853512.755668314] [localization_node]: LocalizationNode: Emitting FAULT pose with jump 50.0m
[navigation_node-4] [WARN] [1789853512.757174141] [navigation_node]: NavigationNode: Detected invalid pose (jump=0.05m, z=99.90)! Emergency stop triggered.
[monitor_node-5] [WARN] [1789853512.757184913] [diagnostic_monitor]: ANOMALY on [localization_node] /localization/pose:z_pos: Value 99.9000 deviated from baseline 0.0000±0.0001 (z=999000.0, confirmed x28) (sev=1.00)
[monitor_node-5] [WARN] [1789853512.758745405] [diagnostic_monitor]: ANOMALY on [navigation_node] /navigation/cmd_vel:linear_vel: Value 0.0000 deviated from baseline 0.5000±0.0001 (z=5000.0, confirmed x28) (sev=1.00)
[localization_node-3] [WARN] [1789853512.855856456] [localization_node]: LocalizationNode: Emitting FAULT pose with jump 50.0m
[monitor_node-5] [WARN] [1789853512.857650611] [diagnostic_monitor]: ANOMALY on [localization_node] /localization/pose:z_pos: Value 99.9000 deviated from baseline 0.0000±0.0001 (z=999000.0, confirmed x29) (sev=1.00)
[navigation_node-4] [WARN] [1789853512.857679195] [navigation_node]: NavigationNode: Detected invalid pose (jump=0.05m, z=99.90)! Emergency stop triggered.
[monitor_node-5] [WARN] [1789853512.859421547] [diagnostic_monitor]: ANOMALY on [navigation_node] /navigation/cmd_vel:linear_vel: Value 0.0000 deviated from baseline 0.5000±0.0001 (z=5000.0, confirmed x29) (sev=1.00)
[localization_node-3] [WARN] [1789853512.956180334] [localization_node]: LocalizationNode: Emitting FAULT pose with jump 50.0m
[navigation_node-4] [WARN] [1789853512.957941385] [navigation_node]: NavigationNode: Detected invalid pose (jump=0.05m, z=99.90)! Emergency stop triggered.
[monitor_node-5] [WARN] [1789853512.957976835] [diagnostic_monitor]: ANOMALY on [localization_node] /localization/pose:z_pos: Value 99.9000 deviated from baseline 0.0000±0.0001 (z=999000.0, confirmed x30) (sev=1.00)
[monitor_node-5] [WARN] [1789853512.959682504] [diagnostic_monitor]: ANOMALY on [navigation_node] /navigation/cmd_vel:linear_vel: Value 0.0000 deviated from baseline 0.5000±0.0001 (z=5000.0, confirmed x30) (sev=1.00)
[localization_node-3] [WARN] [1789853513.056041221] [localization_node]: LocalizationNode: Emitting FAULT pose with jump 50.0m
[monitor_node-5] [WARN] [1789853513.057696887] [diagnostic_monitor]: ANOMALY on [localization_node] /localization/pose:z_pos: Value 99.9000 deviated from baseline 0.0000±0.0001 (z=999000.0, confirmed x31) (sev=1.00)
[navigation_node-4] [WARN] [1789853513.057755088] [navigation_node]: NavigationNode: Detected invalid pose (jump=0.05m, z=99.90)! Emergency stop triggered.
[monitor_node-5] [WARN] [1789853513.059455603] [diagnostic_monitor]: ANOMALY on [navigation_node] /navigation/cmd_vel:linear_vel: Value 0.0000 deviated from baseline 0.5000±0.0001 (z=5000.0, confirmed x31) (sev=1.00)
[localization_node-3] [WARN] [1789853513.155864568] [localization_node]: LocalizationNode: Emitting FAULT pose with jump 50.0m
[navigation_node-4] [WARN] [1789853513.157601666] [navigation_node]: NavigationNode: Detected invalid pose (jump=0.05m, z=99.90)! Emergency stop triggered.
[monitor_node-5] [WARN] [1789853513.157617087] [diagnostic_monitor]: ANOMALY on [localization_node] /localization/pose:z_pos: Value 99.9000 deviated from baseline 0.0000±0.0001 (z=999000.0, confirmed x32) (sev=1.00)
[monitor_node-5] [WARN] [1789853513.159340087] [diagnostic_monitor]: ANOMALY on [navigation_node] /navigation/cmd_vel:linear_vel: Value 0.0000 deviated from baseline 0.5000±0.0001 (z=5000.0, confirmed x32) (sev=1.00)
[localization_node-3] [WARN] [1789853513.257008966] [localization_node]: LocalizationNode: Emitting FAULT pose with jump 50.0m
[navigation_node-4] [WARN] [1789853513.258897658] [navigation_node]: NavigationNode: Detected invalid pose (jump=0.05m, z=99.90)! Emergency stop triggered.
[monitor_node-5] [WARN] [1789853513.258976534] [diagnostic_monitor]: ANOMALY on [localization_node] /localization/pose:z_pos: Value 99.9000 deviated from baseline 0.0000±0.0001 (z=999000.0, confirmed x33) (sev=1.00)
[monitor_node-5] [WARN] [1789853513.260642011] [diagnostic_monitor]: ANOMALY on [navigation_node] /navigation/cmd_vel:linear_vel: Value 0.0000 deviated from baseline 0.5000±0.0001 (z=5000.0, confirmed x33) (sev=1.00)
[localization_node-3] [WARN] [1789853513.356322733] [localization_node]: LocalizationNode: Emitting FAULT pose with jump 50.0m
[navigation_node-4] [WARN] [1789853513.358180138] [navigation_node]: NavigationNode: Detected invalid pose (jump=0.05m, z=99.90)! Emergency stop triggered.
[monitor_node-5] [WARN] [1789853513.358189179] [diagnostic_monitor]: ANOMALY on [localization_node] /localization/pose:z_pos: Value 99.9000 deviated from baseline 0.0000±0.0001 (z=999000.0, confirmed x34) (sev=1.00)
[monitor_node-5] [WARN] [1789853513.359853347] [diagnostic_monitor]: ANOMALY on [navigation_node] /navigation/cmd_vel:linear_vel: Value 0.0000 deviated from baseline 0.5000±0.0001 (z=5000.0, confirmed x34) (sev=1.00)
[localization_node-3] [WARN] [1789853513.456816863] [localization_node]: LocalizationNode: Emitting FAULT pose with jump 50.0m
[navigation_node-4] [WARN] [1789853513.458697767] [navigation_node]: NavigationNode: Detected invalid pose (jump=0.05m, z=99.90)! Emergency stop triggered.
[monitor_node-5] [WARN] [1789853513.458727126] [diagnostic_monitor]: ANOMALY on [localization_node] /localization/pose:z_pos: Value 99.9000 deviated from baseline 0.0000±0.0001 (z=999000.0, confirmed x35) (sev=1.00)
[monitor_node-5] [WARN] [1789853513.460358413] [diagnostic_monitor]: ANOMALY on [navigation_node] /navigation/cmd_vel:linear_vel: Value 0.0000 deviated from baseline 0.5000±0.0001 (z=5000.0, confirmed x35) (sev=1.00)
[localization_node-3] [WARN] [1789853513.555556371] [localization_node]: LocalizationNode: Emitting FAULT pose with jump 50.0m
[monitor_node-5] [WARN] [1789853513.557122287] [diagnostic_monitor]: ANOMALY on [localization_node] /localization/pose:z_pos: Value 99.9000 deviated from baseline 0.0000±0.0001 (z=999000.0, confirmed x36) (sev=1.00)
[navigation_node-4] [WARN] [1789853513.557220388] [navigation_node]: NavigationNode: Detected invalid pose (jump=0.05m, z=99.90)! Emergency stop triggered.
[monitor_node-5] [WARN] [1789853513.558877417] [diagnostic_monitor]: ANOMALY on [navigation_node] /navigation/cmd_vel:linear_vel: Value 0.0000 deviated from baseline 0.5000±0.0001 (z=5000.0, confirmed x36) (sev=1.00)
[localization_node-3] [WARN] [1789853513.656052598] [localization_node]: LocalizationNode: Emitting FAULT pose with jump 50.0m
[monitor_node-5] [WARN] [1789853513.657650574] [diagnostic_monitor]: ANOMALY on [localization_node] /localization/pose:z_pos: Value 99.9000 deviated from baseline 0.0000±0.0001 (z=999000.0, confirmed x37) (sev=1.00)
[navigation_node-4] [WARN] [1789853513.657746335] [navigation_node]: NavigationNode: Detected invalid pose (jump=0.05m, z=99.90)! Emergency stop triggered.
[monitor_node-5] [WARN] [1789853513.659102989] [diagnostic_monitor]: ANOMALY on [navigation_node] /navigation/cmd_vel:linear_vel: Value 0.0000 deviated from baseline 0.5000±0.0001 (z=5000.0, confirmed x37) (sev=1.00)
[localization_node-3] [WARN] [1789853513.755888862] [localization_node]: LocalizationNode: Emitting FAULT pose with jump 50.0m
[monitor_node-5] [WARN] [1789853513.757405332] [diagnostic_monitor]: ANOMALY on [localization_node] /localization/pose:z_pos: Value 99.9000 deviated from baseline 0.0000±0.0001 (z=999000.0, confirmed x38) (sev=1.00)
[navigation_node-4] [WARN] [1789853513.757482339] [navigation_node]: NavigationNode: Detected invalid pose (jump=0.05m, z=99.90)! Emergency stop triggered.
[monitor_node-5] [WARN] [1789853513.758973072] [diagnostic_monitor]: ANOMALY on [navigation_node] /navigation/cmd_vel:linear_vel: Value 0.0000 deviated from baseline 0.5000±0.0001 (z=5000.0, confirmed x38) (sev=1.00)
[localization_node-3] [WARN] [1789853513.855186417] [localization_node]: LocalizationNode: Emitting FAULT pose with jump 50.0m
[monitor_node-5] [WARN] [1789853513.856471739] [diagnostic_monitor]: ANOMALY on [localization_node] /localization/pose:z_pos: Value 99.9000 deviated from baseline 0.0000±0.0001 (z=999000.0, confirmed x39) (sev=1.00)
[navigation_node-4] [WARN] [1789853513.856515600] [navigation_node]: NavigationNode: Detected invalid pose (jump=0.05m, z=99.90)! Emergency stop triggered.
[monitor_node-5] [WARN] [1789853513.857455508] [diagnostic_monitor]: ANOMALY on [navigation_node] /navigation/cmd_vel:linear_vel: Value 0.0000 deviated from baseline 0.5000±0.0001 (z=5000.0, confirmed x39) (sev=1.00)
[localization_node-3] [WARN] [1789853513.956334977] [localization_node]: LocalizationNode: Emitting FAULT pose with jump 50.0m
[monitor_node-5] [WARN] [1789853513.958179705] [diagnostic_monitor]: ANOMALY on [localization_node] /localization/pose:z_pos: Value 99.9000 deviated from baseline 0.0000±0.0001 (z=999000.0, confirmed x40) (sev=1.00)
[navigation_node-4] [WARN] [1789853513.958182208] [navigation_node]: NavigationNode: Detected invalid pose (jump=0.05m, z=99.90)! Emergency stop triggered.
[monitor_node-5] [WARN] [1789853513.959995680] [diagnostic_monitor]: ANOMALY on [navigation_node] /navigation/cmd_vel:linear_vel: Value 0.0000 deviated from baseline 0.5000±0.0001 (z=5000.0, confirmed x40) (sev=1.00)
[localization_node-3] [WARN] [1789853514.055567919] [localization_node]: LocalizationNode: Emitting FAULT pose with jump 50.0m
[monitor_node-5] [WARN] [1789853514.057312524] [diagnostic_monitor]: ANOMALY on [localization_node] /localization/pose:z_pos: Value 99.9000 deviated from baseline 0.0000±0.0001 (z=999000.0, confirmed x41) (sev=1.00)
[navigation_node-4] [WARN] [1789853514.057340840] [navigation_node]: NavigationNode: Detected invalid pose (jump=0.05m, z=99.90)! Emergency stop triggered.
[monitor_node-5] [WARN] [1789853514.061379690] [diagnostic_monitor]: ANOMALY on [navigation_node] /navigation/cmd_vel:linear_vel: Value 0.0000 deviated from baseline 0.5000±0.0001 (z=5000.0, confirmed x41) (sev=1.00)
[localization_node-3] [WARN] [1789853514.155835902] [localization_node]: LocalizationNode: Emitting FAULT pose with jump 50.0m
[monitor_node-5] [WARN] [1789853514.157518773] [diagnostic_monitor]: ANOMALY on [localization_node] /localization/pose:z_pos: Value 99.9000 deviated from baseline 0.0000±0.0001 (z=999000.0, confirmed x42) (sev=1.00)
[navigation_node-4] [WARN] [1789853514.157559777] [navigation_node]: NavigationNode: Detected invalid pose (jump=0.05m, z=99.90)! Emergency stop triggered.
[monitor_node-5] [WARN] [1789853514.159018597] [diagnostic_monitor]: ANOMALY on [navigation_node] /navigation/cmd_vel:linear_vel: Value 0.0000 deviated from baseline 0.5000±0.0001 (z=5000.0, confirmed x42) (sev=1.00)
[localization_node-3] [WARN] [1789853514.256272101] [localization_node]: LocalizationNode: Emitting FAULT pose with jump 50.0m
[navigation_node-4] [WARN] [1789853514.258500938] [navigation_node]: NavigationNode: Detected invalid pose (jump=0.05m, z=99.90)! Emergency stop triggered.
[monitor_node-5] [WARN] [1789853514.258713204] [diagnostic_monitor]: ANOMALY on [localization_node] /localization/pose:z_pos: Value 99.9000 deviated from baseline 0.0000±0.0001 (z=999000.0, confirmed x43) (sev=1.00)
[monitor_node-5] [WARN] [1789853514.260382668] [diagnostic_monitor]: ANOMALY on [navigation_node] /navigation/cmd_vel:linear_vel: Value 0.0000 deviated from baseline 0.5000±0.0001 (z=5000.0, confirmed x43) (sev=1.00)
[localization_node-3] [WARN] [1789853514.356467984] [localization_node]: LocalizationNode: Emitting FAULT pose with jump 50.0m
[navigation_node-4] [WARN] [1789853514.358330267] [navigation_node]: NavigationNode: Detected invalid pose (jump=0.05m, z=99.90)! Emergency stop triggered.
[monitor_node-5] [WARN] [1789853514.358353678] [diagnostic_monitor]: ANOMALY on [localization_node] /localization/pose:z_pos: Value 99.9000 deviated from baseline 0.0000±0.0001 (z=999000.0, confirmed x44) (sev=1.00)
[monitor_node-5] [WARN] [1789853514.359748743] [diagnostic_monitor]: ANOMALY on [navigation_node] /navigation/cmd_vel:linear_vel: Value 0.0000 deviated from baseline 0.5000±0.0001 (z=5000.0, confirmed x44) (sev=1.00)
[localization_node-3] [WARN] [1789853514.455732045] [localization_node]: LocalizationNode: Emitting FAULT pose with jump 50.0m
[monitor_node-5] [WARN] [1789853514.457425327] [diagnostic_monitor]: ANOMALY on [localization_node] /localization/pose:z_pos: Value 99.9000 deviated from baseline 0.0000±0.0001 (z=999000.0, confirmed x45) (sev=1.00)
[navigation_node-4] [WARN] [1789853514.457468070] [navigation_node]: NavigationNode: Detected invalid pose (jump=0.05m, z=99.90)! Emergency stop triggered.
[monitor_node-5] [WARN] [1789853514.459139002] [diagnostic_monitor]: ANOMALY on [navigation_node] /navigation/cmd_vel:linear_vel: Value 0.0000 deviated from baseline 0.5000±0.0001 (z=5000.0, confirmed x45) (sev=1.00)
[localization_node-3] [WARN] [1789853514.556793644] [localization_node]: LocalizationNode: Emitting FAULT pose with jump 50.0m
[monitor_node-5] [WARN] [1789853514.558624422] [diagnostic_monitor]: ANOMALY on [localization_node] /localization/pose:z_pos: Value 99.9000 deviated from baseline 0.0000±0.0001 (z=999000.0, confirmed x46) (sev=1.00)
[navigation_node-4] [WARN] [1789853514.558654333] [navigation_node]: NavigationNode: Detected invalid pose (jump=0.05m, z=99.90)! Emergency stop triggered.
[monitor_node-5] [WARN] [1789853514.560299362] [diagnostic_monitor]: ANOMALY on [navigation_node] /navigation/cmd_vel:linear_vel: Value 0.0000 deviated from baseline 0.5000±0.0001 (z=5000.0, confirmed x46) (sev=1.00)
[localization_node-3] [WARN] [1789853514.655635178] [localization_node]: LocalizationNode: Emitting FAULT pose with jump 50.0m
[monitor_node-5] [WARN] [1789853514.657353186] [diagnostic_monitor]: ANOMALY on [localization_node] /localization/pose:z_pos: Value 99.9000 deviated from baseline 0.0000±0.0001 (z=999000.0, confirmed x47) (sev=1.00)
[navigation_node-4] [WARN] [1789853514.657405049] [navigation_node]: NavigationNode: Detected invalid pose (jump=0.05m, z=99.90)! Emergency stop triggered.
[monitor_node-5] [WARN] [1789853514.659053203] [diagnostic_monitor]: ANOMALY on [navigation_node] /navigation/cmd_vel:linear_vel: Value 0.0000 deviated from baseline 0.5000±0.0001 (z=5000.0, confirmed x47) (sev=1.00)
[localization_node-3] [WARN] [1789853514.755568911] [localization_node]: LocalizationNode: Emitting FAULT pose with jump 50.0m
[monitor_node-5] [WARN] [1789853514.757180113] [diagnostic_monitor]: ANOMALY on [localization_node] /localization/pose:z_pos: Value 99.9000 deviated from baseline 0.0000±0.0001 (z=999000.0, confirmed x48) (sev=1.00)
[navigation_node-4] [WARN] [1789853514.757232233] [navigation_node]: NavigationNode: Detected invalid pose (jump=0.05m, z=99.90)! Emergency stop triggered.
[monitor_node-5] [WARN] [1789853514.758656136] [diagnostic_monitor]: ANOMALY on [navigation_node] /navigation/cmd_vel:linear_vel: Value 0.0000 deviated from baseline 0.5000±0.0001 (z=5000.0, confirmed x48) (sev=1.00)
[localization_node-3] [WARN] [1789853514.855698363] [localization_node]: LocalizationNode: Emitting FAULT pose with jump 50.0m
[navigation_node-4] [WARN] [1789853514.857493842] [navigation_node]: NavigationNode: Detected invalid pose (jump=0.05m, z=99.90)! Emergency stop triggered.
[monitor_node-5] [WARN] [1789853514.857547671] [diagnostic_monitor]: ANOMALY on [localization_node] /localization/pose:z_pos: Value 99.9000 deviated from baseline 0.0000±0.0001 (z=999000.0, confirmed x49) (sev=1.00)
[monitor_node-5] [WARN] [1789853514.858866899] [diagnostic_monitor]: ANOMALY on [navigation_node] /navigation/cmd_vel:linear_vel: Value 0.0000 deviated from baseline 0.5000±0.0001 (z=5000.0, confirmed x49) (sev=1.00)
[localization_node-3] [WARN] [1789853514.955802971] [localization_node]: LocalizationNode: Emitting FAULT pose with jump 50.0m
[navigation_node-4] [WARN] [1789853514.957505635] [navigation_node]: NavigationNode: Detected invalid pose (jump=0.05m, z=99.90)! Emergency stop triggered.
[monitor_node-5] [WARN] [1789853514.957624354] [diagnostic_monitor]: ANOMALY on [localization_node] /localization/pose:z_pos: Value 99.9000 deviated from baseline 0.0000±0.0001 (z=999000.0, confirmed x50) (sev=1.00)
[monitor_node-5] [WARN] [1789853514.959444873] [diagnostic_monitor]: ANOMALY on [navigation_node] /navigation/cmd_vel:linear_vel: Value 0.0000 deviated from baseline 0.5000±0.0001 (z=5000.0, confirmed x50) (sev=1.00)
[localization_node-3] [WARN] [1789853515.055749615] [localization_node]: LocalizationNode: Emitting FAULT pose with jump 50.0m
[monitor_node-5] [WARN] [1789853515.057300617] [diagnostic_monitor]: ANOMALY on [localization_node] /localization/pose:z_pos: Value 99.9000 deviated from baseline 0.0000±0.0001 (z=999000.0, confirmed x51) (sev=1.00)
[navigation_node-4] [WARN] [1789853515.057488964] [navigation_node]: NavigationNode: Detected invalid pose (jump=0.05m, z=99.90)! Emergency stop triggered.
[monitor_node-5] [WARN] [1789853515.059162235] [diagnostic_monitor]: ANOMALY on [navigation_node] /navigation/cmd_vel:linear_vel: Value 0.0000 deviated from baseline 0.5000±0.0001 (z=5000.0, confirmed x51) (sev=1.00)
[localization_node-3] [WARN] [1789853515.155804671] [localization_node]: LocalizationNode: Emitting FAULT pose with jump 50.0m
[navigation_node-4] [WARN] [1789853515.157240250] [navigation_node]: NavigationNode: Detected invalid pose (jump=0.05m, z=99.90)! Emergency stop triggered.
[monitor_node-5] [WARN] [1789853515.157247561] [diagnostic_monitor]: ANOMALY on [localization_node] /localization/pose:z_pos: Value 99.9000 deviated from baseline 0.0000±0.0001 (z=999000.0, confirmed x52) (sev=1.00)
[monitor_node-5] [WARN] [1789853515.158771224] [diagnostic_monitor]: ANOMALY on [navigation_node] /navigation/cmd_vel:linear_vel: Value 0.0000 deviated from baseline 0.5000±0.0001 (z=5000.0, confirmed x52) (sev=1.00)
[localization_node-3] [WARN] [1789853515.255874433] [localization_node]: LocalizationNode: Emitting FAULT pose with jump 50.0m
[navigation_node-4] [WARN] [1789853515.257414095] [navigation_node]: NavigationNode: Detected invalid pose (jump=0.05m, z=99.90)! Emergency stop triggered.
[monitor_node-5] [WARN] [1789853515.257509096] [diagnostic_monitor]: ANOMALY on [localization_node] /localization/pose:z_pos: Value 99.9000 deviated from baseline 0.0000±0.0001 (z=999000.0, confirmed x53) (sev=1.00)
[monitor_node-5] [WARN] [1789853515.259140728] [diagnostic_monitor]: ANOMALY on [navigation_node] /navigation/cmd_vel:linear_vel: Value 0.0000 deviated from baseline 0.5000±0.0001 (z=5000.0, confirmed x53) (sev=1.00)
[localization_node-3] [WARN] [1789853515.355881866] [localization_node]: LocalizationNode: Emitting FAULT pose with jump 50.0m
[monitor_node-5] [WARN] [1789853515.357519680] [diagnostic_monitor]: ANOMALY on [localization_node] /localization/pose:z_pos: Value 99.9000 deviated from baseline 0.0000±0.0001 (z=999000.0, confirmed x54) (sev=1.00)
[navigation_node-4] [WARN] [1789853515.357678639] [navigation_node]: NavigationNode: Detected invalid pose (jump=0.05m, z=99.90)! Emergency stop triggered.
[monitor_node-5] [WARN] [1789853515.359357591] [diagnostic_monitor]: ANOMALY on [navigation_node] /navigation/cmd_vel:linear_vel: Value 0.0000 deviated from baseline 0.5000±0.0001 (z=5000.0, confirmed x54) (sev=1.00)
[localization_node-3] [WARN] [1789853515.455757900] [localization_node]: LocalizationNode: Emitting FAULT pose with jump 50.0m
[navigation_node-4] [WARN] [1789853515.457510354] [navigation_node]: NavigationNode: Detected invalid pose (jump=0.05m, z=99.90)! Emergency stop triggered.
[monitor_node-5] [WARN] [1789853515.457540063] [diagnostic_monitor]: ANOMALY on [localization_node] /localization/pose:z_pos: Value 99.9000 deviated from baseline 0.0000±0.0001 (z=999000.0, confirmed x55) (sev=1.00)
[monitor_node-5] [WARN] [1789853515.458980862] [diagnostic_monitor]: ANOMALY on [navigation_node] /navigation/cmd_vel:linear_vel: Value 0.0000 deviated from baseline 0.5000±0.0001 (z=5000.0, confirmed x55) (sev=1.00)
[localization_node-3] [WARN] [1789853515.555745406] [localization_node]: LocalizationNode: Emitting FAULT pose with jump 50.0m
[monitor_node-5] [WARN] [1789853515.557163216] [diagnostic_monitor]: ANOMALY on [localization_node] /localization/pose:z_pos: Value 99.9000 deviated from baseline 0.0000±0.0001 (z=999000.0, confirmed x56) (sev=1.00)
[navigation_node-4] [WARN] [1789853515.557408008] [navigation_node]: NavigationNode: Detected invalid pose (jump=0.05m, z=99.90)! Emergency stop triggered.
[monitor_node-5] [WARN] [1789853515.559077195] [diagnostic_monitor]: ANOMALY on [navigation_node] /navigation/cmd_vel:linear_vel: Value 0.0000 deviated from baseline 0.5000±0.0001 (z=5000.0, confirmed x56) (sev=1.00)
[localization_node-3] [WARN] [1789853515.656128451] [localization_node]: LocalizationNode: Emitting FAULT pose with jump 50.0m
[navigation_node-4] [WARN] [1789853515.657815131] [navigation_node]: NavigationNode: Detected invalid pose (jump=0.05m, z=99.90)! Emergency stop triggered.
[monitor_node-5] [WARN] [1789853515.658014938] [diagnostic_monitor]: ANOMALY on [localization_node] /localization/pose:z_pos: Value 99.9000 deviated from baseline 0.0000±0.0001 (z=999000.0, confirmed x57) (sev=1.00)
[monitor_node-5] [WARN] [1789853515.659771328] [diagnostic_monitor]: ANOMALY on [navigation_node] /navigation/cmd_vel:linear_vel: Value 0.0000 deviated from baseline 0.5000±0.0001 (z=5000.0, confirmed x57) (sev=1.00)
[localization_node-3] [WARN] [1789853515.755675571] [localization_node]: LocalizationNode: Emitting FAULT pose with jump 50.0m
[navigation_node-4] [WARN] [1789853515.757338700] [navigation_node]: NavigationNode: Detected invalid pose (jump=0.05m, z=99.90)! Emergency stop triggered.
[monitor_node-5] [WARN] [1789853515.757326700] [diagnostic_monitor]: ANOMALY on [localization_node] /localization/pose:z_pos: Value 99.9000 deviated from baseline 0.0000±0.0001 (z=999000.0, confirmed x58) (sev=1.00)
[monitor_node-5] [WARN] [1789853515.759228681] [diagnostic_monitor]: ANOMALY on [navigation_node] /navigation/cmd_vel:linear_vel: Value 0.0000 deviated from baseline 0.5000±0.0001 (z=5000.0, confirmed x58) (sev=1.00)
[localization_node-3] [WARN] [1789853515.855739399] [localization_node]: LocalizationNode: Emitting FAULT pose with jump 50.0m
[monitor_node-5] [WARN] [1789853515.857646138] [diagnostic_monitor]: ANOMALY on [localization_node] /localization/pose:z_pos: Value 99.9000 deviated from baseline 0.0000±0.0001 (z=999000.0, confirmed x59) (sev=1.00)
[navigation_node-4] [WARN] [1789853515.857638062] [navigation_node]: NavigationNode: Detected invalid pose (jump=0.05m, z=99.90)! Emergency stop triggered.
[monitor_node-5] [WARN] [1789853515.859542787] [diagnostic_monitor]: ANOMALY on [navigation_node] /navigation/cmd_vel:linear_vel: Value 0.0000 deviated from baseline 0.5000±0.0001 (z=5000.0, confirmed x59) (sev=1.00)
[localization_node-3] [WARN] [1789853515.955743604] [localization_node]: LocalizationNode: Emitting FAULT pose with jump 50.0m
[monitor_node-5] [WARN] [1789853515.957436269] [diagnostic_monitor]: ANOMALY on [localization_node] /localization/pose:z_pos: Value 99.9000 deviated from baseline 0.0000±0.0001 (z=999000.0, confirmed x60) (sev=1.00)
[navigation_node-4] [WARN] [1789853515.957568026] [navigation_node]: NavigationNode: Detected invalid pose (jump=0.05m, z=99.90)! Emergency stop triggered.
[monitor_node-5] [WARN] [1789853515.959405278] [diagnostic_monitor]: ANOMALY on [navigation_node] /navigation/cmd_vel:linear_vel: Value 0.0000 deviated from baseline 0.5000±0.0001 (z=5000.0, confirmed x60) (sev=1.00)
[localization_node-3] [WARN] [1789853516.056977965] [localization_node]: LocalizationNode: Emitting FAULT pose with jump 50.0m
[monitor_node-5] [WARN] [1789853516.058652380] [diagnostic_monitor]: ANOMALY on [localization_node] /localization/pose:z_pos: Value 99.9000 deviated from baseline 0.0000±0.0001 (z=999000.0, confirmed x61) (sev=1.00)
[navigation_node-4] [WARN] [1789853516.058893021] [navigation_node]: NavigationNode: Detected invalid pose (jump=0.05m, z=99.90)! Emergency stop triggered.
[monitor_node-5] [WARN] [1789853516.060483341] [diagnostic_monitor]: ANOMALY on [navigation_node] /navigation/cmd_vel:linear_vel: Value 0.0000 deviated from baseline 0.5000±0.0001 (z=5000.0, confirmed x61) (sev=1.00)
[localization_node-3] [WARN] [1789853516.155856187] [localization_node]: LocalizationNode: Emitting FAULT pose with jump 50.0m
[monitor_node-5] [WARN] [1789853516.157567864] [diagnostic_monitor]: ANOMALY on [localization_node] /localization/pose:z_pos: Value 99.9000 deviated from baseline 0.0000±0.0001 (z=999000.0, confirmed x62) (sev=1.00)
[navigation_node-4] [WARN] [1789853516.157638361] [navigation_node]: NavigationNode: Detected invalid pose (jump=0.05m, z=99.90)! Emergency stop triggered.
[monitor_node-5] [WARN] [1789853516.159460023] [diagnostic_monitor]: ANOMALY on [navigation_node] /navigation/cmd_vel:linear_vel: Value 0.0000 deviated from baseline 0.5000±0.0001 (z=5000.0, confirmed x62) (sev=1.00)
[navigation_node-4] [INFO] [1789853516.241423701] [navigation_node]: NavigationNode: Fault cleared.
[localization_node-3] [INFO] [1789853516.241435665] [localization_node]: LocalizationNode: Fault cleared.
[sensor_node-1] [INFO] [1789853516.241441046] [sensor_node]: SensorNode: Fault cleared.
[perception_node-2] [INFO] [1789853516.242160854] [perception_node]: PerceptionNode: Fault cleared.
[navigation_node-4] [WARN] [1789853516.256555283] [navigation_node]: NavigationNode: Detected invalid pose (jump=70.67m, z=0.00)! Emergency stop triggered.
[monitor_node-5] [WARN] [1789853516.258244813] [diagnostic_monitor]: ANOMALY on [navigation_node] /navigation/cmd_vel:linear_vel: Value 0.0000 deviated from baseline 0.5000±0.0001 (z=5000.0, confirmed x63) (sev=1.00)
[sensor_node-1] [INFO] [1789853516.292081245] [sensor_node]: SensorNode: Fault cleared.
[navigation_node-4] [INFO] [1789853516.292111623] [navigation_node]: NavigationNode: Fault cleared.
[perception_node-2] [INFO] [1789853516.292140086] [perception_node]: PerceptionNode: Fault cleared.
[localization_node-3] [INFO] [1789853516.294532659] [localization_node]: LocalizationNode: Fault cleared.
[perception_node-2] [INFO] [1789853516.342546530] [perception_node]: PerceptionNode: Fault cleared.
[localization_node-3] [INFO] [1789853516.342548106] [localization_node]: LocalizationNode: Fault cleared.
[sensor_node-1] [INFO] [1789853516.342561297] [sensor_node]: SensorNode: Fault cleared.
[navigation_node-4] [INFO] [1789853516.342605722] [navigation_node]: NavigationNode: Fault cleared.
[sensor_node-1] [INFO] [1789853516.392877127] [sensor_node]: SensorNode: Fault cleared.
[perception_node-2] [INFO] [1789853516.392872925] [perception_node]: PerceptionNode: Fault cleared.
[navigation_node-4] [INFO] [1789853516.392946497] [navigation_node]: NavigationNode: Fault cleared.
[localization_node-3] [INFO] [1789853516.393027177] [localization_node]: LocalizationNode: Fault cleared.
[localization_node-3] [INFO] [1789853516.445438028] [localization_node]: LocalizationNode: Fault cleared.
[perception_node-2] [INFO] [1789853516.445433980] [perception_node]: PerceptionNode: Fault cleared.
[navigation_node-4] [INFO] [1789853516.445504731] [navigation_node]: NavigationNode: Fault cleared.
[sensor_node-1] [INFO] [1789853516.445564110] [sensor_node]: SensorNode: Fault cleared.
[navigation_node-4] [INFO] [1789853516.495917645] [navigation_node]: NavigationNode: Fault cleared.
[perception_node-2] [INFO] [1789853516.495967668] [perception_node]: PerceptionNode: Fault cleared.
[sensor_node-1] [INFO] [1789853516.496000156] [sensor_node]: SensorNode: Fault cleared.
[localization_node-3] [INFO] [1789853516.496049029] [localization_node]: LocalizationNode: Fault cleared.
[perception_node-2] [INFO] [1789853516.546681900] [perception_node]: PerceptionNode: Fault cleared.
[navigation_node-4] [INFO] [1789853516.546689871] [navigation_node]: NavigationNode: Fault cleared.
[localization_node-3] [INFO] [1789853516.546694914] [localization_node]: LocalizationNode: Fault cleared.
[sensor_node-1] [INFO] [1789853516.546791772] [sensor_node]: SensorNode: Fault cleared.
[localization_node-3] [INFO] [1789853516.597124481] [localization_node]: LocalizationNode: Fault cleared.
[perception_node-2] [INFO] [1789853516.597148743] [perception_node]: PerceptionNode: Fault cleared.
[navigation_node-4] [INFO] [1789853516.597151123] [navigation_node]: NavigationNode: Fault cleared.
[sensor_node-1] [INFO] [1789853516.597239656] [sensor_node]: SensorNode: Fault cleared.
[monitor_node-5] [INFO] [1789853522.635812656] [diagnostic_monitor]: Anomaly window cleared. System operating nominally.
[sensor_node-1] [WARN] [1789853524.159041722] [sensor_node]: SensorNode: Injected fault "dropout" (param=1.0, duration=9.0s)
[sensor_node-1] [WARN] [1789853524.209715399] [sensor_node]: SensorNode: Injected fault "dropout" (param=1.0, duration=9.0s)
[sensor_node-1] [WARN] [1789853524.259990302] [sensor_node]: SensorNode: Injected fault "dropout" (param=1.0, duration=9.0s)
[sensor_node-1] [WARN] [1789853524.310545130] [sensor_node]: SensorNode: Injected fault "dropout" (param=1.0, duration=9.0s)
[monitor_node-5] [WARN] [1789853524.635163462] [diagnostic_monitor]: ANOMALY on [localization_node] message_timeout: Message timeout on /localization/pose: no message for 0.48s (expected ~0.100s, threshold 0.45s, last seen t=1789853524.16) (sev=0.77)
[monitor_node-5] [WARN] [1789853524.636194029] [diagnostic_monitor]: ANOMALY on [navigation_node] message_timeout: Message timeout on /navigation/cmd_vel: no message for 0.48s (expected ~0.100s, threshold 0.45s, last seen t=1789853524.16) (sev=0.77)
[monitor_node-5] [WARN] [1789853524.637007439] [diagnostic_monitor]: ANOMALY on [perception_node] message_timeout: Message timeout on /perception/obstacles: no message for 0.48s (expected ~0.100s, threshold 0.45s, last seen t=1789853524.15) (sev=0.77)
[monitor_node-5] [WARN] [1789853524.637720882] [diagnostic_monitor]: ANOMALY on [sensor_node] message_timeout: Message timeout on /sensor/scan: no message for 0.48s (expected ~0.100s, threshold 0.45s, last seen t=1789853524.15) (sev=0.77)
[monitor_node-5] [INFO] [1789853524.652906060] [diagnostic_monitor]: 
[monitor_node-5] ============================================================
[monitor_node-5] ROOT CAUSE DIAGNOSIS: sensor_node (Confidence: 0.965)
[monitor_node-5] ============================================================
[monitor_node-5] Score Breakdown  R(C) = wD*D + wT*T + wS*S + wA*A:
[monitor_node-5]   R(sensor_node) = 0.3·D(1.00) + 0.3·T(1.00) + 0.25·S(1.00) + 0.15·A(0.77) = 0.965
[monitor_node-5]   - Dependency D: 1.00 (reaches 3 downstream anomalous node(s); 0 anomalous upstream node(s))
[monitor_node-5]   - Temporal   T: 1.00 (first anomaly at t=1789853524.60s; earliest in window = supporting evidence, not proof of causality)
[monitor_node-5]   - Symptom    S: 1.00 (explains 4/4 anomalous nodes)
[monitor_node-5]   - Severity   A: 0.77 (max normalised severity on node, 1 direct anomaly event(s))
[monitor_node-5] 
[monitor_node-5] Propagation Chain (evidence-ordered, via discovered graph edges):
[monitor_node-5]   sensor_node (t=1789853524.60s: message_timeout, sev=0.77)
[monitor_node-5]     └─→ perception_node via /sensor/scan (t=1789853524.60s, +0.00s after sensor_node: message_timeout)
[monitor_node-5]       └─→ localization_node via /perception/obstacles (t=1789853524.61s, +0.00s after perception_node: message_timeout)
[monitor_node-5]         └─→ navigation_node via /localization/pose (t=1789853524.61s, +0.00s after localization_node: message_timeout)
[monitor_node-5] 
[monitor_node-5] Candidate Ranking & Evidence Comparison:
[monitor_node-5]   #2 perception_node      R=0.752 (Δ -0.213) [first anomaly 0.00s after sensor_node; downstream of sensor_node in discovered graph; lower symptom coverage (75% vs 100%)]
[monitor_node-5]   #3 localization_node    R=0.590 (Δ -0.375) [first anomaly 0.00s after sensor_node; downstream of sensor_node in discovered graph; lower symptom coverage (50% vs 100%)]
[monitor_node-5]   #4 navigation_node      R=0.477 (Δ -0.488) [first anomaly 0.00s after sensor_node; downstream of sensor_node in discovered graph; lower symptom coverage (25% vs 100%)]
[monitor_node-5] ============================================================
[monitor_node-5] [WARN] [1789853525.137003188] [diagnostic_monitor]: ANOMALY on [localization_node] message_timeout: Message timeout on /localization/pose: no message for 0.98s (expected ~0.100s, threshold 0.45s, last seen t=1789853524.16) (sev=1.00)
[monitor_node-5] [WARN] [1789853525.137918316] [diagnostic_monitor]: ANOMALY on [navigation_node] message_timeout: Message timeout on /navigation/cmd_vel: no message for 0.98s (expected ~0.100s, threshold 0.45s, last seen t=1789853524.16) (sev=1.00)
[monitor_node-5] [WARN] [1789853525.138579227] [diagnostic_monitor]: ANOMALY on [perception_node] message_timeout: Message timeout on /perception/obstacles: no message for 0.98s (expected ~0.100s, threshold 0.45s, last seen t=1789853524.15) (sev=1.00)
[monitor_node-5] [WARN] [1789853525.139215799] [diagnostic_monitor]: ANOMALY on [sensor_node] message_timeout: Message timeout on /sensor/scan: no message for 0.98s (expected ~0.100s, threshold 0.45s, last seen t=1789853524.15) (sev=1.00)
[monitor_node-5] [WARN] [1789853525.634953818] [diagnostic_monitor]: ANOMALY on [localization_node] message_timeout: Message timeout on /localization/pose: no message for 1.48s (expected ~0.100s, threshold 0.45s, last seen t=1789853524.16) (sev=1.00)
[monitor_node-5] [WARN] [1789853525.635882693] [diagnostic_monitor]: ANOMALY on [navigation_node] message_timeout: Message timeout on /navigation/cmd_vel: no message for 1.48s (expected ~0.100s, threshold 0.45s, last seen t=1789853524.16) (sev=1.00)
[monitor_node-5] [WARN] [1789853525.636661551] [diagnostic_monitor]: ANOMALY on [perception_node] message_timeout: Message timeout on /perception/obstacles: no message for 1.48s (expected ~0.100s, threshold 0.45s, last seen t=1789853524.15) (sev=1.00)
[monitor_node-5] [WARN] [1789853525.637411237] [diagnostic_monitor]: ANOMALY on [sensor_node] message_timeout: Message timeout on /sensor/scan: no message for 1.48s (expected ~0.100s, threshold 0.45s, last seen t=1789853524.15) (sev=1.00)
[monitor_node-5] [WARN] [1789853526.137423731] [diagnostic_monitor]: ANOMALY on [localization_node] message_timeout: Message timeout on /localization/pose: no message for 1.98s (expected ~0.100s, threshold 0.45s, last seen t=1789853524.16) (sev=1.00)
[monitor_node-5] [WARN] [1789853526.138333586] [diagnostic_monitor]: ANOMALY on [navigation_node] message_timeout: Message timeout on /navigation/cmd_vel: no message for 1.98s (expected ~0.100s, threshold 0.45s, last seen t=1789853524.16) (sev=1.00)
[monitor_node-5] [WARN] [1789853526.139087711] [diagnostic_monitor]: ANOMALY on [perception_node] message_timeout: Message timeout on /perception/obstacles: no message for 1.98s (expected ~0.100s, threshold 0.45s, last seen t=1789853524.15) (sev=1.00)
[monitor_node-5] [WARN] [1789853526.139944395] [diagnostic_monitor]: ANOMALY on [sensor_node] message_timeout: Message timeout on /sensor/scan: no message for 1.98s (expected ~0.100s, threshold 0.45s, last seen t=1789853524.15) (sev=1.00)
[monitor_node-5] [WARN] [1789853526.634781250] [diagnostic_monitor]: ANOMALY on [localization_node] message_timeout: Message timeout on /localization/pose: no message for 2.48s (expected ~0.100s, threshold 0.45s, last seen t=1789853524.16) (sev=1.00)
[monitor_node-5] [WARN] [1789853526.635615593] [diagnostic_monitor]: ANOMALY on [navigation_node] message_timeout: Message timeout on /navigation/cmd_vel: no message for 2.48s (expected ~0.100s, threshold 0.45s, last seen t=1789853524.16) (sev=1.00)
[monitor_node-5] [WARN] [1789853526.636253914] [diagnostic_monitor]: ANOMALY on [perception_node] message_timeout: Message timeout on /perception/obstacles: no message for 2.48s (expected ~0.100s, threshold 0.45s, last seen t=1789853524.15) (sev=1.00)
[monitor_node-5] [WARN] [1789853526.636920491] [diagnostic_monitor]: ANOMALY on [sensor_node] message_timeout: Message timeout on /sensor/scan: no message for 2.48s (expected ~0.100s, threshold 0.45s, last seen t=1789853524.15) (sev=1.00)
[monitor_node-5] [WARN] [1789853527.135947022] [diagnostic_monitor]: ANOMALY on [localization_node] message_timeout: Message timeout on /localization/pose: no message for 2.98s (expected ~0.100s, threshold 0.45s, last seen t=1789853524.16) (sev=1.00)
[monitor_node-5] [WARN] [1789853527.136695494] [diagnostic_monitor]: ANOMALY on [navigation_node] message_timeout: Message timeout on /navigation/cmd_vel: no message for 2.98s (expected ~0.100s, threshold 0.45s, last seen t=1789853524.16) (sev=1.00)
[monitor_node-5] [WARN] [1789853527.137266014] [diagnostic_monitor]: ANOMALY on [perception_node] message_timeout: Message timeout on /perception/obstacles: no message for 2.98s (expected ~0.100s, threshold 0.45s, last seen t=1789853524.15) (sev=1.00)
[monitor_node-5] [WARN] [1789853527.138003454] [diagnostic_monitor]: ANOMALY on [sensor_node] message_timeout: Message timeout on /sensor/scan: no message for 2.98s (expected ~0.100s, threshold 0.45s, last seen t=1789853524.15) (sev=1.00)
[monitor_node-5] [WARN] [1789853527.634900765] [diagnostic_monitor]: ANOMALY on [localization_node] message_timeout: Message timeout on /localization/pose: no message for 3.48s (expected ~0.100s, threshold 0.45s, last seen t=1789853524.16) (sev=1.00)
[monitor_node-5] [WARN] [1789853527.635722581] [diagnostic_monitor]: ANOMALY on [navigation_node] message_timeout: Message timeout on /navigation/cmd_vel: no message for 3.48s (expected ~0.100s, threshold 0.45s, last seen t=1789853524.16) (sev=1.00)
[monitor_node-5] [WARN] [1789853527.636411239] [diagnostic_monitor]: ANOMALY on [perception_node] message_timeout: Message timeout on /perception/obstacles: no message for 3.48s (expected ~0.100s, threshold 0.45s, last seen t=1789853524.15) (sev=1.00)
[monitor_node-5] [WARN] [1789853527.637004781] [diagnostic_monitor]: ANOMALY on [sensor_node] message_timeout: Message timeout on /sensor/scan: no message for 3.48s (expected ~0.100s, threshold 0.45s, last seen t=1789853524.15) (sev=1.00)
[monitor_node-5] [WARN] [1789853528.135950432] [diagnostic_monitor]: ANOMALY on [localization_node] message_timeout: Message timeout on /localization/pose: no message for 3.98s (expected ~0.100s, threshold 0.45s, last seen t=1789853524.16) (sev=1.00)
[monitor_node-5] [WARN] [1789853528.136685819] [diagnostic_monitor]: ANOMALY on [navigation_node] message_timeout: Message timeout on /navigation/cmd_vel: no message for 3.98s (expected ~0.100s, threshold 0.45s, last seen t=1789853524.16) (sev=1.00)
[monitor_node-5] [WARN] [1789853528.137352453] [diagnostic_monitor]: ANOMALY on [perception_node] message_timeout: Message timeout on /perception/obstacles: no message for 3.98s (expected ~0.100s, threshold 0.45s, last seen t=1789853524.15) (sev=1.00)
[monitor_node-5] [WARN] [1789853528.138102512] [diagnostic_monitor]: ANOMALY on [sensor_node] message_timeout: Message timeout on /sensor/scan: no message for 3.98s (expected ~0.100s, threshold 0.45s, last seen t=1789853524.15) (sev=1.00)
[monitor_node-5] [WARN] [1789853528.635463586] [diagnostic_monitor]: ANOMALY on [localization_node] message_timeout: Message timeout on /localization/pose: no message for 4.48s (expected ~0.100s, threshold 0.45s, last seen t=1789853524.16) (sev=1.00)
[monitor_node-5] [WARN] [1789853528.636506716] [diagnostic_monitor]: ANOMALY on [navigation_node] message_timeout: Message timeout on /navigation/cmd_vel: no message for 4.48s (expected ~0.100s, threshold 0.45s, last seen t=1789853524.16) (sev=1.00)
[monitor_node-5] [WARN] [1789853528.637282862] [diagnostic_monitor]: ANOMALY on [perception_node] message_timeout: Message timeout on /perception/obstacles: no message for 4.48s (expected ~0.100s, threshold 0.45s, last seen t=1789853524.15) (sev=1.00)
[monitor_node-5] [WARN] [1789853528.637981655] [diagnostic_monitor]: ANOMALY on [sensor_node] message_timeout: Message timeout on /sensor/scan: no message for 4.48s (expected ~0.100s, threshold 0.45s, last seen t=1789853524.15) (sev=1.00)
[monitor_node-5] [WARN] [1789853529.136341886] [diagnostic_monitor]: ANOMALY on [localization_node] message_timeout: Message timeout on /localization/pose: no message for 4.98s (expected ~0.100s, threshold 0.45s, last seen t=1789853524.16) (sev=1.00)
[monitor_node-5] [WARN] [1789853529.137257499] [diagnostic_monitor]: ANOMALY on [navigation_node] message_timeout: Message timeout on /navigation/cmd_vel: no message for 4.98s (expected ~0.100s, threshold 0.45s, last seen t=1789853524.16) (sev=1.00)
[monitor_node-5] [WARN] [1789853529.138163724] [diagnostic_monitor]: ANOMALY on [perception_node] message_timeout: Message timeout on /perception/obstacles: no message for 4.98s (expected ~0.100s, threshold 0.45s, last seen t=1789853524.15) (sev=1.00)
[monitor_node-5] [WARN] [1789853529.138918798] [diagnostic_monitor]: ANOMALY on [sensor_node] message_timeout: Message timeout on /sensor/scan: no message for 4.98s (expected ~0.100s, threshold 0.45s, last seen t=1789853524.15) (sev=1.00)
[monitor_node-5] [WARN] [1789853529.634749528] [diagnostic_monitor]: ANOMALY on [localization_node] message_timeout: Message timeout on /localization/pose: no message for 5.48s (expected ~0.100s, threshold 0.45s, last seen t=1789853524.16) (sev=1.00)
[monitor_node-5] [WARN] [1789853529.635672908] [diagnostic_monitor]: ANOMALY on [navigation_node] message_timeout: Message timeout on /navigation/cmd_vel: no message for 5.48s (expected ~0.100s, threshold 0.45s, last seen t=1789853524.16) (sev=1.00)
[monitor_node-5] [WARN] [1789853529.636164869] [diagnostic_monitor]: ANOMALY on [perception_node] message_timeout: Message timeout on /perception/obstacles: no message for 5.48s (expected ~0.100s, threshold 0.45s, last seen t=1789853524.15) (sev=1.00)
[monitor_node-5] [WARN] [1789853529.636772821] [diagnostic_monitor]: ANOMALY on [sensor_node] message_timeout: Message timeout on /sensor/scan: no message for 5.48s (expected ~0.100s, threshold 0.45s, last seen t=1789853524.15) (sev=1.00)
[monitor_node-5] [WARN] [1789853530.136193053] [diagnostic_monitor]: ANOMALY on [localization_node] message_timeout: Message timeout on /localization/pose: no message for 5.98s (expected ~0.100s, threshold 0.45s, last seen t=1789853524.16) (sev=1.00)
[monitor_node-5] [WARN] [1789853530.137023475] [diagnostic_monitor]: ANOMALY on [navigation_node] message_timeout: Message timeout on /navigation/cmd_vel: no message for 5.98s (expected ~0.100s, threshold 0.45s, last seen t=1789853524.16) (sev=1.00)
[monitor_node-5] [WARN] [1789853530.137819893] [diagnostic_monitor]: ANOMALY on [perception_node] message_timeout: Message timeout on /perception/obstacles: no message for 5.98s (expected ~0.100s, threshold 0.45s, last seen t=1789853524.15) (sev=1.00)
[monitor_node-5] [WARN] [1789853530.138486020] [diagnostic_monitor]: ANOMALY on [sensor_node] message_timeout: Message timeout on /sensor/scan: no message for 5.98s (expected ~0.100s, threshold 0.45s, last seen t=1789853524.15) (sev=1.00)
[perception_node-2] [INFO] [1789853530.364254172] [perception_node]: PerceptionNode: Fault cleared.
[localization_node-3] [INFO] [1789853530.364278880] [localization_node]: LocalizationNode: Fault cleared.
[navigation_node-4] [INFO] [1789853530.364296765] [navigation_node]: NavigationNode: Fault cleared.
[sensor_node-1] [INFO] [1789853530.364297055] [sensor_node]: SensorNode: Fault cleared.
[localization_node-3] [INFO] [1789853530.414757685] [localization_node]: LocalizationNode: Fault cleared.
[sensor_node-1] [INFO] [1789853530.414761396] [sensor_node]: SensorNode: Fault cleared.
[perception_node-2] [INFO] [1789853530.414758956] [perception_node]: PerceptionNode: Fault cleared.
[navigation_node-4] [INFO] [1789853530.416301009] [navigation_node]: NavigationNode: Fault cleared.
[navigation_node-4] [INFO] [1789853530.465316826] [navigation_node]: NavigationNode: Fault cleared.
[localization_node-3] [INFO] [1789853530.465326740] [localization_node]: LocalizationNode: Fault cleared.
[sensor_node-1] [INFO] [1789853530.465327678] [sensor_node]: SensorNode: Fault cleared.
[perception_node-2] [INFO] [1789853530.465526527] [perception_node]: PerceptionNode: Fault cleared.
[sensor_node-1] [INFO] [1789853530.515946171] [sensor_node]: SensorNode: Fault cleared.
[localization_node-3] [INFO] [1789853530.515944938] [localization_node]: LocalizationNode: Fault cleared.
[perception_node-2] [INFO] [1789853530.516111029] [perception_node]: PerceptionNode: Fault cleared.
[navigation_node-4] [INFO] [1789853530.516138704] [navigation_node]: NavigationNode: Fault cleared.
[sensor_node-1] [INFO] [1789853530.567564194] [sensor_node]: SensorNode: Fault cleared.
[navigation_node-4] [INFO] [1789853530.567571211] [navigation_node]: NavigationNode: Fault cleared.
[perception_node-2] [INFO] [1789853530.567574385] [perception_node]: PerceptionNode: Fault cleared.
[localization_node-3] [INFO] [1789853530.567754866] [localization_node]: LocalizationNode: Fault cleared.
[localization_node-3] [INFO] [1789853530.618155843] [localization_node]: LocalizationNode: Fault cleared.
[perception_node-2] [INFO] [1789853530.618208016] [perception_node]: PerceptionNode: Fault cleared.
[navigation_node-4] [INFO] [1789853530.618211520] [navigation_node]: NavigationNode: Fault cleared.
[sensor_node-1] [INFO] [1789853530.618377509] [sensor_node]: SensorNode: Fault cleared.
[monitor_node-5] [INFO] [1789853530.635118252] [diagnostic_monitor]: Anomaly window cleared. System operating nominally.
[navigation_node-4] [INFO] [1789853530.668693124] [navigation_node]: NavigationNode: Fault cleared.
[perception_node-2] [INFO] [1789853530.668691793] [perception_node]: PerceptionNode: Fault cleared.
[localization_node-3] [INFO] [1789853530.668694226] [localization_node]: LocalizationNode: Fault cleared.
[sensor_node-1] [INFO] [1789853530.668910285] [sensor_node]: SensorNode: Fault cleared.
[localization_node-3] [INFO] [1789853530.719481340] [localization_node]: LocalizationNode: Fault cleared.
[perception_node-2] [INFO] [1789853530.719511956] [perception_node]: PerceptionNode: Fault cleared.
[navigation_node-4] [INFO] [1789853530.719672473] [navigation_node]: NavigationNode: Fault cleared.
[sensor_node-1] [INFO] [1789853530.721154050] [sensor_node]: SensorNode: Fault cleared.
[navigation_node-4] [WARN] [1789853532.774499065] [navigation_node]: NavigationNode: Injected fault "navigation_failure" (param=1.0, duration=9.0s)
[navigation_node-4] [WARN] [1789853532.823988130] [navigation_node]: NavigationNode: Injected fault "navigation_failure" (param=1.0, duration=9.0s)
[navigation_node-4] [WARN] [1789853532.856892970] [navigation_node]: NavigationNode: Emitting erratic velocity due to navigation_failure!
[navigation_node-4] [WARN] [1789853532.874619107] [navigation_node]: NavigationNode: Injected fault "navigation_failure" (param=1.0, duration=9.0s)
[navigation_node-4] [WARN] [1789853532.926234791] [navigation_node]: NavigationNode: Injected fault "navigation_failure" (param=1.0, duration=9.0s)
[navigation_node-4] [WARN] [1789853532.956359874] [navigation_node]: NavigationNode: Emitting erratic velocity due to navigation_failure!
[monitor_node-5] [WARN] [1789853532.958388349] [diagnostic_monitor]: ANOMALY on [navigation_node] /navigation/cmd_vel:linear_vel: Value 9.9900 deviated from baseline 0.5000±0.0001 (z=94900.0, confirmed x2) (sev=1.00)
[navigation_node-4] [WARN] [1789853533.056312586] [navigation_node]: NavigationNode: Emitting erratic velocity due to navigation_failure!
[monitor_node-5] [WARN] [1789853533.058166509] [diagnostic_monitor]: ANOMALY on [navigation_node] /navigation/cmd_vel:linear_vel: Value 9.9900 deviated from baseline 0.5000±0.0001 (z=94900.0, confirmed x3) (sev=1.00)
[monitor_node-5] [INFO] [1789853533.137528404] [diagnostic_monitor]: 
[monitor_node-5] ============================================================
[monitor_node-5] ROOT CAUSE DIAGNOSIS: navigation_node (Confidence: 1.000)
[monitor_node-5] ============================================================
[monitor_node-5] Score Breakdown  R(C) = wD*D + wT*T + wS*S + wA*A:
[monitor_node-5]   R(navigation_node) = 0.3·D(1.00) + 0.3·T(1.00) + 0.25·S(1.00) + 0.15·A(1.00) = 1.000
[monitor_node-5]   - Dependency D: 1.00 (reaches 0 downstream anomalous node(s); 0 anomalous upstream node(s))
[monitor_node-5]   - Temporal   T: 1.00 (first anomaly at t=1789853532.96s; earliest in window = supporting evidence, not proof of causality)
[monitor_node-5]   - Symptom    S: 1.00 (explains 1/1 anomalous nodes)
[monitor_node-5]   - Severity   A: 1.00 (max normalised severity on node, 2 direct anomaly event(s))
[monitor_node-5] 
[monitor_node-5] Propagation Chain (evidence-ordered, via discovered graph edges):
[monitor_node-5]   navigation_node (t=1789853532.96s: /navigation/cmd_vel:linear_vel, sev=1.00)
[monitor_node-5] 
[monitor_node-5] Candidate Ranking & Evidence Comparison:
[monitor_node-5]   #2 localization_node    R=0.415 (Δ -0.585) [no direct anomaly observed; does not reach observed symptoms via dependency edges]
[monitor_node-5]   #3 perception_node      R=0.415 (Δ -0.585) [no direct anomaly observed; does not reach observed symptoms via dependency edges]
[monitor_node-5]   #4 sensor_node          R=0.415 (Δ -0.585) [no direct anomaly observed; does not reach observed symptoms via dependency edges]
[monitor_node-5] ============================================================
[navigation_node-4] [WARN] [1789853533.156319767] [navigation_node]: NavigationNode: Emitting erratic velocity due to navigation_failure!
[monitor_node-5] [WARN] [1789853533.158230493] [diagnostic_monitor]: ANOMALY on [navigation_node] /navigation/cmd_vel:linear_vel: Value 9.9900 deviated from baseline 0.5000±0.0001 (z=94900.0, confirmed x4) (sev=1.00)
[navigation_node-4] [WARN] [1789853533.256156477] [navigation_node]: NavigationNode: Emitting erratic velocity due to navigation_failure!
[monitor_node-5] [WARN] [1789853533.257604752] [diagnostic_monitor]: ANOMALY on [navigation_node] /navigation/cmd_vel:linear_vel: Value 9.9900 deviated from baseline 0.5000±0.0001 (z=94900.0, confirmed x5) (sev=1.00)
[navigation_node-4] [WARN] [1789853533.356016160] [navigation_node]: NavigationNode: Emitting erratic velocity due to navigation_failure!
[monitor_node-5] [WARN] [1789853533.358376984] [diagnostic_monitor]: ANOMALY on [navigation_node] /navigation/cmd_vel:linear_vel: Value 9.9900 deviated from baseline 0.5000±0.0001 (z=94900.0, confirmed x6) (sev=1.00)
[navigation_node-4] [WARN] [1789853533.455661639] [navigation_node]: NavigationNode: Emitting erratic velocity due to navigation_failure!
[monitor_node-5] [WARN] [1789853533.456947283] [diagnostic_monitor]: ANOMALY on [navigation_node] /navigation/cmd_vel:linear_vel: Value 9.9900 deviated from baseline 0.5000±0.0001 (z=94900.0, confirmed x7) (sev=1.00)
[navigation_node-4] [WARN] [1789853533.555460671] [navigation_node]: NavigationNode: Emitting erratic velocity due to navigation_failure!
[monitor_node-5] [WARN] [1789853533.557805941] [diagnostic_monitor]: ANOMALY on [navigation_node] /navigation/cmd_vel:linear_vel: Value 9.9900 deviated from baseline 0.5000±0.0001 (z=94900.0, confirmed x8) (sev=1.00)
[navigation_node-4] [WARN] [1789853533.655902058] [navigation_node]: NavigationNode: Emitting erratic velocity due to navigation_failure!
[monitor_node-5] [WARN] [1789853533.657248875] [diagnostic_monitor]: ANOMALY on [navigation_node] /navigation/cmd_vel:linear_vel: Value 9.9900 deviated from baseline 0.5000±0.0001 (z=94900.0, confirmed x9) (sev=1.00)
[navigation_node-4] [WARN] [1789853533.754954757] [navigation_node]: NavigationNode: Emitting erratic velocity due to navigation_failure!
[monitor_node-5] [WARN] [1789853533.756549849] [diagnostic_monitor]: ANOMALY on [navigation_node] /navigation/cmd_vel:linear_vel: Value 9.9900 deviated from baseline 0.5000±0.0001 (z=94900.0, confirmed x10) (sev=1.00)
[navigation_node-4] [WARN] [1789853533.855475301] [navigation_node]: NavigationNode: Emitting erratic velocity due to navigation_failure!
[monitor_node-5] [WARN] [1789853533.856697298] [diagnostic_monitor]: ANOMALY on [navigation_node] /navigation/cmd_vel:linear_vel: Value 9.9900 deviated from baseline 0.5000±0.0001 (z=94900.0, confirmed x11) (sev=1.00)
[navigation_node-4] [WARN] [1789853533.955738943] [navigation_node]: NavigationNode: Emitting erratic velocity due to navigation_failure!
[monitor_node-5] [WARN] [1789853533.957322479] [diagnostic_monitor]: ANOMALY on [navigation_node] /navigation/cmd_vel:linear_vel: Value 9.9900 deviated from baseline 0.5000±0.0001 (z=94900.0, confirmed x12) (sev=1.00)
[navigation_node-4] [WARN] [1789853534.056123969] [navigation_node]: NavigationNode: Emitting erratic velocity due to navigation_failure!
[monitor_node-5] [WARN] [1789853534.057980292] [diagnostic_monitor]: ANOMALY on [navigation_node] /navigation/cmd_vel:linear_vel: Value 9.9900 deviated from baseline 0.5000±0.0001 (z=94900.0, confirmed x13) (sev=1.00)
[navigation_node-4] [WARN] [1789853534.155423380] [navigation_node]: NavigationNode: Emitting erratic velocity due to navigation_failure!
[monitor_node-5] [WARN] [1789853534.156815251] [diagnostic_monitor]: ANOMALY on [navigation_node] /navigation/cmd_vel:linear_vel: Value 9.9900 deviated from baseline 0.5000±0.0001 (z=94900.0, confirmed x14) (sev=1.00)
[navigation_node-4] [WARN] [1789853534.255988738] [navigation_node]: NavigationNode: Emitting erratic velocity due to navigation_failure!
[monitor_node-5] [WARN] [1789853534.257502235] [diagnostic_monitor]: ANOMALY on [navigation_node] /navigation/cmd_vel:linear_vel: Value 9.9900 deviated from baseline 0.5000±0.0001 (z=94900.0, confirmed x15) (sev=1.00)
[navigation_node-4] [WARN] [1789853534.355544825] [navigation_node]: NavigationNode: Emitting erratic velocity due to navigation_failure!
[monitor_node-5] [WARN] [1789853534.356901091] [diagnostic_monitor]: ANOMALY on [navigation_node] /navigation/cmd_vel:linear_vel: Value 9.9900 deviated from baseline 0.5000±0.0001 (z=94900.0, confirmed x16) (sev=1.00)
[navigation_node-4] [WARN] [1789853534.455398622] [navigation_node]: NavigationNode: Emitting erratic velocity due to navigation_failure!
[monitor_node-5] [WARN] [1789853534.456655140] [diagnostic_monitor]: ANOMALY on [navigation_node] /navigation/cmd_vel:linear_vel: Value 9.9900 deviated from baseline 0.5000±0.0001 (z=94900.0, confirmed x17) (sev=1.00)
[navigation_node-4] [WARN] [1789853534.555543903] [navigation_node]: NavigationNode: Emitting erratic velocity due to navigation_failure!
[monitor_node-5] [WARN] [1789853534.557045712] [diagnostic_monitor]: ANOMALY on [navigation_node] /navigation/cmd_vel:linear_vel: Value 9.9900 deviated from baseline 0.5000±0.0001 (z=94900.0, confirmed x18) (sev=1.00)
[navigation_node-4] [WARN] [1789853534.656329511] [navigation_node]: NavigationNode: Emitting erratic velocity due to navigation_failure!
[monitor_node-5] [WARN] [1789853534.657485800] [diagnostic_monitor]: ANOMALY on [navigation_node] /navigation/cmd_vel:linear_vel: Value 9.9900 deviated from baseline 0.5000±0.0001 (z=94900.0, confirmed x19) (sev=1.00)
[navigation_node-4] [WARN] [1789853534.755264598] [navigation_node]: NavigationNode: Emitting erratic velocity due to navigation_failure!
[monitor_node-5] [WARN] [1789853534.756541566] [diagnostic_monitor]: ANOMALY on [navigation_node] /navigation/cmd_vel:linear_vel: Value 9.9900 deviated from baseline 0.5000±0.0001 (z=94900.0, confirmed x20) (sev=1.00)
[navigation_node-4] [WARN] [1789853534.855033512] [navigation_node]: NavigationNode: Emitting erratic velocity due to navigation_failure!
[monitor_node-5] [WARN] [1789853534.856431823] [diagnostic_monitor]: ANOMALY on [navigation_node] /navigation/cmd_vel:linear_vel: Value 9.9900 deviated from baseline 0.5000±0.0001 (z=94900.0, confirmed x21) (sev=1.00)
[navigation_node-4] [WARN] [1789853534.955555338] [navigation_node]: NavigationNode: Emitting erratic velocity due to navigation_failure!
[monitor_node-5] [WARN] [1789853534.956936516] [diagnostic_monitor]: ANOMALY on [navigation_node] /navigation/cmd_vel:linear_vel: Value 9.9900 deviated from baseline 0.5000±0.0001 (z=94900.0, confirmed x22) (sev=1.00)
[navigation_node-4] [WARN] [1789853535.055818081] [navigation_node]: NavigationNode: Emitting erratic velocity due to navigation_failure!
[monitor_node-5] [WARN] [1789853535.057316403] [diagnostic_monitor]: ANOMALY on [navigation_node] /navigation/cmd_vel:linear_vel: Value 9.9900 deviated from baseline 0.5000±0.0001 (z=94900.0, confirmed x23) (sev=1.00)
[navigation_node-4] [WARN] [1789853535.155681379] [navigation_node]: NavigationNode: Emitting erratic velocity due to navigation_failure!
[monitor_node-5] [WARN] [1789853535.156962548] [diagnostic_monitor]: ANOMALY on [navigation_node] /navigation/cmd_vel:linear_vel: Value 9.9900 deviated from baseline 0.5000±0.0001 (z=94900.0, confirmed x24) (sev=1.00)
[navigation_node-4] [WARN] [1789853535.255741537] [navigation_node]: NavigationNode: Emitting erratic velocity due to navigation_failure!
[monitor_node-5] [WARN] [1789853535.257221651] [diagnostic_monitor]: ANOMALY on [navigation_node] /navigation/cmd_vel:linear_vel: Value 9.9900 deviated from baseline 0.5000±0.0001 (z=94900.0, confirmed x25) (sev=1.00)
[navigation_node-4] [WARN] [1789853535.355400863] [navigation_node]: NavigationNode: Emitting erratic velocity due to navigation_failure!
[monitor_node-5] [WARN] [1789853535.356950393] [diagnostic_monitor]: ANOMALY on [navigation_node] /navigation/cmd_vel:linear_vel: Value 9.9900 deviated from baseline 0.5000±0.0001 (z=94900.0, confirmed x26) (sev=1.00)
[navigation_node-4] [WARN] [1789853535.455515166] [navigation_node]: NavigationNode: Emitting erratic velocity due to navigation_failure!
[monitor_node-5] [WARN] [1789853535.456648279] [diagnostic_monitor]: ANOMALY on [navigation_node] /navigation/cmd_vel:linear_vel: Value 9.9900 deviated from baseline 0.5000±0.0001 (z=94900.0, confirmed x27) (sev=1.00)
[navigation_node-4] [WARN] [1789853535.555374035] [navigation_node]: NavigationNode: Emitting erratic velocity due to navigation_failure!
[monitor_node-5] [WARN] [1789853535.556653405] [diagnostic_monitor]: ANOMALY on [navigation_node] /navigation/cmd_vel:linear_vel: Value 9.9900 deviated from baseline 0.5000±0.0001 (z=94900.0, confirmed x28) (sev=1.00)
[navigation_node-4] [WARN] [1789853535.655699917] [navigation_node]: NavigationNode: Emitting erratic velocity due to navigation_failure!
[monitor_node-5] [WARN] [1789853535.657322806] [diagnostic_monitor]: ANOMALY on [navigation_node] /navigation/cmd_vel:linear_vel: Value 9.9900 deviated from baseline 0.5000±0.0001 (z=94900.0, confirmed x29) (sev=1.00)
[navigation_node-4] [WARN] [1789853535.755237606] [navigation_node]: NavigationNode: Emitting erratic velocity due to navigation_failure!
[monitor_node-5] [WARN] [1789853535.756397324] [diagnostic_monitor]: ANOMALY on [navigation_node] /navigation/cmd_vel:linear_vel: Value 9.9900 deviated from baseline 0.5000±0.0001 (z=94900.0, confirmed x30) (sev=1.00)
[navigation_node-4] [WARN] [1789853535.855671492] [navigation_node]: NavigationNode: Emitting erratic velocity due to navigation_failure!
[monitor_node-5] [WARN] [1789853535.857038693] [diagnostic_monitor]: ANOMALY on [navigation_node] /navigation/cmd_vel:linear_vel: Value 9.9900 deviated from baseline 0.5000±0.0001 (z=94900.0, confirmed x31) (sev=1.00)
[navigation_node-4] [WARN] [1789853535.956213022] [navigation_node]: NavigationNode: Emitting erratic velocity due to navigation_failure!
[monitor_node-5] [WARN] [1789853535.958034607] [diagnostic_monitor]: ANOMALY on [navigation_node] /navigation/cmd_vel:linear_vel: Value 9.9900 deviated from baseline 0.5000±0.0001 (z=94900.0, confirmed x32) (sev=1.00)
[navigation_node-4] [WARN] [1789853536.055398448] [navigation_node]: NavigationNode: Emitting erratic velocity due to navigation_failure!
[monitor_node-5] [WARN] [1789853536.056701443] [diagnostic_monitor]: ANOMALY on [navigation_node] /navigation/cmd_vel:linear_vel: Value 9.9900 deviated from baseline 0.5000±0.0001 (z=94900.0, confirmed x33) (sev=1.00)
[navigation_node-4] [WARN] [1789853536.155264448] [navigation_node]: NavigationNode: Emitting erratic velocity due to navigation_failure!
[monitor_node-5] [WARN] [1789853536.156794541] [diagnostic_monitor]: ANOMALY on [navigation_node] /navigation/cmd_vel:linear_vel: Value 9.9900 deviated from baseline 0.5000±0.0001 (z=94900.0, confirmed x34) (sev=1.00)
[navigation_node-4] [WARN] [1789853536.255880117] [navigation_node]: NavigationNode: Emitting erratic velocity due to navigation_failure!
[monitor_node-5] [WARN] [1789853536.257378598] [diagnostic_monitor]: ANOMALY on [navigation_node] /navigation/cmd_vel:linear_vel: Value 9.9900 deviated from baseline 0.5000±0.0001 (z=94900.0, confirmed x35) (sev=1.00)
[navigation_node-4] [WARN] [1789853536.356204983] [navigation_node]: NavigationNode: Emitting erratic velocity due to navigation_failure!
[monitor_node-5] [WARN] [1789853536.357573299] [diagnostic_monitor]: ANOMALY on [navigation_node] /navigation/cmd_vel:linear_vel: Value 9.9900 deviated from baseline 0.5000±0.0001 (z=94900.0, confirmed x36) (sev=1.00)
[navigation_node-4] [WARN] [1789853536.456850169] [navigation_node]: NavigationNode: Emitting erratic velocity due to navigation_failure!
[monitor_node-5] [WARN] [1789853536.458563978] [diagnostic_monitor]: ANOMALY on [navigation_node] /navigation/cmd_vel:linear_vel: Value 9.9900 deviated from baseline 0.5000±0.0001 (z=94900.0, confirmed x37) (sev=1.00)
[navigation_node-4] [WARN] [1789853536.556474664] [navigation_node]: NavigationNode: Emitting erratic velocity due to navigation_failure!
[monitor_node-5] [WARN] [1789853536.558528109] [diagnostic_monitor]: ANOMALY on [navigation_node] /navigation/cmd_vel:linear_vel: Value 9.9900 deviated from baseline 0.5000±0.0001 (z=94900.0, confirmed x38) (sev=1.00)
[navigation_node-4] [WARN] [1789853536.656585788] [navigation_node]: NavigationNode: Emitting erratic velocity due to navigation_failure!
[monitor_node-5] [WARN] [1789853536.658277952] [diagnostic_monitor]: ANOMALY on [navigation_node] /navigation/cmd_vel:linear_vel: Value 9.9900 deviated from baseline 0.5000±0.0001 (z=94900.0, confirmed x39) (sev=1.00)
[navigation_node-4] [WARN] [1789853536.756451746] [navigation_node]: NavigationNode: Emitting erratic velocity due to navigation_failure!
[monitor_node-5] [WARN] [1789853536.757753442] [diagnostic_monitor]: ANOMALY on [navigation_node] /navigation/cmd_vel:linear_vel: Value 9.9900 deviated from baseline 0.5000±0.0001 (z=94900.0, confirmed x40) (sev=1.00)
[navigation_node-4] [WARN] [1789853536.856667705] [navigation_node]: NavigationNode: Emitting erratic velocity due to navigation_failure!
[monitor_node-5] [WARN] [1789853536.858328878] [diagnostic_monitor]: ANOMALY on [navigation_node] /navigation/cmd_vel:linear_vel: Value 9.9900 deviated from baseline 0.5000±0.0001 (z=94900.0, confirmed x41) (sev=1.00)
[navigation_node-4] [WARN] [1789853536.957556296] [navigation_node]: NavigationNode: Emitting erratic velocity due to navigation_failure!
[monitor_node-5] [WARN] [1789853536.959248087] [diagnostic_monitor]: ANOMALY on [navigation_node] /navigation/cmd_vel:linear_vel: Value 9.9900 deviated from baseline 0.5000±0.0001 (z=94900.0, confirmed x42) (sev=1.00)
[navigation_node-4] [WARN] [1789853537.057438076] [navigation_node]: NavigationNode: Emitting erratic velocity due to navigation_failure!
[monitor_node-5] [WARN] [1789853537.059311156] [diagnostic_monitor]: ANOMALY on [navigation_node] /navigation/cmd_vel:linear_vel: Value 9.9900 deviated from baseline 0.5000±0.0001 (z=94900.0, confirmed x43) (sev=1.00)
[navigation_node-4] [WARN] [1789853537.157422383] [navigation_node]: NavigationNode: Emitting erratic velocity due to navigation_failure!
[monitor_node-5] [WARN] [1789853537.159349351] [diagnostic_monitor]: ANOMALY on [navigation_node] /navigation/cmd_vel:linear_vel: Value 9.9900 deviated from baseline 0.5000±0.0001 (z=94900.0, confirmed x44) (sev=1.00)
[navigation_node-4] [WARN] [1789853537.257288801] [navigation_node]: NavigationNode: Emitting erratic velocity due to navigation_failure!
[monitor_node-5] [WARN] [1789853537.259160717] [diagnostic_monitor]: ANOMALY on [navigation_node] /navigation/cmd_vel:linear_vel: Value 9.9900 deviated from baseline 0.5000±0.0001 (z=94900.0, confirmed x45) (sev=1.00)
[navigation_node-4] [WARN] [1789853537.356700678] [navigation_node]: NavigationNode: Emitting erratic velocity due to navigation_failure!
[monitor_node-5] [WARN] [1789853537.358588491] [diagnostic_monitor]: ANOMALY on [navigation_node] /navigation/cmd_vel:linear_vel: Value 9.9900 deviated from baseline 0.5000±0.0001 (z=94900.0, confirmed x46) (sev=1.00)
[navigation_node-4] [WARN] [1789853537.457058808] [navigation_node]: NavigationNode: Emitting erratic velocity due to navigation_failure!
[monitor_node-5] [WARN] [1789853537.459053862] [diagnostic_monitor]: ANOMALY on [navigation_node] /navigation/cmd_vel:linear_vel: Value 9.9900 deviated from baseline 0.5000±0.0001 (z=94900.0, confirmed x47) (sev=1.00)
[navigation_node-4] [WARN] [1789853537.556605683] [navigation_node]: NavigationNode: Emitting erratic velocity due to navigation_failure!
[monitor_node-5] [WARN] [1789853537.558719009] [diagnostic_monitor]: ANOMALY on [navigation_node] /navigation/cmd_vel:linear_vel: Value 9.9900 deviated from baseline 0.5000±0.0001 (z=94900.0, confirmed x48) (sev=1.00)
[navigation_node-4] [WARN] [1789853537.658417623] [navigation_node]: NavigationNode: Emitting erratic velocity due to navigation_failure!
[monitor_node-5] [WARN] [1789853537.660884284] [diagnostic_monitor]: ANOMALY on [navigation_node] /navigation/cmd_vel:linear_vel: Value 9.9900 deviated from baseline 0.5000±0.0001 (z=94900.0, confirmed x49) (sev=1.00)
[navigation_node-4] [WARN] [1789853537.756890197] [navigation_node]: NavigationNode: Emitting erratic velocity due to navigation_failure!
[monitor_node-5] [WARN] [1789853537.758922340] [diagnostic_monitor]: ANOMALY on [navigation_node] /navigation/cmd_vel:linear_vel: Value 9.9900 deviated from baseline 0.5000±0.0001 (z=94900.0, confirmed x50) (sev=1.00)
[navigation_node-4] [WARN] [1789853537.856457916] [navigation_node]: NavigationNode: Emitting erratic velocity due to navigation_failure!
[monitor_node-5] [WARN] [1789853537.858467030] [diagnostic_monitor]: ANOMALY on [navigation_node] /navigation/cmd_vel:linear_vel: Value 9.9900 deviated from baseline 0.5000±0.0001 (z=94900.0, confirmed x51) (sev=1.00)
[navigation_node-4] [WARN] [1789853537.959490184] [navigation_node]: NavigationNode: Emitting erratic velocity due to navigation_failure!
[monitor_node-5] [WARN] [1789853537.962275300] [diagnostic_monitor]: ANOMALY on [navigation_node] /navigation/cmd_vel:linear_vel: Value 9.9900 deviated from baseline 0.5000±0.0001 (z=94900.0, confirmed x52) (sev=1.00)
[navigation_node-4] [WARN] [1789853538.074277436] [navigation_node]: NavigationNode: Emitting erratic velocity due to navigation_failure!
[monitor_node-5] [WARN] [1789853538.077336791] [diagnostic_monitor]: ANOMALY on [navigation_node] /navigation/cmd_vel:linear_vel: Value 9.9900 deviated from baseline 0.5000±0.0001 (z=94900.0, confirmed x53) (sev=1.00)
[navigation_node-4] [WARN] [1789853538.156656597] [navigation_node]: NavigationNode: Emitting erratic velocity due to navigation_failure!
[monitor_node-5] [WARN] [1789853538.158230029] [diagnostic_monitor]: ANOMALY on [navigation_node] /navigation/cmd_vel:linear_vel: Value 9.9900 deviated from baseline 0.5000±0.0001 (z=94900.0, confirmed x54) (sev=1.00)
[navigation_node-4] [WARN] [1789853538.261783739] [navigation_node]: NavigationNode: Emitting erratic velocity due to navigation_failure!
[monitor_node-5] [WARN] [1789853538.264064109] [diagnostic_monitor]: ANOMALY on [navigation_node] /navigation/cmd_vel:linear_vel: Value 9.9900 deviated from baseline 0.5000±0.0001 (z=94900.0, confirmed x55) (sev=1.00)
[navigation_node-4] [WARN] [1789853538.357712546] [navigation_node]: NavigationNode: Emitting erratic velocity due to navigation_failure!
[monitor_node-5] [WARN] [1789853538.359789535] [diagnostic_monitor]: ANOMALY on [navigation_node] /navigation/cmd_vel:linear_vel: Value 9.9900 deviated from baseline 0.5000±0.0001 (z=94900.0, confirmed x56) (sev=1.00)
[navigation_node-4] [WARN] [1789853538.456851394] [navigation_node]: NavigationNode: Emitting erratic velocity due to navigation_failure!
[monitor_node-5] [WARN] [1789853538.458345508] [diagnostic_monitor]: ANOMALY on [navigation_node] /navigation/cmd_vel:linear_vel: Value 9.9900 deviated from baseline 0.5000±0.0001 (z=94900.0, confirmed x57) (sev=1.00)
[navigation_node-4] [WARN] [1789853538.557244397] [navigation_node]: NavigationNode: Emitting erratic velocity due to navigation_failure!
[monitor_node-5] [WARN] [1789853538.558958488] [diagnostic_monitor]: ANOMALY on [navigation_node] /navigation/cmd_vel:linear_vel: Value 9.9900 deviated from baseline 0.5000±0.0001 (z=94900.0, confirmed x58) (sev=1.00)
[navigation_node-4] [WARN] [1789853538.656578669] [navigation_node]: NavigationNode: Emitting erratic velocity due to navigation_failure!
[monitor_node-5] [WARN] [1789853538.658394389] [diagnostic_monitor]: ANOMALY on [navigation_node] /navigation/cmd_vel:linear_vel: Value 9.9900 deviated from baseline 0.5000±0.0001 (z=94900.0, confirmed x59) (sev=1.00)
[navigation_node-4] [WARN] [1789853538.757501109] [navigation_node]: NavigationNode: Emitting erratic velocity due to navigation_failure!
[monitor_node-5] [WARN] [1789853538.759116342] [diagnostic_monitor]: ANOMALY on [navigation_node] /navigation/cmd_vel:linear_vel: Value 9.9900 deviated from baseline 0.5000±0.0001 (z=94900.0, confirmed x60) (sev=1.00)
[navigation_node-4] [WARN] [1789853538.856870749] [navigation_node]: NavigationNode: Emitting erratic velocity due to navigation_failure!
[monitor_node-5] [WARN] [1789853538.858954281] [diagnostic_monitor]: ANOMALY on [navigation_node] /navigation/cmd_vel:linear_vel: Value 9.9900 deviated from baseline 0.5000±0.0001 (z=94900.0, confirmed x61) (sev=1.00)
[navigation_node-4] [WARN] [1789853538.957704544] [navigation_node]: NavigationNode: Emitting erratic velocity due to navigation_failure!
[monitor_node-5] [WARN] [1789853538.960172761] [diagnostic_monitor]: ANOMALY on [navigation_node] /navigation/cmd_vel:linear_vel: Value 9.9900 deviated from baseline 0.5000±0.0001 (z=94900.0, confirmed x62) (sev=1.00)
[navigation_node-4] [INFO] [1789853538.982743946] [navigation_node]: NavigationNode: Fault cleared.
[perception_node-2] [INFO] [1789853538.983131234] [perception_node]: PerceptionNode: Fault cleared.
[localization_node-3] [INFO] [1789853538.983951668] [localization_node]: LocalizationNode: Fault cleared.
[sensor_node-1] [INFO] [1789853538.984490847] [sensor_node]: SensorNode: Fault cleared.
[localization_node-3] [INFO] [1789853539.033006738] [localization_node]: LocalizationNode: Fault cleared.
[perception_node-2] [INFO] [1789853539.033047276] [perception_node]: PerceptionNode: Fault cleared.
[navigation_node-4] [INFO] [1789853539.033068482] [navigation_node]: NavigationNode: Fault cleared.
[sensor_node-1] [INFO] [1789853539.033116408] [sensor_node]: SensorNode: Fault cleared.
[perception_node-2] [INFO] [1789853539.083411569] [perception_node]: PerceptionNode: Fault cleared.
[sensor_node-1] [INFO] [1789853539.083411878] [sensor_node]: SensorNode: Fault cleared.
[navigation_node-4] [INFO] [1789853539.083722585] [navigation_node]: NavigationNode: Fault cleared.
[localization_node-3] [INFO] [1789853539.085375814] [localization_node]: LocalizationNode: Fault cleared.
[navigation_node-4] [INFO] [1789853539.134492472] [navigation_node]: NavigationNode: Fault cleared.
[perception_node-2] [INFO] [1789853539.134492994] [perception_node]: PerceptionNode: Fault cleared.
[localization_node-3] [INFO] [1789853539.135473895] [localization_node]: LocalizationNode: Fault cleared.
[sensor_node-1] [INFO] [1789853539.136038142] [sensor_node]: SensorNode: Fault cleared.
[perception_node-2] [INFO] [1789853539.187192691] [perception_node]: PerceptionNode: Fault cleared.
[sensor_node-1] [INFO] [1789853539.187502130] [sensor_node]: SensorNode: Fault cleared.
[navigation_node-4] [INFO] [1789853539.188270956] [navigation_node]: NavigationNode: Fault cleared.
[localization_node-3] [INFO] [1789853539.188353455] [localization_node]: LocalizationNode: Fault cleared.
[perception_node-2] [INFO] [1789853539.237936547] [perception_node]: PerceptionNode: Fault cleared.
[navigation_node-4] [INFO] [1789853539.237922317] [navigation_node]: NavigationNode: Fault cleared.
[localization_node-3] [INFO] [1789853539.238855900] [localization_node]: LocalizationNode: Fault cleared.
[sensor_node-1] [INFO] [1789853539.239325965] [sensor_node]: SensorNode: Fault cleared.
[navigation_node-4] [INFO] [1789853539.288222428] [navigation_node]: NavigationNode: Fault cleared.
[perception_node-2] [INFO] [1789853539.288296872] [perception_node]: PerceptionNode: Fault cleared.
[localization_node-3] [INFO] [1789853539.288372367] [localization_node]: LocalizationNode: Fault cleared.
[sensor_node-1] [INFO] [1789853539.288422561] [sensor_node]: SensorNode: Fault cleared.
[navigation_node-4] [INFO] [1789853539.338732257] [navigation_node]: NavigationNode: Fault cleared.
[perception_node-2] [INFO] [1789853539.338844369] [perception_node]: PerceptionNode: Fault cleared.
[localization_node-3] [INFO] [1789853539.338851418] [localization_node]: LocalizationNode: Fault cleared.
[sensor_node-1] [INFO] [1789853539.338875451] [sensor_node]: SensorNode: Fault cleared.
[monitor_node-5] [INFO] [1789853545.136693498] [diagnostic_monitor]: Anomaly window cleared. System operating nominally.
[sensor_node-1] [WARN] [1789853546.901411287] [sensor_node]: SensorNode: Injected fault "degradation" (param=0.0, duration=9.0s)
[sensor_node-1] [WARN] [1789853546.951530686] [sensor_node]: SensorNode: Injected fault "degradation" (param=0.0, duration=9.0s)
[perception_node-2] [WARN] [1789853546.955286377] [perception_node]: PerceptionNode: Input scan degraded (NaNs=60/60). Outputting degraded obstacles.
[sensor_node-1] [WARN] [1789853547.002134975] [sensor_node]: SensorNode: Injected fault "degradation" (param=0.0, duration=9.0s)
[sensor_node-1] [WARN] [1789853547.053751850] [sensor_node]: SensorNode: Injected fault "degradation" (param=0.0, duration=9.0s)
[perception_node-2] [WARN] [1789853547.055916958] [perception_node]: PerceptionNode: Input scan degraded (NaNs=60/60). Outputting degraded obstacles.
[monitor_node-5] [WARN] [1789853547.056320389] [diagnostic_monitor]: ANOMALY on [sensor_node] /sensor/scan:nan_ratio: Value 0.5833 deviated from baseline 0.0000±0.0001 (z=5833.3, confirmed x2) (sev=1.00)
[monitor_node-5] [WARN] [1789853547.057564047] [diagnostic_monitor]: ANOMALY on [perception_node] /perception/obstacles:obstacle_count: Value 0.0000 deviated from baseline 2.0000±0.0001 (z=20000.0, confirmed x2) (sev=1.00)
[monitor_node-5] [INFO] [1789853547.136030133] [diagnostic_monitor]: 
[monitor_node-5] ============================================================
[monitor_node-5] ROOT CAUSE DIAGNOSIS: sensor_node (Confidence: 1.000)
[monitor_node-5] ============================================================
[monitor_node-5] Score Breakdown  R(C) = wD*D + wT*T + wS*S + wA*A:
[monitor_node-5]   R(sensor_node) = 0.3·D(1.00) + 0.3·T(1.00) + 0.25·S(1.00) + 0.15·A(1.00) = 1.000
[monitor_node-5]   - Dependency D: 1.00 (reaches 1 downstream anomalous node(s); 0 anomalous upstream node(s))
[monitor_node-5]   - Temporal   T: 1.00 (first anomaly at t=1789853547.06s; earliest in window = supporting evidence, not proof of causality)
[monitor_node-5]   - Symptom    S: 1.00 (explains 2/2 anomalous nodes)
[monitor_node-5]   - Severity   A: 1.00 (max normalised severity on node, 1 direct anomaly event(s))
[monitor_node-5] 
[monitor_node-5] Propagation Chain (evidence-ordered, via discovered graph edges):
[monitor_node-5]   sensor_node (t=1789853547.06s: /sensor/scan:nan_ratio, sev=1.00)
[monitor_node-5]     └─→ perception_node via /sensor/scan (t=1789853547.06s, +0.00s after sensor_node: /perception/obstacles:obstacle_count)
[monitor_node-5] 
[monitor_node-5] Candidate Ranking & Evidence Comparison:
[monitor_node-5]   #2 perception_node      R=0.575 (Δ -0.425) [first anomaly 0.00s after sensor_node; downstream of sensor_node in discovered graph; lower symptom coverage (50% vs 100%)]
[monitor_node-5] ============================================================
[perception_node-2] [WARN] [1789853547.154057697] [perception_node]: PerceptionNode: Input scan degraded (NaNs=60/60). Outputting degraded obstacles.
[monitor_node-5] [WARN] [1789853547.154231851] [diagnostic_monitor]: ANOMALY on [sensor_node] /sensor/scan:nan_ratio: Value 0.5833 deviated from baseline 0.0000±0.0001 (z=5833.3, confirmed x3) (sev=1.00)
[monitor_node-5] [WARN] [1789853547.155501487] [diagnostic_monitor]: ANOMALY on [perception_node] /perception/obstacles:obstacle_count: Value 0.0000 deviated from baseline 2.0000±0.0001 (z=20000.0, confirmed x3) (sev=1.00)
[localization_node-3] [WARN] [1789853547.156434639] [localization_node]: LocalizationNode: Upstream perception missing! Pose updates frozen.
[perception_node-2] [WARN] [1789853547.254905519] [perception_node]: PerceptionNode: Input scan degraded (NaNs=60/60). Outputting degraded obstacles.
[monitor_node-5] [WARN] [1789853547.256381739] [diagnostic_monitor]: ANOMALY on [sensor_node] /sensor/scan:nan_ratio: Value 0.5667 deviated from baseline 0.0000±0.0001 (z=5666.7, confirmed x4) (sev=1.00)
[localization_node-3] [WARN] [1789853547.256708343] [localization_node]: LocalizationNode: Upstream perception missing! Pose updates frozen.
[monitor_node-5] [WARN] [1789853547.258022972] [diagnostic_monitor]: ANOMALY on [perception_node] /perception/obstacles:obstacle_count: Value 0.0000 deviated from baseline 2.0000±0.0001 (z=20000.0, confirmed x4) (sev=1.00)
[perception_node-2] [WARN] [1789853547.354533064] [perception_node]: PerceptionNode: Input scan degraded (NaNs=60/60). Outputting degraded obstacles.
[monitor_node-5] [WARN] [1789853547.354880766] [diagnostic_monitor]: ANOMALY on [sensor_node] /sensor/scan:nan_ratio: Value 0.6833 deviated from baseline 0.0000±0.0001 (z=6833.3, confirmed x5) (sev=1.00)
[localization_node-3] [WARN] [1789853547.356341908] [localization_node]: LocalizationNode: Upstream perception missing! Pose updates frozen.
[monitor_node-5] [WARN] [1789853547.356349922] [diagnostic_monitor]: ANOMALY on [perception_node] /perception/obstacles:obstacle_count: Value 0.0000 deviated from baseline 2.0000±0.0001 (z=20000.0, confirmed x5) (sev=1.00)
[perception_node-2] [WARN] [1789853547.454541493] [perception_node]: PerceptionNode: Input scan degraded (NaNs=60/60). Outputting degraded obstacles.
[monitor_node-5] [WARN] [1789853547.455592337] [diagnostic_monitor]: ANOMALY on [sensor_node] /sensor/scan:nan_ratio: Value 0.6667 deviated from baseline 0.0000±0.0001 (z=6666.7, confirmed x6) (sev=1.00)
[localization_node-3] [WARN] [1789853547.456468069] [localization_node]: LocalizationNode: Upstream perception missing! Pose updates frozen.
[monitor_node-5] [WARN] [1789853547.457160839] [diagnostic_monitor]: ANOMALY on [perception_node] /perception/obstacles:obstacle_count: Value 0.0000 deviated from baseline 2.0000±0.0001 (z=20000.0, confirmed x6) (sev=1.00)
[perception_node-2] [WARN] [1789853547.554886802] [perception_node]: PerceptionNode: Input scan degraded (NaNs=60/60). Outputting degraded obstacles.
[monitor_node-5] [WARN] [1789853547.555462368] [diagnostic_monitor]: ANOMALY on [sensor_node] /sensor/scan:nan_ratio: Value 0.7500 deviated from baseline 0.0000±0.0001 (z=7500.0, confirmed x7) (sev=1.00)
[localization_node-3] [WARN] [1789853547.556479510] [localization_node]: LocalizationNode: Upstream perception missing! Pose updates frozen.
[monitor_node-5] [WARN] [1789853547.557111060] [diagnostic_monitor]: ANOMALY on [perception_node] /perception/obstacles:obstacle_count: Value 0.0000 deviated from baseline 2.0000±0.0001 (z=20000.0, confirmed x7) (sev=1.00)
[perception_node-2] [WARN] [1789853547.654559476] [perception_node]: PerceptionNode: Input scan degraded (NaNs=60/60). Outputting degraded obstacles.
[monitor_node-5] [WARN] [1789853547.655091797] [diagnostic_monitor]: ANOMALY on [sensor_node] /sensor/scan:nan_ratio: Value 0.6333 deviated from baseline 0.0000±0.0001 (z=6333.3, confirmed x8) (sev=1.00)
[monitor_node-5] [WARN] [1789853547.656557796] [diagnostic_monitor]: ANOMALY on [perception_node] /perception/obstacles:obstacle_count: Value 0.0000 deviated from baseline 2.0000±0.0001 (z=20000.0, confirmed x8) (sev=1.00)
[localization_node-3] [WARN] [1789853547.656821106] [localization_node]: LocalizationNode: Upstream perception missing! Pose updates frozen.
[monitor_node-5] [WARN] [1789853547.754892178] [diagnostic_monitor]: ANOMALY on [sensor_node] /sensor/scan:nan_ratio: Value 0.5667 deviated from baseline 0.0000±0.0001 (z=5666.7, confirmed x9) (sev=1.00)
[perception_node-2] [WARN] [1789853547.755148013] [perception_node]: PerceptionNode: Input scan degraded (NaNs=60/60). Outputting degraded obstacles.
[localization_node-3] [WARN] [1789853547.756616303] [localization_node]: LocalizationNode: Upstream perception missing! Pose updates frozen.
[monitor_node-5] [WARN] [1789853547.757111538] [diagnostic_monitor]: ANOMALY on [perception_node] /perception/obstacles:obstacle_count: Value 0.0000 deviated from baseline 2.0000±0.0001 (z=20000.0, confirmed x9) (sev=1.00)
[monitor_node-5] [WARN] [1789853547.854770716] [diagnostic_monitor]: ANOMALY on [sensor_node] /sensor/scan:nan_ratio: Value 0.6000 deviated from baseline 0.0000±0.0001 (z=6000.0, confirmed x10) (sev=1.00)
[perception_node-2] [WARN] [1789853547.855081080] [perception_node]: PerceptionNode: Input scan degraded (NaNs=60/60). Outputting degraded obstacles.
[localization_node-3] [WARN] [1789853547.857019009] [localization_node]: LocalizationNode: Upstream perception missing! Pose updates frozen.
[monitor_node-5] [WARN] [1789853547.857190746] [diagnostic_monitor]: ANOMALY on [perception_node] /perception/obstacles:obstacle_count: Value 0.0000 deviated from baseline 2.0000±0.0001 (z=20000.0, confirmed x10) (sev=1.00)
[perception_node-2] [WARN] [1789853547.954827233] [perception_node]: PerceptionNode: Input scan degraded (NaNs=60/60). Outputting degraded obstacles.
[localization_node-3] [WARN] [1789853547.956669870] [localization_node]: LocalizationNode: Upstream perception missing! Pose updates frozen.
[monitor_node-5] [WARN] [1789853547.957794093] [diagnostic_monitor]: ANOMALY on [sensor_node] /sensor/scan:nan_ratio: Value 0.5667 deviated from baseline 0.0000±0.0001 (z=5666.7, confirmed x11) (sev=1.00)
[monitor_node-5] [WARN] [1789853547.959509981] [diagnostic_monitor]: ANOMALY on [perception_node] /perception/obstacles:obstacle_count: Value 0.0000 deviated from baseline 2.0000±0.0001 (z=20000.0, confirmed x11) (sev=1.00)
[monitor_node-5] [WARN] [1789853548.054909435] [diagnostic_monitor]: ANOMALY on [sensor_node] /sensor/scan:nan_ratio: Value 0.6167 deviated from baseline 0.0000±0.0001 (z=6166.7, confirmed x12) (sev=1.00)
[perception_node-2] [WARN] [1789853548.055198701] [perception_node]: PerceptionNode: Input scan degraded (NaNs=60/60). Outputting degraded obstacles.
[monitor_node-5] [WARN] [1789853548.056740559] [diagnostic_monitor]: ANOMALY on [perception_node] /perception/obstacles:obstacle_count: Value 0.0000 deviated from baseline 2.0000±0.0001 (z=20000.0, confirmed x12) (sev=1.00)
[localization_node-3] [WARN] [1789853548.056857112] [localization_node]: LocalizationNode: Upstream perception missing! Pose updates frozen.
[perception_node-2] [WARN] [1789853548.154099033] [perception_node]: PerceptionNode: Input scan degraded (NaNs=60/60). Outputting degraded obstacles.
[monitor_node-5] [WARN] [1789853548.154551367] [diagnostic_monitor]: ANOMALY on [sensor_node] /sensor/scan:nan_ratio: Value 0.5333 deviated from baseline 0.0000±0.0001 (z=5333.3, confirmed x13) (sev=1.00)
[monitor_node-5] [WARN] [1789853548.156105809] [diagnostic_monitor]: ANOMALY on [perception_node] /perception/obstacles:obstacle_count: Value 0.0000 deviated from baseline 2.0000±0.0001 (z=20000.0, confirmed x13) (sev=1.00)
[localization_node-3] [WARN] [1789853548.156412150] [localization_node]: LocalizationNode: Upstream perception missing! Pose updates frozen.
[perception_node-2] [WARN] [1789853548.254780968] [perception_node]: PerceptionNode: Input scan degraded (NaNs=60/60). Outputting degraded obstacles.
[monitor_node-5] [WARN] [1789853548.254846131] [diagnostic_monitor]: ANOMALY on [sensor_node] /sensor/scan:nan_ratio: Value 0.5000 deviated from baseline 0.0000±0.0001 (z=5000.0, confirmed x14) (sev=1.00)
[localization_node-3] [WARN] [1789853548.256358321] [localization_node]: LocalizationNode: Upstream perception missing! Pose updates frozen.
[monitor_node-5] [WARN] [1789853548.256775121] [diagnostic_monitor]: ANOMALY on [perception_node] /perception/obstacles:obstacle_count: Value 0.0000 deviated from baseline 2.0000±0.0001 (z=20000.0, confirmed x14) (sev=1.00)
[monitor_node-5] [WARN] [1789853548.354159131] [diagnostic_monitor]: ANOMALY on [sensor_node] /sensor/scan:nan_ratio: Value 0.5333 deviated from baseline 0.0000±0.0001 (z=5333.3, confirmed x15) (sev=1.00)
[perception_node-2] [WARN] [1789853548.354161093] [perception_node]: PerceptionNode: Input scan degraded (NaNs=60/60). Outputting degraded obstacles.
[localization_node-3] [WARN] [1789853548.355236837] [localization_node]: LocalizationNode: Upstream perception missing! Pose updates frozen.
[monitor_node-5] [WARN] [1789853548.355385964] [diagnostic_monitor]: ANOMALY on [perception_node] /perception/obstacles:obstacle_count: Value 0.0000 deviated from baseline 2.0000±0.0001 (z=20000.0, confirmed x15) (sev=1.00)
[perception_node-2] [WARN] [1789853548.454985228] [perception_node]: PerceptionNode: Input scan degraded (NaNs=60/60). Outputting degraded obstacles.
[monitor_node-5] [WARN] [1789853548.455067368] [diagnostic_monitor]: ANOMALY on [sensor_node] /sensor/scan:nan_ratio: Value 0.6167 deviated from baseline 0.0000±0.0001 (z=6166.7, confirmed x16) (sev=1.00)
[monitor_node-5] [WARN] [1789853548.456679144] [diagnostic_monitor]: ANOMALY on [perception_node] /perception/obstacles:obstacle_count: Value 0.0000 deviated from baseline 2.0000±0.0001 (z=20000.0, confirmed x16) (sev=1.00)
[localization_node-3] [WARN] [1789853548.456872457] [localization_node]: LocalizationNode: Upstream perception missing! Pose updates frozen.
[perception_node-2] [WARN] [1789853548.554238798] [perception_node]: PerceptionNode: Input scan degraded (NaNs=60/60). Outputting degraded obstacles.
[monitor_node-5] [WARN] [1789853548.555184981] [diagnostic_monitor]: ANOMALY on [sensor_node] /sensor/scan:nan_ratio: Value 0.6333 deviated from baseline 0.0000±0.0001 (z=6333.3, confirmed x17) (sev=1.00)
[localization_node-3] [WARN] [1789853548.555787093] [localization_node]: LocalizationNode: Upstream perception missing! Pose updates frozen.
[monitor_node-5] [WARN] [1789853548.557036476] [diagnostic_monitor]: ANOMALY on [perception_node] /perception/obstacles:obstacle_count: Value 0.0000 deviated from baseline 2.0000±0.0001 (z=20000.0, confirmed x17) (sev=1.00)
[perception_node-2] [WARN] [1789853548.654430262] [perception_node]: PerceptionNode: Input scan degraded (NaNs=60/60). Outputting degraded obstacles.
[monitor_node-5] [WARN] [1789853548.655211290] [diagnostic_monitor]: ANOMALY on [sensor_node] /sensor/scan:nan_ratio: Value 0.6167 deviated from baseline 0.0000±0.0001 (z=6166.7, confirmed x18) (sev=1.00)
[localization_node-3] [WARN] [1789853548.655975393] [localization_node]: LocalizationNode: Upstream perception missing! Pose updates frozen.
[monitor_node-5] [WARN] [1789853548.656990927] [diagnostic_monitor]: ANOMALY on [perception_node] /perception/obstacles:obstacle_count: Value 0.0000 deviated from baseline 2.0000±0.0001 (z=20000.0, confirmed x18) (sev=1.00)
[perception_node-2] [WARN] [1789853548.754792545] [perception_node]: PerceptionNode: Input scan degraded (NaNs=60/60). Outputting degraded obstacles.
[monitor_node-5] [WARN] [1789853548.755067607] [diagnostic_monitor]: ANOMALY on [sensor_node] /sensor/scan:nan_ratio: Value 0.5167 deviated from baseline 0.0000±0.0001 (z=5166.7, confirmed x19) (sev=1.00)
[localization_node-3] [WARN] [1789853548.756416588] [localization_node]: LocalizationNode: Upstream perception missing! Pose updates frozen.
[monitor_node-5] [WARN] [1789853548.756500879] [diagnostic_monitor]: ANOMALY on [perception_node] /perception/obstacles:obstacle_count: Value 0.0000 deviated from baseline 2.0000±0.0001 (z=20000.0, confirmed x19) (sev=1.00)
[perception_node-2] [WARN] [1789853548.854164592] [perception_node]: PerceptionNode: Input scan degraded (NaNs=60/60). Outputting degraded obstacles.
[monitor_node-5] [WARN] [1789853548.854254851] [diagnostic_monitor]: ANOMALY on [sensor_node] /sensor/scan:nan_ratio: Value 0.6333 deviated from baseline 0.0000±0.0001 (z=6333.3, confirmed x20) (sev=1.00)
[monitor_node-5] [WARN] [1789853548.855205747] [diagnostic_monitor]: ANOMALY on [perception_node] /perception/obstacles:obstacle_count: Value 0.0000 deviated from baseline 2.0000±0.0001 (z=20000.0, confirmed x20) (sev=1.00)
[localization_node-3] [WARN] [1789853548.855417447] [localization_node]: LocalizationNode: Upstream perception missing! Pose updates frozen.
[perception_node-2] [WARN] [1789853548.954482132] [perception_node]: PerceptionNode: Input scan degraded (NaNs=60/60). Outputting degraded obstacles.
[monitor_node-5] [WARN] [1789853548.954893056] [diagnostic_monitor]: ANOMALY on [sensor_node] /sensor/scan:nan_ratio: Value 0.5167 deviated from baseline 0.0000±0.0001 (z=5166.7, confirmed x21) (sev=1.00)
[localization_node-3] [WARN] [1789853548.956080664] [localization_node]: LocalizationNode: Upstream perception missing! Pose updates frozen.
[monitor_node-5] [WARN] [1789853548.956952996] [diagnostic_monitor]: ANOMALY on [perception_node] /perception/obstacles:obstacle_count: Value 0.0000 deviated from baseline 2.0000±0.0001 (z=20000.0, confirmed x21) (sev=1.00)
[monitor_node-5] [WARN] [1789853549.054988461] [diagnostic_monitor]: ANOMALY on [sensor_node] /sensor/scan:nan_ratio: Value 0.6167 deviated from baseline 0.0000±0.0001 (z=6166.7, confirmed x22) (sev=1.00)
[perception_node-2] [WARN] [1789853549.055203872] [perception_node]: PerceptionNode: Input scan degraded (NaNs=60/60). Outputting degraded obstacles.
[monitor_node-5] [WARN] [1789853549.056855081] [diagnostic_monitor]: ANOMALY on [perception_node] /perception/obstacles:obstacle_count: Value 0.0000 deviated from baseline 2.0000±0.0001 (z=20000.0, confirmed x22) (sev=1.00)
[localization_node-3] [WARN] [1789853549.056879949] [localization_node]: LocalizationNode: Upstream perception missing! Pose updates frozen.
[perception_node-2] [WARN] [1789853549.154368271] [perception_node]: PerceptionNode: Input scan degraded (NaNs=60/60). Outputting degraded obstacles.
[monitor_node-5] [WARN] [1789853549.154390184] [diagnostic_monitor]: ANOMALY on [sensor_node] /sensor/scan:nan_ratio: Value 0.6167 deviated from baseline 0.0000±0.0001 (z=6166.7, confirmed x23) (sev=1.00)
[localization_node-3] [WARN] [1789853549.155880253] [localization_node]: LocalizationNode: Upstream perception missing! Pose updates frozen.
[monitor_node-5] [WARN] [1789853549.156009368] [diagnostic_monitor]: ANOMALY on [perception_node] /perception/obstacles:obstacle_count: Value 0.0000 deviated from baseline 2.0000±0.0001 (z=20000.0, confirmed x23) (sev=1.00)
[monitor_node-5] [WARN] [1789853549.254797902] [diagnostic_monitor]: ANOMALY on [sensor_node] /sensor/scan:nan_ratio: Value 0.6833 deviated from baseline 0.0000±0.0001 (z=6833.3, confirmed x24) (sev=1.00)
[perception_node-2] [WARN] [1789853549.254964372] [perception_node]: PerceptionNode: Input scan degraded (NaNs=60/60). Outputting degraded obstacles.
[localization_node-3] [WARN] [1789853549.256975052] [localization_node]: LocalizationNode: Upstream perception missing! Pose updates frozen.
[monitor_node-5] [WARN] [1789853549.257055115] [diagnostic_monitor]: ANOMALY on [perception_node] /perception/obstacles:obstacle_count: Value 0.0000 deviated from baseline 2.0000±0.0001 (z=20000.0, confirmed x24) (sev=1.00)
[perception_node-2] [WARN] [1789853549.355043443] [perception_node]: PerceptionNode: Input scan degraded (NaNs=60/60). Outputting degraded obstacles.
[monitor_node-5] [WARN] [1789853549.355402560] [diagnostic_monitor]: ANOMALY on [sensor_node] /sensor/scan:nan_ratio: Value 0.6500 deviated from baseline 0.0000±0.0001 (z=6500.0, confirmed x25) (sev=1.00)
[localization_node-3] [WARN] [1789853549.357171057] [localization_node]: LocalizationNode: Upstream perception missing! Pose updates frozen.
[monitor_node-5] [WARN] [1789853549.359296251] [diagnostic_monitor]: ANOMALY on [perception_node] /perception/obstacles:obstacle_count: Value 0.0000 deviated from baseline 2.0000±0.0001 (z=20000.0, confirmed x25) (sev=1.00)
[perception_node-2] [WARN] [1789853549.454887374] [perception_node]: PerceptionNode: Input scan degraded (NaNs=60/60). Outputting degraded obstacles.
[monitor_node-5] [WARN] [1789853549.456161072] [diagnostic_monitor]: ANOMALY on [sensor_node] /sensor/scan:nan_ratio: Value 0.6833 deviated from baseline 0.0000±0.0001 (z=6833.3, confirmed x26) (sev=1.00)
[localization_node-3] [WARN] [1789853549.456713089] [localization_node]: LocalizationNode: Upstream perception missing! Pose updates frozen.
[monitor_node-5] [WARN] [1789853549.459260482] [diagnostic_monitor]: ANOMALY on [perception_node] /perception/obstacles:obstacle_count: Value 0.0000 deviated from baseline 2.0000±0.0001 (z=20000.0, confirmed x26) (sev=1.00)
[perception_node-2] [WARN] [1789853549.554904469] [perception_node]: PerceptionNode: Input scan degraded (NaNs=60/60). Outputting degraded obstacles.
[localization_node-3] [WARN] [1789853549.557615755] [localization_node]: LocalizationNode: Upstream perception missing! Pose updates frozen.
[monitor_node-5] [WARN] [1789853549.560387608] [diagnostic_monitor]: ANOMALY on [sensor_node] /sensor/scan:nan_ratio: Value 0.7000 deviated from baseline 0.0000±0.0001 (z=7000.0, confirmed x27) (sev=1.00)
[monitor_node-5] [WARN] [1789853549.563851949] [diagnostic_monitor]: ANOMALY on [perception_node] /perception/obstacles:obstacle_count: Value 0.0000 deviated from baseline 2.0000±0.0001 (z=20000.0, confirmed x27) (sev=1.00)
[perception_node-2] [WARN] [1789853549.654857508] [perception_node]: PerceptionNode: Input scan degraded (NaNs=60/60). Outputting degraded obstacles.
[monitor_node-5] [WARN] [1789853549.654892463] [diagnostic_monitor]: ANOMALY on [sensor_node] /sensor/scan:nan_ratio: Value 0.6500 deviated from baseline 0.0000±0.0001 (z=6500.0, confirmed x28) (sev=1.00)
[localization_node-3] [WARN] [1789853549.656625128] [localization_node]: LocalizationNode: Upstream perception missing! Pose updates frozen.
[monitor_node-5] [WARN] [1789853549.657711433] [diagnostic_monitor]: ANOMALY on [perception_node] /perception/obstacles:obstacle_count: Value 0.0000 deviated from baseline 2.0000±0.0001 (z=20000.0, confirmed x28) (sev=1.00)
[perception_node-2] [WARN] [1789853549.754960878] [perception_node]: PerceptionNode: Input scan degraded (NaNs=60/60). Outputting degraded obstacles.
[monitor_node-5] [WARN] [1789853549.755050146] [diagnostic_monitor]: ANOMALY on [sensor_node] /sensor/scan:nan_ratio: Value 0.6167 deviated from baseline 0.0000±0.0001 (z=6166.7, confirmed x29) (sev=1.00)
[monitor_node-5] [WARN] [1789853549.756518554] [diagnostic_monitor]: ANOMALY on [perception_node] /perception/obstacles:obstacle_count: Value 0.0000 deviated from baseline 2.0000±0.0001 (z=20000.0, confirmed x29) (sev=1.00)
[localization_node-3] [WARN] [1789853549.756758379] [localization_node]: LocalizationNode: Upstream perception missing! Pose updates frozen.
[perception_node-2] [WARN] [1789853549.854882430] [perception_node]: PerceptionNode: Input scan degraded (NaNs=60/60). Outputting degraded obstacles.
[localization_node-3] [WARN] [1789853549.856991230] [localization_node]: LocalizationNode: Upstream perception missing! Pose updates frozen.
[monitor_node-5] [WARN] [1789853549.857078222] [diagnostic_monitor]: ANOMALY on [sensor_node] /sensor/scan:nan_ratio: Value 0.5833 deviated from baseline 0.0000±0.0001 (z=5833.3, confirmed x30) (sev=1.00)
[monitor_node-5] [WARN] [1789853549.858933178] [diagnostic_monitor]: ANOMALY on [perception_node] /perception/obstacles:obstacle_count: Value 0.0000 deviated from baseline 2.0000±0.0001 (z=20000.0, confirmed x30) (sev=1.00)
[perception_node-2] [WARN] [1789853549.955233535] [perception_node]: PerceptionNode: Input scan degraded (NaNs=60/60). Outputting degraded obstacles.
[monitor_node-5] [WARN] [1789853549.955284775] [diagnostic_monitor]: ANOMALY on [sensor_node] /sensor/scan:nan_ratio: Value 0.6000 deviated from baseline 0.0000±0.0001 (z=6000.0, confirmed x31) (sev=1.00)
[localization_node-3] [WARN] [1789853549.957016828] [localization_node]: LocalizationNode: Upstream perception missing! Pose updates frozen.
[monitor_node-5] [WARN] [1789853549.957122475] [diagnostic_monitor]: ANOMALY on [perception_node] /perception/obstacles:obstacle_count: Value 0.0000 deviated from baseline 2.0000±0.0001 (z=20000.0, confirmed x31) (sev=1.00)
[perception_node-2] [WARN] [1789853550.054872204] [perception_node]: PerceptionNode: Input scan degraded (NaNs=60/60). Outputting degraded obstacles.
[monitor_node-5] [WARN] [1789853550.055059478] [diagnostic_monitor]: ANOMALY on [sensor_node] /sensor/scan:nan_ratio: Value 0.7167 deviated from baseline 0.0000±0.0001 (z=7166.7, confirmed x32) (sev=1.00)
[localization_node-3] [WARN] [1789853550.056653164] [localization_node]: LocalizationNode: Upstream perception missing! Pose updates frozen.
[monitor_node-5] [WARN] [1789853550.059391703] [diagnostic_monitor]: ANOMALY on [perception_node] /perception/obstacles:obstacle_count: Value 0.0000 deviated from baseline 2.0000±0.0001 (z=20000.0, confirmed x32) (sev=1.00)
[perception_node-2] [WARN] [1789853550.154898615] [perception_node]: PerceptionNode: Input scan degraded (NaNs=60/60). Outputting degraded obstacles.
[monitor_node-5] [WARN] [1789853550.157049956] [diagnostic_monitor]: ANOMALY on [sensor_node] /sensor/scan:nan_ratio: Value 0.5333 deviated from baseline 0.0000±0.0001 (z=5333.3, confirmed x33) (sev=1.00)
[localization_node-3] [WARN] [1789853550.157763091] [localization_node]: LocalizationNode: Upstream perception missing! Pose updates frozen.
[monitor_node-5] [WARN] [1789853550.158679528] [diagnostic_monitor]: ANOMALY on [perception_node] /perception/obstacles:obstacle_count: Value 0.0000 deviated from baseline 2.0000±0.0001 (z=20000.0, confirmed x33) (sev=1.00)
[perception_node-2] [WARN] [1789853550.255148196] [perception_node]: PerceptionNode: Input scan degraded (NaNs=60/60). Outputting degraded obstacles.
[monitor_node-5] [WARN] [1789853550.255144685] [diagnostic_monitor]: ANOMALY on [sensor_node] /sensor/scan:nan_ratio: Value 0.4667 deviated from baseline 0.0000±0.0001 (z=4666.7, confirmed x34) (sev=1.00)
[monitor_node-5] [WARN] [1789853550.256756866] [diagnostic_monitor]: ANOMALY on [perception_node] /perception/obstacles:obstacle_count: Value 0.0000 deviated from baseline 2.0000±0.0001 (z=20000.0, confirmed x34) (sev=1.00)
[localization_node-3] [WARN] [1789853550.256931435] [localization_node]: LocalizationNode: Upstream perception missing! Pose updates frozen.
[perception_node-2] [WARN] [1789853550.354953389] [perception_node]: PerceptionNode: Input scan degraded (NaNs=60/60). Outputting degraded obstacles.
[monitor_node-5] [WARN] [1789853550.355108321] [diagnostic_monitor]: ANOMALY on [sensor_node] /sensor/scan:nan_ratio: Value 0.6500 deviated from baseline 0.0000±0.0001 (z=6500.0, confirmed x35) (sev=1.00)
[monitor_node-5] [WARN] [1789853550.356676459] [diagnostic_monitor]: ANOMALY on [perception_node] /perception/obstacles:obstacle_count: Value 0.0000 deviated from baseline 2.0000±0.0001 (z=20000.0, confirmed x35) (sev=1.00)
[localization_node-3] [WARN] [1789853550.356770993] [localization_node]: LocalizationNode: Upstream perception missing! Pose updates frozen.
[monitor_node-5] [WARN] [1789853550.455047471] [diagnostic_monitor]: ANOMALY on [sensor_node] /sensor/scan:nan_ratio: Value 0.5500 deviated from baseline 0.0000±0.0001 (z=5500.0, confirmed x36) (sev=1.00)
[perception_node-2] [WARN] [1789853550.455041782] [perception_node]: PerceptionNode: Input scan degraded (NaNs=60/60). Outputting degraded obstacles.
[monitor_node-5] [WARN] [1789853550.456495989] [diagnostic_monitor]: ANOMALY on [perception_node] /perception/obstacles:obstacle_count: Value 0.0000 deviated from baseline 2.0000±0.0001 (z=20000.0, confirmed x36) (sev=1.00)
[localization_node-3] [WARN] [1789853550.456742421] [localization_node]: LocalizationNode: Upstream perception missing! Pose updates frozen.
[monitor_node-5] [WARN] [1789853550.555061033] [diagnostic_monitor]: ANOMALY on [sensor_node] /sensor/scan:nan_ratio: Value 0.5167 deviated from baseline 0.0000±0.0001 (z=5166.7, confirmed x37) (sev=1.00)
[perception_node-2] [WARN] [1789853550.555357776] [perception_node]: PerceptionNode: Input scan degraded (NaNs=60/60). Outputting degraded obstacles.
[localization_node-3] [WARN] [1789853550.557149788] [localization_node]: LocalizationNode: Upstream perception missing! Pose updates frozen.
[monitor_node-5] [WARN] [1789853550.559323966] [diagnostic_monitor]: ANOMALY on [perception_node] /perception/obstacles:obstacle_count: Value 0.0000 deviated from baseline 2.0000±0.0001 (z=20000.0, confirmed x37) (sev=1.00)
[perception_node-2] [WARN] [1789853550.654891869] [perception_node]: PerceptionNode: Input scan degraded (NaNs=60/60). Outputting degraded obstacles.
[monitor_node-5] [WARN] [1789853550.655033622] [diagnostic_monitor]: ANOMALY on [sensor_node] /sensor/scan:nan_ratio: Value 0.6667 deviated from baseline 0.0000±0.0001 (z=6666.7, confirmed x38) (sev=1.00)
[monitor_node-5] [WARN] [1789853550.656490335] [diagnostic_monitor]: ANOMALY on [perception_node] /perception/obstacles:obstacle_count: Value 0.0000 deviated from baseline 2.0000±0.0001 (z=20000.0, confirmed x38) (sev=1.00)
[localization_node-3] [WARN] [1789853550.656686436] [localization_node]: LocalizationNode: Upstream perception missing! Pose updates frozen.
[perception_node-2] [WARN] [1789853550.754140275] [perception_node]: PerceptionNode: Input scan degraded (NaNs=60/60). Outputting degraded obstacles.
[monitor_node-5] [WARN] [1789853550.754333830] [diagnostic_monitor]: ANOMALY on [sensor_node] /sensor/scan:nan_ratio: Value 0.6500 deviated from baseline 0.0000±0.0001 (z=6500.0, confirmed x39) (sev=1.00)
[localization_node-3] [WARN] [1789853550.755319254] [localization_node]: LocalizationNode: Upstream perception missing! Pose updates frozen.
[monitor_node-5] [WARN] [1789853550.755587691] [diagnostic_monitor]: ANOMALY on [perception_node] /perception/obstacles:obstacle_count: Value 0.0000 deviated from baseline 2.0000±0.0001 (z=20000.0, confirmed x39) (sev=1.00)
[perception_node-2] [WARN] [1789853550.854626082] [perception_node]: PerceptionNode: Input scan degraded (NaNs=60/60). Outputting degraded obstacles.
[monitor_node-5] [WARN] [1789853550.855084767] [diagnostic_monitor]: ANOMALY on [sensor_node] /sensor/scan:nan_ratio: Value 0.6000 deviated from baseline 0.0000±0.0001 (z=6000.0, confirmed x40) (sev=1.00)
[localization_node-3] [WARN] [1789853550.856623676] [localization_node]: LocalizationNode: Upstream perception missing! Pose updates frozen.
[monitor_node-5] [WARN] [1789853550.856885614] [diagnostic_monitor]: ANOMALY on [perception_node] /perception/obstacles:obstacle_count: Value 0.0000 deviated from baseline 2.0000±0.0001 (z=20000.0, confirmed x40) (sev=1.00)
[perception_node-2] [WARN] [1789853550.955112277] [perception_node]: PerceptionNode: Input scan degraded (NaNs=60/60). Outputting degraded obstacles.
[monitor_node-5] [WARN] [1789853550.955422854] [diagnostic_monitor]: ANOMALY on [sensor_node] /sensor/scan:nan_ratio: Value 0.5833 deviated from baseline 0.0000±0.0001 (z=5833.3, confirmed x41) (sev=1.00)
[localization_node-3] [WARN] [1789853550.957014234] [localization_node]: LocalizationNode: Upstream perception missing! Pose updates frozen.
[monitor_node-5] [WARN] [1789853550.957053781] [diagnostic_monitor]: ANOMALY on [perception_node] /perception/obstacles:obstacle_count: Value 0.0000 deviated from baseline 2.0000±0.0001 (z=20000.0, confirmed x41) (sev=1.00)
[perception_node-2] [WARN] [1789853551.056231786] [perception_node]: PerceptionNode: Input scan degraded (NaNs=60/60). Outputting degraded obstacles.
[monitor_node-5] [WARN] [1789853551.056261845] [diagnostic_monitor]: ANOMALY on [sensor_node] /sensor/scan:nan_ratio: Value 0.7500 deviated from baseline 0.0000±0.0001 (z=7500.0, confirmed x42) (sev=1.00)
[monitor_node-5] [WARN] [1789853551.057978769] [diagnostic_monitor]: ANOMALY on [perception_node] /perception/obstacles:obstacle_count: Value 0.0000 deviated from baseline 2.0000±0.0001 (z=20000.0, confirmed x42) (sev=1.00)
[localization_node-3] [WARN] [1789853551.058012897] [localization_node]: LocalizationNode: Upstream perception missing! Pose updates frozen.
[perception_node-2] [WARN] [1789853551.154773618] [perception_node]: PerceptionNode: Input scan degraded (NaNs=60/60). Outputting degraded obstacles.
[localization_node-3] [WARN] [1789853551.156403511] [localization_node]: LocalizationNode: Upstream perception missing! Pose updates frozen.
[monitor_node-5] [WARN] [1789853551.156509356] [diagnostic_monitor]: ANOMALY on [sensor_node] /sensor/scan:nan_ratio: Value 0.5500 deviated from baseline 0.0000±0.0001 (z=5500.0, confirmed x43) (sev=1.00)
[monitor_node-5] [WARN] [1789853551.158457598] [diagnostic_monitor]: ANOMALY on [perception_node] /perception/obstacles:obstacle_count: Value 0.0000 deviated from baseline 2.0000±0.0001 (z=20000.0, confirmed x43) (sev=1.00)
[perception_node-2] [WARN] [1789853551.255231665] [perception_node]: PerceptionNode: Input scan degraded (NaNs=60/60). Outputting degraded obstacles.
[monitor_node-5] [WARN] [1789853551.255454522] [diagnostic_monitor]: ANOMALY on [sensor_node] /sensor/scan:nan_ratio: Value 0.5500 deviated from baseline 0.0000±0.0001 (z=5500.0, confirmed x44) (sev=1.00)
[monitor_node-5] [WARN] [1789853551.256954427] [diagnostic_monitor]: ANOMALY on [perception_node] /perception/obstacles:obstacle_count: Value 0.0000 deviated from baseline 2.0000±0.0001 (z=20000.0, confirmed x44) (sev=1.00)
[localization_node-3] [WARN] [1789853551.257208740] [localization_node]: LocalizationNode: Upstream perception missing! Pose updates frozen.
[monitor_node-5] [WARN] [1789853551.354943887] [diagnostic_monitor]: ANOMALY on [sensor_node] /sensor/scan:nan_ratio: Value 0.6667 deviated from baseline 0.0000±0.0001 (z=6666.7, confirmed x45) (sev=1.00)
[perception_node-2] [WARN] [1789853551.355013172] [perception_node]: PerceptionNode: Input scan degraded (NaNs=60/60). Outputting degraded obstacles.
[monitor_node-5] [WARN] [1789853551.356503430] [diagnostic_monitor]: ANOMALY on [perception_node] /perception/obstacles:obstacle_count: Value 0.0000 deviated from baseline 2.0000±0.0001 (z=20000.0, confirmed x45) (sev=1.00)
[localization_node-3] [WARN] [1789853551.356625599] [localization_node]: LocalizationNode: Upstream perception missing! Pose updates frozen.
[perception_node-2] [WARN] [1789853551.454847187] [perception_node]: PerceptionNode: Input scan degraded (NaNs=60/60). Outputting degraded obstacles.
[monitor_node-5] [WARN] [1789853551.455523959] [diagnostic_monitor]: ANOMALY on [sensor_node] /sensor/scan:nan_ratio: Value 0.6000 deviated from baseline 0.0000±0.0001 (z=6000.0, confirmed x46) (sev=1.00)
[localization_node-3] [WARN] [1789853551.456672072] [localization_node]: LocalizationNode: Upstream perception missing! Pose updates frozen.
[monitor_node-5] [WARN] [1789853551.457468294] [diagnostic_monitor]: ANOMALY on [perception_node] /perception/obstacles:obstacle_count: Value 0.0000 deviated from baseline 2.0000±0.0001 (z=20000.0, confirmed x46) (sev=1.00)
[perception_node-2] [WARN] [1789853551.555259249] [perception_node]: PerceptionNode: Input scan degraded (NaNs=60/60). Outputting degraded obstacles.
[monitor_node-5] [WARN] [1789853551.555375007] [diagnostic_monitor]: ANOMALY on [sensor_node] /sensor/scan:nan_ratio: Value 0.5000 deviated from baseline 0.0000±0.0001 (z=5000.0, confirmed x47) (sev=1.00)
[monitor_node-5] [WARN] [1789853551.556938224] [diagnostic_monitor]: ANOMALY on [perception_node] /perception/obstacles:obstacle_count: Value 0.0000 deviated from baseline 2.0000±0.0001 (z=20000.0, confirmed x47) (sev=1.00)
[localization_node-3] [WARN] [1789853551.557404329] [localization_node]: LocalizationNode: Upstream perception missing! Pose updates frozen.
[perception_node-2] [WARN] [1789853551.654442264] [perception_node]: PerceptionNode: Input scan degraded (NaNs=60/60). Outputting degraded obstacles.
[monitor_node-5] [WARN] [1789853551.654656771] [diagnostic_monitor]: ANOMALY on [sensor_node] /sensor/scan:nan_ratio: Value 0.6167 deviated from baseline 0.0000±0.0001 (z=6166.7, confirmed x48) (sev=1.00)
[monitor_node-5] [WARN] [1789853551.656020525] [diagnostic_monitor]: ANOMALY on [perception_node] /perception/obstacles:obstacle_count: Value 0.0000 deviated from baseline 2.0000±0.0001 (z=20000.0, confirmed x48) (sev=1.00)
[localization_node-3] [WARN] [1789853551.656024614] [localization_node]: LocalizationNode: Upstream perception missing! Pose updates frozen.
[perception_node-2] [WARN] [1789853551.754794685] [perception_node]: PerceptionNode: Input scan degraded (NaNs=60/60). Outputting degraded obstacles.
[monitor_node-5] [WARN] [1789853551.754934573] [diagnostic_monitor]: ANOMALY on [sensor_node] /sensor/scan:nan_ratio: Value 0.6667 deviated from baseline 0.0000±0.0001 (z=6666.7, confirmed x49) (sev=1.00)
[monitor_node-5] [WARN] [1789853551.756388174] [diagnostic_monitor]: ANOMALY on [perception_node] /perception/obstacles:obstacle_count: Value 0.0000 deviated from baseline 2.0000±0.0001 (z=20000.0, confirmed x49) (sev=1.00)
[localization_node-3] [WARN] [1789853551.756628613] [localization_node]: LocalizationNode: Upstream perception missing! Pose updates frozen.
[perception_node-2] [WARN] [1789853551.854860951] [perception_node]: PerceptionNode: Input scan degraded (NaNs=60/60). Outputting degraded obstacles.
[monitor_node-5] [WARN] [1789853551.854860952] [diagnostic_monitor]: ANOMALY on [sensor_node] /sensor/scan:nan_ratio: Value 0.5833 deviated from baseline 0.0000±0.0001 (z=5833.3, confirmed x50) (sev=1.00)
[localization_node-3] [WARN] [1789853551.856290008] [localization_node]: LocalizationNode: Upstream perception missing! Pose updates frozen.
[monitor_node-5] [WARN] [1789853551.856467220] [diagnostic_monitor]: ANOMALY on [perception_node] /perception/obstacles:obstacle_count: Value 0.0000 deviated from baseline 2.0000±0.0001 (z=20000.0, confirmed x50) (sev=1.00)
[perception_node-2] [WARN] [1789853551.954766524] [perception_node]: PerceptionNode: Input scan degraded (NaNs=60/60). Outputting degraded obstacles.
[monitor_node-5] [WARN] [1789853551.955116252] [diagnostic_monitor]: ANOMALY on [sensor_node] /sensor/scan:nan_ratio: Value 0.5500 deviated from baseline 0.0000±0.0001 (z=5500.0, confirmed x51) (sev=1.00)
[localization_node-3] [WARN] [1789853551.956579229] [localization_node]: LocalizationNode: Upstream perception missing! Pose updates frozen.
[monitor_node-5] [WARN] [1789853551.960079612] [diagnostic_monitor]: ANOMALY on [perception_node] /perception/obstacles:obstacle_count: Value 0.0000 deviated from baseline 2.0000±0.0001 (z=20000.0, confirmed x51) (sev=1.00)
[perception_node-2] [WARN] [1789853552.054819370] [perception_node]: PerceptionNode: Input scan degraded (NaNs=60/60). Outputting degraded obstacles.
[monitor_node-5] [WARN] [1789853552.055674604] [diagnostic_monitor]: ANOMALY on [sensor_node] /sensor/scan:nan_ratio: Value 0.5333 deviated from baseline 0.0000±0.0001 (z=5333.3, confirmed x52) (sev=1.00)
[localization_node-3] [WARN] [1789853552.056347190] [localization_node]: LocalizationNode: Upstream perception missing! Pose updates frozen.
[monitor_node-5] [WARN] [1789853552.057637577] [diagnostic_monitor]: ANOMALY on [perception_node] /perception/obstacles:obstacle_count: Value 0.0000 deviated from baseline 2.0000±0.0001 (z=20000.0, confirmed x52) (sev=1.00)
[perception_node-2] [WARN] [1789853552.154765317] [perception_node]: PerceptionNode: Input scan degraded (NaNs=60/60). Outputting degraded obstacles.
[monitor_node-5] [WARN] [1789853552.155091548] [diagnostic_monitor]: ANOMALY on [sensor_node] /sensor/scan:nan_ratio: Value 0.5667 deviated from baseline 0.0000±0.0001 (z=5666.7, confirmed x53) (sev=1.00)
[localization_node-3] [WARN] [1789853552.156576448] [localization_node]: LocalizationNode: Upstream perception missing! Pose updates frozen.
[monitor_node-5] [WARN] [1789853552.156735535] [diagnostic_monitor]: ANOMALY on [perception_node] /perception/obstacles:obstacle_count: Value 0.0000 deviated from baseline 2.0000±0.0001 (z=20000.0, confirmed x53) (sev=1.00)
[perception_node-2] [WARN] [1789853552.254786427] [perception_node]: PerceptionNode: Input scan degraded (NaNs=60/60). Outputting degraded obstacles.
[monitor_node-5] [WARN] [1789853552.255321048] [diagnostic_monitor]: ANOMALY on [sensor_node] /sensor/scan:nan_ratio: Value 0.6333 deviated from baseline 0.0000±0.0001 (z=6333.3, confirmed x54) (sev=1.00)
[localization_node-3] [WARN] [1789853552.256464898] [localization_node]: LocalizationNode: Upstream perception missing! Pose updates frozen.
[monitor_node-5] [WARN] [1789853552.257922770] [diagnostic_monitor]: ANOMALY on [perception_node] /perception/obstacles:obstacle_count: Value 0.0000 deviated from baseline 2.0000±0.0001 (z=20000.0, confirmed x54) (sev=1.00)
[monitor_node-5] [WARN] [1789853552.354498282] [diagnostic_monitor]: ANOMALY on [sensor_node] /sensor/scan:nan_ratio: Value 0.5833 deviated from baseline 0.0000±0.0001 (z=5833.3, confirmed x55) (sev=1.00)
[perception_node-2] [WARN] [1789853552.354516480] [perception_node]: PerceptionNode: Input scan degraded (NaNs=60/60). Outputting degraded obstacles.
[monitor_node-5] [WARN] [1789853552.355808913] [diagnostic_monitor]: ANOMALY on [perception_node] /perception/obstacles:obstacle_count: Value 0.0000 deviated from baseline 2.0000±0.0001 (z=20000.0, confirmed x55) (sev=1.00)
[localization_node-3] [WARN] [1789853552.356027736] [localization_node]: LocalizationNode: Upstream perception missing! Pose updates frozen.
[perception_node-2] [WARN] [1789853552.454765472] [perception_node]: PerceptionNode: Input scan degraded (NaNs=60/60). Outputting degraded obstacles.
[monitor_node-5] [WARN] [1789853552.455103802] [diagnostic_monitor]: ANOMALY on [sensor_node] /sensor/scan:nan_ratio: Value 0.5833 deviated from baseline 0.0000±0.0001 (z=5833.3, confirmed x56) (sev=1.00)
[monitor_node-5] [WARN] [1789853552.456508922] [diagnostic_monitor]: ANOMALY on [perception_node] /perception/obstacles:obstacle_count: Value 0.0000 deviated from baseline 2.0000±0.0001 (z=20000.0, confirmed x56) (sev=1.00)
[localization_node-3] [WARN] [1789853552.456616184] [localization_node]: LocalizationNode: Upstream perception missing! Pose updates frozen.
[monitor_node-5] [WARN] [1789853552.554390931] [diagnostic_monitor]: ANOMALY on [sensor_node] /sensor/scan:nan_ratio: Value 0.5667 deviated from baseline 0.0000±0.0001 (z=5666.7, confirmed x57) (sev=1.00)
[perception_node-2] [WARN] [1789853552.554961911] [perception_node]: PerceptionNode: Input scan degraded (NaNs=60/60). Outputting degraded obstacles.
[monitor_node-5] [WARN] [1789853552.556431872] [diagnostic_monitor]: ANOMALY on [perception_node] /perception/obstacles:obstacle_count: Value 0.0000 deviated from baseline 2.0000±0.0001 (z=20000.0, confirmed x57) (sev=1.00)
[localization_node-3] [WARN] [1789853552.556702387] [localization_node]: LocalizationNode: Upstream perception missing! Pose updates frozen.
[perception_node-2] [WARN] [1789853552.654716314] [perception_node]: PerceptionNode: Input scan degraded (NaNs=60/60). Outputting degraded obstacles.
[localization_node-3] [WARN] [1789853552.658332988] [localization_node]: LocalizationNode: Upstream perception missing! Pose updates frozen.
[monitor_node-5] [WARN] [1789853552.663774382] [diagnostic_monitor]: ANOMALY on [sensor_node] /sensor/scan:nan_ratio: Value 0.5500 deviated from baseline 0.0000±0.0001 (z=5500.0, confirmed x58) (sev=1.00)
[monitor_node-5] [WARN] [1789853552.667134683] [diagnostic_monitor]: ANOMALY on [perception_node] /perception/obstacles:obstacle_count: Value 0.0000 deviated from baseline 2.0000±0.0001 (z=20000.0, confirmed x58) (sev=1.00)
[perception_node-2] [WARN] [1789853552.754679678] [perception_node]: PerceptionNode: Input scan degraded (NaNs=60/60). Outputting degraded obstacles.
[monitor_node-5] [WARN] [1789853552.754788576] [diagnostic_monitor]: ANOMALY on [sensor_node] /sensor/scan:nan_ratio: Value 0.5333 deviated from baseline 0.0000±0.0001 (z=5333.3, confirmed x59) (sev=1.00)
[monitor_node-5] [WARN] [1789853552.756195722] [diagnostic_monitor]: ANOMALY on [perception_node] /perception/obstacles:obstacle_count: Value 0.0000 deviated from baseline 2.0000±0.0001 (z=20000.0, confirmed x59) (sev=1.00)
[localization_node-3] [WARN] [1789853552.756334301] [localization_node]: LocalizationNode: Upstream perception missing! Pose updates frozen.
[perception_node-2] [WARN] [1789853552.854039654] [perception_node]: PerceptionNode: Input scan degraded (NaNs=60/60). Outputting degraded obstacles.
[monitor_node-5] [WARN] [1789853552.854291132] [diagnostic_monitor]: ANOMALY on [sensor_node] /sensor/scan:nan_ratio: Value 0.6833 deviated from baseline 0.0000±0.0001 (z=6833.3, confirmed x60) (sev=1.00)
[localization_node-3] [WARN] [1789853552.855563593] [localization_node]: LocalizationNode: Upstream perception missing! Pose updates frozen.
[monitor_node-5] [WARN] [1789853552.855638781] [diagnostic_monitor]: ANOMALY on [perception_node] /perception/obstacles:obstacle_count: Value 0.0000 deviated from baseline 2.0000±0.0001 (z=20000.0, confirmed x60) (sev=1.00)
[monitor_node-5] [WARN] [1789853552.955241426] [diagnostic_monitor]: ANOMALY on [sensor_node] /sensor/scan:nan_ratio: Value 0.6333 deviated from baseline 0.0000±0.0001 (z=6333.3, confirmed x61) (sev=1.00)
[perception_node-2] [WARN] [1789853552.956870395] [perception_node]: PerceptionNode: Input scan degraded (NaNs=60/60). Outputting degraded obstacles.
[monitor_node-5] [WARN] [1789853552.958579545] [diagnostic_monitor]: ANOMALY on [perception_node] /perception/obstacles:obstacle_count: Value 0.0000 deviated from baseline 2.0000±0.0001 (z=20000.0, confirmed x61) (sev=1.00)
[localization_node-3] [WARN] [1789853552.958630574] [localization_node]: LocalizationNode: Upstream perception missing! Pose updates frozen.
[perception_node-2] [WARN] [1789853553.054675571] [perception_node]: PerceptionNode: Input scan degraded (NaNs=60/60). Outputting degraded obstacles.
[monitor_node-5] [WARN] [1789853553.054758057] [diagnostic_monitor]: ANOMALY on [sensor_node] /sensor/scan:nan_ratio: Value 0.5667 deviated from baseline 0.0000±0.0001 (z=5666.7, confirmed x62) (sev=1.00)
[monitor_node-5] [WARN] [1789853553.056558261] [diagnostic_monitor]: ANOMALY on [perception_node] /perception/obstacles:obstacle_count: Value 0.0000 deviated from baseline 2.0000±0.0001 (z=20000.0, confirmed x62) (sev=1.00)
[localization_node-3] [WARN] [1789853553.056749955] [localization_node]: LocalizationNode: Upstream perception missing! Pose updates frozen.
[perception_node-2] [INFO] [1789853553.109403424] [perception_node]: PerceptionNode: Fault cleared.
[sensor_node-1] [INFO] [1789853553.109937685] [sensor_node]: SensorNode: Fault cleared.
[localization_node-3] [INFO] [1789853553.110005815] [localization_node]: LocalizationNode: Fault cleared.
[navigation_node-4] [INFO] [1789853553.112201186] [navigation_node]: NavigationNode: Fault cleared.
[perception_node-2] [INFO] [1789853553.159996428] [perception_node]: PerceptionNode: Fault cleared.
[sensor_node-1] [INFO] [1789853553.160010016] [sensor_node]: SensorNode: Fault cleared.
[localization_node-3] [INFO] [1789853553.160020255] [localization_node]: LocalizationNode: Fault cleared.
[navigation_node-4] [INFO] [1789853553.160304403] [navigation_node]: NavigationNode: Fault cleared.
[sensor_node-1] [INFO] [1789853553.210547467] [sensor_node]: SensorNode: Fault cleared.
[localization_node-3] [INFO] [1789853553.210638716] [localization_node]: LocalizationNode: Fault cleared.
[navigation_node-4] [INFO] [1789853553.210650469] [navigation_node]: NavigationNode: Fault cleared.
[perception_node-2] [INFO] [1789853553.210674317] [perception_node]: PerceptionNode: Fault cleared.
[sensor_node-1] [INFO] [1789853553.260834806] [sensor_node]: SensorNode: Fault cleared.
[localization_node-3] [INFO] [1789853553.260918793] [localization_node]: LocalizationNode: Fault cleared.
[perception_node-2] [INFO] [1789853553.261096054] [perception_node]: PerceptionNode: Fault cleared.
[navigation_node-4] [INFO] [1789853553.262176205] [navigation_node]: NavigationNode: Fault cleared.
[localization_node-3] [INFO] [1789853553.312489591] [localization_node]: LocalizationNode: Fault cleared.
[perception_node-2] [INFO] [1789853553.312585032] [perception_node]: PerceptionNode: Fault cleared.
[sensor_node-1] [INFO] [1789853553.312623560] [sensor_node]: SensorNode: Fault cleared.
[navigation_node-4] [INFO] [1789853553.312888848] [navigation_node]: NavigationNode: Fault cleared.
[perception_node-2] [INFO] [1789853553.363112906] [perception_node]: PerceptionNode: Fault cleared.
[sensor_node-1] [INFO] [1789853553.363131870] [sensor_node]: SensorNode: Fault cleared.
[localization_node-3] [INFO] [1789853553.363322432] [localization_node]: LocalizationNode: Fault cleared.
[navigation_node-4] [INFO] [1789853553.364591138] [navigation_node]: NavigationNode: Fault cleared.
[sensor_node-1] [INFO] [1789853553.413663249] [sensor_node]: SensorNode: Fault cleared.
[navigation_node-4] [INFO] [1789853553.413639025] [navigation_node]: NavigationNode: Fault cleared.
[localization_node-3] [INFO] [1789853553.413759419] [localization_node]: LocalizationNode: Fault cleared.
[perception_node-2] [INFO] [1789853553.414115962] [perception_node]: PerceptionNode: Fault cleared.
[localization_node-3] [INFO] [1789853553.464006068] [localization_node]: LocalizationNode: Fault cleared.
[sensor_node-1] [INFO] [1789853553.464099259] [sensor_node]: SensorNode: Fault cleared.
[perception_node-2] [INFO] [1789853553.464132189] [perception_node]: PerceptionNode: Fault cleared.
[navigation_node-4] [INFO] [1789853553.464235287] [navigation_node]: NavigationNode: Fault cleared.
[monitor_node-5] [INFO] [1789853559.136419645] [diagnostic_monitor]: Anomaly window cleared. System operating nominally.
[perception_node-2] [WARN] [1789853561.025116927] [perception_node]: PerceptionNode: Injected fault "processing_delay" (param=0.4, duration=9.0s)
[perception_node-2] [WARN] [1789853561.856249726] [perception_node]: PerceptionNode: Injected fault "processing_delay" (param=0.4, duration=9.0s)
[monitor_node-5] [WARN] [1789853561.856600621] [diagnostic_monitor]: ANOMALY on [perception_node] /perception/obstacles:inter_arrival: Value 0.4010 deviated from baseline 0.0999±0.0136 (z=22.2, confirmed x2) (sev=1.00)
[monitor_node-5] [WARN] [1789853561.857570937] [diagnostic_monitor]: ANOMALY on [perception_node] /perception/obstacles:latency: Value 0.7025 deviated from baseline 0.0020±0.0040 (z=173.0, confirmed x2) (sev=1.00)
[monitor_node-5] [WARN] [1789853561.859494076] [diagnostic_monitor]: ANOMALY on [localization_node] /localization/pose:inter_arrival: Value 0.4031 deviated from baseline 0.0999±0.0138 (z=22.0, confirmed x2) (sev=1.00)
[monitor_node-5] [WARN] [1789853561.860008287] [diagnostic_monitor]: ANOMALY on [localization_node] /localization/pose:latency: Value 0.7052 deviated from baseline 0.0028±0.0041 (z=172.7, confirmed x2) (sev=1.00)
[monitor_node-5] [WARN] [1789853561.861475710] [diagnostic_monitor]: ANOMALY on [navigation_node] /navigation/cmd_vel:inter_arrival: Value 0.4044 deviated from baseline 0.0999±0.0137 (z=22.2, confirmed x2) (sev=1.00)
[monitor_node-5] [WARN] [1789853561.862476346] [diagnostic_monitor]: ANOMALY on [navigation_node] /navigation/cmd_vel:latency: Value 0.7071 deviated from baseline 0.0036±0.0042 (z=166.2, confirmed x2) (sev=1.00)
[monitor_node-5] [INFO] [1789853562.136921016] [diagnostic_monitor]: 
[monitor_node-5] ============================================================
[monitor_node-5] ROOT CAUSE DIAGNOSIS: perception_node (Confidence: 1.000)
[monitor_node-5] ============================================================
[monitor_node-5] Score Breakdown  R(C) = wD*D + wT*T + wS*S + wA*A:
[monitor_node-5]   R(perception_node) = 0.3·D(1.00) + 0.3·T(1.00) + 0.25·S(1.00) + 0.15·A(1.00) = 1.000
[monitor_node-5]   - Dependency D: 1.00 (reaches 2 downstream anomalous node(s); 0 anomalous upstream node(s))
[monitor_node-5]   - Temporal   T: 1.00 (first anomaly at t=1789853561.86s; earliest in window = supporting evidence, not proof of causality)
[monitor_node-5]   - Symptom    S: 1.00 (explains 3/3 anomalous nodes)
[monitor_node-5]   - Severity   A: 1.00 (max normalised severity on node, 2 direct anomaly event(s))
[monitor_node-5] 
[monitor_node-5] Propagation Chain (evidence-ordered, via discovered graph edges):
[monitor_node-5]   perception_node (t=1789853561.86s: /perception/obstacles:inter_arrival, sev=1.00)
[monitor_node-5]     └─→ localization_node via /perception/obstacles (t=1789853561.86s, +0.00s after perception_node: /localization/pose:inter_arrival)
[monitor_node-5]       └─→ navigation_node via /localization/pose (t=1789853561.86s, +0.00s after localization_node: /navigation/cmd_vel:inter_arrival)
[monitor_node-5] 
[monitor_node-5] Candidate Ranking & Evidence Comparison:
[monitor_node-5]   #2 localization_node    R=0.717 (Δ -0.283) [first anomaly 0.00s after perception_node; downstream of perception_node in discovered graph; lower symptom coverage (67% vs 100%)]
[monitor_node-5]   #3 sensor_node          R=0.565 (Δ -0.435) [no direct anomaly observed]
[monitor_node-5]   #4 navigation_node      R=0.533 (Δ -0.467) [first anomaly 0.00s after perception_node; downstream of perception_node in discovered graph; lower symptom coverage (33% vs 100%)]
[monitor_node-5] ============================================================
[perception_node-2] [WARN] [1789853562.258862421] [perception_node]: PerceptionNode: Injected fault "processing_delay" (param=0.4, duration=9.0s)
[monitor_node-5] [WARN] [1789853562.258976058] [diagnostic_monitor]: ANOMALY on [perception_node] /perception/obstacles:inter_arrival: Value 0.4024 deviated from baseline 0.0999±0.0136 (z=22.3, confirmed x3) (sev=1.00)
[monitor_node-5] [WARN] [1789853562.259735645] [diagnostic_monitor]: ANOMALY on [perception_node] /perception/obstacles:latency: Value 1.0052 deviated from baseline 0.0020±0.0040 (z=247.7, confirmed x3) (sev=1.00)
[monitor_node-5] [WARN] [1789853562.260916487] [diagnostic_monitor]: ANOMALY on [localization_node] /localization/pose:inter_arrival: Value 0.4021 deviated from baseline 0.0999±0.0138 (z=22.0, confirmed x3) (sev=1.00)
[monitor_node-5] [WARN] [1789853562.261458077] [diagnostic_monitor]: ANOMALY on [localization_node] /localization/pose:latency: Value 1.0075 deviated from baseline 0.0028±0.0041 (z=247.1, confirmed x3) (sev=1.00)
[monitor_node-5] [WARN] [1789853562.262574910] [diagnostic_monitor]: ANOMALY on [navigation_node] /navigation/cmd_vel:inter_arrival: Value 0.4015 deviated from baseline 0.0999±0.0137 (z=22.0, confirmed x3) (sev=1.00)
[monitor_node-5] [WARN] [1789853562.263355487] [diagnostic_monitor]: ANOMALY on [navigation_node] /navigation/cmd_vel:latency: Value 1.0088 deviated from baseline 0.0036±0.0042 (z=237.4, confirmed x3) (sev=1.00)
[perception_node-2] [WARN] [1789853562.660755465] [perception_node]: PerceptionNode: Injected fault "processing_delay" (param=0.4, duration=9.0s)
[monitor_node-5] [WARN] [1789853562.661414218] [diagnostic_monitor]: ANOMALY on [perception_node] /perception/obstacles:inter_arrival: Value 0.4025 deviated from baseline 0.0999±0.0136 (z=22.3, confirmed x4) (sev=1.00)
[monitor_node-5] [WARN] [1789853562.662405482] [diagnostic_monitor]: ANOMALY on [perception_node] /perception/obstacles:latency: Value 1.3075 deviated from baseline 0.0020±0.0040 (z=322.4, confirmed x4) (sev=1.00)
[monitor_node-5] [WARN] [1789853562.663946698] [diagnostic_monitor]: ANOMALY on [localization_node] /localization/pose:inter_arrival: Value 0.4028 deviated from baseline 0.0999±0.0138 (z=22.0, confirmed x4) (sev=1.00)
[monitor_node-5] [WARN] [1789853562.664719406] [diagnostic_monitor]: ANOMALY on [localization_node] /localization/pose:latency: Value 1.3101 deviated from baseline 0.0028±0.0041 (z=321.5, confirmed x4) (sev=1.00)
[monitor_node-5] [WARN] [1789853562.666158618] [diagnostic_monitor]: ANOMALY on [navigation_node] /navigation/cmd_vel:inter_arrival: Value 0.4034 deviated from baseline 0.0999±0.0137 (z=22.1, confirmed x4) (sev=1.00)
[monitor_node-5] [WARN] [1789853562.666935679] [diagnostic_monitor]: ANOMALY on [navigation_node] /navigation/cmd_vel:latency: Value 1.3121 deviated from baseline 0.0036±0.0042 (z=309.1, confirmed x4) (sev=1.00)
[monitor_node-5] [WARN] [1789853563.064414663] [diagnostic_monitor]: ANOMALY on [perception_node] /perception/obstacles:inter_arrival: Value 0.4022 deviated from baseline 0.0999±0.0136 (z=22.2, confirmed x5) (sev=1.00)
[monitor_node-5] [WARN] [1789853563.065601309] [diagnostic_monitor]: ANOMALY on [perception_node] /perception/obstacles:latency: Value 1.3098 deviated from baseline 0.0020±0.0040 (z=323.0, confirmed x5) (sev=1.00)
[monitor_node-5] [WARN] [1789853563.067716484] [diagnostic_monitor]: ANOMALY on [localization_node] /localization/pose:inter_arrival: Value 0.4035 deviated from baseline 0.0999±0.0138 (z=22.1, confirmed x5) (sev=1.00)
[monitor_node-5] [WARN] [1789853563.068375666] [diagnostic_monitor]: ANOMALY on [localization_node] /localization/pose:latency: Value 1.3137 deviated from baseline 0.0028±0.0041 (z=322.4, confirmed x5) (sev=1.00)
[monitor_node-5] [WARN] [1789853563.069368618] [diagnostic_monitor]: ANOMALY on [navigation_node] /navigation/cmd_vel:inter_arrival: Value 0.4036 deviated from baseline 0.0999±0.0137 (z=22.1, confirmed x5) (sev=1.00)
[monitor_node-5] [WARN] [1789853563.069963823] [diagnostic_monitor]: ANOMALY on [navigation_node] /navigation/cmd_vel:latency: Value 1.3157 deviated from baseline 0.0036±0.0042 (z=309.9, confirmed x5) (sev=1.00)
[monitor_node-5] [WARN] [1789853563.464971331] [diagnostic_monitor]: ANOMALY on [perception_node] /perception/obstacles:inter_arrival: Value 0.4012 deviated from baseline 0.0999±0.0136 (z=22.2, confirmed x6) (sev=1.00)
[monitor_node-5] [WARN] [1789853563.465892034] [diagnostic_monitor]: ANOMALY on [perception_node] /perception/obstacles:latency: Value 1.3110 deviated from baseline 0.0020±0.0040 (z=323.3, confirmed x6) (sev=1.00)
[monitor_node-5] [WARN] [1789853563.467345245] [diagnostic_monitor]: ANOMALY on [localization_node] /localization/pose:inter_arrival: Value 0.3999 deviated from baseline 0.0999±0.0138 (z=21.8, confirmed x6) (sev=1.00)
[monitor_node-5] [WARN] [1789853563.468163709] [diagnostic_monitor]: ANOMALY on [localization_node] /localization/pose:latency: Value 1.3137 deviated from baseline 0.0028±0.0041 (z=322.4, confirmed x6) (sev=1.00)
[monitor_node-5] [WARN] [1789853563.469401410] [diagnostic_monitor]: ANOMALY on [navigation_node] /navigation/cmd_vel:inter_arrival: Value 0.3998 deviated from baseline 0.0999±0.0137 (z=21.8, confirmed x6) (sev=1.00)
[monitor_node-5] [WARN] [1789853563.470164873] [diagnostic_monitor]: ANOMALY on [navigation_node] /navigation/cmd_vel:latency: Value 1.3156 deviated from baseline 0.0036±0.0042 (z=309.9, confirmed x6) (sev=1.00)
[monitor_node-5] [WARN] [1789853563.866561624] [diagnostic_monitor]: ANOMALY on [perception_node] /perception/obstacles:inter_arrival: Value 0.4016 deviated from baseline 0.0999±0.0136 (z=22.2, confirmed x7) (sev=1.00)
[monitor_node-5] [WARN] [1789853563.867427334] [diagnostic_monitor]: ANOMALY on [perception_node] /perception/obstacles:latency: Value 1.3127 deviated from baseline 0.0020±0.0040 (z=323.7, confirmed x7) (sev=1.00)
[monitor_node-5] [WARN] [1789853563.868834204] [diagnostic_monitor]: ANOMALY on [localization_node] /localization/pose:inter_arrival: Value 0.4016 deviated from baseline 0.0999±0.0138 (z=21.9, confirmed x7) (sev=1.00)
[monitor_node-5] [WARN] [1789853563.869577481] [diagnostic_monitor]: ANOMALY on [localization_node] /localization/pose:latency: Value 1.3153 deviated from baseline 0.0028±0.0041 (z=322.8, confirmed x7) (sev=1.00)
[monitor_node-5] [WARN] [1789853563.870947545] [diagnostic_monitor]: ANOMALY on [navigation_node] /navigation/cmd_vel:inter_arrival: Value 0.4015 deviated from baseline 0.0999±0.0137 (z=22.0, confirmed x7) (sev=1.00)
[monitor_node-5] [WARN] [1789853563.871622497] [diagnostic_monitor]: ANOMALY on [navigation_node] /navigation/cmd_vel:latency: Value 1.3171 deviated from baseline 0.0036±0.0042 (z=310.3, confirmed x7) (sev=1.00)
[monitor_node-5] [WARN] [1789853564.267769189] [diagnostic_monitor]: ANOMALY on [perception_node] /perception/obstacles:inter_arrival: Value 0.4013 deviated from baseline 0.0999±0.0136 (z=22.2, confirmed x8) (sev=1.00)
[monitor_node-5] [WARN] [1789853564.268499826] [diagnostic_monitor]: ANOMALY on [perception_node] /perception/obstacles:latency: Value 1.3137 deviated from baseline 0.0020±0.0040 (z=323.9, confirmed x8) (sev=1.00)
[monitor_node-5] [WARN] [1789853564.269322383] [diagnostic_monitor]: ANOMALY on [localization_node] /localization/pose:inter_arrival: Value 0.4007 deviated from baseline 0.0999±0.0138 (z=21.9, confirmed x8) (sev=1.00)
[monitor_node-5] [WARN] [1789853564.269791893] [diagnostic_monitor]: ANOMALY on [localization_node] /localization/pose:latency: Value 1.3157 deviated from baseline 0.0028±0.0041 (z=322.9, confirmed x8) (sev=1.00)
[monitor_node-5] [WARN] [1789853564.270561522] [diagnostic_monitor]: ANOMALY on [navigation_node] /navigation/cmd_vel:inter_arrival: Value 0.4000 deviated from baseline 0.0999±0.0137 (z=21.9, confirmed x8) (sev=1.00)
[monitor_node-5] [WARN] [1789853564.271004793] [diagnostic_monitor]: ANOMALY on [navigation_node] /navigation/cmd_vel:latency: Value 1.3168 deviated from baseline 0.0036±0.0042 (z=310.2, confirmed x8) (sev=1.00)
[monitor_node-5] [WARN] [1789853564.669217512] [diagnostic_monitor]: ANOMALY on [perception_node] /perception/obstacles:inter_arrival: Value 0.4014 deviated from baseline 0.0999±0.0136 (z=22.2, confirmed x9) (sev=1.00)
[monitor_node-5] [WARN] [1789853564.670089695] [diagnostic_monitor]: ANOMALY on [perception_node] /perception/obstacles:latency: Value 1.3154 deviated from baseline 0.0020±0.0040 (z=324.3, confirmed x9) (sev=1.00)
[monitor_node-5] [WARN] [1789853564.671617342] [diagnostic_monitor]: ANOMALY on [localization_node] /localization/pose:inter_arrival: Value 0.4019 deviated from baseline 0.0999±0.0138 (z=22.0, confirmed x9) (sev=1.00)
[monitor_node-5] [WARN] [1789853564.672449799] [diagnostic_monitor]: ANOMALY on [localization_node] /localization/pose:latency: Value 1.3180 deviated from baseline 0.0028±0.0041 (z=323.4, confirmed x9) (sev=1.00)
[monitor_node-5] [WARN] [1789853564.673630825] [diagnostic_monitor]: ANOMALY on [navigation_node] /navigation/cmd_vel:inter_arrival: Value 0.4028 deviated from baseline 0.0999±0.0137 (z=22.1, confirmed x9) (sev=1.00)
[monitor_node-5] [WARN] [1789853564.674290850] [diagnostic_monitor]: ANOMALY on [navigation_node] /navigation/cmd_vel:latency: Value 1.3200 deviated from baseline 0.0036±0.0042 (z=310.9, confirmed x9) (sev=1.00)
[monitor_node-5] [WARN] [1789853565.070433517] [diagnostic_monitor]: ANOMALY on [perception_node] /perception/obstacles:inter_arrival: Value 0.4012 deviated from baseline 0.0999±0.0136 (z=22.2, confirmed x10) (sev=1.00)
[monitor_node-5] [WARN] [1789853565.071263800] [diagnostic_monitor]: ANOMALY on [perception_node] /perception/obstacles:latency: Value 1.3164 deviated from baseline 0.0020±0.0040 (z=324.6, confirmed x10) (sev=1.00)
[monitor_node-5] [WARN] [1789853565.072751444] [diagnostic_monitor]: ANOMALY on [localization_node] /localization/pose:inter_arrival: Value 0.4011 deviated from baseline 0.0999±0.0138 (z=21.9, confirmed x10) (sev=1.00)
[monitor_node-5] [WARN] [1789853565.073502692] [diagnostic_monitor]: ANOMALY on [localization_node] /localization/pose:latency: Value 1.3190 deviated from baseline 0.0028±0.0041 (z=323.7, confirmed x10) (sev=1.00)
[monitor_node-5] [WARN] [1789853565.074767148] [diagnostic_monitor]: ANOMALY on [navigation_node] /navigation/cmd_vel:inter_arrival: Value 0.4011 deviated from baseline 0.0999±0.0137 (z=21.9, confirmed x10) (sev=1.00)
[monitor_node-5] [WARN] [1789853565.075494688] [diagnostic_monitor]: ANOMALY on [navigation_node] /navigation/cmd_vel:latency: Value 1.3209 deviated from baseline 0.0036±0.0042 (z=311.1, confirmed x10) (sev=1.00)
[monitor_node-5] [WARN] [1789853565.471349690] [diagnostic_monitor]: ANOMALY on [perception_node] /perception/obstacles:inter_arrival: Value 0.4011 deviated from baseline 0.0999±0.0136 (z=22.2, confirmed x11) (sev=1.00)
[monitor_node-5] [WARN] [1789853565.472173795] [diagnostic_monitor]: ANOMALY on [perception_node] /perception/obstacles:latency: Value 1.3175 deviated from baseline 0.0020±0.0040 (z=324.9, confirmed x11) (sev=1.00)
[monitor_node-5] [WARN] [1789853565.473349560] [diagnostic_monitor]: ANOMALY on [localization_node] /localization/pose:inter_arrival: Value 0.4008 deviated from baseline 0.0999±0.0138 (z=21.9, confirmed x11) (sev=1.00)
[monitor_node-5] [WARN] [1789853565.474090166] [diagnostic_monitor]: ANOMALY on [localization_node] /localization/pose:latency: Value 1.3198 deviated from baseline 0.0028±0.0041 (z=323.9, confirmed x11) (sev=1.00)
[monitor_node-5] [WARN] [1789853565.474966957] [diagnostic_monitor]: ANOMALY on [navigation_node] /navigation/cmd_vel:inter_arrival: Value 0.4005 deviated from baseline 0.0999±0.0137 (z=21.9, confirmed x11) (sev=1.00)
[monitor_node-5] [WARN] [1789853565.475510718] [diagnostic_monitor]: ANOMALY on [navigation_node] /navigation/cmd_vel:latency: Value 1.3214 deviated from baseline 0.0036±0.0042 (z=311.3, confirmed x11) (sev=1.00)
[monitor_node-5] [WARN] [1789853565.873066160] [diagnostic_monitor]: ANOMALY on [perception_node] /perception/obstacles:inter_arrival: Value 0.4016 deviated from baseline 0.0999±0.0136 (z=22.2, confirmed x12) (sev=1.00)
[monitor_node-5] [WARN] [1789853565.873967323] [diagnostic_monitor]: ANOMALY on [perception_node] /perception/obstacles:latency: Value 1.3192 deviated from baseline 0.0020±0.0040 (z=325.3, confirmed x12) (sev=1.00)
[monitor_node-5] [WARN] [1789853565.874930475] [diagnostic_monitor]: ANOMALY on [localization_node] /localization/pose:inter_arrival: Value 0.4017 deviated from baseline 0.0999±0.0138 (z=21.9, confirmed x12) (sev=1.00)
[monitor_node-5] [WARN] [1789853565.875557335] [diagnostic_monitor]: ANOMALY on [localization_node] /localization/pose:latency: Value 1.3216 deviated from baseline 0.0028±0.0041 (z=324.3, confirmed x12) (sev=1.00)
[monitor_node-5] [WARN] [1789853565.876565844] [diagnostic_monitor]: ANOMALY on [navigation_node] /navigation/cmd_vel:inter_arrival: Value 0.4015 deviated from baseline 0.0999±0.0137 (z=22.0, confirmed x12) (sev=1.00)
[monitor_node-5] [WARN] [1789853565.877130324] [diagnostic_monitor]: ANOMALY on [navigation_node] /navigation/cmd_vel:latency: Value 1.3231 deviated from baseline 0.0036±0.0042 (z=311.7, confirmed x12) (sev=1.00)
[monitor_node-5] [WARN] [1789853566.275136010] [diagnostic_monitor]: ANOMALY on [perception_node] /perception/obstacles:inter_arrival: Value 0.4014 deviated from baseline 0.0999±0.0136 (z=22.2, confirmed x13) (sev=1.00)
[monitor_node-5] [WARN] [1789853566.276459028] [diagnostic_monitor]: ANOMALY on [perception_node] /perception/obstacles:latency: Value 1.3202 deviated from baseline 0.0020±0.0040 (z=325.5, confirmed x13) (sev=1.00)
[monitor_node-5] [WARN] [1789853566.278421881] [diagnostic_monitor]: ANOMALY on [localization_node] /localization/pose:inter_arrival: Value 0.4031 deviated from baseline 0.0999±0.0138 (z=22.0, confirmed x13) (sev=1.00)
[monitor_node-5] [WARN] [1789853566.279503092] [diagnostic_monitor]: ANOMALY on [localization_node] /localization/pose:latency: Value 1.3242 deviated from baseline 0.0028±0.0041 (z=325.0, confirmed x13) (sev=1.00)
[monitor_node-5] [WARN] [1789853566.281420280] [diagnostic_monitor]: ANOMALY on [navigation_node] /navigation/cmd_vel:inter_arrival: Value 0.4041 deviated from baseline 0.0999±0.0137 (z=22.1, confirmed x13) (sev=1.00)
[monitor_node-5] [WARN] [1789853566.282263668] [diagnostic_monitor]: ANOMALY on [navigation_node] /navigation/cmd_vel:latency: Value 1.3268 deviated from baseline 0.0036±0.0042 (z=312.5, confirmed x13) (sev=1.00)
[monitor_node-5] [WARN] [1789853566.675209871] [diagnostic_monitor]: ANOMALY on [perception_node] /perception/obstacles:inter_arrival: Value 0.4011 deviated from baseline 0.0999±0.0136 (z=22.2, confirmed x14) (sev=1.00)
[monitor_node-5] [WARN] [1789853566.676007213] [diagnostic_monitor]: ANOMALY on [perception_node] /perception/obstacles:latency: Value 1.3216 deviated from baseline 0.0020±0.0040 (z=325.9, confirmed x14) (sev=1.00)
[monitor_node-5] [WARN] [1789853566.677002709] [diagnostic_monitor]: ANOMALY on [localization_node] /localization/pose:inter_arrival: Value 0.3990 deviated from baseline 0.0999±0.0138 (z=21.7, confirmed x14) (sev=1.00)
[monitor_node-5] [WARN] [1789853566.677459760] [diagnostic_monitor]: ANOMALY on [localization_node] /localization/pose:latency: Value 1.3236 deviated from baseline 0.0028±0.0041 (z=324.8, confirmed x14) (sev=1.00)
[monitor_node-5] [WARN] [1789853566.678286697] [diagnostic_monitor]: ANOMALY on [navigation_node] /navigation/cmd_vel:inter_arrival: Value 0.3977 deviated from baseline 0.0999±0.0137 (z=21.7, confirmed x14) (sev=1.00)
[monitor_node-5] [WARN] [1789853566.678814295] [diagnostic_monitor]: ANOMALY on [navigation_node] /navigation/cmd_vel:latency: Value 1.3248 deviated from baseline 0.0036±0.0042 (z=312.1, confirmed x14) (sev=1.00)
[monitor_node-5] [WARN] [1789853567.076831939] [diagnostic_monitor]: ANOMALY on [perception_node] /perception/obstacles:inter_arrival: Value 0.4011 deviated from baseline 0.0999±0.0136 (z=22.2, confirmed x15) (sev=1.00)
[monitor_node-5] [WARN] [1789853567.078066380] [diagnostic_monitor]: ANOMALY on [perception_node] /perception/obstacles:latency: Value 1.3228 deviated from baseline 0.0020±0.0040 (z=326.2, confirmed x15) (sev=1.00)
[monitor_node-5] [WARN] [1789853567.080111267] [diagnostic_monitor]: ANOMALY on [localization_node] /localization/pose:inter_arrival: Value 0.4026 deviated from baseline 0.0999±0.0138 (z=22.0, confirmed x15) (sev=1.00)
[monitor_node-5] [WARN] [1789853567.080805481] [diagnostic_monitor]: ANOMALY on [localization_node] /localization/pose:latency: Value 1.3263 deviated from baseline 0.0028±0.0041 (z=325.5, confirmed x15) (sev=1.00)
[monitor_node-5] [WARN] [1789853567.082174161] [diagnostic_monitor]: ANOMALY on [navigation_node] /navigation/cmd_vel:inter_arrival: Value 0.4035 deviated from baseline 0.0999±0.0137 (z=22.1, confirmed x15) (sev=1.00)
[monitor_node-5] [WARN] [1789853567.083012685] [diagnostic_monitor]: ANOMALY on [navigation_node] /navigation/cmd_vel:latency: Value 1.3284 deviated from baseline 0.0036±0.0042 (z=312.9, confirmed x15) (sev=1.00)
[localization_node-3] [INFO] [1789853567.231257862] [localization_node]: LocalizationNode: Fault cleared.
[sensor_node-1] [INFO] [1789853567.231280058] [sensor_node]: SensorNode: Fault cleared.
[navigation_node-4] [INFO] [1789853567.231628418] [navigation_node]: NavigationNode: Fault cleared.
[sensor_node-1] [INFO] [1789853567.281616847] [sensor_node]: SensorNode: Fault cleared.
[navigation_node-4] [INFO] [1789853567.281643793] [navigation_node]: NavigationNode: Fault cleared.
[localization_node-3] [INFO] [1789853567.281677347] [localization_node]: LocalizationNode: Fault cleared.
[navigation_node-4] [INFO] [1789853567.331975752] [navigation_node]: NavigationNode: Fault cleared.
[localization_node-3] [INFO] [1789853567.331980526] [localization_node]: LocalizationNode: Fault cleared.
[sensor_node-1] [INFO] [1789853567.332156123] [sensor_node]: SensorNode: Fault cleared.
[navigation_node-4] [INFO] [1789853567.382713900] [navigation_node]: NavigationNode: Fault cleared.
[sensor_node-1] [INFO] [1789853567.382741512] [sensor_node]: SensorNode: Fault cleared.
[localization_node-3] [INFO] [1789853567.382812830] [localization_node]: LocalizationNode: Fault cleared.
[monitor_node-5] [WARN] [1789853567.477772094] [diagnostic_monitor]: ANOMALY on [perception_node] /perception/obstacles:inter_arrival: Value 0.4012 deviated from baseline 0.0999±0.0136 (z=22.2, confirmed x16) (sev=1.00)
[monitor_node-5] [WARN] [1789853567.478630772] [diagnostic_monitor]: ANOMALY on [perception_node] /perception/obstacles:latency: Value 1.3236 deviated from baseline 0.0020±0.0040 (z=326.4, confirmed x16) (sev=1.00)
[monitor_node-5] [WARN] [1789853567.503232092] [diagnostic_monitor]: ANOMALY on [localization_node] /localization/pose:inter_arrival: Value 0.4004 deviated from baseline 0.0999±0.0138 (z=21.8, confirmed x16) (sev=1.00)
[monitor_node-5] [WARN] [1789853567.504522057] [diagnostic_monitor]: ANOMALY on [localization_node] /localization/pose:latency: Value 1.3263 deviated from baseline 0.0028±0.0041 (z=325.5, confirmed x16) (sev=1.00)
[monitor_node-5] [WARN] [1789853567.505594195] [diagnostic_monitor]: ANOMALY on [navigation_node] /navigation/cmd_vel:inter_arrival: Value 0.4236 deviated from baseline 0.0999±0.0137 (z=23.6, confirmed x16) (sev=1.00)
[monitor_node-5] [WARN] [1789853567.506137743] [diagnostic_monitor]: ANOMALY on [navigation_node] /navigation/cmd_vel:latency: Value 1.3517 deviated from baseline 0.0036±0.0042 (z=318.4, confirmed x16) (sev=1.00)
[perception_node-2] [INFO] [1789853567.878518872] [perception_node]: PerceptionNode: Fault cleared.
[monitor_node-5] [WARN] [1789853567.878972395] [diagnostic_monitor]: ANOMALY on [perception_node] /perception/obstacles:inter_arrival: Value 0.4013 deviated from baseline 0.0999±0.0136 (z=22.2, confirmed x17) (sev=1.00)
[monitor_node-5] [WARN] [1789853567.879767451] [diagnostic_monitor]: ANOMALY on [perception_node] /perception/obstacles:latency: Value 1.3252 deviated from baseline 0.0020±0.0040 (z=326.8, confirmed x17) (sev=1.00)
[perception_node-2] [INFO] [1789853567.880070181] [perception_node]: PerceptionNode: Fault cleared.
[monitor_node-5] [WARN] [1789853567.881059174] [diagnostic_monitor]: ANOMALY on [localization_node] /localization/pose:inter_arrival: Value 0.4011 deviated from baseline 0.0999±0.0138 (z=21.9, confirmed x17) (sev=1.00)
[perception_node-2] [INFO] [1789853567.881248331] [perception_node]: PerceptionNode: Fault cleared.
[monitor_node-5] [WARN] [1789853567.881821311] [diagnostic_monitor]: ANOMALY on [localization_node] /localization/pose:latency: Value 1.3276 deviated from baseline 0.0028±0.0041 (z=325.8, confirmed x17) (sev=1.00)
[perception_node-2] [INFO] [1789853567.882463220] [perception_node]: PerceptionNode: Fault cleared.
[monitor_node-5] [WARN] [1789853567.882930188] [diagnostic_monitor]: ANOMALY on [navigation_node] /navigation/cmd_vel:inter_arrival: Value 0.3773 deviated from baseline 0.0999±0.0137 (z=20.2, confirmed x17) (sev=1.00)
[monitor_node-5] [WARN] [1789853567.883611705] [diagnostic_monitor]: ANOMALY on [navigation_node] /navigation/cmd_vel:latency: Value 1.3292 deviated from baseline 0.0036±0.0042 (z=313.1, confirmed x17) (sev=1.00)
[monitor_node-5] [WARN] [1789853567.884557663] [diagnostic_monitor]: ANOMALY on [perception_node] /perception/obstacles:latency: Value 0.9309 deviated from baseline 0.0020±0.0040 (z=229.4, confirmed x18) (sev=1.00)
[monitor_node-5] [WARN] [1789853567.887099954] [diagnostic_monitor]: ANOMALY on [localization_node] /localization/pose:latency: Value 0.9322 deviated from baseline 0.0028±0.0041 (z=228.5, confirmed x18) (sev=1.00)
[monitor_node-5] [WARN] [1789853567.888725919] [diagnostic_monitor]: ANOMALY on [navigation_node] /navigation/cmd_vel:latency: Value 0.9344 deviated from baseline 0.0036±0.0042 (z=219.9, confirmed x18) (sev=1.00)
[monitor_node-5] [WARN] [1789853567.891551824] [diagnostic_monitor]: ANOMALY on [perception_node] /perception/obstacles:latency: Value 0.8371 deviated from baseline 0.0020±0.0040 (z=206.2, confirmed x19) (sev=1.00)
[monitor_node-5] [WARN] [1789853567.892956829] [diagnostic_monitor]: ANOMALY on [localization_node] /localization/pose:latency: Value 0.8395 deviated from baseline 0.0028±0.0041 (z=205.8, confirmed x19) (sev=1.00)
[monitor_node-5] [WARN] [1789853567.893825946] [diagnostic_monitor]: ANOMALY on [navigation_node] /navigation/cmd_vel:latency: Value 0.8403 deviated from baseline 0.0036±0.0042 (z=197.6, confirmed x19) (sev=1.00)
[monitor_node-5] [WARN] [1789853567.894494324] [diagnostic_monitor]: ANOMALY on [perception_node] /perception/obstacles:latency: Value 0.7411 deviated from baseline 0.0020±0.0040 (z=182.5, confirmed x20) (sev=1.00)
[monitor_node-5] [WARN] [1789853567.895302461] [diagnostic_monitor]: ANOMALY on [localization_node] /localization/pose:latency: Value 0.7419 deviated from baseline 0.0028±0.0041 (z=181.8, confirmed x20) (sev=1.00)
[monitor_node-5] [WARN] [1789853567.896111298] [diagnostic_monitor]: ANOMALY on [navigation_node] /navigation/cmd_vel:latency: Value 0.7425 deviated from baseline 0.0036±0.0042 (z=174.5, confirmed x20) (sev=1.00)
[monitor_node-5] [WARN] [1789853567.896681458] [diagnostic_monitor]: ANOMALY on [perception_node] /perception/obstacles:latency: Value 0.6434 deviated from baseline 0.0020±0.0040 (z=158.4, confirmed x21) (sev=1.00)
[monitor_node-5] [WARN] [1789853567.897454376] [diagnostic_monitor]: ANOMALY on [localization_node] /localization/pose:latency: Value 0.6442 deviated from baseline 0.0028±0.0041 (z=157.7, confirmed x21) (sev=1.00)
[monitor_node-5] [WARN] [1789853567.898409350] [diagnostic_monitor]: ANOMALY on [navigation_node] /navigation/cmd_vel:latency: Value 0.6448 deviated from baseline 0.0036±0.0042 (z=151.5, confirmed x21) (sev=1.00)
[monitor_node-5] [WARN] [1789853567.899069789] [diagnostic_monitor]: ANOMALY on [perception_node] /perception/obstacles:latency: Value 0.5456 deviated from baseline 0.0020±0.0040 (z=134.3, confirmed x22) (sev=1.00)
[monitor_node-5] [WARN] [1789853567.899992727] [diagnostic_monitor]: ANOMALY on [localization_node] /localization/pose:latency: Value 0.5465 deviated from baseline 0.0028±0.0041 (z=133.7, confirmed x22) (sev=1.00)
[monitor_node-5] [WARN] [1789853567.901007957] [diagnostic_monitor]: ANOMALY on [navigation_node] /navigation/cmd_vel:latency: Value 0.5472 deviated from baseline 0.0036±0.0042 (z=128.4, confirmed x22) (sev=1.00)
[monitor_node-5] [WARN] [1789853567.901992078] [diagnostic_monitor]: ANOMALY on [perception_node] /perception/obstacles:latency: Value 0.4484 deviated from baseline 0.0020±0.0040 (z=110.2, confirmed x23) (sev=1.00)
[monitor_node-5] [WARN] [1789853567.903907916] [diagnostic_monitor]: ANOMALY on [localization_node] /localization/pose:latency: Value 0.4497 deviated from baseline 0.0028±0.0041 (z=109.9, confirmed x23) (sev=1.00)
[monitor_node-5] [WARN] [1789853567.906672358] [diagnostic_monitor]: ANOMALY on [navigation_node] /navigation/cmd_vel:latency: Value 0.4524 deviated from baseline 0.0036±0.0042 (z=106.0, confirmed x23) (sev=1.00)
[monitor_node-5] [WARN] [1789853567.907919418] [diagnostic_monitor]: ANOMALY on [perception_node] /perception/obstacles:latency: Value 0.3543 deviated from baseline 0.0020±0.0040 (z=87.0, confirmed x24) (sev=1.00)
[monitor_node-5] [WARN] [1789853567.908879665] [diagnostic_monitor]: ANOMALY on [localization_node] /localization/pose:latency: Value 0.3555 deviated from baseline 0.0028±0.0041 (z=86.7, confirmed x24) (sev=1.00)
[monitor_node-5] [WARN] [1789853567.909572547] [diagnostic_monitor]: ANOMALY on [navigation_node] /navigation/cmd_vel:latency: Value 0.3561 deviated from baseline 0.0036±0.0042 (z=83.3, confirmed x24) (sev=1.00)
[monitor_node-5] [WARN] [1789853567.910348028] [diagnostic_monitor]: ANOMALY on [perception_node] /perception/obstacles:latency: Value 0.2568 deviated from baseline 0.0020±0.0040 (z=62.9, confirmed x25) (sev=1.00)
[monitor_node-5] [WARN] [1789853567.911248664] [diagnostic_monitor]: ANOMALY on [localization_node] /localization/pose:latency: Value 0.2578 deviated from baseline 0.0028±0.0041 (z=62.7, confirmed x25) (sev=1.00)
[monitor_node-5] [WARN] [1789853567.912279475] [diagnostic_monitor]: ANOMALY on [navigation_node] /navigation/cmd_vel:latency: Value 0.2585 deviated from baseline 0.0036±0.0042 (z=60.2, confirmed x25) (sev=1.00)
[monitor_node-5] [INFO] [1789853574.136074169] [diagnostic_monitor]: Anomaly window cleared. System operating nominally.
[navigation_node-4] [INFO] [1789853632.163528652] [navigation_node]: NavigationNode: Fault cleared.
[perception_node-2] [INFO] [1789853632.163595242] [perception_node]: PerceptionNode: Fault cleared.
[localization_node-3] [INFO] [1789853632.163623322] [localization_node]: LocalizationNode: Fault cleared.
[sensor_node-1] [INFO] [1789853632.164087686] [sensor_node]: SensorNode: Fault cleared.
[perception_node-2] [INFO] [1789853632.214181379] [perception_node]: PerceptionNode: Fault cleared.
[navigation_node-4] [INFO] [1789853632.214182843] [navigation_node]: NavigationNode: Fault cleared.
[localization_node-3] [INFO] [1789853632.214242776] [localization_node]: LocalizationNode: Fault cleared.
[sensor_node-1] [INFO] [1789853632.214242578] [sensor_node]: SensorNode: Fault cleared.
[perception_node-2] [INFO] [1789853632.264485448] [perception_node]: PerceptionNode: Fault cleared.
[navigation_node-4] [INFO] [1789853632.264542707] [navigation_node]: NavigationNode: Fault cleared.
[localization_node-3] [INFO] [1789853632.264548032] [localization_node]: LocalizationNode: Fault cleared.
[sensor_node-1] [INFO] [1789853632.264551178] [sensor_node]: SensorNode: Fault cleared.
[perception_node-2] [INFO] [1789853632.315213789] [perception_node]: PerceptionNode: Fault cleared.
[sensor_node-1] [INFO] [1789853632.315233510] [sensor_node]: SensorNode: Fault cleared.
[navigation_node-4] [INFO] [1789853632.315232358] [navigation_node]: NavigationNode: Fault cleared.
[localization_node-3] [INFO] [1789853632.316190476] [localization_node]: LocalizationNode: Fault cleared.
[perception_node-2] [WARN] [1789853634.369276569] [perception_node]: PerceptionNode: Injected fault "crash" (param=0.0, duration=9.0s)
[perception_node-2] [FATAL] [1789853634.369983247] [perception_node]: PerceptionNode: CRASH fault triggered - exiting process now.
[ERROR] [perception_node-2]: process has died [pid 7699, exit code 1, cmd '/home/lynx/ros2_rca_ws/install/rca_test_system/lib/rca_test_system/perception_node --ros-args -r __node:=perception_node --params-file /home/lynx/ros2_rca_ws/install/rca_test_system/share/rca_test_system/config/rca_params.yaml'].
[monitor_node-5] [WARN] [1789853635.135625847] [diagnostic_monitor]: ANOMALY on [localization_node] message_timeout: Message timeout on /localization/pose: no message for 0.78s (expected ~0.099s, threshold 0.45s, last seen t=1789853634.35) (sev=0.93)
[monitor_node-5] [WARN] [1789853635.136503506] [diagnostic_monitor]: ANOMALY on [navigation_node] message_timeout: Message timeout on /navigation/cmd_vel: no message for 0.78s (expected ~0.099s, threshold 0.45s, last seen t=1789853634.36) (sev=0.93)
[monitor_node-5] [WARN] [1789853635.137251714] [diagnostic_monitor]: ANOMALY on [perception_node] message_timeout: Message timeout on /perception/obstacles: no message for 0.78s (expected ~0.099s, threshold 0.45s, last seen t=1789853634.35) (sev=0.93)
[monitor_node-5] [INFO] [1789853635.138747820] [diagnostic_monitor]: 
[monitor_node-5] ============================================================
[monitor_node-5] ROOT CAUSE DIAGNOSIS: perception_node (Confidence: 0.990)
[monitor_node-5] ============================================================
[monitor_node-5] Score Breakdown  R(C) = wD*D + wT*T + wS*S + wA*A:
[monitor_node-5]   R(perception_node) = 0.3·D(1.00) + 0.3·T(1.00) + 0.25·S(1.00) + 0.15·A(0.93) = 0.990
[monitor_node-5]   - Dependency D: 1.00 (reaches 2 downstream anomalous node(s); 0 anomalous upstream node(s))
[monitor_node-5]   - Temporal   T: 1.00 (first anomaly at t=1789853634.80s; earliest in window = supporting evidence, not proof of causality)
[monitor_node-5]   - Symptom    S: 1.00 (explains 3/3 anomalous nodes)
[monitor_node-5]   - Severity   A: 0.93 (max normalised severity on node, 1 direct anomaly event(s))
[monitor_node-5] 
[monitor_node-5] Propagation Chain (evidence-ordered, via discovered graph edges):
[monitor_node-5]   perception_node (t=1789853634.80s: message_timeout, sev=0.93)
[monitor_node-5]     └─→ localization_node via /perception/obstacles (t=1789853634.80s, +0.00s after perception_node: message_timeout)
[monitor_node-5]       └─→ navigation_node via /localization/pose (t=1789853634.81s, +0.00s after localization_node: message_timeout)
[monitor_node-5] 
[monitor_node-5] Candidate Ranking & Evidence Comparison:
[monitor_node-5]   #2 localization_node    R=0.707 (Δ -0.283) [first anomaly 0.00s after perception_node; downstream of perception_node in discovered graph; lower symptom coverage (67% vs 100%)]
[monitor_node-5]   #3 sensor_node          R=0.565 (Δ -0.425) [no direct anomaly observed]
[monitor_node-5]   #4 navigation_node      R=0.523 (Δ -0.467) [first anomaly 0.00s after perception_node; downstream of perception_node in discovered graph; lower symptom coverage (33% vs 100%)]
[monitor_node-5] ============================================================
[monitor_node-5] [WARN] [1789853635.634841191] [diagnostic_monitor]: ANOMALY on [localization_node] message_timeout: Message timeout on /localization/pose: no message for 1.28s (expected ~0.099s, threshold 0.45s, last seen t=1789853634.35) (sev=1.00)
[monitor_node-5] [WARN] [1789853635.635850696] [diagnostic_monitor]: ANOMALY on [navigation_node] message_timeout: Message timeout on /navigation/cmd_vel: no message for 1.28s (expected ~0.099s, threshold 0.45s, last seen t=1789853634.36) (sev=1.00)
[monitor_node-5] [WARN] [1789853635.636591102] [diagnostic_monitor]: ANOMALY on [perception_node] message_timeout: Message timeout on /perception/obstacles: no message for 1.28s (expected ~0.099s, threshold 0.45s, last seen t=1789853634.35) (sev=1.00)
[monitor_node-5] [WARN] [1789853636.136420814] [diagnostic_monitor]: ANOMALY on [localization_node] message_timeout: Message timeout on /localization/pose: no message for 1.78s (expected ~0.099s, threshold 0.45s, last seen t=1789853634.35) (sev=1.00)
[monitor_node-5] [WARN] [1789853636.137355256] [diagnostic_monitor]: ANOMALY on [navigation_node] message_timeout: Message timeout on /navigation/cmd_vel: no message for 1.78s (expected ~0.099s, threshold 0.45s, last seen t=1789853634.36) (sev=1.00)
[monitor_node-5] [WARN] [1789853636.138106065] [diagnostic_monitor]: ANOMALY on [perception_node] message_timeout: Message timeout on /perception/obstacles: no message for 1.78s (expected ~0.099s, threshold 0.45s, last seen t=1789853634.35) (sev=1.00)
[monitor_node-5] [WARN] [1789853636.635037528] [diagnostic_monitor]: ANOMALY on [localization_node] message_timeout: Message timeout on /localization/pose: no message for 2.28s (expected ~0.099s, threshold 0.45s, last seen t=1789853634.35) (sev=1.00)
[monitor_node-5] [WARN] [1789853636.635907012] [diagnostic_monitor]: ANOMALY on [navigation_node] message_timeout: Message timeout on /navigation/cmd_vel: no message for 2.28s (expected ~0.099s, threshold 0.45s, last seen t=1789853634.36) (sev=1.00)
[monitor_node-5] [WARN] [1789853636.636667408] [diagnostic_monitor]: ANOMALY on [perception_node] message_timeout: Message timeout on /perception/obstacles: no message for 2.28s (expected ~0.099s, threshold 0.45s, last seen t=1789853634.35) (sev=1.00)
[monitor_node-5] [WARN] [1789853637.136753579] [diagnostic_monitor]: ANOMALY on [localization_node] message_timeout: Message timeout on /localization/pose: no message for 2.78s (expected ~0.099s, threshold 0.45s, last seen t=1789853634.35) (sev=1.00)
[monitor_node-5] [WARN] [1789853637.137531568] [diagnostic_monitor]: ANOMALY on [navigation_node] message_timeout: Message timeout on /navigation/cmd_vel: no message for 2.78s (expected ~0.099s, threshold 0.45s, last seen t=1789853634.36) (sev=1.00)
[monitor_node-5] [WARN] [1789853637.138837719] [diagnostic_monitor]: ANOMALY on [perception_node] message_timeout: Message timeout on /perception/obstacles: no message for 2.78s (expected ~0.099s, threshold 0.45s, last seen t=1789853634.35) (sev=1.00)
[monitor_node-5] [WARN] [1789853637.635029850] [diagnostic_monitor]: ANOMALY on [localization_node] message_timeout: Message timeout on /localization/pose: no message for 3.28s (expected ~0.099s, threshold 0.45s, last seen t=1789853634.35) (sev=1.00)
[monitor_node-5] [WARN] [1789853637.635841160] [diagnostic_monitor]: ANOMALY on [navigation_node] message_timeout: Message timeout on /navigation/cmd_vel: no message for 3.28s (expected ~0.099s, threshold 0.45s, last seen t=1789853634.36) (sev=1.00)
[monitor_node-5] [WARN] [1789853637.636564175] [diagnostic_monitor]: ANOMALY on [perception_node] message_timeout: Message timeout on /perception/obstacles: no message for 3.28s (expected ~0.099s, threshold 0.45s, last seen t=1789853634.35) (sev=1.00)
[monitor_node-5] [WARN] [1789853638.136333948] [diagnostic_monitor]: ANOMALY on [localization_node] message_timeout: Message timeout on /localization/pose: no message for 3.78s (expected ~0.099s, threshold 0.45s, last seen t=1789853634.35) (sev=1.00)
[monitor_node-5] [WARN] [1789853638.136852075] [diagnostic_monitor]: ANOMALY on [navigation_node] message_timeout: Message timeout on /navigation/cmd_vel: no message for 3.78s (expected ~0.099s, threshold 0.45s, last seen t=1789853634.36) (sev=1.00)
[monitor_node-5] [WARN] [1789853638.137292851] [diagnostic_monitor]: ANOMALY on [perception_node] message_timeout: Message timeout on /perception/obstacles: no message for 3.78s (expected ~0.099s, threshold 0.45s, last seen t=1789853634.35) (sev=1.00)
[monitor_node-5] [WARN] [1789853638.634862331] [diagnostic_monitor]: ANOMALY on [localization_node] message_timeout: Message timeout on /localization/pose: no message for 4.28s (expected ~0.099s, threshold 0.45s, last seen t=1789853634.35) (sev=1.00)
[monitor_node-5] [WARN] [1789853638.635569999] [diagnostic_monitor]: ANOMALY on [navigation_node] message_timeout: Message timeout on /navigation/cmd_vel: no message for 4.28s (expected ~0.099s, threshold 0.45s, last seen t=1789853634.36) (sev=1.00)
[monitor_node-5] [WARN] [1789853638.636239902] [diagnostic_monitor]: ANOMALY on [perception_node] message_timeout: Message timeout on /perception/obstacles: no message for 4.28s (expected ~0.099s, threshold 0.45s, last seen t=1789853634.35) (sev=1.00)
[monitor_node-5] [WARN] [1789853639.152455480] [diagnostic_monitor]: ANOMALY on [localization_node] message_timeout: Message timeout on /localization/pose: no message for 4.78s (expected ~0.099s, threshold 0.45s, last seen t=1789853634.35) (sev=1.00)
[monitor_node-5] [WARN] [1789853639.153171616] [diagnostic_monitor]: ANOMALY on [navigation_node] message_timeout: Message timeout on /navigation/cmd_vel: no message for 4.78s (expected ~0.099s, threshold 0.45s, last seen t=1789853634.36) (sev=1.00)
[monitor_node-5] [WARN] [1789853639.154023539] [diagnostic_monitor]: ANOMALY on [perception_node] message_timeout: Message timeout on /perception/obstacles: no message for 4.78s (expected ~0.099s, threshold 0.45s, last seen t=1789853634.35) (sev=1.00)
[monitor_node-5] [WARN] [1789853639.635026197] [diagnostic_monitor]: ANOMALY on [localization_node] message_timeout: Message timeout on /localization/pose: no message for 5.28s (expected ~0.099s, threshold 0.45s, last seen t=1789853634.35) (sev=1.00)
[monitor_node-5] [WARN] [1789853639.635840569] [diagnostic_monitor]: ANOMALY on [navigation_node] message_timeout: Message timeout on /navigation/cmd_vel: no message for 5.28s (expected ~0.099s, threshold 0.45s, last seen t=1789853634.36) (sev=1.00)
[monitor_node-5] [WARN] [1789853639.636614411] [diagnostic_monitor]: ANOMALY on [perception_node] message_timeout: Message timeout on /perception/obstacles: no message for 5.28s (expected ~0.099s, threshold 0.45s, last seen t=1789853634.35) (sev=1.00)
[monitor_node-5] [WARN] [1789853640.136302226] [diagnostic_monitor]: ANOMALY on [localization_node] message_timeout: Message timeout on /localization/pose: no message for 5.78s (expected ~0.099s, threshold 0.45s, last seen t=1789853634.35) (sev=1.00)
[monitor_node-5] [WARN] [1789853640.137171297] [diagnostic_monitor]: ANOMALY on [navigation_node] message_timeout: Message timeout on /navigation/cmd_vel: no message for 5.78s (expected ~0.099s, threshold 0.45s, last seen t=1789853634.36) (sev=1.00)
[monitor_node-5] [WARN] [1789853640.137953556] [diagnostic_monitor]: ANOMALY on [perception_node] message_timeout: Message timeout on /perception/obstacles: no message for 5.78s (expected ~0.099s, threshold 0.45s, last seen t=1789853634.35) (sev=1.00)
[localization_node-3] [INFO] [1789853640.574739913] [localization_node]: LocalizationNode: Fault cleared.
[navigation_node-4] [INFO] [1789853640.574826193] [navigation_node]: NavigationNode: Fault cleared.
[sensor_node-1] [INFO] [1789853640.574952253] [sensor_node]: SensorNode: Fault cleared.
[localization_node-3] [INFO] [1789853640.625494872] [localization_node]: LocalizationNode: Fault cleared.
[navigation_node-4] [INFO] [1789853640.625658178] [navigation_node]: NavigationNode: Fault cleared.
[sensor_node-1] [INFO] [1789853640.625890646] [sensor_node]: SensorNode: Fault cleared.
[monitor_node-5] [WARN] [1789853640.635013125] [diagnostic_monitor]: ANOMALY on [localization_node] message_timeout: Message timeout on /localization/pose: no message for 6.28s (expected ~0.099s, threshold 0.45s, last seen t=1789853634.35) (sev=1.00)
[monitor_node-5] [WARN] [1789853640.635861655] [diagnostic_monitor]: ANOMALY on [navigation_node] message_timeout: Message timeout on /navigation/cmd_vel: no message for 6.28s (expected ~0.099s, threshold 0.45s, last seen t=1789853634.36) (sev=1.00)
[monitor_node-5] [WARN] [1789853640.636557329] [diagnostic_monitor]: ANOMALY on [perception_node] message_timeout: Message timeout on /perception/obstacles: no message for 6.28s (expected ~0.099s, threshold 0.45s, last seen t=1789853634.35) (sev=1.00)
[localization_node-3] [INFO] [1789853640.676549783] [localization_node]: LocalizationNode: Fault cleared.
[sensor_node-1] [INFO] [1789853640.676743863] [sensor_node]: SensorNode: Fault cleared.
[navigation_node-4] [INFO] [1789853640.676780686] [navigation_node]: NavigationNode: Fault cleared.
[localization_node-3] [INFO] [1789853640.727609949] [localization_node]: LocalizationNode: Fault cleared.
[navigation_node-4] [INFO] [1789853640.727900747] [navigation_node]: NavigationNode: Fault cleared.
[sensor_node-1] [INFO] [1789853640.727916753] [sensor_node]: SensorNode: Fault cleared.
[monitor_node-5] [WARN] [1789853641.136388330] [diagnostic_monitor]: ANOMALY on [localization_node] message_timeout: Message timeout on /localization/pose: no message for 6.78s (expected ~0.099s, threshold 0.45s, last seen t=1789853634.35) (sev=1.00)
[monitor_node-5] [WARN] [1789853641.137307350] [diagnostic_monitor]: ANOMALY on [navigation_node] message_timeout: Message timeout on /navigation/cmd_vel: no message for 6.78s (expected ~0.099s, threshold 0.45s, last seen t=1789853634.36) (sev=1.00)
[monitor_node-5] [WARN] [1789853641.138186218] [diagnostic_monitor]: ANOMALY on [perception_node] message_timeout: Message timeout on /perception/obstacles: no message for 6.78s (expected ~0.099s, threshold 0.45s, last seen t=1789853634.35) (sev=1.00)
[monitor_node-5] [INFO] [1789853641.138979771] [diagnostic_monitor]: Anomaly window cleared. System operating nominally.
[monitor_node-5] [WARN] [1789853641.634798317] [diagnostic_monitor]: ANOMALY on [localization_node] message_timeout: Message timeout on /localization/pose: no message for 7.28s (expected ~0.099s, threshold 0.45s, last seen t=1789853634.35) (sev=1.00)
[monitor_node-5] [WARN] [1789853641.635656744] [diagnostic_monitor]: ANOMALY on [navigation_node] message_timeout: Message timeout on /navigation/cmd_vel: no message for 7.28s (expected ~0.099s, threshold 0.45s, last seen t=1789853634.36) (sev=1.00)
[monitor_node-5] [WARN] [1789853641.636496728] [diagnostic_monitor]: ANOMALY on [perception_node] message_timeout: Message timeout on /perception/obstacles: no message for 7.28s (expected ~0.099s, threshold 0.45s, last seen t=1789853634.35) (sev=1.00)
[monitor_node-5] [WARN] [1789853642.135702967] [diagnostic_monitor]: ANOMALY on [localization_node] message_timeout: Message timeout on /localization/pose: no message for 7.78s (expected ~0.099s, threshold 0.45s, last seen t=1789853634.35) (sev=1.00)
[monitor_node-5] [WARN] [1789853642.136488541] [diagnostic_monitor]: ANOMALY on [navigation_node] message_timeout: Message timeout on /navigation/cmd_vel: no message for 7.78s (expected ~0.099s, threshold 0.45s, last seen t=1789853634.36) (sev=1.00)
[monitor_node-5] [WARN] [1789853642.137171809] [diagnostic_monitor]: ANOMALY on [perception_node] message_timeout: Message timeout on /perception/obstacles: no message for 7.78s (expected ~0.099s, threshold 0.45s, last seen t=1789853634.35) (sev=1.00)
[monitor_node-5] [WARN] [1789853642.634566532] [diagnostic_monitor]: ANOMALY on [localization_node] message_timeout: Message timeout on /localization/pose: no message for 8.28s (expected ~0.099s, threshold 0.45s, last seen t=1789853634.35) (sev=1.00)
[monitor_node-5] [WARN] [1789853642.635225373] [diagnostic_monitor]: ANOMALY on [navigation_node] message_timeout: Message timeout on /navigation/cmd_vel: no message for 8.28s (expected ~0.099s, threshold 0.45s, last seen t=1789853634.36) (sev=1.00)
[monitor_node-5] [WARN] [1789853642.635673284] [diagnostic_monitor]: ANOMALY on [perception_node] message_timeout: Message timeout on /perception/obstacles: no message for 8.28s (expected ~0.099s, threshold 0.45s, last seen t=1789853634.35) (sev=1.00)
[monitor_node-5] [WARN] [1789853643.135842760] [diagnostic_monitor]: ANOMALY on [localization_node] message_timeout: Message timeout on /localization/pose: no message for 8.78s (expected ~0.099s, threshold 0.45s, last seen t=1789853634.35) (sev=1.00)
[monitor_node-5] [WARN] [1789853643.136651889] [diagnostic_monitor]: ANOMALY on [navigation_node] message_timeout: Message timeout on /navigation/cmd_vel: no message for 8.78s (expected ~0.099s, threshold 0.45s, last seen t=1789853634.36) (sev=1.00)
[monitor_node-5] [WARN] [1789853643.137401239] [diagnostic_monitor]: ANOMALY on [perception_node] message_timeout: Message timeout on /perception/obstacles: no message for 8.78s (expected ~0.099s, threshold 0.45s, last seen t=1789853634.35) (sev=1.00)
[monitor_node-5] [WARN] [1789853643.634684249] [diagnostic_monitor]: ANOMALY on [localization_node] message_timeout: Message timeout on /localization/pose: no message for 9.28s (expected ~0.099s, threshold 0.45s, last seen t=1789853634.35) (sev=1.00)
[monitor_node-5] [WARN] [1789853643.635483890] [diagnostic_monitor]: ANOMALY on [navigation_node] message_timeout: Message timeout on /navigation/cmd_vel: no message for 9.28s (expected ~0.099s, threshold 0.45s, last seen t=1789853634.36) (sev=1.00)
[monitor_node-5] [WARN] [1789853643.636164555] [diagnostic_monitor]: ANOMALY on [perception_node] message_timeout: Message timeout on /perception/obstacles: no message for 9.28s (expected ~0.099s, threshold 0.45s, last seen t=1789853634.35) (sev=1.00)
[monitor_node-5] [WARN] [1789853644.135514219] [diagnostic_monitor]: ANOMALY on [localization_node] message_timeout: Message timeout on /localization/pose: no message for 9.78s (expected ~0.099s, threshold 0.45s, last seen t=1789853634.35) (sev=1.00)
[monitor_node-5] [WARN] [1789853644.136251148] [diagnostic_monitor]: ANOMALY on [navigation_node] message_timeout: Message timeout on /navigation/cmd_vel: no message for 9.78s (expected ~0.099s, threshold 0.45s, last seen t=1789853634.36) (sev=1.00)
[monitor_node-5] [WARN] [1789853644.136857824] [diagnostic_monitor]: ANOMALY on [perception_node] message_timeout: Message timeout on /perception/obstacles: no message for 9.78s (expected ~0.099s, threshold 0.45s, last seen t=1789853634.35) (sev=1.00)
[monitor_node-5] [WARN] [1789853644.634559798] [diagnostic_monitor]: ANOMALY on [localization_node] message_timeout: Message timeout on /localization/pose: no message for 10.28s (expected ~0.099s, threshold 0.45s, last seen t=1789853634.35) (sev=1.00)
[monitor_node-5] [WARN] [1789853644.635147216] [diagnostic_monitor]: ANOMALY on [navigation_node] message_timeout: Message timeout on /navigation/cmd_vel: no message for 10.28s (expected ~0.099s, threshold 0.45s, last seen t=1789853634.36) (sev=1.00)
[monitor_node-5] [WARN] [1789853644.635748293] [diagnostic_monitor]: ANOMALY on [perception_node] message_timeout: Message timeout on /perception/obstacles: no message for 10.28s (expected ~0.099s, threshold 0.45s, last seen t=1789853634.35) (sev=1.00)
[monitor_node-5] [WARN] [1789853645.135291075] [diagnostic_monitor]: ANOMALY on [localization_node] message_timeout: Message timeout on /localization/pose: no message for 10.78s (expected ~0.099s, threshold 0.45s, last seen t=1789853634.35) (sev=1.00)
[monitor_node-5] [WARN] [1789853645.136042981] [diagnostic_monitor]: ANOMALY on [navigation_node] message_timeout: Message timeout on /navigation/cmd_vel: no message for 10.78s (expected ~0.099s, threshold 0.45s, last seen t=1789853634.36) (sev=1.00)
[monitor_node-5] [WARN] [1789853645.136600527] [diagnostic_monitor]: ANOMALY on [perception_node] message_timeout: Message timeout on /perception/obstacles: no message for 10.78s (expected ~0.099s, threshold 0.45s, last seen t=1789853634.35) (sev=1.00)
[monitor_node-5] [WARN] [1789853645.634503071] [diagnostic_monitor]: ANOMALY on [localization_node] message_timeout: Message timeout on /localization/pose: no message for 11.28s (expected ~0.099s, threshold 0.45s, last seen t=1789853634.35) (sev=1.00)
[monitor_node-5] [WARN] [1789853645.635028316] [diagnostic_monitor]: ANOMALY on [navigation_node] message_timeout: Message timeout on /navigation/cmd_vel: no message for 11.28s (expected ~0.099s, threshold 0.45s, last seen t=1789853634.36) (sev=1.00)
[monitor_node-5] [WARN] [1789853645.635483129] [diagnostic_monitor]: ANOMALY on [perception_node] message_timeout: Message timeout on /perception/obstacles: no message for 11.28s (expected ~0.099s, threshold 0.45s, last seen t=1789853634.35) (sev=1.00)
[monitor_node-5] [WARN] [1789853646.135791831] [diagnostic_monitor]: ANOMALY on [localization_node] message_timeout: Message timeout on /localization/pose: no message for 11.78s (expected ~0.099s, threshold 0.45s, last seen t=1789853634.35) (sev=1.00)
[monitor_node-5] [WARN] [1789853646.136393941] [diagnostic_monitor]: ANOMALY on [navigation_node] message_timeout: Message timeout on /navigation/cmd_vel: no message for 11.78s (expected ~0.099s, threshold 0.45s, last seen t=1789853634.36) (sev=1.00)
[monitor_node-5] [WARN] [1789853646.136970901] [diagnostic_monitor]: ANOMALY on [perception_node] message_timeout: Message timeout on /perception/obstacles: no message for 11.78s (expected ~0.099s, threshold 0.45s, last seen t=1789853634.35) (sev=1.00)
[monitor_node-5] [WARN] [1789853646.634976497] [diagnostic_monitor]: ANOMALY on [localization_node] message_timeout: Message timeout on /localization/pose: no message for 12.28s (expected ~0.099s, threshold 0.45s, last seen t=1789853634.35) (sev=1.00)
[monitor_node-5] [WARN] [1789853646.635849760] [diagnostic_monitor]: ANOMALY on [navigation_node] message_timeout: Message timeout on /navigation/cmd_vel: no message for 12.28s (expected ~0.099s, threshold 0.45s, last seen t=1789853634.36) (sev=1.00)
[monitor_node-5] [WARN] [1789853646.636624009] [diagnostic_monitor]: ANOMALY on [perception_node] message_timeout: Message timeout on /perception/obstacles: no message for 12.28s (expected ~0.099s, threshold 0.45s, last seen t=1789853634.35) (sev=1.00)
[monitor_node-5] [WARN] [1789853647.136328669] [diagnostic_monitor]: ANOMALY on [localization_node] message_timeout: Message timeout on /localization/pose: no message for 12.78s (expected ~0.099s, threshold 0.45s, last seen t=1789853634.35) (sev=1.00)
[monitor_node-5] [WARN] [1789853647.137231909] [diagnostic_monitor]: ANOMALY on [navigation_node] message_timeout: Message timeout on /navigation/cmd_vel: no message for 12.78s (expected ~0.099s, threshold 0.45s, last seen t=1789853634.36) (sev=1.00)
[monitor_node-5] [WARN] [1789853647.137896172] [diagnostic_monitor]: ANOMALY on [perception_node] message_timeout: Message timeout on /perception/obstacles: no message for 12.78s (expected ~0.099s, threshold 0.45s, last seen t=1789853634.35) (sev=1.00)
[monitor_node-5] [WARN] [1789853647.634919317] [diagnostic_monitor]: ANOMALY on [localization_node] message_timeout: Message timeout on /localization/pose: no message for 13.28s (expected ~0.099s, threshold 0.45s, last seen t=1789853634.35) (sev=1.00)
[monitor_node-5] [WARN] [1789853647.635802135] [diagnostic_monitor]: ANOMALY on [navigation_node] message_timeout: Message timeout on /navigation/cmd_vel: no message for 13.28s (expected ~0.099s, threshold 0.45s, last seen t=1789853634.36) (sev=1.00)
[monitor_node-5] [WARN] [1789853647.636375618] [diagnostic_monitor]: ANOMALY on [perception_node] message_timeout: Message timeout on /perception/obstacles: no message for 13.28s (expected ~0.099s, threshold 0.45s, last seen t=1789853634.35) (sev=1.00)
[monitor_node-5] [WARN] [1789853648.135997734] [diagnostic_monitor]: ANOMALY on [localization_node] message_timeout: Message timeout on /localization/pose: no message for 13.78s (expected ~0.099s, threshold 0.45s, last seen t=1789853634.35) (sev=1.00)
[monitor_node-5] [WARN] [1789853648.136776753] [diagnostic_monitor]: ANOMALY on [navigation_node] message_timeout: Message timeout on /navigation/cmd_vel: no message for 13.78s (expected ~0.099s, threshold 0.45s, last seen t=1789853634.36) (sev=1.00)
[monitor_node-5] [WARN] [1789853648.137422619] [diagnostic_monitor]: ANOMALY on [perception_node] message_timeout: Message timeout on /perception/obstacles: no message for 13.78s (expected ~0.099s, threshold 0.45s, last seen t=1789853634.35) (sev=1.00)
[monitor_node-5] [WARN] [1789853648.635154135] [diagnostic_monitor]: ANOMALY on [localization_node] message_timeout: Message timeout on /localization/pose: no message for 14.28s (expected ~0.099s, threshold 0.45s, last seen t=1789853634.35) (sev=1.00)
[monitor_node-5] [WARN] [1789853648.635949786] [diagnostic_monitor]: ANOMALY on [navigation_node] message_timeout: Message timeout on /navigation/cmd_vel: no message for 14.28s (expected ~0.099s, threshold 0.45s, last seen t=1789853634.36) (sev=1.00)
[monitor_node-5] [WARN] [1789853648.636901130] [diagnostic_monitor]: ANOMALY on [perception_node] message_timeout: Message timeout on /perception/obstacles: no message for 14.28s (expected ~0.099s, threshold 0.45s, last seen t=1789853634.35) (sev=1.00)
[monitor_node-5] [WARN] [1789853649.135300567] [diagnostic_monitor]: ANOMALY on [localization_node] message_timeout: Message timeout on /localization/pose: no message for 14.78s (expected ~0.099s, threshold 0.45s, last seen t=1789853634.35) (sev=1.00)
[monitor_node-5] [WARN] [1789853649.135800910] [diagnostic_monitor]: ANOMALY on [navigation_node] message_timeout: Message timeout on /navigation/cmd_vel: no message for 14.78s (expected ~0.099s, threshold 0.45s, last seen t=1789853634.36) (sev=1.00)
[monitor_node-5] [WARN] [1789853649.136456761] [diagnostic_monitor]: ANOMALY on [perception_node] message_timeout: Message timeout on /perception/obstacles: no message for 14.78s (expected ~0.099s, threshold 0.45s, last seen t=1789853634.35) (sev=1.00)
[monitor_node-5] [WARN] [1789853649.635090560] [diagnostic_monitor]: ANOMALY on [localization_node] message_timeout: Message timeout on /localization/pose: no message for 15.28s (expected ~0.099s, threshold 0.45s, last seen t=1789853634.35) (sev=1.00)
[monitor_node-5] [WARN] [1789853649.635979274] [diagnostic_monitor]: ANOMALY on [navigation_node] message_timeout: Message timeout on /navigation/cmd_vel: no message for 15.28s (expected ~0.099s, threshold 0.45s, last seen t=1789853634.36) (sev=1.00)
[monitor_node-5] [WARN] [1789853649.636585715] [diagnostic_monitor]: ANOMALY on [perception_node] message_timeout: Message timeout on /perception/obstacles: no message for 15.28s (expected ~0.099s, threshold 0.45s, last seen t=1789853634.35) (sev=1.00)
[monitor_node-5] [WARN] [1789853650.136319009] [diagnostic_monitor]: ANOMALY on [localization_node] message_timeout: Message timeout on /localization/pose: no message for 15.78s (expected ~0.099s, threshold 0.45s, last seen t=1789853634.35) (sev=1.00)
[monitor_node-5] [WARN] [1789853650.137242410] [diagnostic_monitor]: ANOMALY on [navigation_node] message_timeout: Message timeout on /navigation/cmd_vel: no message for 15.78s (expected ~0.099s, threshold 0.45s, last seen t=1789853634.36) (sev=1.00)
[monitor_node-5] [WARN] [1789853650.138110673] [diagnostic_monitor]: ANOMALY on [perception_node] message_timeout: Message timeout on /perception/obstacles: no message for 15.78s (expected ~0.099s, threshold 0.45s, last seen t=1789853634.35) (sev=1.00)
[monitor_node-5] [WARN] [1789853650.635024577] [diagnostic_monitor]: ANOMALY on [localization_node] message_timeout: Message timeout on /localization/pose: no message for 16.28s (expected ~0.099s, threshold 0.45s, last seen t=1789853634.35) (sev=1.00)
[monitor_node-5] [WARN] [1789853650.635823490] [diagnostic_monitor]: ANOMALY on [navigation_node] message_timeout: Message timeout on /navigation/cmd_vel: no message for 16.28s (expected ~0.099s, threshold 0.45s, last seen t=1789853634.36) (sev=1.00)
[monitor_node-5] [WARN] [1789853650.636447209] [diagnostic_monitor]: ANOMALY on [perception_node] message_timeout: Message timeout on /perception/obstacles: no message for 16.28s (expected ~0.099s, threshold 0.45s, last seen t=1789853634.35) (sev=1.00)
[monitor_node-5] [WARN] [1789853651.135189210] [diagnostic_monitor]: ANOMALY on [localization_node] message_timeout: Message timeout on /localization/pose: no message for 16.78s (expected ~0.099s, threshold 0.45s, last seen t=1789853634.35) (sev=1.00)
[monitor_node-5] [WARN] [1789853651.135710131] [diagnostic_monitor]: ANOMALY on [navigation_node] message_timeout: Message timeout on /navigation/cmd_vel: no message for 16.78s (expected ~0.099s, threshold 0.45s, last seen t=1789853634.36) (sev=1.00)
[monitor_node-5] [WARN] [1789853651.136228696] [diagnostic_monitor]: ANOMALY on [perception_node] message_timeout: Message timeout on /perception/obstacles: no message for 16.78s (expected ~0.099s, threshold 0.45s, last seen t=1789853634.35) (sev=1.00)
[monitor_node-5] [WARN] [1789853651.635052174] [diagnostic_monitor]: ANOMALY on [localization_node] message_timeout: Message timeout on /localization/pose: no message for 17.28s (expected ~0.099s, threshold 0.45s, last seen t=1789853634.35) (sev=1.00)
[monitor_node-5] [WARN] [1789853651.635843050] [diagnostic_monitor]: ANOMALY on [navigation_node] message_timeout: Message timeout on /navigation/cmd_vel: no message for 17.28s (expected ~0.099s, threshold 0.45s, last seen t=1789853634.36) (sev=1.00)
[monitor_node-5] [WARN] [1789853651.636532745] [diagnostic_monitor]: ANOMALY on [perception_node] message_timeout: Message timeout on /perception/obstacles: no message for 17.28s (expected ~0.099s, threshold 0.45s, last seen t=1789853634.35) (sev=1.00)
[monitor_node-5] [WARN] [1789853652.136233224] [diagnostic_monitor]: ANOMALY on [localization_node] message_timeout: Message timeout on /localization/pose: no message for 17.78s (expected ~0.099s, threshold 0.45s, last seen t=1789853634.35) (sev=1.00)
[monitor_node-5] [WARN] [1789853652.137094782] [diagnostic_monitor]: ANOMALY on [navigation_node] message_timeout: Message timeout on /navigation/cmd_vel: no message for 17.78s (expected ~0.099s, threshold 0.45s, last seen t=1789853634.36) (sev=1.00)
[monitor_node-5] [WARN] [1789853652.137659349] [diagnostic_monitor]: ANOMALY on [perception_node] message_timeout: Message timeout on /perception/obstacles: no message for 17.78s (expected ~0.099s, threshold 0.45s, last seen t=1789853634.35) (sev=1.00)
[monitor_node-5] [WARN] [1789853652.635046763] [diagnostic_monitor]: ANOMALY on [localization_node] message_timeout: Message timeout on /localization/pose: no message for 18.28s (expected ~0.099s, threshold 0.45s, last seen t=1789853634.35) (sev=1.00)
[monitor_node-5] [WARN] [1789853652.635588533] [diagnostic_monitor]: ANOMALY on [navigation_node] message_timeout: Message timeout on /navigation/cmd_vel: no message for 18.28s (expected ~0.099s, threshold 0.45s, last seen t=1789853634.36) (sev=1.00)
[monitor_node-5] [WARN] [1789853652.636107212] [diagnostic_monitor]: ANOMALY on [perception_node] message_timeout: Message timeout on /perception/obstacles: no message for 18.28s (expected ~0.099s, threshold 0.45s, last seen t=1789853634.35) (sev=1.00)
[monitor_node-5] [WARN] [1789853653.135954299] [diagnostic_monitor]: ANOMALY on [localization_node] message_timeout: Message timeout on /localization/pose: no message for 18.78s (expected ~0.099s, threshold 0.45s, last seen t=1789853634.35) (sev=1.00)
[monitor_node-5] [WARN] [1789853653.136505647] [diagnostic_monitor]: ANOMALY on [navigation_node] message_timeout: Message timeout on /navigation/cmd_vel: no message for 18.78s (expected ~0.099s, threshold 0.45s, last seen t=1789853634.36) (sev=1.00)
[monitor_node-5] [WARN] [1789853653.137072928] [diagnostic_monitor]: ANOMALY on [perception_node] message_timeout: Message timeout on /perception/obstacles: no message for 18.78s (expected ~0.099s, threshold 0.45s, last seen t=1789853634.35) (sev=1.00)
[monitor_node-5] [WARN] [1789853653.635024709] [diagnostic_monitor]: ANOMALY on [localization_node] message_timeout: Message timeout on /localization/pose: no message for 19.28s (expected ~0.099s, threshold 0.45s, last seen t=1789853634.35) (sev=1.00)
[monitor_node-5] [WARN] [1789853653.635922203] [diagnostic_monitor]: ANOMALY on [navigation_node] message_timeout: Message timeout on /navigation/cmd_vel: no message for 19.28s (expected ~0.099s, threshold 0.45s, last seen t=1789853634.36) (sev=1.00)
[monitor_node-5] [WARN] [1789853653.636475763] [diagnostic_monitor]: ANOMALY on [perception_node] message_timeout: Message timeout on /perception/obstacles: no message for 19.28s (expected ~0.099s, threshold 0.45s, last seen t=1789853634.35) (sev=1.00)
[monitor_node-5] [WARN] [1789853654.136472962] [diagnostic_monitor]: ANOMALY on [localization_node] message_timeout: Message timeout on /localization/pose: no message for 19.78s (expected ~0.099s, threshold 0.45s, last seen t=1789853634.35) (sev=1.00)
[monitor_node-5] [WARN] [1789853654.137223160] [diagnostic_monitor]: ANOMALY on [navigation_node] message_timeout: Message timeout on /navigation/cmd_vel: no message for 19.78s (expected ~0.099s, threshold 0.45s, last seen t=1789853634.36) (sev=1.00)
[monitor_node-5] [WARN] [1789853654.137856500] [diagnostic_monitor]: ANOMALY on [perception_node] message_timeout: Message timeout on /perception/obstacles: no message for 19.78s (expected ~0.099s, threshold 0.45s, last seen t=1789853634.35) (sev=1.00)
[monitor_node-5] [WARN] [1789853654.635055391] [diagnostic_monitor]: ANOMALY on [localization_node] message_timeout: Message timeout on /localization/pose: no message for 20.28s (expected ~0.099s, threshold 0.45s, last seen t=1789853634.35) (sev=1.00)
[monitor_node-5] [WARN] [1789853654.635869175] [diagnostic_monitor]: ANOMALY on [navigation_node] message_timeout: Message timeout on /navigation/cmd_vel: no message for 20.28s (expected ~0.099s, threshold 0.45s, last seen t=1789853634.36) (sev=1.00)
[monitor_node-5] [WARN] [1789853654.636424933] [diagnostic_monitor]: ANOMALY on [perception_node] message_timeout: Message timeout on /perception/obstacles: no message for 20.28s (expected ~0.099s, threshold 0.45s, last seen t=1789853634.35) (sev=1.00)
[monitor_node-5] [WARN] [1789853655.135648021] [diagnostic_monitor]: ANOMALY on [perception_node] node_crash: Node perception_node vanished from ROS 2 graph (process crash or killed); last seen alive t=1789853634.35, noticed t=1789853655.13 (sev=1.00)
[monitor_node-5] [FATAL] [1789853655.136223559] [diagnostic_monitor]: CRASH DETECTED: Node perception_node vanished from ROS 2 graph (process crash or killed); last seen alive t=1789853634.35, noticed t=1789853655.13
[monitor_node-5] [WARN] [1789853655.137217654] [diagnostic_monitor]: ANOMALY on [localization_node] message_timeout: Message timeout on /localization/pose: no message for 20.78s (expected ~0.099s, threshold 0.45s, last seen t=1789853634.35) (sev=1.00)
[monitor_node-5] [WARN] [1789853655.137927397] [diagnostic_monitor]: ANOMALY on [navigation_node] message_timeout: Message timeout on /navigation/cmd_vel: no message for 20.78s (expected ~0.099s, threshold 0.45s, last seen t=1789853634.36) (sev=1.00)
[monitor_node-5] [WARN] [1789853655.634926423] [diagnostic_monitor]: ANOMALY on [localization_node] message_timeout: Message timeout on /localization/pose: no message for 21.28s (expected ~0.099s, threshold 0.45s, last seen t=1789853634.35) (sev=1.00)
[monitor_node-5] [WARN] [1789853655.635625636] [diagnostic_monitor]: ANOMALY on [navigation_node] message_timeout: Message timeout on /navigation/cmd_vel: no message for 21.28s (expected ~0.099s, threshold 0.45s, last seen t=1789853634.36) (sev=1.00)
[monitor_node-5] [WARN] [1789853656.135495447] [diagnostic_monitor]: ANOMALY on [localization_node] message_timeout: Message timeout on /localization/pose: no message for 21.78s (expected ~0.099s, threshold 0.45s, last seen t=1789853634.35) (sev=1.00)
[monitor_node-5] [WARN] [1789853656.136050433] [diagnostic_monitor]: ANOMALY on [navigation_node] message_timeout: Message timeout on /navigation/cmd_vel: no message for 21.78s (expected ~0.099s, threshold 0.45s, last seen t=1789853634.36) (sev=1.00)
[monitor_node-5] [WARN] [1789853656.634680947] [diagnostic_monitor]: ANOMALY on [localization_node] message_timeout: Message timeout on /localization/pose: no message for 22.28s (expected ~0.099s, threshold 0.45s, last seen t=1789853634.35) (sev=1.00)
[monitor_node-5] [WARN] [1789853656.635296996] [diagnostic_monitor]: ANOMALY on [navigation_node] message_timeout: Message timeout on /navigation/cmd_vel: no message for 22.28s (expected ~0.099s, threshold 0.45s, last seen t=1789853634.36) (sev=1.00)
[monitor_node-5] [WARN] [1789853657.135431748] [diagnostic_monitor]: ANOMALY on [localization_node] message_timeout: Message timeout on /localization/pose: no message for 22.78s (expected ~0.099s, threshold 0.45s, last seen t=1789853634.35) (sev=1.00)
[monitor_node-5] [WARN] [1789853657.136170553] [diagnostic_monitor]: ANOMALY on [navigation_node] message_timeout: Message timeout on /navigation/cmd_vel: no message for 22.78s (expected ~0.099s, threshold 0.45s, last seen t=1789853634.36) (sev=1.00)
[monitor_node-5] [WARN] [1789853657.635409994] [diagnostic_monitor]: ANOMALY on [localization_node] message_timeout: Message timeout on /localization/pose: no message for 23.28s (expected ~0.099s, threshold 0.45s, last seen t=1789853634.35) (sev=1.00)
[monitor_node-5] [WARN] [1789853657.636212455] [diagnostic_monitor]: ANOMALY on [navigation_node] message_timeout: Message timeout on /navigation/cmd_vel: no message for 23.28s (expected ~0.099s, threshold 0.45s, last seen t=1789853634.36) (sev=1.00)
[monitor_node-5] [WARN] [1789853658.137444508] [diagnostic_monitor]: ANOMALY on [localization_node] message_timeout: Message timeout on /localization/pose: no message for 23.78s (expected ~0.099s, threshold 0.45s, last seen t=1789853634.35) (sev=1.00)
[monitor_node-5] [WARN] [1789853658.138413242] [diagnostic_monitor]: ANOMALY on [navigation_node] message_timeout: Message timeout on /navigation/cmd_vel: no message for 23.78s (expected ~0.099s, threshold 0.45s, last seen t=1789853634.36) (sev=1.00)
[monitor_node-5] [WARN] [1789853658.635877029] [diagnostic_monitor]: ANOMALY on [localization_node] message_timeout: Message timeout on /localization/pose: no message for 24.28s (expected ~0.099s, threshold 0.45s, last seen t=1789853634.35) (sev=1.00)
[monitor_node-5] [WARN] [1789853658.636795797] [diagnostic_monitor]: ANOMALY on [navigation_node] message_timeout: Message timeout on /navigation/cmd_vel: no message for 24.28s (expected ~0.099s, threshold 0.45s, last seen t=1789853634.36) (sev=1.00)
[monitor_node-5] [WARN] [1789853659.135686793] [diagnostic_monitor]: ANOMALY on [localization_node] message_timeout: Message timeout on /localization/pose: no message for 24.78s (expected ~0.099s, threshold 0.45s, last seen t=1789853634.35) (sev=1.00)
[monitor_node-5] [WARN] [1789853659.136480969] [diagnostic_monitor]: ANOMALY on [navigation_node] message_timeout: Message timeout on /navigation/cmd_vel: no message for 24.78s (expected ~0.099s, threshold 0.45s, last seen t=1789853634.36) (sev=1.00)
[monitor_node-5] [WARN] [1789853659.634986011] [diagnostic_monitor]: ANOMALY on [localization_node] message_timeout: Message timeout on /localization/pose: no message for 25.28s (expected ~0.099s, threshold 0.45s, last seen t=1789853634.35) (sev=1.00)
[monitor_node-5] [WARN] [1789853659.635599612] [diagnostic_monitor]: ANOMALY on [navigation_node] message_timeout: Message timeout on /navigation/cmd_vel: no message for 25.28s (expected ~0.099s, threshold 0.45s, last seen t=1789853634.36) (sev=1.00)
[monitor_node-5] [WARN] [1789853660.136283857] [diagnostic_monitor]: ANOMALY on [localization_node] message_timeout: Message timeout on /localization/pose: no message for 25.78s (expected ~0.099s, threshold 0.45s, last seen t=1789853634.35) (sev=1.00)
[monitor_node-5] [WARN] [1789853660.137024477] [diagnostic_monitor]: ANOMALY on [navigation_node] message_timeout: Message timeout on /navigation/cmd_vel: no message for 25.78s (expected ~0.099s, threshold 0.45s, last seen t=1789853634.36) (sev=1.00)
[monitor_node-5] [WARN] [1789853660.635185164] [diagnostic_monitor]: ANOMALY on [localization_node] message_timeout: Message timeout on /localization/pose: no message for 26.28s (expected ~0.099s, threshold 0.45s, last seen t=1789853634.35) (sev=1.00)
[monitor_node-5] [WARN] [1789853660.636043653] [diagnostic_monitor]: ANOMALY on [navigation_node] message_timeout: Message timeout on /navigation/cmd_vel: no message for 26.28s (expected ~0.099s, threshold 0.45s, last seen t=1789853634.36) (sev=1.00)
[monitor_node-5] [INFO] [1789853661.137422130] [diagnostic_monitor]: Discovered graph: nodes=['localization_node', 'navigation_node', 'sensor_node'] edges=[localization_node->navigation_node]
[monitor_node-5] [WARN] [1789853661.139219079] [diagnostic_monitor]: ANOMALY on [localization_node] message_timeout: Message timeout on /localization/pose: no message for 26.78s (expected ~0.099s, threshold 0.45s, last seen t=1789853634.35) (sev=1.00)
[monitor_node-5] [WARN] [1789853661.140612285] [diagnostic_monitor]: ANOMALY on [navigation_node] message_timeout: Message timeout on /navigation/cmd_vel: no message for 26.78s (expected ~0.099s, threshold 0.45s, last seen t=1789853634.36) (sev=1.00)
[monitor_node-5] [WARN] [1789853661.635550136] [diagnostic_monitor]: ANOMALY on [localization_node] message_timeout: Message timeout on /localization/pose: no message for 27.28s (expected ~0.099s, threshold 0.45s, last seen t=1789853634.35) (sev=1.00)
[monitor_node-5] [WARN] [1789853661.636342121] [diagnostic_monitor]: ANOMALY on [navigation_node] message_timeout: Message timeout on /navigation/cmd_vel: no message for 27.28s (expected ~0.099s, threshold 0.45s, last seen t=1789853634.36) (sev=1.00)
[monitor_node-5] [WARN] [1789853662.137224495] [diagnostic_monitor]: ANOMALY on [localization_node] message_timeout: Message timeout on /localization/pose: no message for 27.78s (expected ~0.099s, threshold 0.45s, last seen t=1789853634.35) (sev=1.00)
[monitor_node-5] [WARN] [1789853662.138081802] [diagnostic_monitor]: ANOMALY on [navigation_node] message_timeout: Message timeout on /navigation/cmd_vel: no message for 27.78s (expected ~0.099s, threshold 0.45s, last seen t=1789853634.36) (sev=1.00)
[monitor_node-5] [WARN] [1789853662.635099617] [diagnostic_monitor]: ANOMALY on [localization_node] message_timeout: Message timeout on /localization/pose: no message for 28.28s (expected ~0.099s, threshold 0.45s, last seen t=1789853634.35) (sev=1.00)
[monitor_node-5] [WARN] [1789853662.635973871] [diagnostic_monitor]: ANOMALY on [navigation_node] message_timeout: Message timeout on /navigation/cmd_vel: no message for 28.28s (expected ~0.099s, threshold 0.45s, last seen t=1789853634.36) (sev=1.00)
[monitor_node-5] [WARN] [1789853663.136210477] [diagnostic_monitor]: ANOMALY on [localization_node] message_timeout: Message timeout on /localization/pose: no message for 28.78s (expected ~0.099s, threshold 0.45s, last seen t=1789853634.35) (sev=1.00)
[monitor_node-5] [WARN] [1789853663.137279641] [diagnostic_monitor]: ANOMALY on [navigation_node] message_timeout: Message timeout on /navigation/cmd_vel: no message for 28.78s (expected ~0.099s, threshold 0.45s, last seen t=1789853634.36) (sev=1.00)
[monitor_node-5] [WARN] [1789853663.635040413] [diagnostic_monitor]: ANOMALY on [localization_node] message_timeout: Message timeout on /localization/pose: no message for 29.28s (expected ~0.099s, threshold 0.45s, last seen t=1789853634.35) (sev=1.00)
[monitor_node-5] [WARN] [1789853663.635808811] [diagnostic_monitor]: ANOMALY on [navigation_node] message_timeout: Message timeout on /navigation/cmd_vel: no message for 29.28s (expected ~0.099s, threshold 0.45s, last seen t=1789853634.36) (sev=1.00)
[monitor_node-5] [WARN] [1789853664.138024915] [diagnostic_monitor]: ANOMALY on [localization_node] message_timeout: Message timeout on /localization/pose: no message for 29.78s (expected ~0.099s, threshold 0.45s, last seen t=1789853634.35) (sev=1.00)
[monitor_node-5] [WARN] [1789853664.140089518] [diagnostic_monitor]: ANOMALY on [navigation_node] message_timeout: Message timeout on /navigation/cmd_vel: no message for 29.78s (expected ~0.099s, threshold 0.45s, last seen t=1789853634.36) (sev=1.00)
[monitor_node-5] [WARN] [1789853664.635398653] [diagnostic_monitor]: ANOMALY on [localization_node] message_timeout: Message timeout on /localization/pose: no message for 30.28s (expected ~0.099s, threshold 0.45s, last seen t=1789853634.35) (sev=1.00)
[monitor_node-5] [WARN] [1789853664.636382096] [diagnostic_monitor]: ANOMALY on [navigation_node] message_timeout: Message timeout on /navigation/cmd_vel: no message for 30.28s (expected ~0.099s, threshold 0.45s, last seen t=1789853634.36) (sev=1.00)
[monitor_node-5] [WARN] [1789853665.137470838] [diagnostic_monitor]: ANOMALY on [localization_node] message_timeout: Message timeout on /localization/pose: no message for 30.78s (expected ~0.099s, threshold 0.45s, last seen t=1789853634.35) (sev=1.00)
[monitor_node-5] [WARN] [1789853665.156176227] [diagnostic_monitor]: ANOMALY on [navigation_node] message_timeout: Message timeout on /navigation/cmd_vel: no message for 30.78s (expected ~0.099s, threshold 0.45s, last seen t=1789853634.36) (sev=1.00)
[monitor_node-5] [WARN] [1789853665.637622932] [diagnostic_monitor]: ANOMALY on [localization_node] message_timeout: Message timeout on /localization/pose: no message for 31.28s (expected ~0.099s, threshold 0.45s, last seen t=1789853634.35) (sev=1.00)
[monitor_node-5] [WARN] [1789853665.638538769] [diagnostic_monitor]: ANOMALY on [navigation_node] message_timeout: Message timeout on /navigation/cmd_vel: no message for 31.28s (expected ~0.099s, threshold 0.45s, last seen t=1789853634.36) (sev=1.00)
[monitor_node-5] [WARN] [1789853666.137612768] [diagnostic_monitor]: ANOMALY on [localization_node] message_timeout: Message timeout on /localization/pose: no message for 31.78s (expected ~0.099s, threshold 0.45s, last seen t=1789853634.35) (sev=1.00)
[monitor_node-5] [WARN] [1789853666.138639687] [diagnostic_monitor]: ANOMALY on [navigation_node] message_timeout: Message timeout on /navigation/cmd_vel: no message for 31.78s (expected ~0.099s, threshold 0.45s, last seen t=1789853634.36) (sev=1.00)
[monitor_node-5] [WARN] [1789853666.635701813] [diagnostic_monitor]: ANOMALY on [localization_node] message_timeout: Message timeout on /localization/pose: no message for 32.28s (expected ~0.099s, threshold 0.45s, last seen t=1789853634.35) (sev=1.00)
[monitor_node-5] [WARN] [1789853666.636594430] [diagnostic_monitor]: ANOMALY on [navigation_node] message_timeout: Message timeout on /navigation/cmd_vel: no message for 32.28s (expected ~0.099s, threshold 0.45s, last seen t=1789853634.36) (sev=1.00)
[monitor_node-5] [WARN] [1789853667.137668661] [diagnostic_monitor]: ANOMALY on [localization_node] message_timeout: Message timeout on /localization/pose: no message for 32.78s (expected ~0.099s, threshold 0.45s, last seen t=1789853634.35) (sev=1.00)
[monitor_node-5] [WARN] [1789853667.139185777] [diagnostic_monitor]: ANOMALY on [navigation_node] message_timeout: Message timeout on /navigation/cmd_vel: no message for 32.78s (expected ~0.099s, threshold 0.45s, last seen t=1789853634.36) (sev=1.00)
[monitor_node-5] [WARN] [1789853667.635591112] [diagnostic_monitor]: ANOMALY on [localization_node] message_timeout: Message timeout on /localization/pose: no message for 33.28s (expected ~0.099s, threshold 0.45s, last seen t=1789853634.35) (sev=1.00)
[monitor_node-5] [WARN] [1789853667.636388565] [diagnostic_monitor]: ANOMALY on [navigation_node] message_timeout: Message timeout on /navigation/cmd_vel: no message for 33.28s (expected ~0.099s, threshold 0.45s, last seen t=1789853634.36) (sev=1.00)
[monitor_node-5] [WARN] [1789853668.136751465] [diagnostic_monitor]: ANOMALY on [localization_node] message_timeout: Message timeout on /localization/pose: no message for 33.78s (expected ~0.099s, threshold 0.45s, last seen t=1789853634.35) (sev=1.00)
[monitor_node-5] [WARN] [1789853668.137532242] [diagnostic_monitor]: ANOMALY on [navigation_node] message_timeout: Message timeout on /navigation/cmd_vel: no message for 33.78s (expected ~0.099s, threshold 0.45s, last seen t=1789853634.36) (sev=1.00)
[monitor_node-5] [WARN] [1789853668.634774815] [diagnostic_monitor]: ANOMALY on [localization_node] message_timeout: Message timeout on /localization/pose: no message for 34.28s (expected ~0.099s, threshold 0.45s, last seen t=1789853634.35) (sev=1.00)
[monitor_node-5] [WARN] [1789853668.635366862] [diagnostic_monitor]: ANOMALY on [navigation_node] message_timeout: Message timeout on /navigation/cmd_vel: no message for 34.28s (expected ~0.099s, threshold 0.45s, last seen t=1789853634.36) (sev=1.00)
[monitor_node-5] [WARN] [1789853669.157388340] [diagnostic_monitor]: ANOMALY on [localization_node] message_timeout: Message timeout on /localization/pose: no message for 34.78s (expected ~0.099s, threshold 0.45s, last seen t=1789853634.35) (sev=1.00)
[monitor_node-5] [WARN] [1789853669.159242813] [diagnostic_monitor]: ANOMALY on [navigation_node] message_timeout: Message timeout on /navigation/cmd_vel: no message for 34.78s (expected ~0.099s, threshold 0.45s, last seen t=1789853634.36) (sev=1.00)
[monitor_node-5] [WARN] [1789853669.639307407] [diagnostic_monitor]: ANOMALY on [localization_node] message_timeout: Message timeout on /localization/pose: no message for 35.28s (expected ~0.099s, threshold 0.45s, last seen t=1789853634.35) (sev=1.00)
[monitor_node-5] [WARN] [1789853669.640141043] [diagnostic_monitor]: ANOMALY on [navigation_node] message_timeout: Message timeout on /navigation/cmd_vel: no message for 35.28s (expected ~0.099s, threshold 0.45s, last seen t=1789853634.36) (sev=1.00)
[monitor_node-5] [WARN] [1789853670.136542282] [diagnostic_monitor]: ANOMALY on [localization_node] message_timeout: Message timeout on /localization/pose: no message for 35.78s (expected ~0.099s, threshold 0.45s, last seen t=1789853634.35) (sev=1.00)
[monitor_node-5] [WARN] [1789853670.137331007] [diagnostic_monitor]: ANOMALY on [navigation_node] message_timeout: Message timeout on /navigation/cmd_vel: no message for 35.78s (expected ~0.099s, threshold 0.45s, last seen t=1789853634.36) (sev=1.00)
[monitor_node-5] [WARN] [1789853670.635079487] [diagnostic_monitor]: ANOMALY on [localization_node] message_timeout: Message timeout on /localization/pose: no message for 36.28s (expected ~0.099s, threshold 0.45s, last seen t=1789853634.35) (sev=1.00)
[monitor_node-5] [WARN] [1789853670.635957202] [diagnostic_monitor]: ANOMALY on [navigation_node] message_timeout: Message timeout on /navigation/cmd_vel: no message for 36.28s (expected ~0.099s, threshold 0.45s, last seen t=1789853634.36) (sev=1.00)
[monitor_node-5] [WARN] [1789853671.138117814] [diagnostic_monitor]: ANOMALY on [localization_node] message_timeout: Message timeout on /localization/pose: no message for 36.78s (expected ~0.099s, threshold 0.45s, last seen t=1789853634.35) (sev=1.00)
[monitor_node-5] [WARN] [1789853671.138913310] [diagnostic_monitor]: ANOMALY on [navigation_node] message_timeout: Message timeout on /navigation/cmd_vel: no message for 36.78s (expected ~0.099s, threshold 0.45s, last seen t=1789853634.36) (sev=1.00)
[monitor_node-5] [WARN] [1789853671.635340364] [diagnostic_monitor]: ANOMALY on [localization_node] message_timeout: Message timeout on /localization/pose: no message for 37.28s (expected ~0.099s, threshold 0.45s, last seen t=1789853634.35) (sev=1.00)
[monitor_node-5] [WARN] [1789853671.636187471] [diagnostic_monitor]: ANOMALY on [navigation_node] message_timeout: Message timeout on /navigation/cmd_vel: no message for 37.28s (expected ~0.099s, threshold 0.45s, last seen t=1789853634.36) (sev=1.00)
[monitor_node-5] [WARN] [1789853672.136831273] [diagnostic_monitor]: ANOMALY on [localization_node] message_timeout: Message timeout on /localization/pose: no message for 37.78s (expected ~0.099s, threshold 0.45s, last seen t=1789853634.35) (sev=1.00)
[monitor_node-5] [WARN] [1789853672.137685262] [diagnostic_monitor]: ANOMALY on [navigation_node] message_timeout: Message timeout on /navigation/cmd_vel: no message for 37.78s (expected ~0.099s, threshold 0.45s, last seen t=1789853634.36) (sev=1.00)
[monitor_node-5] [WARN] [1789853672.635063807] [diagnostic_monitor]: ANOMALY on [localization_node] message_timeout: Message timeout on /localization/pose: no message for 38.28s (expected ~0.099s, threshold 0.45s, last seen t=1789853634.35) (sev=1.00)
[monitor_node-5] [WARN] [1789853672.635840097] [diagnostic_monitor]: ANOMALY on [navigation_node] message_timeout: Message timeout on /navigation/cmd_vel: no message for 38.28s (expected ~0.099s, threshold 0.45s, last seen t=1789853634.36) (sev=1.00)
[monitor_node-5] [WARN] [1789853673.136102874] [diagnostic_monitor]: ANOMALY on [localization_node] message_timeout: Message timeout on /localization/pose: no message for 38.78s (expected ~0.099s, threshold 0.45s, last seen t=1789853634.35) (sev=1.00)
[monitor_node-5] [WARN] [1789853673.136985144] [diagnostic_monitor]: ANOMALY on [navigation_node] message_timeout: Message timeout on /navigation/cmd_vel: no message for 38.78s (expected ~0.099s, threshold 0.45s, last seen t=1789853634.36) (sev=1.00)
[monitor_node-5] [WARN] [1789853673.635324982] [diagnostic_monitor]: ANOMALY on [localization_node] message_timeout: Message timeout on /localization/pose: no message for 39.28s (expected ~0.099s, threshold 0.45s, last seen t=1789853634.35) (sev=1.00)
[monitor_node-5] [WARN] [1789853673.636870770] [diagnostic_monitor]: ANOMALY on [navigation_node] message_timeout: Message timeout on /navigation/cmd_vel: no message for 39.28s (expected ~0.099s, threshold 0.45s, last seen t=1789853634.36) (sev=1.00)
[monitor_node-5] [WARN] [1789853674.135992634] [diagnostic_monitor]: ANOMALY on [localization_node] message_timeout: Message timeout on /localization/pose: no message for 39.78s (expected ~0.099s, threshold 0.45s, last seen t=1789853634.35) (sev=1.00)
[monitor_node-5] [WARN] [1789853674.137588504] [diagnostic_monitor]: ANOMALY on [navigation_node] message_timeout: Message timeout on /navigation/cmd_vel: no message for 39.78s (expected ~0.099s, threshold 0.45s, last seen t=1789853634.36) (sev=1.00)
[monitor_node-5] [WARN] [1789853674.635454661] [diagnostic_monitor]: ANOMALY on [localization_node] message_timeout: Message timeout on /localization/pose: no message for 40.28s (expected ~0.099s, threshold 0.45s, last seen t=1789853634.35) (sev=1.00)
[monitor_node-5] [WARN] [1789853674.636350380] [diagnostic_monitor]: ANOMALY on [navigation_node] message_timeout: Message timeout on /navigation/cmd_vel: no message for 40.28s (expected ~0.099s, threshold 0.45s, last seen t=1789853634.36) (sev=1.00)
[monitor_node-5] [WARN] [1789853675.152447349] [diagnostic_monitor]: ANOMALY on [localization_node] message_timeout: Message timeout on /localization/pose: no message for 40.78s (expected ~0.099s, threshold 0.45s, last seen t=1789853634.35) (sev=1.00)
[monitor_node-5] [WARN] [1789853675.153973219] [diagnostic_monitor]: ANOMALY on [navigation_node] message_timeout: Message timeout on /navigation/cmd_vel: no message for 40.78s (expected ~0.099s, threshold 0.45s, last seen t=1789853634.36) (sev=1.00)
[monitor_node-5] [WARN] [1789853675.637649185] [diagnostic_monitor]: ANOMALY on [localization_node] message_timeout: Message timeout on /localization/pose: no message for 41.28s (expected ~0.099s, threshold 0.45s, last seen t=1789853634.35) (sev=1.00)
[monitor_node-5] [WARN] [1789853675.638763331] [diagnostic_monitor]: ANOMALY on [navigation_node] message_timeout: Message timeout on /navigation/cmd_vel: no message for 41.28s (expected ~0.099s, threshold 0.45s, last seen t=1789853634.36) (sev=1.00)
[monitor_node-5] [WARN] [1789853676.135956365] [diagnostic_monitor]: ANOMALY on [localization_node] message_timeout: Message timeout on /localization/pose: no message for 41.78s (expected ~0.099s, threshold 0.45s, last seen t=1789853634.35) (sev=1.00)
[monitor_node-5] [WARN] [1789853676.136912462] [diagnostic_monitor]: ANOMALY on [navigation_node] message_timeout: Message timeout on /navigation/cmd_vel: no message for 41.78s (expected ~0.099s, threshold 0.45s, last seen t=1789853634.36) (sev=1.00)
[monitor_node-5] [WARN] [1789853676.635514709] [diagnostic_monitor]: ANOMALY on [localization_node] message_timeout: Message timeout on /localization/pose: no message for 42.28s (expected ~0.099s, threshold 0.45s, last seen t=1789853634.35) (sev=1.00)
[monitor_node-5] [WARN] [1789853676.637011373] [diagnostic_monitor]: ANOMALY on [navigation_node] message_timeout: Message timeout on /navigation/cmd_vel: no message for 42.28s (expected ~0.099s, threshold 0.45s, last seen t=1789853634.36) (sev=1.00)
[monitor_node-5] [WARN] [1789853677.138265648] [diagnostic_monitor]: ANOMALY on [localization_node] message_timeout: Message timeout on /localization/pose: no message for 42.78s (expected ~0.099s, threshold 0.45s, last seen t=1789853634.35) (sev=1.00)
[monitor_node-5] [WARN] [1789853677.147945503] [diagnostic_monitor]: ANOMALY on [navigation_node] message_timeout: Message timeout on /navigation/cmd_vel: no message for 42.78s (expected ~0.099s, threshold 0.45s, last seen t=1789853634.36) (sev=1.00)
[monitor_node-5] [WARN] [1789853677.638171659] [diagnostic_monitor]: ANOMALY on [localization_node] message_timeout: Message timeout on /localization/pose: no message for 43.28s (expected ~0.099s, threshold 0.45s, last seen t=1789853634.35) (sev=1.00)
[monitor_node-5] [WARN] [1789853677.639372174] [diagnostic_monitor]: ANOMALY on [navigation_node] message_timeout: Message timeout on /navigation/cmd_vel: no message for 43.28s (expected ~0.099s, threshold 0.45s, last seen t=1789853634.36) (sev=1.00)
[monitor_node-5] [WARN] [1789853678.136748870] [diagnostic_monitor]: ANOMALY on [localization_node] message_timeout: Message timeout on /localization/pose: no message for 43.78s (expected ~0.099s, threshold 0.45s, last seen t=1789853634.35) (sev=1.00)
[monitor_node-5] [WARN] [1789853678.137698352] [diagnostic_monitor]: ANOMALY on [navigation_node] message_timeout: Message timeout on /navigation/cmd_vel: no message for 43.78s (expected ~0.099s, threshold 0.45s, last seen t=1789853634.36) (sev=1.00)
[monitor_node-5] [WARN] [1789853678.636481520] [diagnostic_monitor]: ANOMALY on [localization_node] message_timeout: Message timeout on /localization/pose: no message for 44.28s (expected ~0.099s, threshold 0.45s, last seen t=1789853634.35) (sev=1.00)
[monitor_node-5] [WARN] [1789853678.637705126] [diagnostic_monitor]: ANOMALY on [navigation_node] message_timeout: Message timeout on /navigation/cmd_vel: no message for 44.28s (expected ~0.099s, threshold 0.45s, last seen t=1789853634.36) (sev=1.00)
[monitor_node-5] [WARN] [1789853679.136762470] [diagnostic_monitor]: ANOMALY on [localization_node] message_timeout: Message timeout on /localization/pose: no message for 44.78s (expected ~0.099s, threshold 0.45s, last seen t=1789853634.35) (sev=1.00)
[monitor_node-5] [WARN] [1789853679.137810229] [diagnostic_monitor]: ANOMALY on [navigation_node] message_timeout: Message timeout on /navigation/cmd_vel: no message for 44.78s (expected ~0.099s, threshold 0.45s, last seen t=1789853634.36) (sev=1.00)
[monitor_node-5] [WARN] [1789853679.637555754] [diagnostic_monitor]: ANOMALY on [localization_node] message_timeout: Message timeout on /localization/pose: no message for 45.28s (expected ~0.099s, threshold 0.45s, last seen t=1789853634.35) (sev=1.00)
[monitor_node-5] [WARN] [1789853679.639626457] [diagnostic_monitor]: ANOMALY on [navigation_node] message_timeout: Message timeout on /navigation/cmd_vel: no message for 45.28s (expected ~0.099s, threshold 0.45s, last seen t=1789853634.36) (sev=1.00)
[monitor_node-5] [WARN] [1789853680.156199998] [diagnostic_monitor]: ANOMALY on [localization_node] message_timeout: Message timeout on /localization/pose: no message for 45.79s (expected ~0.099s, threshold 0.45s, last seen t=1789853634.35) (sev=1.00)
[monitor_node-5] [WARN] [1789853680.157252219] [diagnostic_monitor]: ANOMALY on [navigation_node] message_timeout: Message timeout on /navigation/cmd_vel: no message for 45.79s (expected ~0.099s, threshold 0.45s, last seen t=1789853634.36) (sev=1.00)
[monitor_node-5] [WARN] [1789853680.685810891] [diagnostic_monitor]: ANOMALY on [localization_node] message_timeout: Message timeout on /localization/pose: no message for 46.28s (expected ~0.099s, threshold 0.45s, last seen t=1789853634.35) (sev=1.00)
[monitor_node-5] [WARN] [1789853680.687894512] [diagnostic_monitor]: ANOMALY on [navigation_node] message_timeout: Message timeout on /navigation/cmd_vel: no message for 46.28s (expected ~0.099s, threshold 0.45s, last seen t=1789853634.36) (sev=1.00)
[monitor_node-5] [WARN] [1789853681.402427412] [diagnostic_monitor]: ANOMALY on [localization_node] message_timeout: Message timeout on /localization/pose: no message for 46.78s (expected ~0.099s, threshold 0.45s, last seen t=1789853634.35) (sev=1.00)
[monitor_node-5] [WARN] [1789853681.404941806] [diagnostic_monitor]: ANOMALY on [navigation_node] message_timeout: Message timeout on /navigation/cmd_vel: no message for 46.78s (expected ~0.099s, threshold 0.45s, last seen t=1789853634.36) (sev=1.00)
[monitor_node-5] [WARN] [1789853681.635839749] [diagnostic_monitor]: ANOMALY on [localization_node] message_timeout: Message timeout on /localization/pose: no message for 47.28s (expected ~0.099s, threshold 0.45s, last seen t=1789853634.35) (sev=1.00)
[monitor_node-5] [WARN] [1789853681.637411792] [diagnostic_monitor]: ANOMALY on [navigation_node] message_timeout: Message timeout on /navigation/cmd_vel: no message for 47.28s (expected ~0.099s, threshold 0.45s, last seen t=1789853634.36) (sev=1.00)
[monitor_node-5] [WARN] [1789853682.138311187] [diagnostic_monitor]: ANOMALY on [localization_node] message_timeout: Message timeout on /localization/pose: no message for 47.78s (expected ~0.099s, threshold 0.45s, last seen t=1789853634.35) (sev=1.00)
[monitor_node-5] [WARN] [1789853682.140578802] [diagnostic_monitor]: ANOMALY on [navigation_node] message_timeout: Message timeout on /navigation/cmd_vel: no message for 47.78s (expected ~0.099s, threshold 0.45s, last seen t=1789853634.36) (sev=1.00)
[monitor_node-5] [WARN] [1789853682.639802276] [diagnostic_monitor]: ANOMALY on [localization_node] message_timeout: Message timeout on /localization/pose: no message for 48.28s (expected ~0.099s, threshold 0.45s, last seen t=1789853634.35) (sev=1.00)
[monitor_node-5] [WARN] [1789853682.642919681] [diagnostic_monitor]: ANOMALY on [navigation_node] message_timeout: Message timeout on /navigation/cmd_vel: no message for 48.28s (expected ~0.099s, threshold 0.45s, last seen t=1789853634.36) (sev=1.00)
[monitor_node-5] [WARN] [1789853683.140353206] [diagnostic_monitor]: ANOMALY on [localization_node] message_timeout: Message timeout on /localization/pose: no message for 48.78s (expected ~0.099s, threshold 0.45s, last seen t=1789853634.35) (sev=1.00)
[monitor_node-5] [WARN] [1789853683.142479662] [diagnostic_monitor]: ANOMALY on [navigation_node] message_timeout: Message timeout on /navigation/cmd_vel: no message for 48.78s (expected ~0.099s, threshold 0.45s, last seen t=1789853634.36) (sev=1.00)
[monitor_node-5] [WARN] [1789853683.636770218] [diagnostic_monitor]: ANOMALY on [localization_node] message_timeout: Message timeout on /localization/pose: no message for 49.28s (expected ~0.099s, threshold 0.45s, last seen t=1789853634.35) (sev=1.00)
[monitor_node-5] [WARN] [1789853683.638603826] [diagnostic_monitor]: ANOMALY on [navigation_node] message_timeout: Message timeout on /navigation/cmd_vel: no message for 49.28s (expected ~0.099s, threshold 0.45s, last seen t=1789853634.36) (sev=1.00)
[monitor_node-5] [WARN] [1789853684.136681010] [diagnostic_monitor]: ANOMALY on [localization_node] message_timeout: Message timeout on /localization/pose: no message for 49.78s (expected ~0.099s, threshold 0.45s, last seen t=1789853634.35) (sev=1.00)
[monitor_node-5] [WARN] [1789853684.137734946] [diagnostic_monitor]: ANOMALY on [navigation_node] message_timeout: Message timeout on /navigation/cmd_vel: no message for 49.78s (expected ~0.099s, threshold 0.45s, last seen t=1789853634.36) (sev=1.00)
[monitor_node-5] [WARN] [1789853684.636018065] [diagnostic_monitor]: ANOMALY on [localization_node] message_timeout: Message timeout on /localization/pose: no message for 50.28s (expected ~0.099s, threshold 0.45s, last seen t=1789853634.35) (sev=1.00)
[monitor_node-5] [WARN] [1789853684.637471945] [diagnostic_monitor]: ANOMALY on [navigation_node] message_timeout: Message timeout on /navigation/cmd_vel: no message for 50.28s (expected ~0.099s, threshold 0.45s, last seen t=1789853634.36) (sev=1.00)
[monitor_node-5] [WARN] [1789853685.151518279] [diagnostic_monitor]: ANOMALY on [localization_node] message_timeout: Message timeout on /localization/pose: no message for 50.79s (expected ~0.099s, threshold 0.45s, last seen t=1789853634.35) (sev=1.00)
[monitor_node-5] [WARN] [1789853685.152823871] [diagnostic_monitor]: ANOMALY on [navigation_node] message_timeout: Message timeout on /navigation/cmd_vel: no message for 50.79s (expected ~0.099s, threshold 0.45s, last seen t=1789853634.36) (sev=1.00)
[monitor_node-5] [WARN] [1789853685.688979966] [diagnostic_monitor]: ANOMALY on [localization_node] message_timeout: Message timeout on /localization/pose: no message for 51.28s (expected ~0.099s, threshold 0.45s, last seen t=1789853634.35) (sev=1.00)
[monitor_node-5] [WARN] [1789853685.691537476] [diagnostic_monitor]: ANOMALY on [navigation_node] message_timeout: Message timeout on /navigation/cmd_vel: no message for 51.28s (expected ~0.099s, threshold 0.45s, last seen t=1789853634.36) (sev=1.00)
[monitor_node-5] [WARN] [1789853686.138291397] [diagnostic_monitor]: ANOMALY on [localization_node] message_timeout: Message timeout on /localization/pose: no message for 51.78s (expected ~0.099s, threshold 0.45s, last seen t=1789853634.35) (sev=1.00)
[monitor_node-5] [WARN] [1789853686.139891563] [diagnostic_monitor]: ANOMALY on [navigation_node] message_timeout: Message timeout on /navigation/cmd_vel: no message for 51.78s (expected ~0.099s, threshold 0.45s, last seen t=1789853634.36) (sev=1.00)
[monitor_node-5] [WARN] [1789853686.636464865] [diagnostic_monitor]: ANOMALY on [localization_node] message_timeout: Message timeout on /localization/pose: no message for 52.28s (expected ~0.099s, threshold 0.45s, last seen t=1789853634.35) (sev=1.00)
[monitor_node-5] [WARN] [1789853686.637490132] [diagnostic_monitor]: ANOMALY on [navigation_node] message_timeout: Message timeout on /navigation/cmd_vel: no message for 52.28s (expected ~0.099s, threshold 0.45s, last seen t=1789853634.36) (sev=1.00)
[monitor_node-5] [WARN] [1789853687.137888182] [diagnostic_monitor]: ANOMALY on [localization_node] message_timeout: Message timeout on /localization/pose: no message for 52.78s (expected ~0.099s, threshold 0.45s, last seen t=1789853634.35) (sev=1.00)
[monitor_node-5] [WARN] [1789853687.139431804] [diagnostic_monitor]: ANOMALY on [navigation_node] message_timeout: Message timeout on /navigation/cmd_vel: no message for 52.78s (expected ~0.099s, threshold 0.45s, last seen t=1789853634.36) (sev=1.00)
[monitor_node-5] [WARN] [1789853687.636612021] [diagnostic_monitor]: ANOMALY on [localization_node] message_timeout: Message timeout on /localization/pose: no message for 53.28s (expected ~0.099s, threshold 0.45s, last seen t=1789853634.35) (sev=1.00)
[monitor_node-5] [WARN] [1789853687.639080063] [diagnostic_monitor]: ANOMALY on [navigation_node] message_timeout: Message timeout on /navigation/cmd_vel: no message for 53.28s (expected ~0.099s, threshold 0.45s, last seen t=1789853634.36) (sev=1.00)
[monitor_node-5] [WARN] [1789853688.138427640] [diagnostic_monitor]: ANOMALY on [localization_node] message_timeout: Message timeout on /localization/pose: no message for 53.78s (expected ~0.099s, threshold 0.45s, last seen t=1789853634.35) (sev=1.00)
[monitor_node-5] [WARN] [1789853688.141988115] [diagnostic_monitor]: ANOMALY on [navigation_node] message_timeout: Message timeout on /navigation/cmd_vel: no message for 53.78s (expected ~0.099s, threshold 0.45s, last seen t=1789853634.36) (sev=1.00)
[monitor_node-5] [WARN] [1789853688.635732294] [diagnostic_monitor]: ANOMALY on [localization_node] message_timeout: Message timeout on /localization/pose: no message for 54.28s (expected ~0.099s, threshold 0.45s, last seen t=1789853634.35) (sev=1.00)
[monitor_node-5] [WARN] [1789853688.637068995] [diagnostic_monitor]: ANOMALY on [navigation_node] message_timeout: Message timeout on /navigation/cmd_vel: no message for 54.28s (expected ~0.099s, threshold 0.45s, last seen t=1789853634.36) (sev=1.00)
[monitor_node-5] [WARN] [1789853689.136299542] [diagnostic_monitor]: ANOMALY on [localization_node] message_timeout: Message timeout on /localization/pose: no message for 54.78s (expected ~0.099s, threshold 0.45s, last seen t=1789853634.35) (sev=1.00)
[monitor_node-5] [WARN] [1789853689.137582523] [diagnostic_monitor]: ANOMALY on [navigation_node] message_timeout: Message timeout on /navigation/cmd_vel: no message for 54.78s (expected ~0.099s, threshold 0.45s, last seen t=1789853634.36) (sev=1.00)
[monitor_node-5] [WARN] [1789853689.635458512] [diagnostic_monitor]: ANOMALY on [localization_node] message_timeout: Message timeout on /localization/pose: no message for 55.28s (expected ~0.099s, threshold 0.45s, last seen t=1789853634.35) (sev=1.00)
[monitor_node-5] [WARN] [1789853689.636394230] [diagnostic_monitor]: ANOMALY on [navigation_node] message_timeout: Message timeout on /navigation/cmd_vel: no message for 55.28s (expected ~0.099s, threshold 0.45s, last seen t=1789853634.36) (sev=1.00)
[monitor_node-5] [WARN] [1789853690.160452798] [diagnostic_monitor]: ANOMALY on [localization_node] message_timeout: Message timeout on /localization/pose: no message for 55.80s (expected ~0.099s, threshold 0.45s, last seen t=1789853634.35) (sev=1.00)
[monitor_node-5] [WARN] [1789853690.167282563] [diagnostic_monitor]: ANOMALY on [navigation_node] message_timeout: Message timeout on /navigation/cmd_vel: no message for 55.80s (expected ~0.099s, threshold 0.45s, last seen t=1789853634.36) (sev=1.00)
[monitor_node-5] [WARN] [1789853690.636280487] [diagnostic_monitor]: ANOMALY on [localization_node] message_timeout: Message timeout on /localization/pose: no message for 56.28s (expected ~0.099s, threshold 0.45s, last seen t=1789853634.35) (sev=1.00)
[monitor_node-5] [WARN] [1789853690.637909032] [diagnostic_monitor]: ANOMALY on [navigation_node] message_timeout: Message timeout on /navigation/cmd_vel: no message for 56.28s (expected ~0.099s, threshold 0.45s, last seen t=1789853634.36) (sev=1.00)
[monitor_node-5] [WARN] [1789853691.251236846] [diagnostic_monitor]: ANOMALY on [localization_node] message_timeout: Message timeout on /localization/pose: no message for 56.78s (expected ~0.099s, threshold 0.45s, last seen t=1789853634.35) (sev=1.00)
[monitor_node-5] [WARN] [1789853691.252361648] [diagnostic_monitor]: ANOMALY on [navigation_node] message_timeout: Message timeout on /navigation/cmd_vel: no message for 56.78s (expected ~0.099s, threshold 0.45s, last seen t=1789853634.36) (sev=1.00)
[monitor_node-5] [WARN] [1789853691.636324469] [diagnostic_monitor]: ANOMALY on [localization_node] message_timeout: Message timeout on /localization/pose: no message for 57.28s (expected ~0.099s, threshold 0.45s, last seen t=1789853634.35) (sev=1.00)
[monitor_node-5] [WARN] [1789853691.638711150] [diagnostic_monitor]: ANOMALY on [navigation_node] message_timeout: Message timeout on /navigation/cmd_vel: no message for 57.28s (expected ~0.099s, threshold 0.45s, last seen t=1789853634.36) (sev=1.00)
[monitor_node-5] [WARN] [1789853692.136682402] [diagnostic_monitor]: ANOMALY on [localization_node] message_timeout: Message timeout on /localization/pose: no message for 57.78s (expected ~0.099s, threshold 0.45s, last seen t=1789853634.35) (sev=1.00)
[monitor_node-5] [WARN] [1789853692.138770704] [diagnostic_monitor]: ANOMALY on [navigation_node] message_timeout: Message timeout on /navigation/cmd_vel: no message for 57.78s (expected ~0.099s, threshold 0.45s, last seen t=1789853634.36) (sev=1.00)
[monitor_node-5] [WARN] [1789853692.637402125] [diagnostic_monitor]: ANOMALY on [localization_node] message_timeout: Message timeout on /localization/pose: no message for 58.28s (expected ~0.099s, threshold 0.45s, last seen t=1789853634.35) (sev=1.00)
[monitor_node-5] [WARN] [1789853692.638862499] [diagnostic_monitor]: ANOMALY on [navigation_node] message_timeout: Message timeout on /navigation/cmd_vel: no message for 58.28s (expected ~0.099s, threshold 0.45s, last seen t=1789853634.36) (sev=1.00)
[monitor_node-5] [WARN] [1789853693.136765526] [diagnostic_monitor]: ANOMALY on [localization_node] message_timeout: Message timeout on /localization/pose: no message for 58.78s (expected ~0.099s, threshold 0.45s, last seen t=1789853634.35) (sev=1.00)
[monitor_node-5] [WARN] [1789853693.138378515] [diagnostic_monitor]: ANOMALY on [navigation_node] message_timeout: Message timeout on /navigation/cmd_vel: no message for 58.78s (expected ~0.099s, threshold 0.45s, last seen t=1789853634.36) (sev=1.00)
[monitor_node-5] [WARN] [1789853693.635692043] [diagnostic_monitor]: ANOMALY on [localization_node] message_timeout: Message timeout on /localization/pose: no message for 59.28s (expected ~0.099s, threshold 0.45s, last seen t=1789853634.35) (sev=1.00)
[monitor_node-5] [WARN] [1789853693.636609896] [diagnostic_monitor]: ANOMALY on [navigation_node] message_timeout: Message timeout on /navigation/cmd_vel: no message for 59.28s (expected ~0.099s, threshold 0.45s, last seen t=1789853634.36) (sev=1.00)
[monitor_node-5] [WARN] [1789853694.136019046] [diagnostic_monitor]: ANOMALY on [localization_node] message_timeout: Message timeout on /localization/pose: no message for 59.78s (expected ~0.099s, threshold 0.45s, last seen t=1789853634.35) (sev=1.00)
[monitor_node-5] [WARN] [1789853694.136848740] [diagnostic_monitor]: ANOMALY on [navigation_node] message_timeout: Message timeout on /navigation/cmd_vel: no message for 59.78s (expected ~0.099s, threshold 0.45s, last seen t=1789853634.36) (sev=1.00)
[monitor_node-5] [WARN] [1789853694.635262663] [diagnostic_monitor]: ANOMALY on [localization_node] message_timeout: Message timeout on /localization/pose: no message for 60.28s (expected ~0.099s, threshold 0.45s, last seen t=1789853634.35) (sev=1.00)
[monitor_node-5] [WARN] [1789853694.636196858] [diagnostic_monitor]: ANOMALY on [navigation_node] message_timeout: Message timeout on /navigation/cmd_vel: no message for 60.28s (expected ~0.099s, threshold 0.45s, last seen t=1789853634.36) (sev=1.00)
[monitor_node-5] [WARN] [1789853695.136795364] [diagnostic_monitor]: ANOMALY on [localization_node] message_timeout: Message timeout on /localization/pose: no message for 60.78s (expected ~0.099s, threshold 0.45s, last seen t=1789853634.35) (sev=1.00)
[monitor_node-5] [WARN] [1789853695.137462208] [diagnostic_monitor]: ANOMALY on [navigation_node] message_timeout: Message timeout on /navigation/cmd_vel: no message for 60.78s (expected ~0.099s, threshold 0.45s, last seen t=1789853634.36) (sev=1.00)
[monitor_node-5] [WARN] [1789853695.635496856] [diagnostic_monitor]: ANOMALY on [localization_node] message_timeout: Message timeout on /localization/pose: no message for 61.28s (expected ~0.099s, threshold 0.45s, last seen t=1789853634.35) (sev=1.00)
[monitor_node-5] [WARN] [1789853695.636626917] [diagnostic_monitor]: ANOMALY on [navigation_node] message_timeout: Message timeout on /navigation/cmd_vel: no message for 61.28s (expected ~0.099s, threshold 0.45s, last seen t=1789853634.36) (sev=1.00)
[monitor_node-5] [WARN] [1789853696.136999526] [diagnostic_monitor]: ANOMALY on [localization_node] message_timeout: Message timeout on /localization/pose: no message for 61.78s (expected ~0.099s, threshold 0.45s, last seen t=1789853634.35) (sev=1.00)
[monitor_node-5] [WARN] [1789853696.138037543] [diagnostic_monitor]: ANOMALY on [navigation_node] message_timeout: Message timeout on /navigation/cmd_vel: no message for 61.78s (expected ~0.099s, threshold 0.45s, last seen t=1789853634.36) (sev=1.00)
[monitor_node-5] [WARN] [1789853696.635259287] [diagnostic_monitor]: ANOMALY on [localization_node] message_timeout: Message timeout on /localization/pose: no message for 62.28s (expected ~0.099s, threshold 0.45s, last seen t=1789853634.35) (sev=1.00)
[monitor_node-5] [WARN] [1789853696.636113041] [diagnostic_monitor]: ANOMALY on [navigation_node] message_timeout: Message timeout on /navigation/cmd_vel: no message for 62.28s (expected ~0.099s, threshold 0.45s, last seen t=1789853634.36) (sev=1.00)
[monitor_node-5] [WARN] [1789853697.136749506] [diagnostic_monitor]: ANOMALY on [localization_node] message_timeout: Message timeout on /localization/pose: no message for 62.78s (expected ~0.099s, threshold 0.45s, last seen t=1789853634.35) (sev=1.00)
[monitor_node-5] [WARN] [1789853697.147956710] [diagnostic_monitor]: ANOMALY on [navigation_node] message_timeout: Message timeout on /navigation/cmd_vel: no message for 62.78s (expected ~0.099s, threshold 0.45s, last seen t=1789853634.36) (sev=1.00)
[monitor_node-5] [WARN] [1789853697.635756589] [diagnostic_monitor]: ANOMALY on [localization_node] message_timeout: Message timeout on /localization/pose: no message for 63.28s (expected ~0.099s, threshold 0.45s, last seen t=1789853634.35) (sev=1.00)
[monitor_node-5] [WARN] [1789853697.636841918] [diagnostic_monitor]: ANOMALY on [navigation_node] message_timeout: Message timeout on /navigation/cmd_vel: no message for 63.28s (expected ~0.099s, threshold 0.45s, last seen t=1789853634.36) (sev=1.00)
[monitor_node-5] [WARN] [1789853698.141164456] [diagnostic_monitor]: ANOMALY on [localization_node] message_timeout: Message timeout on /localization/pose: no message for 63.78s (expected ~0.099s, threshold 0.45s, last seen t=1789853634.35) (sev=1.00)
[monitor_node-5] [WARN] [1789853698.142458260] [diagnostic_monitor]: ANOMALY on [navigation_node] message_timeout: Message timeout on /navigation/cmd_vel: no message for 63.78s (expected ~0.099s, threshold 0.45s, last seen t=1789853634.36) (sev=1.00)
[monitor_node-5] [WARN] [1789853698.635318489] [diagnostic_monitor]: ANOMALY on [localization_node] message_timeout: Message timeout on /localization/pose: no message for 64.28s (expected ~0.099s, threshold 0.45s, last seen t=1789853634.35) (sev=1.00)
[monitor_node-5] [WARN] [1789853698.636210563] [diagnostic_monitor]: ANOMALY on [navigation_node] message_timeout: Message timeout on /navigation/cmd_vel: no message for 64.28s (expected ~0.099s, threshold 0.45s, last seen t=1789853634.36) (sev=1.00)
[monitor_node-5] [WARN] [1789853699.136037770] [diagnostic_monitor]: ANOMALY on [localization_node] message_timeout: Message timeout on /localization/pose: no message for 64.78s (expected ~0.099s, threshold 0.45s, last seen t=1789853634.35) (sev=1.00)
[monitor_node-5] [WARN] [1789853699.137123644] [diagnostic_monitor]: ANOMALY on [navigation_node] message_timeout: Message timeout on /navigation/cmd_vel: no message for 64.78s (expected ~0.099s, threshold 0.45s, last seen t=1789853634.36) (sev=1.00)
[monitor_node-5] [WARN] [1789853699.634995953] [diagnostic_monitor]: ANOMALY on [localization_node] message_timeout: Message timeout on /localization/pose: no message for 65.28s (expected ~0.099s, threshold 0.45s, last seen t=1789853634.35) (sev=1.00)
[monitor_node-5] [WARN] [1789853699.635649318] [diagnostic_monitor]: ANOMALY on [navigation_node] message_timeout: Message timeout on /navigation/cmd_vel: no message for 65.28s (expected ~0.099s, threshold 0.45s, last seen t=1789853634.36) (sev=1.00)
[monitor_node-5] [WARN] [1789853700.138405889] [diagnostic_monitor]: ANOMALY on [localization_node] message_timeout: Message timeout on /localization/pose: no message for 65.78s (expected ~0.099s, threshold 0.45s, last seen t=1789853634.35) (sev=1.00)
[monitor_node-5] [WARN] [1789853700.139237124] [diagnostic_monitor]: ANOMALY on [navigation_node] message_timeout: Message timeout on /navigation/cmd_vel: no message for 65.78s (expected ~0.099s, threshold 0.45s, last seen t=1789853634.36) (sev=1.00)
[monitor_node-5] [WARN] [1789853700.634969979] [diagnostic_monitor]: ANOMALY on [localization_node] message_timeout: Message timeout on /localization/pose: no message for 66.28s (expected ~0.099s, threshold 0.45s, last seen t=1789853634.35) (sev=1.00)
[monitor_node-5] [WARN] [1789853700.635905559] [diagnostic_monitor]: ANOMALY on [navigation_node] message_timeout: Message timeout on /navigation/cmd_vel: no message for 66.28s (expected ~0.099s, threshold 0.45s, last seen t=1789853634.36) (sev=1.00)
[monitor_node-5] [WARN] [1789853701.136639804] [diagnostic_monitor]: ANOMALY on [localization_node] message_timeout: Message timeout on /localization/pose: no message for 66.78s (expected ~0.099s, threshold 0.45s, last seen t=1789853634.35) (sev=1.00)
[monitor_node-5] [WARN] [1789853701.137565034] [diagnostic_monitor]: ANOMALY on [navigation_node] message_timeout: Message timeout on /navigation/cmd_vel: no message for 66.78s (expected ~0.099s, threshold 0.45s, last seen t=1789853634.36) (sev=1.00)
[monitor_node-5] [WARN] [1789853701.635076704] [diagnostic_monitor]: ANOMALY on [localization_node] message_timeout: Message timeout on /localization/pose: no message for 67.28s (expected ~0.099s, threshold 0.45s, last seen t=1789853634.35) (sev=1.00)
[monitor_node-5] [WARN] [1789853701.635811204] [diagnostic_monitor]: ANOMALY on [navigation_node] message_timeout: Message timeout on /navigation/cmd_vel: no message for 67.28s (expected ~0.099s, threshold 0.45s, last seen t=1789853634.36) (sev=1.00)
[monitor_node-5] [WARN] [1789853702.137276648] [diagnostic_monitor]: ANOMALY on [localization_node] message_timeout: Message timeout on /localization/pose: no message for 67.78s (expected ~0.099s, threshold 0.45s, last seen t=1789853634.35) (sev=1.00)
[monitor_node-5] [WARN] [1789853702.138888542] [diagnostic_monitor]: ANOMALY on [navigation_node] message_timeout: Message timeout on /navigation/cmd_vel: no message for 67.78s (expected ~0.099s, threshold 0.45s, last seen t=1789853634.36) (sev=1.00)
[monitor_node-5] [WARN] [1789853702.635022870] [diagnostic_monitor]: ANOMALY on [localization_node] message_timeout: Message timeout on /localization/pose: no message for 68.28s (expected ~0.099s, threshold 0.45s, last seen t=1789853634.35) (sev=1.00)
[monitor_node-5] [WARN] [1789853702.635892846] [diagnostic_monitor]: ANOMALY on [navigation_node] message_timeout: Message timeout on /navigation/cmd_vel: no message for 68.28s (expected ~0.099s, threshold 0.45s, last seen t=1789853634.36) (sev=1.00)
[monitor_node-5] [WARN] [1789853703.136257452] [diagnostic_monitor]: ANOMALY on [localization_node] message_timeout: Message timeout on /localization/pose: no message for 68.78s (expected ~0.099s, threshold 0.45s, last seen t=1789853634.35) (sev=1.00)
[monitor_node-5] [WARN] [1789853703.137078633] [diagnostic_monitor]: ANOMALY on [navigation_node] message_timeout: Message timeout on /navigation/cmd_vel: no message for 68.78s (expected ~0.099s, threshold 0.45s, last seen t=1789853634.36) (sev=1.00)
[monitor_node-5] [WARN] [1789853703.634715652] [diagnostic_monitor]: ANOMALY on [localization_node] message_timeout: Message timeout on /localization/pose: no message for 69.28s (expected ~0.099s, threshold 0.45s, last seen t=1789853634.35) (sev=1.00)
[monitor_node-5] [WARN] [1789853703.635474708] [diagnostic_monitor]: ANOMALY on [navigation_node] message_timeout: Message timeout on /navigation/cmd_vel: no message for 69.28s (expected ~0.099s, threshold 0.45s, last seen t=1789853634.36) (sev=1.00)
[monitor_node-5] [WARN] [1789853704.137249717] [diagnostic_monitor]: ANOMALY on [localization_node] message_timeout: Message timeout on /localization/pose: no message for 69.78s (expected ~0.099s, threshold 0.45s, last seen t=1789853634.35) (sev=1.00)
[monitor_node-5] [WARN] [1789853704.138030133] [diagnostic_monitor]: ANOMALY on [navigation_node] message_timeout: Message timeout on /navigation/cmd_vel: no message for 69.78s (expected ~0.099s, threshold 0.45s, last seen t=1789853634.36) (sev=1.00)
[monitor_node-5] [WARN] [1789853704.634648387] [diagnostic_monitor]: ANOMALY on [localization_node] message_timeout: Message timeout on /localization/pose: no message for 70.28s (expected ~0.099s, threshold 0.45s, last seen t=1789853634.35) (sev=1.00)
[monitor_node-5] [WARN] [1789853704.635211298] [diagnostic_monitor]: ANOMALY on [navigation_node] message_timeout: Message timeout on /navigation/cmd_vel: no message for 70.28s (expected ~0.099s, threshold 0.45s, last seen t=1789853634.36) (sev=1.00)
[monitor_node-5] [WARN] [1789853705.136069356] [diagnostic_monitor]: ANOMALY on [localization_node] message_timeout: Message timeout on /localization/pose: no message for 70.78s (expected ~0.099s, threshold 0.45s, last seen t=1789853634.35) (sev=1.00)
[monitor_node-5] [WARN] [1789853705.136872765] [diagnostic_monitor]: ANOMALY on [navigation_node] message_timeout: Message timeout on /navigation/cmd_vel: no message for 70.78s (expected ~0.099s, threshold 0.45s, last seen t=1789853634.36) (sev=1.00)
[monitor_node-5] [WARN] [1789853705.635153215] [diagnostic_monitor]: ANOMALY on [localization_node] message_timeout: Message timeout on /localization/pose: no message for 71.28s (expected ~0.099s, threshold 0.45s, last seen t=1789853634.35) (sev=1.00)
[monitor_node-5] [WARN] [1789853705.635937928] [diagnostic_monitor]: ANOMALY on [navigation_node] message_timeout: Message timeout on /navigation/cmd_vel: no message for 71.28s (expected ~0.099s, threshold 0.45s, last seen t=1789853634.36) (sev=1.00)
[monitor_node-5] [WARN] [1789853706.135963369] [diagnostic_monitor]: ANOMALY on [localization_node] message_timeout: Message timeout on /localization/pose: no message for 71.78s (expected ~0.099s, threshold 0.45s, last seen t=1789853634.35) (sev=1.00)
[monitor_node-5] [WARN] [1789853706.141621770] [diagnostic_monitor]: ANOMALY on [navigation_node] message_timeout: Message timeout on /navigation/cmd_vel: no message for 71.78s (expected ~0.099s, threshold 0.45s, last seen t=1789853634.36) (sev=1.00)
[monitor_node-5] [WARN] [1789853706.634854218] [diagnostic_monitor]: ANOMALY on [localization_node] message_timeout: Message timeout on /localization/pose: no message for 72.28s (expected ~0.099s, threshold 0.45s, last seen t=1789853634.35) (sev=1.00)
[monitor_node-5] [WARN] [1789853706.635685543] [diagnostic_monitor]: ANOMALY on [navigation_node] message_timeout: Message timeout on /navigation/cmd_vel: no message for 72.28s (expected ~0.099s, threshold 0.45s, last seen t=1789853634.36) (sev=1.00)
[monitor_node-5] [WARN] [1789853707.135430067] [diagnostic_monitor]: ANOMALY on [localization_node] message_timeout: Message timeout on /localization/pose: no message for 72.78s (expected ~0.099s, threshold 0.45s, last seen t=1789853634.35) (sev=1.00)
[monitor_node-5] [WARN] [1789853707.136039614] [diagnostic_monitor]: ANOMALY on [navigation_node] message_timeout: Message timeout on /navigation/cmd_vel: no message for 72.78s (expected ~0.099s, threshold 0.45s, last seen t=1789853634.36) (sev=1.00)
[monitor_node-5] [WARN] [1789853707.635391703] [diagnostic_monitor]: ANOMALY on [localization_node] message_timeout: Message timeout on /localization/pose: no message for 73.28s (expected ~0.099s, threshold 0.45s, last seen t=1789853634.35) (sev=1.00)
[monitor_node-5] [WARN] [1789853707.636241829] [diagnostic_monitor]: ANOMALY on [navigation_node] message_timeout: Message timeout on /navigation/cmd_vel: no message for 73.28s (expected ~0.099s, threshold 0.45s, last seen t=1789853634.36) (sev=1.00)
[monitor_node-5] [WARN] [1789853708.136351938] [diagnostic_monitor]: ANOMALY on [localization_node] message_timeout: Message timeout on /localization/pose: no message for 73.78s (expected ~0.099s, threshold 0.45s, last seen t=1789853634.35) (sev=1.00)
[monitor_node-5] [WARN] [1789853708.137141611] [diagnostic_monitor]: ANOMALY on [navigation_node] message_timeout: Message timeout on /navigation/cmd_vel: no message for 73.78s (expected ~0.099s, threshold 0.45s, last seen t=1789853634.36) (sev=1.00)
[monitor_node-5] [WARN] [1789853708.636390821] [diagnostic_monitor]: ANOMALY on [localization_node] message_timeout: Message timeout on /localization/pose: no message for 74.28s (expected ~0.099s, threshold 0.45s, last seen t=1789853634.35) (sev=1.00)
[monitor_node-5] [WARN] [1789853708.637213345] [diagnostic_monitor]: ANOMALY on [navigation_node] message_timeout: Message timeout on /navigation/cmd_vel: no message for 74.28s (expected ~0.099s, threshold 0.45s, last seen t=1789853634.36) (sev=1.00)
[monitor_node-5] [WARN] [1789853709.137064715] [diagnostic_monitor]: ANOMALY on [localization_node] message_timeout: Message timeout on /localization/pose: no message for 74.78s (expected ~0.099s, threshold 0.45s, last seen t=1789853634.35) (sev=1.00)
[monitor_node-5] [WARN] [1789853709.138069972] [diagnostic_monitor]: ANOMALY on [navigation_node] message_timeout: Message timeout on /navigation/cmd_vel: no message for 74.78s (expected ~0.099s, threshold 0.45s, last seen t=1789853634.36) (sev=1.00)
[monitor_node-5] [WARN] [1789853709.636507773] [diagnostic_monitor]: ANOMALY on [localization_node] message_timeout: Message timeout on /localization/pose: no message for 75.28s (expected ~0.099s, threshold 0.45s, last seen t=1789853634.35) (sev=1.00)
[monitor_node-5] [WARN] [1789853709.637358576] [diagnostic_monitor]: ANOMALY on [navigation_node] message_timeout: Message timeout on /navigation/cmd_vel: no message for 75.28s (expected ~0.099s, threshold 0.45s, last seen t=1789853634.36) (sev=1.00)
[monitor_node-5] [WARN] [1789853710.137079856] [diagnostic_monitor]: ANOMALY on [localization_node] message_timeout: Message timeout on /localization/pose: no message for 75.78s (expected ~0.099s, threshold 0.45s, last seen t=1789853634.35) (sev=1.00)
[monitor_node-5] [WARN] [1789853710.137998305] [diagnostic_monitor]: ANOMALY on [navigation_node] message_timeout: Message timeout on /navigation/cmd_vel: no message for 75.78s (expected ~0.099s, threshold 0.45s, last seen t=1789853634.36) (sev=1.00)
[monitor_node-5] [WARN] [1789853710.635288729] [diagnostic_monitor]: ANOMALY on [localization_node] message_timeout: Message timeout on /localization/pose: no message for 76.28s (expected ~0.099s, threshold 0.45s, last seen t=1789853634.35) (sev=1.00)
[monitor_node-5] [WARN] [1789853710.636223305] [diagnostic_monitor]: ANOMALY on [navigation_node] message_timeout: Message timeout on /navigation/cmd_vel: no message for 76.28s (expected ~0.099s, threshold 0.45s, last seen t=1789853634.36) (sev=1.00)
[monitor_node-5] [WARN] [1789853711.137943627] [diagnostic_monitor]: ANOMALY on [localization_node] message_timeout: Message timeout on /localization/pose: no message for 76.78s (expected ~0.099s, threshold 0.45s, last seen t=1789853634.35) (sev=1.00)
[monitor_node-5] [WARN] [1789853711.139310276] [diagnostic_monitor]: ANOMALY on [navigation_node] message_timeout: Message timeout on /navigation/cmd_vel: no message for 76.78s (expected ~0.099s, threshold 0.45s, last seen t=1789853634.36) (sev=1.00)
[monitor_node-5] [WARN] [1789853711.636895288] [diagnostic_monitor]: ANOMALY on [localization_node] message_timeout: Message timeout on /localization/pose: no message for 77.28s (expected ~0.099s, threshold 0.45s, last seen t=1789853634.35) (sev=1.00)
[monitor_node-5] [WARN] [1789853711.637978058] [diagnostic_monitor]: ANOMALY on [navigation_node] message_timeout: Message timeout on /navigation/cmd_vel: no message for 77.28s (expected ~0.099s, threshold 0.45s, last seen t=1789853634.36) (sev=1.00)
[monitor_node-5] [WARN] [1789853712.136076786] [diagnostic_monitor]: ANOMALY on [localization_node] message_timeout: Message timeout on /localization/pose: no message for 77.78s (expected ~0.099s, threshold 0.45s, last seen t=1789853634.35) (sev=1.00)
[monitor_node-5] [WARN] [1789853712.137430856] [diagnostic_monitor]: ANOMALY on [navigation_node] message_timeout: Message timeout on /navigation/cmd_vel: no message for 77.78s (expected ~0.099s, threshold 0.45s, last seen t=1789853634.36) (sev=1.00)
[monitor_node-5] [WARN] [1789853712.635407274] [diagnostic_monitor]: ANOMALY on [localization_node] message_timeout: Message timeout on /localization/pose: no message for 78.28s (expected ~0.099s, threshold 0.45s, last seen t=1789853634.35) (sev=1.00)
[monitor_node-5] [WARN] [1789853712.636384837] [diagnostic_monitor]: ANOMALY on [navigation_node] message_timeout: Message timeout on /navigation/cmd_vel: no message for 78.28s (expected ~0.099s, threshold 0.45s, last seen t=1789853634.36) (sev=1.00)
[monitor_node-5] [WARN] [1789853713.137745751] [diagnostic_monitor]: ANOMALY on [localization_node] message_timeout: Message timeout on /localization/pose: no message for 78.78s (expected ~0.099s, threshold 0.45s, last seen t=1789853634.35) (sev=1.00)
[monitor_node-5] [WARN] [1789853713.138831254] [diagnostic_monitor]: ANOMALY on [navigation_node] message_timeout: Message timeout on /navigation/cmd_vel: no message for 78.78s (expected ~0.099s, threshold 0.45s, last seen t=1789853634.36) (sev=1.00)
[monitor_node-5] [WARN] [1789853713.634682448] [diagnostic_monitor]: ANOMALY on [localization_node] message_timeout: Message timeout on /localization/pose: no message for 79.28s (expected ~0.099s, threshold 0.45s, last seen t=1789853634.35) (sev=1.00)
[monitor_node-5] [WARN] [1789853713.635359437] [diagnostic_monitor]: ANOMALY on [navigation_node] message_timeout: Message timeout on /navigation/cmd_vel: no message for 79.28s (expected ~0.099s, threshold 0.45s, last seen t=1789853634.36) (sev=1.00)
[monitor_node-5] [WARN] [1789853714.136971677] [diagnostic_monitor]: ANOMALY on [localization_node] message_timeout: Message timeout on /localization/pose: no message for 79.78s (expected ~0.099s, threshold 0.45s, last seen t=1789853634.35) (sev=1.00)
[monitor_node-5] [WARN] [1789853714.137591290] [diagnostic_monitor]: ANOMALY on [navigation_node] message_timeout: Message timeout on /navigation/cmd_vel: no message for 79.78s (expected ~0.099s, threshold 0.45s, last seen t=1789853634.36) (sev=1.00)
[monitor_node-5] [WARN] [1789853714.635299215] [diagnostic_monitor]: ANOMALY on [localization_node] message_timeout: Message timeout on /localization/pose: no message for 80.28s (expected ~0.099s, threshold 0.45s, last seen t=1789853634.35) (sev=1.00)
[monitor_node-5] [WARN] [1789853714.636307016] [diagnostic_monitor]: ANOMALY on [navigation_node] message_timeout: Message timeout on /navigation/cmd_vel: no message for 80.28s (expected ~0.099s, threshold 0.45s, last seen t=1789853634.36) (sev=1.00)
[monitor_node-5] [WARN] [1789853715.137176166] [diagnostic_monitor]: ANOMALY on [localization_node] message_timeout: Message timeout on /localization/pose: no message for 80.78s (expected ~0.099s, threshold 0.45s, last seen t=1789853634.35) (sev=1.00)
[monitor_node-5] [WARN] [1789853715.137942570] [diagnostic_monitor]: ANOMALY on [navigation_node] message_timeout: Message timeout on /navigation/cmd_vel: no message for 80.78s (expected ~0.099s, threshold 0.45s, last seen t=1789853634.36) (sev=1.00)
[monitor_node-5] [WARN] [1789853715.634973731] [diagnostic_monitor]: ANOMALY on [localization_node] message_timeout: Message timeout on /localization/pose: no message for 81.28s (expected ~0.099s, threshold 0.45s, last seen t=1789853634.35) (sev=1.00)
[monitor_node-5] [WARN] [1789853715.635863032] [diagnostic_monitor]: ANOMALY on [navigation_node] message_timeout: Message timeout on /navigation/cmd_vel: no message for 81.28s (expected ~0.099s, threshold 0.45s, last seen t=1789853634.36) (sev=1.00)
[monitor_node-5] [WARN] [1789853716.136102470] [diagnostic_monitor]: ANOMALY on [localization_node] message_timeout: Message timeout on /localization/pose: no message for 81.78s (expected ~0.099s, threshold 0.45s, last seen t=1789853634.35) (sev=1.00)
[monitor_node-5] [WARN] [1789853716.137050964] [diagnostic_monitor]: ANOMALY on [navigation_node] message_timeout: Message timeout on /navigation/cmd_vel: no message for 81.78s (expected ~0.099s, threshold 0.45s, last seen t=1789853634.36) (sev=1.00)
[monitor_node-5] [WARN] [1789853716.634916006] [diagnostic_monitor]: ANOMALY on [localization_node] message_timeout: Message timeout on /localization/pose: no message for 82.28s (expected ~0.099s, threshold 0.45s, last seen t=1789853634.35) (sev=1.00)
[monitor_node-5] [WARN] [1789853716.635797817] [diagnostic_monitor]: ANOMALY on [navigation_node] message_timeout: Message timeout on /navigation/cmd_vel: no message for 82.28s (expected ~0.099s, threshold 0.45s, last seen t=1789853634.36) (sev=1.00)
[monitor_node-5] [WARN] [1789853717.136412680] [diagnostic_monitor]: ANOMALY on [localization_node] message_timeout: Message timeout on /localization/pose: no message for 82.78s (expected ~0.099s, threshold 0.45s, last seen t=1789853634.35) (sev=1.00)
[monitor_node-5] [WARN] [1789853717.137264595] [diagnostic_monitor]: ANOMALY on [navigation_node] message_timeout: Message timeout on /navigation/cmd_vel: no message for 82.78s (expected ~0.099s, threshold 0.45s, last seen t=1789853634.36) (sev=1.00)
[monitor_node-5] [WARN] [1789853717.635057679] [diagnostic_monitor]: ANOMALY on [localization_node] message_timeout: Message timeout on /localization/pose: no message for 83.28s (expected ~0.099s, threshold 0.45s, last seen t=1789853634.35) (sev=1.00)
[monitor_node-5] [WARN] [1789853717.635915157] [diagnostic_monitor]: ANOMALY on [navigation_node] message_timeout: Message timeout on /navigation/cmd_vel: no message for 83.28s (expected ~0.099s, threshold 0.45s, last seen t=1789853634.36) (sev=1.00)
[monitor_node-5] [WARN] [1789853718.136176356] [diagnostic_monitor]: ANOMALY on [localization_node] message_timeout: Message timeout on /localization/pose: no message for 83.78s (expected ~0.099s, threshold 0.45s, last seen t=1789853634.35) (sev=1.00)
[monitor_node-5] [WARN] [1789853718.137023449] [diagnostic_monitor]: ANOMALY on [navigation_node] message_timeout: Message timeout on /navigation/cmd_vel: no message for 83.78s (expected ~0.099s, threshold 0.45s, last seen t=1789853634.36) (sev=1.00)
[monitor_node-5] [WARN] [1789853718.635012080] [diagnostic_monitor]: ANOMALY on [localization_node] message_timeout: Message timeout on /localization/pose: no message for 84.28s (expected ~0.099s, threshold 0.45s, last seen t=1789853634.35) (sev=1.00)
[monitor_node-5] [WARN] [1789853718.635963065] [diagnostic_monitor]: ANOMALY on [navigation_node] message_timeout: Message timeout on /navigation/cmd_vel: no message for 84.28s (expected ~0.099s, threshold 0.45s, last seen t=1789853634.36) (sev=1.00)
[monitor_node-5] [WARN] [1789853719.136611416] [diagnostic_monitor]: ANOMALY on [localization_node] message_timeout: Message timeout on /localization/pose: no message for 84.78s (expected ~0.099s, threshold 0.45s, last seen t=1789853634.35) (sev=1.00)
[monitor_node-5] [WARN] [1789853719.137570485] [diagnostic_monitor]: ANOMALY on [navigation_node] message_timeout: Message timeout on /navigation/cmd_vel: no message for 84.78s (expected ~0.099s, threshold 0.45s, last seen t=1789853634.36) (sev=1.00)
[monitor_node-5] [WARN] [1789853719.634892785] [diagnostic_monitor]: ANOMALY on [localization_node] message_timeout: Message timeout on /localization/pose: no message for 85.28s (expected ~0.099s, threshold 0.45s, last seen t=1789853634.35) (sev=1.00)
[monitor_node-5] [WARN] [1789853719.635777143] [diagnostic_monitor]: ANOMALY on [navigation_node] message_timeout: Message timeout on /navigation/cmd_vel: no message for 85.28s (expected ~0.099s, threshold 0.45s, last seen t=1789853634.36) (sev=1.00)
[monitor_node-5] [WARN] [1789853720.135806611] [diagnostic_monitor]: ANOMALY on [localization_node] message_timeout: Message timeout on /localization/pose: no message for 85.78s (expected ~0.099s, threshold 0.45s, last seen t=1789853634.35) (sev=1.00)
[monitor_node-5] [WARN] [1789853720.136592373] [diagnostic_monitor]: ANOMALY on [navigation_node] message_timeout: Message timeout on /navigation/cmd_vel: no message for 85.78s (expected ~0.099s, threshold 0.45s, last seen t=1789853634.36) (sev=1.00)
[monitor_node-5] [WARN] [1789853720.634741517] [diagnostic_monitor]: ANOMALY on [localization_node] message_timeout: Message timeout on /localization/pose: no message for 86.28s (expected ~0.099s, threshold 0.45s, last seen t=1789853634.35) (sev=1.00)
[monitor_node-5] [WARN] [1789853720.635299234] [diagnostic_monitor]: ANOMALY on [navigation_node] message_timeout: Message timeout on /navigation/cmd_vel: no message for 86.28s (expected ~0.099s, threshold 0.45s, last seen t=1789853634.36) (sev=1.00)
[monitor_node-5] [WARN] [1789853721.135772283] [diagnostic_monitor]: ANOMALY on [localization_node] message_timeout: Message timeout on /localization/pose: no message for 86.78s (expected ~0.099s, threshold 0.45s, last seen t=1789853634.35) (sev=1.00)
[monitor_node-5] [WARN] [1789853721.136631206] [diagnostic_monitor]: ANOMALY on [navigation_node] message_timeout: Message timeout on /navigation/cmd_vel: no message for 86.78s (expected ~0.099s, threshold 0.45s, last seen t=1789853634.36) (sev=1.00)
[monitor_node-5] [WARN] [1789853721.634980567] [diagnostic_monitor]: ANOMALY on [localization_node] message_timeout: Message timeout on /localization/pose: no message for 87.28s (expected ~0.099s, threshold 0.45s, last seen t=1789853634.35) (sev=1.00)
[monitor_node-5] [WARN] [1789853721.635770065] [diagnostic_monitor]: ANOMALY on [navigation_node] message_timeout: Message timeout on /navigation/cmd_vel: no message for 87.28s (expected ~0.099s, threshold 0.45s, last seen t=1789853634.36) (sev=1.00)
[monitor_node-5] [WARN] [1789853722.137045286] [diagnostic_monitor]: ANOMALY on [localization_node] message_timeout: Message timeout on /localization/pose: no message for 87.78s (expected ~0.099s, threshold 0.45s, last seen t=1789853634.35) (sev=1.00)
[monitor_node-5] [WARN] [1789853722.137893581] [diagnostic_monitor]: ANOMALY on [navigation_node] message_timeout: Message timeout on /navigation/cmd_vel: no message for 87.78s (expected ~0.099s, threshold 0.45s, last seen t=1789853634.36) (sev=1.00)
[monitor_node-5] [WARN] [1789853722.634708838] [diagnostic_monitor]: ANOMALY on [localization_node] message_timeout: Message timeout on /localization/pose: no message for 88.28s (expected ~0.099s, threshold 0.45s, last seen t=1789853634.35) (sev=1.00)
[monitor_node-5] [WARN] [1789853722.635352425] [diagnostic_monitor]: ANOMALY on [navigation_node] message_timeout: Message timeout on /navigation/cmd_vel: no message for 88.28s (expected ~0.099s, threshold 0.45s, last seen t=1789853634.36) (sev=1.00)
[monitor_node-5] [WARN] [1789853723.135716447] [diagnostic_monitor]: ANOMALY on [localization_node] message_timeout: Message timeout on /localization/pose: no message for 88.78s (expected ~0.099s, threshold 0.45s, last seen t=1789853634.35) (sev=1.00)
[monitor_node-5] [WARN] [1789853723.136480065] [diagnostic_monitor]: ANOMALY on [navigation_node] message_timeout: Message timeout on /navigation/cmd_vel: no message for 88.78s (expected ~0.099s, threshold 0.45s, last seen t=1789853634.36) (sev=1.00)
[monitor_node-5] [WARN] [1789853723.634767022] [diagnostic_monitor]: ANOMALY on [localization_node] message_timeout: Message timeout on /localization/pose: no message for 89.28s (expected ~0.099s, threshold 0.45s, last seen t=1789853634.35) (sev=1.00)
[monitor_node-5] [WARN] [1789853723.635453232] [diagnostic_monitor]: ANOMALY on [navigation_node] message_timeout: Message timeout on /navigation/cmd_vel: no message for 89.28s (expected ~0.099s, threshold 0.45s, last seen t=1789853634.36) (sev=1.00)
[monitor_node-5] [WARN] [1789853724.139120033] [diagnostic_monitor]: ANOMALY on [localization_node] message_timeout: Message timeout on /localization/pose: no message for 89.78s (expected ~0.099s, threshold 0.45s, last seen t=1789853634.35) (sev=1.00)
[monitor_node-5] [WARN] [1789853724.139857937] [diagnostic_monitor]: ANOMALY on [navigation_node] message_timeout: Message timeout on /navigation/cmd_vel: no message for 89.78s (expected ~0.099s, threshold 0.45s, last seen t=1789853634.36) (sev=1.00)
[monitor_node-5] [WARN] [1789853724.634669403] [diagnostic_monitor]: ANOMALY on [localization_node] message_timeout: Message timeout on /localization/pose: no message for 90.28s (expected ~0.099s, threshold 0.45s, last seen t=1789853634.35) (sev=1.00)
[monitor_node-5] [WARN] [1789853724.635350617] [diagnostic_monitor]: ANOMALY on [navigation_node] message_timeout: Message timeout on /navigation/cmd_vel: no message for 90.28s (expected ~0.099s, threshold 0.45s, last seen t=1789853634.36) (sev=1.00)
[monitor_node-5] [WARN] [1789853725.136006261] [diagnostic_monitor]: ANOMALY on [localization_node] message_timeout: Message timeout on /localization/pose: no message for 90.78s (expected ~0.099s, threshold 0.45s, last seen t=1789853634.35) (sev=1.00)
[monitor_node-5] [WARN] [1789853725.136862368] [diagnostic_monitor]: ANOMALY on [navigation_node] message_timeout: Message timeout on /navigation/cmd_vel: no message for 90.78s (expected ~0.099s, threshold 0.45s, last seen t=1789853634.36) (sev=1.00)
[monitor_node-5] [WARN] [1789853725.635036163] [diagnostic_monitor]: ANOMALY on [localization_node] message_timeout: Message timeout on /localization/pose: no message for 91.28s (expected ~0.099s, threshold 0.45s, last seen t=1789853634.35) (sev=1.00)
[monitor_node-5] [WARN] [1789853725.635965094] [diagnostic_monitor]: ANOMALY on [navigation_node] message_timeout: Message timeout on /navigation/cmd_vel: no message for 91.28s (expected ~0.099s, threshold 0.45s, last seen t=1789853634.36) (sev=1.00)
[monitor_node-5] [WARN] [1789853726.137295916] [diagnostic_monitor]: ANOMALY on [localization_node] message_timeout: Message timeout on /localization/pose: no message for 91.78s (expected ~0.099s, threshold 0.45s, last seen t=1789853634.35) (sev=1.00)
[monitor_node-5] [WARN] [1789853726.138267197] [diagnostic_monitor]: ANOMALY on [navigation_node] message_timeout: Message timeout on /navigation/cmd_vel: no message for 91.78s (expected ~0.099s, threshold 0.45s, last seen t=1789853634.36) (sev=1.00)
[monitor_node-5] [WARN] [1789853726.634995796] [diagnostic_monitor]: ANOMALY on [localization_node] message_timeout: Message timeout on /localization/pose: no message for 92.28s (expected ~0.099s, threshold 0.45s, last seen t=1789853634.35) (sev=1.00)
[monitor_node-5] [WARN] [1789853726.635854469] [diagnostic_monitor]: ANOMALY on [navigation_node] message_timeout: Message timeout on /navigation/cmd_vel: no message for 92.28s (expected ~0.099s, threshold 0.45s, last seen t=1789853634.36) (sev=1.00)
[monitor_node-5] [WARN] [1789853727.136526458] [diagnostic_monitor]: ANOMALY on [localization_node] message_timeout: Message timeout on /localization/pose: no message for 92.78s (expected ~0.099s, threshold 0.45s, last seen t=1789853634.35) (sev=1.00)
[monitor_node-5] [WARN] [1789853727.137558638] [diagnostic_monitor]: ANOMALY on [navigation_node] message_timeout: Message timeout on /navigation/cmd_vel: no message for 92.78s (expected ~0.099s, threshold 0.45s, last seen t=1789853634.36) (sev=1.00)
[monitor_node-5] [WARN] [1789853727.635157690] [diagnostic_monitor]: ANOMALY on [localization_node] message_timeout: Message timeout on /localization/pose: no message for 93.28s (expected ~0.099s, threshold 0.45s, last seen t=1789853634.35) (sev=1.00)
[monitor_node-5] [WARN] [1789853727.636338308] [diagnostic_monitor]: ANOMALY on [navigation_node] message_timeout: Message timeout on /navigation/cmd_vel: no message for 93.28s (expected ~0.099s, threshold 0.45s, last seen t=1789853634.36) (sev=1.00)
[monitor_node-5] [WARN] [1789853728.136039123] [diagnostic_monitor]: ANOMALY on [localization_node] message_timeout: Message timeout on /localization/pose: no message for 93.78s (expected ~0.099s, threshold 0.45s, last seen t=1789853634.35) (sev=1.00)
[monitor_node-5] [WARN] [1789853728.137060150] [diagnostic_monitor]: ANOMALY on [navigation_node] message_timeout: Message timeout on /navigation/cmd_vel: no message for 93.78s (expected ~0.099s, threshold 0.45s, last seen t=1789853634.36) (sev=1.00)
[monitor_node-5] [WARN] [1789853728.635032380] [diagnostic_monitor]: ANOMALY on [localization_node] message_timeout: Message timeout on /localization/pose: no message for 94.28s (expected ~0.099s, threshold 0.45s, last seen t=1789853634.35) (sev=1.00)
[monitor_node-5] [WARN] [1789853728.635833736] [diagnostic_monitor]: ANOMALY on [navigation_node] message_timeout: Message timeout on /navigation/cmd_vel: no message for 94.28s (expected ~0.099s, threshold 0.45s, last seen t=1789853634.36) (sev=1.00)
[monitor_node-5] [WARN] [1789853729.141222557] [diagnostic_monitor]: ANOMALY on [localization_node] message_timeout: Message timeout on /localization/pose: no message for 94.78s (expected ~0.099s, threshold 0.45s, last seen t=1789853634.35) (sev=1.00)
[monitor_node-5] [WARN] [1789853729.144147646] [diagnostic_monitor]: ANOMALY on [navigation_node] message_timeout: Message timeout on /navigation/cmd_vel: no message for 94.78s (expected ~0.099s, threshold 0.45s, last seen t=1789853634.36) (sev=1.00)
[monitor_node-5] [WARN] [1789853729.634685600] [diagnostic_monitor]: ANOMALY on [localization_node] message_timeout: Message timeout on /localization/pose: no message for 95.28s (expected ~0.099s, threshold 0.45s, last seen t=1789853634.35) (sev=1.00)
[monitor_node-5] [WARN] [1789853729.635543262] [diagnostic_monitor]: ANOMALY on [navigation_node] message_timeout: Message timeout on /navigation/cmd_vel: no message for 95.28s (expected ~0.099s, threshold 0.45s, last seen t=1789853634.36) (sev=1.00)
[monitor_node-5] [WARN] [1789853730.136265935] [diagnostic_monitor]: ANOMALY on [localization_node] message_timeout: Message timeout on /localization/pose: no message for 95.78s (expected ~0.099s, threshold 0.45s, last seen t=1789853634.35) (sev=1.00)
[monitor_node-5] [WARN] [1789853730.137756555] [diagnostic_monitor]: ANOMALY on [navigation_node] message_timeout: Message timeout on /navigation/cmd_vel: no message for 95.78s (expected ~0.099s, threshold 0.45s, last seen t=1789853634.36) (sev=1.00)
[monitor_node-5] [WARN] [1789853730.634823896] [diagnostic_monitor]: ANOMALY on [localization_node] message_timeout: Message timeout on /localization/pose: no message for 96.28s (expected ~0.099s, threshold 0.45s, last seen t=1789853634.35) (sev=1.00)
[monitor_node-5] [WARN] [1789853730.635645565] [diagnostic_monitor]: ANOMALY on [navigation_node] message_timeout: Message timeout on /navigation/cmd_vel: no message for 96.28s (expected ~0.099s, threshold 0.45s, last seen t=1789853634.36) (sev=1.00)
[monitor_node-5] [WARN] [1789853731.136094854] [diagnostic_monitor]: ANOMALY on [localization_node] message_timeout: Message timeout on /localization/pose: no message for 96.78s (expected ~0.099s, threshold 0.45s, last seen t=1789853634.35) (sev=1.00)
[monitor_node-5] [WARN] [1789853731.136958210] [diagnostic_monitor]: ANOMALY on [navigation_node] message_timeout: Message timeout on /navigation/cmd_vel: no message for 96.78s (expected ~0.099s, threshold 0.45s, last seen t=1789853634.36) (sev=1.00)
[monitor_node-5] [WARN] [1789853731.634956939] [diagnostic_monitor]: ANOMALY on [localization_node] message_timeout: Message timeout on /localization/pose: no message for 97.28s (expected ~0.099s, threshold 0.45s, last seen t=1789853634.35) (sev=1.00)
[monitor_node-5] [WARN] [1789853731.635558598] [diagnostic_monitor]: ANOMALY on [navigation_node] message_timeout: Message timeout on /navigation/cmd_vel: no message for 97.28s (expected ~0.099s, threshold 0.45s, last seen t=1789853634.36) (sev=1.00)
[monitor_node-5] [WARN] [1789853732.136183371] [diagnostic_monitor]: ANOMALY on [localization_node] message_timeout: Message timeout on /localization/pose: no message for 97.78s (expected ~0.099s, threshold 0.45s, last seen t=1789853634.35) (sev=1.00)
[monitor_node-5] [WARN] [1789853732.137104994] [diagnostic_monitor]: ANOMALY on [navigation_node] message_timeout: Message timeout on /navigation/cmd_vel: no message for 97.78s (expected ~0.099s, threshold 0.45s, last seen t=1789853634.36) (sev=1.00)
[monitor_node-5] [WARN] [1789853732.635272503] [diagnostic_monitor]: ANOMALY on [localization_node] message_timeout: Message timeout on /localization/pose: no message for 98.28s (expected ~0.099s, threshold 0.45s, last seen t=1789853634.35) (sev=1.00)
[monitor_node-5] [WARN] [1789853732.636331841] [diagnostic_monitor]: ANOMALY on [navigation_node] message_timeout: Message timeout on /navigation/cmd_vel: no message for 98.28s (expected ~0.099s, threshold 0.45s, last seen t=1789853634.36) (sev=1.00)
[monitor_node-5] [WARN] [1789853733.136229086] [diagnostic_monitor]: ANOMALY on [localization_node] message_timeout: Message timeout on /localization/pose: no message for 98.78s (expected ~0.099s, threshold 0.45s, last seen t=1789853634.35) (sev=1.00)
[monitor_node-5] [WARN] [1789853733.137078225] [diagnostic_monitor]: ANOMALY on [navigation_node] message_timeout: Message timeout on /navigation/cmd_vel: no message for 98.78s (expected ~0.099s, threshold 0.45s, last seen t=1789853634.36) (sev=1.00)
[monitor_node-5] [WARN] [1789853733.634848427] [diagnostic_monitor]: ANOMALY on [localization_node] message_timeout: Message timeout on /localization/pose: no message for 99.28s (expected ~0.099s, threshold 0.45s, last seen t=1789853634.35) (sev=1.00)
[monitor_node-5] [WARN] [1789853733.635375994] [diagnostic_monitor]: ANOMALY on [navigation_node] message_timeout: Message timeout on /navigation/cmd_vel: no message for 99.28s (expected ~0.099s, threshold 0.45s, last seen t=1789853634.36) (sev=1.00)
[monitor_node-5] [WARN] [1789853734.135457484] [diagnostic_monitor]: ANOMALY on [localization_node] message_timeout: Message timeout on /localization/pose: no message for 99.78s (expected ~0.099s, threshold 0.45s, last seen t=1789853634.35) (sev=1.00)
[monitor_node-5] [WARN] [1789853734.136556520] [diagnostic_monitor]: ANOMALY on [navigation_node] message_timeout: Message timeout on /navigation/cmd_vel: no message for 99.78s (expected ~0.099s, threshold 0.45s, last seen t=1789853634.36) (sev=1.00)
[monitor_node-5] [WARN] [1789853734.635548557] [diagnostic_monitor]: ANOMALY on [localization_node] message_timeout: Message timeout on /localization/pose: no message for 100.28s (expected ~0.099s, threshold 0.45s, last seen t=1789853634.35) (sev=1.00)
[monitor_node-5] [WARN] [1789853734.636331762] [diagnostic_monitor]: ANOMALY on [navigation_node] message_timeout: Message timeout on /navigation/cmd_vel: no message for 100.28s (expected ~0.099s, threshold 0.45s, last seen t=1789853634.36) (sev=1.00)
[monitor_node-5] [WARN] [1789853735.135271216] [diagnostic_monitor]: ANOMALY on [localization_node] message_timeout: Message timeout on /localization/pose: no message for 100.78s (expected ~0.099s, threshold 0.45s, last seen t=1789853634.35) (sev=1.00)
[monitor_node-5] [WARN] [1789853735.135749198] [diagnostic_monitor]: ANOMALY on [navigation_node] message_timeout: Message timeout on /navigation/cmd_vel: no message for 100.78s (expected ~0.099s, threshold 0.45s, last seen t=1789853634.36) (sev=1.00)
[monitor_node-5] [WARN] [1789853735.634704364] [diagnostic_monitor]: ANOMALY on [localization_node] message_timeout: Message timeout on /localization/pose: no message for 101.28s (expected ~0.099s, threshold 0.45s, last seen t=1789853634.35) (sev=1.00)
[monitor_node-5] [WARN] [1789853735.635264470] [diagnostic_monitor]: ANOMALY on [navigation_node] message_timeout: Message timeout on /navigation/cmd_vel: no message for 101.28s (expected ~0.099s, threshold 0.45s, last seen t=1789853634.36) (sev=1.00)
[monitor_node-5] [WARN] [1789853736.135501165] [diagnostic_monitor]: ANOMALY on [localization_node] message_timeout: Message timeout on /localization/pose: no message for 101.78s (expected ~0.099s, threshold 0.45s, last seen t=1789853634.35) (sev=1.00)
[monitor_node-5] [WARN] [1789853736.136071244] [diagnostic_monitor]: ANOMALY on [navigation_node] message_timeout: Message timeout on /navigation/cmd_vel: no message for 101.78s (expected ~0.099s, threshold 0.45s, last seen t=1789853634.36) (sev=1.00)
[monitor_node-5] [WARN] [1789853736.634849811] [diagnostic_monitor]: ANOMALY on [localization_node] message_timeout: Message timeout on /localization/pose: no message for 102.28s (expected ~0.099s, threshold 0.45s, last seen t=1789853634.35) (sev=1.00)
[monitor_node-5] [WARN] [1789853736.635573656] [diagnostic_monitor]: ANOMALY on [navigation_node] message_timeout: Message timeout on /navigation/cmd_vel: no message for 102.28s (expected ~0.099s, threshold 0.45s, last seen t=1789853634.36) (sev=1.00)
[monitor_node-5] [WARN] [1789853737.135394938] [diagnostic_monitor]: ANOMALY on [localization_node] message_timeout: Message timeout on /localization/pose: no message for 102.78s (expected ~0.099s, threshold 0.45s, last seen t=1789853634.35) (sev=1.00)
[monitor_node-5] [WARN] [1789853737.135916347] [diagnostic_monitor]: ANOMALY on [navigation_node] message_timeout: Message timeout on /navigation/cmd_vel: no message for 102.78s (expected ~0.099s, threshold 0.45s, last seen t=1789853634.36) (sev=1.00)
[monitor_node-5] [WARN] [1789853737.634935100] [diagnostic_monitor]: ANOMALY on [localization_node] message_timeout: Message timeout on /localization/pose: no message for 103.28s (expected ~0.099s, threshold 0.45s, last seen t=1789853634.35) (sev=1.00)
[monitor_node-5] [WARN] [1789853737.635588288] [diagnostic_monitor]: ANOMALY on [navigation_node] message_timeout: Message timeout on /navigation/cmd_vel: no message for 103.28s (expected ~0.099s, threshold 0.45s, last seen t=1789853634.36) (sev=1.00)
[monitor_node-5] [WARN] [1789853738.136133134] [diagnostic_monitor]: ANOMALY on [localization_node] message_timeout: Message timeout on /localization/pose: no message for 103.78s (expected ~0.099s, threshold 0.45s, last seen t=1789853634.35) (sev=1.00)
[monitor_node-5] [WARN] [1789853738.137123615] [diagnostic_monitor]: ANOMALY on [navigation_node] message_timeout: Message timeout on /navigation/cmd_vel: no message for 103.78s (expected ~0.099s, threshold 0.45s, last seen t=1789853634.36) (sev=1.00)
[monitor_node-5] [WARN] [1789853738.634882931] [diagnostic_monitor]: ANOMALY on [localization_node] message_timeout: Message timeout on /localization/pose: no message for 104.28s (expected ~0.099s, threshold 0.45s, last seen t=1789853634.35) (sev=1.00)
[monitor_node-5] [WARN] [1789853738.635757541] [diagnostic_monitor]: ANOMALY on [navigation_node] message_timeout: Message timeout on /navigation/cmd_vel: no message for 104.28s (expected ~0.099s, threshold 0.45s, last seen t=1789853634.36) (sev=1.00)
[monitor_node-5] [WARN] [1789853739.135429456] [diagnostic_monitor]: ANOMALY on [localization_node] message_timeout: Message timeout on /localization/pose: no message for 104.78s (expected ~0.099s, threshold 0.45s, last seen t=1789853634.35) (sev=1.00)
[monitor_node-5] [WARN] [1789853739.135987003] [diagnostic_monitor]: ANOMALY on [navigation_node] message_timeout: Message timeout on /navigation/cmd_vel: no message for 104.78s (expected ~0.099s, threshold 0.45s, last seen t=1789853634.36) (sev=1.00)
[monitor_node-5] [WARN] [1789853739.634598471] [diagnostic_monitor]: ANOMALY on [localization_node] message_timeout: Message timeout on /localization/pose: no message for 105.28s (expected ~0.099s, threshold 0.45s, last seen t=1789853634.35) (sev=1.00)
[monitor_node-5] [WARN] [1789853739.635160645] [diagnostic_monitor]: ANOMALY on [navigation_node] message_timeout: Message timeout on /navigation/cmd_vel: no message for 105.28s (expected ~0.099s, threshold 0.45s, last seen t=1789853634.36) (sev=1.00)
[monitor_node-5] [WARN] [1789853740.136566026] [diagnostic_monitor]: ANOMALY on [localization_node] message_timeout: Message timeout on /localization/pose: no message for 105.78s (expected ~0.099s, threshold 0.45s, last seen t=1789853634.35) (sev=1.00)
[monitor_node-5] [WARN] [1789853740.137151943] [diagnostic_monitor]: ANOMALY on [navigation_node] message_timeout: Message timeout on /navigation/cmd_vel: no message for 105.78s (expected ~0.099s, threshold 0.45s, last seen t=1789853634.36) (sev=1.00)
[monitor_node-5] [WARN] [1789853740.635643016] [diagnostic_monitor]: ANOMALY on [localization_node] message_timeout: Message timeout on /localization/pose: no message for 106.28s (expected ~0.099s, threshold 0.45s, last seen t=1789853634.35) (sev=1.00)
[monitor_node-5] [WARN] [1789853740.636511103] [diagnostic_monitor]: ANOMALY on [navigation_node] message_timeout: Message timeout on /navigation/cmd_vel: no message for 106.28s (expected ~0.099s, threshold 0.45s, last seen t=1789853634.36) (sev=1.00)
[monitor_node-5] [WARN] [1789853741.136257064] [diagnostic_monitor]: ANOMALY on [localization_node] message_timeout: Message timeout on /localization/pose: no message for 106.78s (expected ~0.099s, threshold 0.45s, last seen t=1789853634.35) (sev=1.00)
[monitor_node-5] [WARN] [1789853741.137100078] [diagnostic_monitor]: ANOMALY on [navigation_node] message_timeout: Message timeout on /navigation/cmd_vel: no message for 106.78s (expected ~0.099s, threshold 0.45s, last seen t=1789853634.36) (sev=1.00)
[monitor_node-5] [WARN] [1789853741.635204349] [diagnostic_monitor]: ANOMALY on [localization_node] message_timeout: Message timeout on /localization/pose: no message for 107.28s (expected ~0.099s, threshold 0.45s, last seen t=1789853634.35) (sev=1.00)
[monitor_node-5] [WARN] [1789853741.636305919] [diagnostic_monitor]: ANOMALY on [navigation_node] message_timeout: Message timeout on /navigation/cmd_vel: no message for 107.28s (expected ~0.099s, threshold 0.45s, last seen t=1789853634.36) (sev=1.00)
[monitor_node-5] [WARN] [1789853742.140990241] [diagnostic_monitor]: ANOMALY on [localization_node] message_timeout: Message timeout on /localization/pose: no message for 107.78s (expected ~0.099s, threshold 0.45s, last seen t=1789853634.35) (sev=1.00)
[monitor_node-5] [WARN] [1789853742.143000240] [diagnostic_monitor]: ANOMALY on [navigation_node] message_timeout: Message timeout on /navigation/cmd_vel: no message for 107.78s (expected ~0.099s, threshold 0.45s, last seen t=1789853634.36) (sev=1.00)
[monitor_node-5] [WARN] [1789853742.655522637] [diagnostic_monitor]: ANOMALY on [localization_node] message_timeout: Message timeout on /localization/pose: no message for 108.28s (expected ~0.099s, threshold 0.45s, last seen t=1789853634.35) (sev=1.00)
[monitor_node-5] [WARN] [1789853742.656399048] [diagnostic_monitor]: ANOMALY on [navigation_node] message_timeout: Message timeout on /navigation/cmd_vel: no message for 108.28s (expected ~0.099s, threshold 0.45s, last seen t=1789853634.36) (sev=1.00)
[monitor_node-5] [WARN] [1789853743.136549953] [diagnostic_monitor]: ANOMALY on [localization_node] message_timeout: Message timeout on /localization/pose: no message for 108.78s (expected ~0.099s, threshold 0.45s, last seen t=1789853634.35) (sev=1.00)
[monitor_node-5] [WARN] [1789853743.137503989] [diagnostic_monitor]: ANOMALY on [navigation_node] message_timeout: Message timeout on /navigation/cmd_vel: no message for 108.78s (expected ~0.099s, threshold 0.45s, last seen t=1789853634.36) (sev=1.00)
[monitor_node-5] [WARN] [1789853743.634935060] [diagnostic_monitor]: ANOMALY on [localization_node] message_timeout: Message timeout on /localization/pose: no message for 109.28s (expected ~0.099s, threshold 0.45s, last seen t=1789853634.35) (sev=1.00)
[monitor_node-5] [WARN] [1789853743.635768504] [diagnostic_monitor]: ANOMALY on [navigation_node] message_timeout: Message timeout on /navigation/cmd_vel: no message for 109.28s (expected ~0.099s, threshold 0.45s, last seen t=1789853634.36) (sev=1.00)
[monitor_node-5] [WARN] [1789853744.136332760] [diagnostic_monitor]: ANOMALY on [localization_node] message_timeout: Message timeout on /localization/pose: no message for 109.78s (expected ~0.099s, threshold 0.45s, last seen t=1789853634.35) (sev=1.00)
[monitor_node-5] [WARN] [1789853744.137197345] [diagnostic_monitor]: ANOMALY on [navigation_node] message_timeout: Message timeout on /navigation/cmd_vel: no message for 109.78s (expected ~0.099s, threshold 0.45s, last seen t=1789853634.36) (sev=1.00)
[monitor_node-5] [WARN] [1789853744.634966149] [diagnostic_monitor]: ANOMALY on [localization_node] message_timeout: Message timeout on /localization/pose: no message for 110.28s (expected ~0.099s, threshold 0.45s, last seen t=1789853634.35) (sev=1.00)
[monitor_node-5] [WARN] [1789853744.635689530] [diagnostic_monitor]: ANOMALY on [navigation_node] message_timeout: Message timeout on /navigation/cmd_vel: no message for 110.28s (expected ~0.099s, threshold 0.45s, last seen t=1789853634.36) (sev=1.00)
[monitor_node-5] [WARN] [1789853745.136237749] [diagnostic_monitor]: ANOMALY on [localization_node] message_timeout: Message timeout on /localization/pose: no message for 110.78s (expected ~0.099s, threshold 0.45s, last seen t=1789853634.35) (sev=1.00)
[monitor_node-5] [WARN] [1789853745.137088826] [diagnostic_monitor]: ANOMALY on [navigation_node] message_timeout: Message timeout on /navigation/cmd_vel: no message for 110.78s (expected ~0.099s, threshold 0.45s, last seen t=1789853634.36) (sev=1.00)
[monitor_node-5] [WARN] [1789853745.635301133] [diagnostic_monitor]: ANOMALY on [localization_node] message_timeout: Message timeout on /localization/pose: no message for 111.28s (expected ~0.099s, threshold 0.45s, last seen t=1789853634.35) (sev=1.00)
[monitor_node-5] [WARN] [1789853745.636162302] [diagnostic_monitor]: ANOMALY on [navigation_node] message_timeout: Message timeout on /navigation/cmd_vel: no message for 111.28s (expected ~0.099s, threshold 0.45s, last seen t=1789853634.36) (sev=1.00)
[monitor_node-5] [WARN] [1789853746.136844602] [diagnostic_monitor]: ANOMALY on [localization_node] message_timeout: Message timeout on /localization/pose: no message for 111.78s (expected ~0.099s, threshold 0.45s, last seen t=1789853634.35) (sev=1.00)
[monitor_node-5] [WARN] [1789853746.137873942] [diagnostic_monitor]: ANOMALY on [navigation_node] message_timeout: Message timeout on /navigation/cmd_vel: no message for 111.78s (expected ~0.099s, threshold 0.45s, last seen t=1789853634.36) (sev=1.00)
[monitor_node-5] [WARN] [1789853746.635200141] [diagnostic_monitor]: ANOMALY on [localization_node] message_timeout: Message timeout on /localization/pose: no message for 112.28s (expected ~0.099s, threshold 0.45s, last seen t=1789853634.35) (sev=1.00)
[monitor_node-5] [WARN] [1789853746.636044002] [diagnostic_monitor]: ANOMALY on [navigation_node] message_timeout: Message timeout on /navigation/cmd_vel: no message for 112.28s (expected ~0.099s, threshold 0.45s, last seen t=1789853634.36) (sev=1.00)
[monitor_node-5] [WARN] [1789853747.140211814] [diagnostic_monitor]: ANOMALY on [localization_node] message_timeout: Message timeout on /localization/pose: no message for 112.78s (expected ~0.099s, threshold 0.45s, last seen t=1789853634.35) (sev=1.00)
[monitor_node-5] [WARN] [1789853747.141046749] [diagnostic_monitor]: ANOMALY on [navigation_node] message_timeout: Message timeout on /navigation/cmd_vel: no message for 112.78s (expected ~0.099s, threshold 0.45s, last seen t=1789853634.36) (sev=1.00)
[monitor_node-5] [WARN] [1789853747.636757318] [diagnostic_monitor]: ANOMALY on [localization_node] message_timeout: Message timeout on /localization/pose: no message for 113.28s (expected ~0.099s, threshold 0.45s, last seen t=1789853634.35) (sev=1.00)
[monitor_node-5] [WARN] [1789853747.637622776] [diagnostic_monitor]: ANOMALY on [navigation_node] message_timeout: Message timeout on /navigation/cmd_vel: no message for 113.28s (expected ~0.099s, threshold 0.45s, last seen t=1789853634.36) (sev=1.00)
[monitor_node-5] [WARN] [1789853748.136278248] [diagnostic_monitor]: ANOMALY on [localization_node] message_timeout: Message timeout on /localization/pose: no message for 113.78s (expected ~0.099s, threshold 0.45s, last seen t=1789853634.35) (sev=1.00)
[monitor_node-5] [WARN] [1789853748.137301914] [diagnostic_monitor]: ANOMALY on [navigation_node] message_timeout: Message timeout on /navigation/cmd_vel: no message for 113.78s (expected ~0.099s, threshold 0.45s, last seen t=1789853634.36) (sev=1.00)
[monitor_node-5] [WARN] [1789853748.635545961] [diagnostic_monitor]: ANOMALY on [localization_node] message_timeout: Message timeout on /localization/pose: no message for 114.28s (expected ~0.099s, threshold 0.45s, last seen t=1789853634.35) (sev=1.00)
[monitor_node-5] [WARN] [1789853748.636569628] [diagnostic_monitor]: ANOMALY on [navigation_node] message_timeout: Message timeout on /navigation/cmd_vel: no message for 114.28s (expected ~0.099s, threshold 0.45s, last seen t=1789853634.36) (sev=1.00)
[monitor_node-5] [WARN] [1789853749.144054655] [diagnostic_monitor]: ANOMALY on [localization_node] message_timeout: Message timeout on /localization/pose: no message for 114.78s (expected ~0.099s, threshold 0.45s, last seen t=1789853634.35) (sev=1.00)
[monitor_node-5] [WARN] [1789853749.145670427] [diagnostic_monitor]: ANOMALY on [navigation_node] message_timeout: Message timeout on /navigation/cmd_vel: no message for 114.78s (expected ~0.099s, threshold 0.45s, last seen t=1789853634.36) (sev=1.00)
[monitor_node-5] [WARN] [1789853749.635452045] [diagnostic_monitor]: ANOMALY on [localization_node] message_timeout: Message timeout on /localization/pose: no message for 115.28s (expected ~0.099s, threshold 0.45s, last seen t=1789853634.35) (sev=1.00)
[monitor_node-5] [WARN] [1789853749.636415019] [diagnostic_monitor]: ANOMALY on [navigation_node] message_timeout: Message timeout on /navigation/cmd_vel: no message for 115.28s (expected ~0.099s, threshold 0.45s, last seen t=1789853634.36) (sev=1.00)
[monitor_node-5] [WARN] [1789853750.136321382] [diagnostic_monitor]: ANOMALY on [localization_node] message_timeout: Message timeout on /localization/pose: no message for 115.78s (expected ~0.099s, threshold 0.45s, last seen t=1789853634.35) (sev=1.00)
[monitor_node-5] [WARN] [1789853750.137174725] [diagnostic_monitor]: ANOMALY on [navigation_node] message_timeout: Message timeout on /navigation/cmd_vel: no message for 115.78s (expected ~0.099s, threshold 0.45s, last seen t=1789853634.36) (sev=1.00)
[monitor_node-5] [WARN] [1789853750.635144600] [diagnostic_monitor]: ANOMALY on [localization_node] message_timeout: Message timeout on /localization/pose: no message for 116.28s (expected ~0.099s, threshold 0.45s, last seen t=1789853634.35) (sev=1.00)
[monitor_node-5] [WARN] [1789853750.635945626] [diagnostic_monitor]: ANOMALY on [navigation_node] message_timeout: Message timeout on /navigation/cmd_vel: no message for 116.28s (expected ~0.099s, threshold 0.45s, last seen t=1789853634.36) (sev=1.00)
[monitor_node-5] [WARN] [1789853751.136307001] [diagnostic_monitor]: ANOMALY on [localization_node] message_timeout: Message timeout on /localization/pose: no message for 116.78s (expected ~0.099s, threshold 0.45s, last seen t=1789853634.35) (sev=1.00)
[monitor_node-5] [WARN] [1789853751.137260127] [diagnostic_monitor]: ANOMALY on [navigation_node] message_timeout: Message timeout on /navigation/cmd_vel: no message for 116.78s (expected ~0.099s, threshold 0.45s, last seen t=1789853634.36) (sev=1.00)
[monitor_node-5] [WARN] [1789853751.636018931] [diagnostic_monitor]: ANOMALY on [localization_node] message_timeout: Message timeout on /localization/pose: no message for 117.28s (expected ~0.099s, threshold 0.45s, last seen t=1789853634.35) (sev=1.00)
[monitor_node-5] [WARN] [1789853751.636923756] [diagnostic_monitor]: ANOMALY on [navigation_node] message_timeout: Message timeout on /navigation/cmd_vel: no message for 117.28s (expected ~0.099s, threshold 0.45s, last seen t=1789853634.36) (sev=1.00)
[monitor_node-5] [WARN] [1789853752.137939225] [diagnostic_monitor]: ANOMALY on [localization_node] message_timeout: Message timeout on /localization/pose: no message for 117.78s (expected ~0.099s, threshold 0.45s, last seen t=1789853634.35) (sev=1.00)
[monitor_node-5] [WARN] [1789853752.138992152] [diagnostic_monitor]: ANOMALY on [navigation_node] message_timeout: Message timeout on /navigation/cmd_vel: no message for 117.78s (expected ~0.099s, threshold 0.45s, last seen t=1789853634.36) (sev=1.00)
[monitor_node-5] [WARN] [1789853752.635672858] [diagnostic_monitor]: ANOMALY on [localization_node] message_timeout: Message timeout on /localization/pose: no message for 118.28s (expected ~0.099s, threshold 0.45s, last seen t=1789853634.35) (sev=1.00)
[monitor_node-5] [WARN] [1789853752.636548180] [diagnostic_monitor]: ANOMALY on [navigation_node] message_timeout: Message timeout on /navigation/cmd_vel: no message for 118.28s (expected ~0.099s, threshold 0.45s, last seen t=1789853634.36) (sev=1.00)
[monitor_node-5] [WARN] [1789853753.138133864] [diagnostic_monitor]: ANOMALY on [localization_node] message_timeout: Message timeout on /localization/pose: no message for 118.78s (expected ~0.099s, threshold 0.45s, last seen t=1789853634.35) (sev=1.00)
[monitor_node-5] [WARN] [1789853753.139032770] [diagnostic_monitor]: ANOMALY on [navigation_node] message_timeout: Message timeout on /navigation/cmd_vel: no message for 118.78s (expected ~0.099s, threshold 0.45s, last seen t=1789853634.36) (sev=1.00)
[monitor_node-5] [WARN] [1789853753.635614717] [diagnostic_monitor]: ANOMALY on [localization_node] message_timeout: Message timeout on /localization/pose: no message for 119.28s (expected ~0.099s, threshold 0.45s, last seen t=1789853634.35) (sev=1.00)
[monitor_node-5] [WARN] [1789853753.636547923] [diagnostic_monitor]: ANOMALY on [navigation_node] message_timeout: Message timeout on /navigation/cmd_vel: no message for 119.28s (expected ~0.099s, threshold 0.45s, last seen t=1789853634.36) (sev=1.00)
[monitor_node-5] [WARN] [1789853754.136109499] [diagnostic_monitor]: ANOMALY on [localization_node] message_timeout: Message timeout on /localization/pose: no message for 119.78s (expected ~0.099s, threshold 0.45s, last seen t=1789853634.35) (sev=1.00)
[monitor_node-5] [WARN] [1789853754.136965279] [diagnostic_monitor]: ANOMALY on [navigation_node] message_timeout: Message timeout on /navigation/cmd_vel: no message for 119.78s (expected ~0.099s, threshold 0.45s, last seen t=1789853634.36) (sev=1.00)
[monitor_node-5] [WARN] [1789853754.638051237] [diagnostic_monitor]: ANOMALY on [localization_node] message_timeout: Message timeout on /localization/pose: no message for 120.28s (expected ~0.099s, threshold 0.45s, last seen t=1789853634.35) (sev=1.00)
[monitor_node-5] [WARN] [1789853754.638957894] [diagnostic_monitor]: ANOMALY on [navigation_node] message_timeout: Message timeout on /navigation/cmd_vel: no message for 120.28s (expected ~0.099s, threshold 0.45s, last seen t=1789853634.36) (sev=1.00)
[monitor_node-5] [WARN] [1789853755.136099582] [diagnostic_monitor]: ANOMALY on [localization_node] message_timeout: Message timeout on /localization/pose: no message for 120.78s (expected ~0.099s, threshold 0.45s, last seen t=1789853634.35) (sev=1.00)
[monitor_node-5] [WARN] [1789853755.138377307] [diagnostic_monitor]: ANOMALY on [navigation_node] message_timeout: Message timeout on /navigation/cmd_vel: no message for 120.78s (expected ~0.099s, threshold 0.45s, last seen t=1789853634.36) (sev=1.00)
[monitor_node-5] [WARN] [1789853755.635084765] [diagnostic_monitor]: ANOMALY on [localization_node] message_timeout: Message timeout on /localization/pose: no message for 121.28s (expected ~0.099s, threshold 0.45s, last seen t=1789853634.35) (sev=1.00)
[monitor_node-5] [WARN] [1789853755.636038909] [diagnostic_monitor]: ANOMALY on [navigation_node] message_timeout: Message timeout on /navigation/cmd_vel: no message for 121.28s (expected ~0.099s, threshold 0.45s, last seen t=1789853634.36) (sev=1.00)
[monitor_node-5] [WARN] [1789853756.136030119] [diagnostic_monitor]: ANOMALY on [localization_node] message_timeout: Message timeout on /localization/pose: no message for 121.78s (expected ~0.099s, threshold 0.45s, last seen t=1789853634.35) (sev=1.00)
[monitor_node-5] [WARN] [1789853756.137217159] [diagnostic_monitor]: ANOMALY on [navigation_node] message_timeout: Message timeout on /navigation/cmd_vel: no message for 121.78s (expected ~0.099s, threshold 0.45s, last seen t=1789853634.36) (sev=1.00)
[monitor_node-5] [WARN] [1789853756.634544591] [diagnostic_monitor]: ANOMALY on [localization_node] message_timeout: Message timeout on /localization/pose: no message for 122.28s (expected ~0.099s, threshold 0.45s, last seen t=1789853634.35) (sev=1.00)
[monitor_node-5] [WARN] [1789853756.635278215] [diagnostic_monitor]: ANOMALY on [navigation_node] message_timeout: Message timeout on /navigation/cmd_vel: no message for 122.28s (expected ~0.099s, threshold 0.45s, last seen t=1789853634.36) (sev=1.00)
[monitor_node-5] [WARN] [1789853757.137052998] [diagnostic_monitor]: ANOMALY on [localization_node] message_timeout: Message timeout on /localization/pose: no message for 122.78s (expected ~0.099s, threshold 0.45s, last seen t=1789853634.35) (sev=1.00)
[monitor_node-5] [WARN] [1789853757.138007385] [diagnostic_monitor]: ANOMALY on [navigation_node] message_timeout: Message timeout on /navigation/cmd_vel: no message for 122.78s (expected ~0.099s, threshold 0.45s, last seen t=1789853634.36) (sev=1.00)
[monitor_node-5] [WARN] [1789853757.635299937] [diagnostic_monitor]: ANOMALY on [localization_node] message_timeout: Message timeout on /localization/pose: no message for 123.28s (expected ~0.099s, threshold 0.45s, last seen t=1789853634.35) (sev=1.00)
[monitor_node-5] [WARN] [1789853757.636792695] [diagnostic_monitor]: ANOMALY on [navigation_node] message_timeout: Message timeout on /navigation/cmd_vel: no message for 123.28s (expected ~0.099s, threshold 0.45s, last seen t=1789853634.36) (sev=1.00)
[monitor_node-5] [WARN] [1789853758.138517981] [diagnostic_monitor]: ANOMALY on [localization_node] message_timeout: Message timeout on /localization/pose: no message for 123.78s (expected ~0.099s, threshold 0.45s, last seen t=1789853634.35) (sev=1.00)
[monitor_node-5] [WARN] [1789853758.139448385] [diagnostic_monitor]: ANOMALY on [navigation_node] message_timeout: Message timeout on /navigation/cmd_vel: no message for 123.78s (expected ~0.099s, threshold 0.45s, last seen t=1789853634.36) (sev=1.00)
[monitor_node-5] [WARN] [1789853758.635933961] [diagnostic_monitor]: ANOMALY on [localization_node] message_timeout: Message timeout on /localization/pose: no message for 124.28s (expected ~0.099s, threshold 0.45s, last seen t=1789853634.35) (sev=1.00)
[monitor_node-5] [WARN] [1789853758.637081891] [diagnostic_monitor]: ANOMALY on [navigation_node] message_timeout: Message timeout on /navigation/cmd_vel: no message for 124.28s (expected ~0.099s, threshold 0.45s, last seen t=1789853634.36) (sev=1.00)
[monitor_node-5] [WARN] [1789853759.136588822] [diagnostic_monitor]: ANOMALY on [localization_node] message_timeout: Message timeout on /localization/pose: no message for 124.78s (expected ~0.099s, threshold 0.45s, last seen t=1789853634.35) (sev=1.00)
[monitor_node-5] [WARN] [1789853759.137459521] [diagnostic_monitor]: ANOMALY on [navigation_node] message_timeout: Message timeout on /navigation/cmd_vel: no message for 124.78s (expected ~0.099s, threshold 0.45s, last seen t=1789853634.36) (sev=1.00)
[monitor_node-5] [WARN] [1789853759.635070005] [diagnostic_monitor]: ANOMALY on [localization_node] message_timeout: Message timeout on /localization/pose: no message for 125.28s (expected ~0.099s, threshold 0.45s, last seen t=1789853634.35) (sev=1.00)
[monitor_node-5] [WARN] [1789853759.635872355] [diagnostic_monitor]: ANOMALY on [navigation_node] message_timeout: Message timeout on /navigation/cmd_vel: no message for 125.28s (expected ~0.099s, threshold 0.45s, last seen t=1789853634.36) (sev=1.00)
[monitor_node-5] [WARN] [1789853760.173078674] [diagnostic_monitor]: ANOMALY on [localization_node] message_timeout: Message timeout on /localization/pose: no message for 125.78s (expected ~0.099s, threshold 0.45s, last seen t=1789853634.35) (sev=1.00)
[monitor_node-5] [WARN] [1789853760.179173742] [diagnostic_monitor]: ANOMALY on [navigation_node] message_timeout: Message timeout on /navigation/cmd_vel: no message for 125.78s (expected ~0.099s, threshold 0.45s, last seen t=1789853634.36) (sev=1.00)
[monitor_node-5] [WARN] [1789853760.636352645] [diagnostic_monitor]: ANOMALY on [localization_node] message_timeout: Message timeout on /localization/pose: no message for 126.28s (expected ~0.099s, threshold 0.45s, last seen t=1789853634.35) (sev=1.00)
[monitor_node-5] [WARN] [1789853760.637650650] [diagnostic_monitor]: ANOMALY on [navigation_node] message_timeout: Message timeout on /navigation/cmd_vel: no message for 126.28s (expected ~0.099s, threshold 0.45s, last seen t=1789853634.36) (sev=1.00)
[monitor_node-5] [WARN] [1789853761.136480920] [diagnostic_monitor]: ANOMALY on [localization_node] message_timeout: Message timeout on /localization/pose: no message for 126.78s (expected ~0.099s, threshold 0.45s, last seen t=1789853634.35) (sev=1.00)
[monitor_node-5] [WARN] [1789853761.137255044] [diagnostic_monitor]: ANOMALY on [navigation_node] message_timeout: Message timeout on /navigation/cmd_vel: no message for 126.78s (expected ~0.099s, threshold 0.45s, last seen t=1789853634.36) (sev=1.00)
[monitor_node-5] [WARN] [1789853761.636215978] [diagnostic_monitor]: ANOMALY on [localization_node] message_timeout: Message timeout on /localization/pose: no message for 127.28s (expected ~0.099s, threshold 0.45s, last seen t=1789853634.35) (sev=1.00)
[monitor_node-5] [WARN] [1789853761.637420269] [diagnostic_monitor]: ANOMALY on [navigation_node] message_timeout: Message timeout on /navigation/cmd_vel: no message for 127.28s (expected ~0.099s, threshold 0.45s, last seen t=1789853634.36) (sev=1.00)
[monitor_node-5] [WARN] [1789853762.141098529] [diagnostic_monitor]: ANOMALY on [localization_node] message_timeout: Message timeout on /localization/pose: no message for 127.78s (expected ~0.099s, threshold 0.45s, last seen t=1789853634.35) (sev=1.00)
[monitor_node-5] [WARN] [1789853762.143731525] [diagnostic_monitor]: ANOMALY on [navigation_node] message_timeout: Message timeout on /navigation/cmd_vel: no message for 127.78s (expected ~0.099s, threshold 0.45s, last seen t=1789853634.36) (sev=1.00)
[monitor_node-5] [WARN] [1789853762.634815185] [diagnostic_monitor]: ANOMALY on [localization_node] message_timeout: Message timeout on /localization/pose: no message for 128.28s (expected ~0.099s, threshold 0.45s, last seen t=1789853634.35) (sev=1.00)
[monitor_node-5] [WARN] [1789853762.635684532] [diagnostic_monitor]: ANOMALY on [navigation_node] message_timeout: Message timeout on /navigation/cmd_vel: no message for 128.28s (expected ~0.099s, threshold 0.45s, last seen t=1789853634.36) (sev=1.00)
[monitor_node-5] [WARN] [1789853763.136383834] [diagnostic_monitor]: ANOMALY on [localization_node] message_timeout: Message timeout on /localization/pose: no message for 128.78s (expected ~0.099s, threshold 0.45s, last seen t=1789853634.35) (sev=1.00)
[monitor_node-5] [WARN] [1789853763.137392089] [diagnostic_monitor]: ANOMALY on [navigation_node] message_timeout: Message timeout on /navigation/cmd_vel: no message for 128.78s (expected ~0.099s, threshold 0.45s, last seen t=1789853634.36) (sev=1.00)
[monitor_node-5] [WARN] [1789853763.635107829] [diagnostic_monitor]: ANOMALY on [localization_node] message_timeout: Message timeout on /localization/pose: no message for 129.28s (expected ~0.099s, threshold 0.45s, last seen t=1789853634.35) (sev=1.00)
[monitor_node-5] [WARN] [1789853763.635982323] [diagnostic_monitor]: ANOMALY on [navigation_node] message_timeout: Message timeout on /navigation/cmd_vel: no message for 129.28s (expected ~0.099s, threshold 0.45s, last seen t=1789853634.36) (sev=1.00)
[monitor_node-5] [WARN] [1789853764.136033605] [diagnostic_monitor]: ANOMALY on [localization_node] message_timeout: Message timeout on /localization/pose: no message for 129.78s (expected ~0.099s, threshold 0.45s, last seen t=1789853634.35) (sev=1.00)
[monitor_node-5] [WARN] [1789853764.136821758] [diagnostic_monitor]: ANOMALY on [navigation_node] message_timeout: Message timeout on /navigation/cmd_vel: no message for 129.78s (expected ~0.099s, threshold 0.45s, last seen t=1789853634.36) (sev=1.00)
[monitor_node-5] [WARN] [1789853764.635140310] [diagnostic_monitor]: ANOMALY on [localization_node] message_timeout: Message timeout on /localization/pose: no message for 130.28s (expected ~0.099s, threshold 0.45s, last seen t=1789853634.35) (sev=1.00)
[monitor_node-5] [WARN] [1789853764.635748385] [diagnostic_monitor]: ANOMALY on [navigation_node] message_timeout: Message timeout on /navigation/cmd_vel: no message for 130.28s (expected ~0.099s, threshold 0.45s, last seen t=1789853634.36) (sev=1.00)
[monitor_node-5] [WARN] [1789853765.135742006] [diagnostic_monitor]: ANOMALY on [localization_node] message_timeout: Message timeout on /localization/pose: no message for 130.78s (expected ~0.099s, threshold 0.45s, last seen t=1789853634.35) (sev=1.00)
[monitor_node-5] [WARN] [1789853765.136835475] [diagnostic_monitor]: ANOMALY on [navigation_node] message_timeout: Message timeout on /navigation/cmd_vel: no message for 130.78s (expected ~0.099s, threshold 0.45s, last seen t=1789853634.36) (sev=1.00)
[monitor_node-5] [WARN] [1789853765.634926541] [diagnostic_monitor]: ANOMALY on [localization_node] message_timeout: Message timeout on /localization/pose: no message for 131.28s (expected ~0.099s, threshold 0.45s, last seen t=1789853634.35) (sev=1.00)
[monitor_node-5] [WARN] [1789853765.635697593] [diagnostic_monitor]: ANOMALY on [navigation_node] message_timeout: Message timeout on /navigation/cmd_vel: no message for 131.28s (expected ~0.099s, threshold 0.45s, last seen t=1789853634.36) (sev=1.00)
[monitor_node-5] [WARN] [1789853766.136101118] [diagnostic_monitor]: ANOMALY on [localization_node] message_timeout: Message timeout on /localization/pose: no message for 131.78s (expected ~0.099s, threshold 0.45s, last seen t=1789853634.35) (sev=1.00)
[monitor_node-5] [WARN] [1789853766.137123490] [diagnostic_monitor]: ANOMALY on [navigation_node] message_timeout: Message timeout on /navigation/cmd_vel: no message for 131.78s (expected ~0.099s, threshold 0.45s, last seen t=1789853634.36) (sev=1.00)
[monitor_node-5] [WARN] [1789853766.634963589] [diagnostic_monitor]: ANOMALY on [localization_node] message_timeout: Message timeout on /localization/pose: no message for 132.28s (expected ~0.099s, threshold 0.45s, last seen t=1789853634.35) (sev=1.00)
[monitor_node-5] [WARN] [1789853766.635918080] [diagnostic_monitor]: ANOMALY on [navigation_node] message_timeout: Message timeout on /navigation/cmd_vel: no message for 132.28s (expected ~0.099s, threshold 0.45s, last seen t=1789853634.36) (sev=1.00)
[monitor_node-5] [WARN] [1789853767.136332820] [diagnostic_monitor]: ANOMALY on [localization_node] message_timeout: Message timeout on /localization/pose: no message for 132.78s (expected ~0.099s, threshold 0.45s, last seen t=1789853634.35) (sev=1.00)
[monitor_node-5] [WARN] [1789853767.137189444] [diagnostic_monitor]: ANOMALY on [navigation_node] message_timeout: Message timeout on /navigation/cmd_vel: no message for 132.78s (expected ~0.099s, threshold 0.45s, last seen t=1789853634.36) (sev=1.00)
[monitor_node-5] [WARN] [1789853767.635033819] [diagnostic_monitor]: ANOMALY on [localization_node] message_timeout: Message timeout on /localization/pose: no message for 133.28s (expected ~0.099s, threshold 0.45s, last seen t=1789853634.35) (sev=1.00)
[monitor_node-5] [WARN] [1789853767.635724312] [diagnostic_monitor]: ANOMALY on [navigation_node] message_timeout: Message timeout on /navigation/cmd_vel: no message for 133.28s (expected ~0.099s, threshold 0.45s, last seen t=1789853634.36) (sev=1.00)
[monitor_node-5] [WARN] [1789853768.136295155] [diagnostic_monitor]: ANOMALY on [localization_node] message_timeout: Message timeout on /localization/pose: no message for 133.78s (expected ~0.099s, threshold 0.45s, last seen t=1789853634.35) (sev=1.00)
[monitor_node-5] [WARN] [1789853768.138720748] [diagnostic_monitor]: ANOMALY on [navigation_node] message_timeout: Message timeout on /navigation/cmd_vel: no message for 133.78s (expected ~0.099s, threshold 0.45s, last seen t=1789853634.36) (sev=1.00)
[monitor_node-5] [WARN] [1789853768.635877844] [diagnostic_monitor]: ANOMALY on [localization_node] message_timeout: Message timeout on /localization/pose: no message for 134.28s (expected ~0.099s, threshold 0.45s, last seen t=1789853634.35) (sev=1.00)
[monitor_node-5] [WARN] [1789853768.636785201] [diagnostic_monitor]: ANOMALY on [navigation_node] message_timeout: Message timeout on /navigation/cmd_vel: no message for 134.28s (expected ~0.099s, threshold 0.45s, last seen t=1789853634.36) (sev=1.00)
[monitor_node-5] [WARN] [1789853769.135652792] [diagnostic_monitor]: ANOMALY on [localization_node] message_timeout: Message timeout on /localization/pose: no message for 134.78s (expected ~0.099s, threshold 0.45s, last seen t=1789853634.35) (sev=1.00)
[monitor_node-5] [WARN] [1789853769.136269380] [diagnostic_monitor]: ANOMALY on [navigation_node] message_timeout: Message timeout on /navigation/cmd_vel: no message for 134.78s (expected ~0.099s, threshold 0.45s, last seen t=1789853634.36) (sev=1.00)
[monitor_node-5] [WARN] [1789853769.635628931] [diagnostic_monitor]: ANOMALY on [localization_node] message_timeout: Message timeout on /localization/pose: no message for 135.28s (expected ~0.099s, threshold 0.45s, last seen t=1789853634.35) (sev=1.00)
[monitor_node-5] [WARN] [1789853769.636565076] [diagnostic_monitor]: ANOMALY on [navigation_node] message_timeout: Message timeout on /navigation/cmd_vel: no message for 135.28s (expected ~0.099s, threshold 0.45s, last seen t=1789853634.36) (sev=1.00)
[monitor_node-5] [WARN] [1789853770.136027401] [diagnostic_monitor]: ANOMALY on [localization_node] message_timeout: Message timeout on /localization/pose: no message for 135.78s (expected ~0.099s, threshold 0.45s, last seen t=1789853634.35) (sev=1.00)
[monitor_node-5] [WARN] [1789853770.137379667] [diagnostic_monitor]: ANOMALY on [navigation_node] message_timeout: Message timeout on /navigation/cmd_vel: no message for 135.78s (expected ~0.099s, threshold 0.45s, last seen t=1789853634.36) (sev=1.00)
[monitor_node-5] [WARN] [1789853770.634609946] [diagnostic_monitor]: ANOMALY on [localization_node] message_timeout: Message timeout on /localization/pose: no message for 136.28s (expected ~0.099s, threshold 0.45s, last seen t=1789853634.35) (sev=1.00)
[monitor_node-5] [WARN] [1789853770.635466664] [diagnostic_monitor]: ANOMALY on [navigation_node] message_timeout: Message timeout on /navigation/cmd_vel: no message for 136.28s (expected ~0.099s, threshold 0.45s, last seen t=1789853634.36) (sev=1.00)
[monitor_node-5] [WARN] [1789853771.136103839] [diagnostic_monitor]: ANOMALY on [localization_node] message_timeout: Message timeout on /localization/pose: no message for 136.78s (expected ~0.099s, threshold 0.45s, last seen t=1789853634.35) (sev=1.00)
[monitor_node-5] [WARN] [1789853771.137120828] [diagnostic_monitor]: ANOMALY on [navigation_node] message_timeout: Message timeout on /navigation/cmd_vel: no message for 136.78s (expected ~0.099s, threshold 0.45s, last seen t=1789853634.36) (sev=1.00)
[monitor_node-5] [WARN] [1789853771.634527235] [diagnostic_monitor]: ANOMALY on [localization_node] message_timeout: Message timeout on /localization/pose: no message for 137.28s (expected ~0.099s, threshold 0.45s, last seen t=1789853634.35) (sev=1.00)
[monitor_node-5] [WARN] [1789853771.635048448] [diagnostic_monitor]: ANOMALY on [navigation_node] message_timeout: Message timeout on /navigation/cmd_vel: no message for 137.28s (expected ~0.099s, threshold 0.45s, last seen t=1789853634.36) (sev=1.00)
[monitor_node-5] [WARN] [1789853772.136388867] [diagnostic_monitor]: ANOMALY on [localization_node] message_timeout: Message timeout on /localization/pose: no message for 137.78s (expected ~0.099s, threshold 0.45s, last seen t=1789853634.35) (sev=1.00)
[monitor_node-5] [WARN] [1789853772.137180730] [diagnostic_monitor]: ANOMALY on [navigation_node] message_timeout: Message timeout on /navigation/cmd_vel: no message for 137.78s (expected ~0.099s, threshold 0.45s, last seen t=1789853634.36) (sev=1.00)
[monitor_node-5] [WARN] [1789853772.634842505] [diagnostic_monitor]: ANOMALY on [localization_node] message_timeout: Message timeout on /localization/pose: no message for 138.28s (expected ~0.099s, threshold 0.45s, last seen t=1789853634.35) (sev=1.00)
[monitor_node-5] [WARN] [1789853772.635550192] [diagnostic_monitor]: ANOMALY on [navigation_node] message_timeout: Message timeout on /navigation/cmd_vel: no message for 138.28s (expected ~0.099s, threshold 0.45s, last seen t=1789853634.36) (sev=1.00)
[monitor_node-5] [WARN] [1789853773.135723434] [diagnostic_monitor]: ANOMALY on [localization_node] message_timeout: Message timeout on /localization/pose: no message for 138.78s (expected ~0.099s, threshold 0.45s, last seen t=1789853634.35) (sev=1.00)
[monitor_node-5] [WARN] [1789853773.136537130] [diagnostic_monitor]: ANOMALY on [navigation_node] message_timeout: Message timeout on /navigation/cmd_vel: no message for 138.78s (expected ~0.099s, threshold 0.45s, last seen t=1789853634.36) (sev=1.00)
[monitor_node-5] [WARN] [1789853773.635213069] [diagnostic_monitor]: ANOMALY on [localization_node] message_timeout: Message timeout on /localization/pose: no message for 139.28s (expected ~0.099s, threshold 0.45s, last seen t=1789853634.35) (sev=1.00)
[monitor_node-5] [WARN] [1789853773.636133401] [diagnostic_monitor]: ANOMALY on [navigation_node] message_timeout: Message timeout on /navigation/cmd_vel: no message for 139.28s (expected ~0.099s, threshold 0.45s, last seen t=1789853634.36) (sev=1.00)
[monitor_node-5] [WARN] [1789853774.136576379] [diagnostic_monitor]: ANOMALY on [localization_node] message_timeout: Message timeout on /localization/pose: no message for 139.78s (expected ~0.099s, threshold 0.45s, last seen t=1789853634.35) (sev=1.00)
[monitor_node-5] [WARN] [1789853774.137368313] [diagnostic_monitor]: ANOMALY on [navigation_node] message_timeout: Message timeout on /navigation/cmd_vel: no message for 139.78s (expected ~0.099s, threshold 0.45s, last seen t=1789853634.36) (sev=1.00)
[monitor_node-5] [WARN] [1789853774.634590736] [diagnostic_monitor]: ANOMALY on [localization_node] message_timeout: Message timeout on /localization/pose: no message for 140.28s (expected ~0.099s, threshold 0.45s, last seen t=1789853634.35) (sev=1.00)
[monitor_node-5] [WARN] [1789853774.635387819] [diagnostic_monitor]: ANOMALY on [navigation_node] message_timeout: Message timeout on /navigation/cmd_vel: no message for 140.28s (expected ~0.099s, threshold 0.45s, last seen t=1789853634.36) (sev=1.00)
[monitor_node-5] [WARN] [1789853775.135996747] [diagnostic_monitor]: ANOMALY on [localization_node] message_timeout: Message timeout on /localization/pose: no message for 140.78s (expected ~0.099s, threshold 0.45s, last seen t=1789853634.35) (sev=1.00)
[monitor_node-5] [WARN] [1789853775.136824528] [diagnostic_monitor]: ANOMALY on [navigation_node] message_timeout: Message timeout on /navigation/cmd_vel: no message for 140.78s (expected ~0.099s, threshold 0.45s, last seen t=1789853634.36) (sev=1.00)
[monitor_node-5] [WARN] [1789853775.636702865] [diagnostic_monitor]: ANOMALY on [localization_node] message_timeout: Message timeout on /localization/pose: no message for 141.28s (expected ~0.099s, threshold 0.45s, last seen t=1789853634.35) (sev=1.00)
[monitor_node-5] [WARN] [1789853775.637786772] [diagnostic_monitor]: ANOMALY on [navigation_node] message_timeout: Message timeout on /navigation/cmd_vel: no message for 141.28s (expected ~0.099s, threshold 0.45s, last seen t=1789853634.36) (sev=1.00)
[monitor_node-5] [WARN] [1789853776.136351934] [diagnostic_monitor]: ANOMALY on [localization_node] message_timeout: Message timeout on /localization/pose: no message for 141.78s (expected ~0.099s, threshold 0.45s, last seen t=1789853634.35) (sev=1.00)
[monitor_node-5] [WARN] [1789853776.137273570] [diagnostic_monitor]: ANOMALY on [navigation_node] message_timeout: Message timeout on /navigation/cmd_vel: no message for 141.78s (expected ~0.099s, threshold 0.45s, last seen t=1789853634.36) (sev=1.00)
[monitor_node-5] [WARN] [1789853776.634905131] [diagnostic_monitor]: ANOMALY on [localization_node] message_timeout: Message timeout on /localization/pose: no message for 142.28s (expected ~0.099s, threshold 0.45s, last seen t=1789853634.35) (sev=1.00)
[monitor_node-5] [WARN] [1789853776.635679493] [diagnostic_monitor]: ANOMALY on [navigation_node] message_timeout: Message timeout on /navigation/cmd_vel: no message for 142.28s (expected ~0.099s, threshold 0.45s, last seen t=1789853634.36) (sev=1.00)
[monitor_node-5] [WARN] [1789853777.135431738] [diagnostic_monitor]: ANOMALY on [localization_node] message_timeout: Message timeout on /localization/pose: no message for 142.78s (expected ~0.099s, threshold 0.45s, last seen t=1789853634.35) (sev=1.00)
[monitor_node-5] [WARN] [1789853777.135997028] [diagnostic_monitor]: ANOMALY on [navigation_node] message_timeout: Message timeout on /navigation/cmd_vel: no message for 142.78s (expected ~0.099s, threshold 0.45s, last seen t=1789853634.36) (sev=1.00)
[monitor_node-5] [WARN] [1789853777.638213635] [diagnostic_monitor]: ANOMALY on [localization_node] message_timeout: Message timeout on /localization/pose: no message for 143.28s (expected ~0.099s, threshold 0.45s, last seen t=1789853634.35) (sev=1.00)
[monitor_node-5] [WARN] [1789853777.643856662] [diagnostic_monitor]: ANOMALY on [navigation_node] message_timeout: Message timeout on /navigation/cmd_vel: no message for 143.28s (expected ~0.099s, threshold 0.45s, last seen t=1789853634.36) (sev=1.00)
[monitor_node-5] [WARN] [1789853778.136531755] [diagnostic_monitor]: ANOMALY on [localization_node] message_timeout: Message timeout on /localization/pose: no message for 143.78s (expected ~0.099s, threshold 0.45s, last seen t=1789853634.35) (sev=1.00)
[monitor_node-5] [WARN] [1789853778.137344981] [diagnostic_monitor]: ANOMALY on [navigation_node] message_timeout: Message timeout on /navigation/cmd_vel: no message for 143.78s (expected ~0.099s, threshold 0.45s, last seen t=1789853634.36) (sev=1.00)
[monitor_node-5] [WARN] [1789853778.634720352] [diagnostic_monitor]: ANOMALY on [localization_node] message_timeout: Message timeout on /localization/pose: no message for 144.28s (expected ~0.099s, threshold 0.45s, last seen t=1789853634.35) (sev=1.00)
[monitor_node-5] [WARN] [1789853778.635239846] [diagnostic_monitor]: ANOMALY on [navigation_node] message_timeout: Message timeout on /navigation/cmd_vel: no message for 144.28s (expected ~0.099s, threshold 0.45s, last seen t=1789853634.36) (sev=1.00)
[monitor_node-5] [WARN] [1789853779.136888575] [diagnostic_monitor]: ANOMALY on [localization_node] message_timeout: Message timeout on /localization/pose: no message for 144.78s (expected ~0.099s, threshold 0.45s, last seen t=1789853634.35) (sev=1.00)
[monitor_node-5] [WARN] [1789853779.137928165] [diagnostic_monitor]: ANOMALY on [navigation_node] message_timeout: Message timeout on /navigation/cmd_vel: no message for 144.78s (expected ~0.099s, threshold 0.45s, last seen t=1789853634.36) (sev=1.00)
[monitor_node-5] [WARN] [1789853779.635353063] [diagnostic_monitor]: ANOMALY on [localization_node] message_timeout: Message timeout on /localization/pose: no message for 145.28s (expected ~0.099s, threshold 0.45s, last seen t=1789853634.35) (sev=1.00)
[monitor_node-5] [WARN] [1789853779.637386882] [diagnostic_monitor]: ANOMALY on [navigation_node] message_timeout: Message timeout on /navigation/cmd_vel: no message for 145.28s (expected ~0.099s, threshold 0.45s, last seen t=1789853634.36) (sev=1.00)
[monitor_node-5] [WARN] [1789853780.136061199] [diagnostic_monitor]: ANOMALY on [localization_node] message_timeout: Message timeout on /localization/pose: no message for 145.78s (expected ~0.099s, threshold 0.45s, last seen t=1789853634.35) (sev=1.00)
[monitor_node-5] [WARN] [1789853780.136973722] [diagnostic_monitor]: ANOMALY on [navigation_node] message_timeout: Message timeout on /navigation/cmd_vel: no message for 145.78s (expected ~0.099s, threshold 0.45s, last seen t=1789853634.36) (sev=1.00)
[monitor_node-5] [WARN] [1789853780.640879789] [diagnostic_monitor]: ANOMALY on [localization_node] message_timeout: Message timeout on /localization/pose: no message for 146.28s (expected ~0.099s, threshold 0.45s, last seen t=1789853634.35) (sev=1.00)
[monitor_node-5] [WARN] [1789853780.641888282] [diagnostic_monitor]: ANOMALY on [navigation_node] message_timeout: Message timeout on /navigation/cmd_vel: no message for 146.28s (expected ~0.099s, threshold 0.45s, last seen t=1789853634.36) (sev=1.00)
[monitor_node-5] [WARN] [1789853781.136327254] [diagnostic_monitor]: ANOMALY on [localization_node] message_timeout: Message timeout on /localization/pose: no message for 146.78s (expected ~0.099s, threshold 0.45s, last seen t=1789853634.35) (sev=1.00)
[monitor_node-5] [WARN] [1789853781.137180346] [diagnostic_monitor]: ANOMALY on [navigation_node] message_timeout: Message timeout on /navigation/cmd_vel: no message for 146.78s (expected ~0.099s, threshold 0.45s, last seen t=1789853634.36) (sev=1.00)
[monitor_node-5] [WARN] [1789853781.635030580] [diagnostic_monitor]: ANOMALY on [localization_node] message_timeout: Message timeout on /localization/pose: no message for 147.28s (expected ~0.099s, threshold 0.45s, last seen t=1789853634.35) (sev=1.00)
[monitor_node-5] [WARN] [1789853781.635813084] [diagnostic_monitor]: ANOMALY on [navigation_node] message_timeout: Message timeout on /navigation/cmd_vel: no message for 147.28s (expected ~0.099s, threshold 0.45s, last seen t=1789853634.36) (sev=1.00)
[monitor_node-5] [WARN] [1789853782.135836643] [diagnostic_monitor]: ANOMALY on [localization_node] message_timeout: Message timeout on /localization/pose: no message for 147.78s (expected ~0.099s, threshold 0.45s, last seen t=1789853634.35) (sev=1.00)
[monitor_node-5] [WARN] [1789853782.136581253] [diagnostic_monitor]: ANOMALY on [navigation_node] message_timeout: Message timeout on /navigation/cmd_vel: no message for 147.78s (expected ~0.099s, threshold 0.45s, last seen t=1789853634.36) (sev=1.00)
[monitor_node-5] [WARN] [1789853782.646880462] [diagnostic_monitor]: ANOMALY on [localization_node] message_timeout: Message timeout on /localization/pose: no message for 148.28s (expected ~0.099s, threshold 0.45s, last seen t=1789853634.35) (sev=1.00)
[monitor_node-5] [WARN] [1789853782.647960819] [diagnostic_monitor]: ANOMALY on [navigation_node] message_timeout: Message timeout on /navigation/cmd_vel: no message for 148.28s (expected ~0.099s, threshold 0.45s, last seen t=1789853634.36) (sev=1.00)
[monitor_node-5] [WARN] [1789853783.136219495] [diagnostic_monitor]: ANOMALY on [localization_node] message_timeout: Message timeout on /localization/pose: no message for 148.78s (expected ~0.099s, threshold 0.45s, last seen t=1789853634.35) (sev=1.00)
[monitor_node-5] [WARN] [1789853783.137462601] [diagnostic_monitor]: ANOMALY on [navigation_node] message_timeout: Message timeout on /navigation/cmd_vel: no message for 148.78s (expected ~0.099s, threshold 0.45s, last seen t=1789853634.36) (sev=1.00)
[monitor_node-5] [WARN] [1789853783.634824236] [diagnostic_monitor]: ANOMALY on [localization_node] message_timeout: Message timeout on /localization/pose: no message for 149.28s (expected ~0.099s, threshold 0.45s, last seen t=1789853634.35) (sev=1.00)
[monitor_node-5] [WARN] [1789853783.635606037] [diagnostic_monitor]: ANOMALY on [navigation_node] message_timeout: Message timeout on /navigation/cmd_vel: no message for 149.28s (expected ~0.099s, threshold 0.45s, last seen t=1789853634.36) (sev=1.00)
[monitor_node-5] [WARN] [1789853784.135712590] [diagnostic_monitor]: ANOMALY on [localization_node] message_timeout: Message timeout on /localization/pose: no message for 149.78s (expected ~0.099s, threshold 0.45s, last seen t=1789853634.35) (sev=1.00)
[monitor_node-5] [WARN] [1789853784.136476339] [diagnostic_monitor]: ANOMALY on [navigation_node] message_timeout: Message timeout on /navigation/cmd_vel: no message for 149.78s (expected ~0.099s, threshold 0.45s, last seen t=1789853634.36) (sev=1.00)
[monitor_node-5] [WARN] [1789853784.635874409] [diagnostic_monitor]: ANOMALY on [localization_node] message_timeout: Message timeout on /localization/pose: no message for 150.28s (expected ~0.099s, threshold 0.45s, last seen t=1789853634.35) (sev=1.00)
[monitor_node-5] [WARN] [1789853784.637393708] [diagnostic_monitor]: ANOMALY on [navigation_node] message_timeout: Message timeout on /navigation/cmd_vel: no message for 150.28s (expected ~0.099s, threshold 0.45s, last seen t=1789853634.36) (sev=1.00)
[monitor_node-5] [WARN] [1789853785.136150193] [diagnostic_monitor]: ANOMALY on [localization_node] message_timeout: Message timeout on /localization/pose: no message for 150.78s (expected ~0.099s, threshold 0.45s, last seen t=1789853634.35) (sev=1.00)
[monitor_node-5] [WARN] [1789853785.136996161] [diagnostic_monitor]: ANOMALY on [navigation_node] message_timeout: Message timeout on /navigation/cmd_vel: no message for 150.78s (expected ~0.099s, threshold 0.45s, last seen t=1789853634.36) (sev=1.00)
[monitor_node-5] [WARN] [1789853785.634821419] [diagnostic_monitor]: ANOMALY on [localization_node] message_timeout: Message timeout on /localization/pose: no message for 151.28s (expected ~0.099s, threshold 0.45s, last seen t=1789853634.35) (sev=1.00)
[monitor_node-5] [WARN] [1789853785.635459172] [diagnostic_monitor]: ANOMALY on [navigation_node] message_timeout: Message timeout on /navigation/cmd_vel: no message for 151.28s (expected ~0.099s, threshold 0.45s, last seen t=1789853634.36) (sev=1.00)
[monitor_node-5] [WARN] [1789853786.137108094] [diagnostic_monitor]: ANOMALY on [localization_node] message_timeout: Message timeout on /localization/pose: no message for 151.78s (expected ~0.099s, threshold 0.45s, last seen t=1789853634.35) (sev=1.00)
[monitor_node-5] [WARN] [1789853786.138040864] [diagnostic_monitor]: ANOMALY on [navigation_node] message_timeout: Message timeout on /navigation/cmd_vel: no message for 151.78s (expected ~0.099s, threshold 0.45s, last seen t=1789853634.36) (sev=1.00)
[monitor_node-5] [WARN] [1789853786.634924255] [diagnostic_monitor]: ANOMALY on [localization_node] message_timeout: Message timeout on /localization/pose: no message for 152.28s (expected ~0.099s, threshold 0.45s, last seen t=1789853634.35) (sev=1.00)
[monitor_node-5] [WARN] [1789853786.635694736] [diagnostic_monitor]: ANOMALY on [navigation_node] message_timeout: Message timeout on /navigation/cmd_vel: no message for 152.28s (expected ~0.099s, threshold 0.45s, last seen t=1789853634.36) (sev=1.00)
[monitor_node-5] [WARN] [1789853787.137056395] [diagnostic_monitor]: ANOMALY on [localization_node] message_timeout: Message timeout on /localization/pose: no message for 152.78s (expected ~0.099s, threshold 0.45s, last seen t=1789853634.35) (sev=1.00)
[monitor_node-5] [WARN] [1789853787.138261543] [diagnostic_monitor]: ANOMALY on [navigation_node] message_timeout: Message timeout on /navigation/cmd_vel: no message for 152.78s (expected ~0.099s, threshold 0.45s, last seen t=1789853634.36) (sev=1.00)
[monitor_node-5] [WARN] [1789853787.634887828] [diagnostic_monitor]: ANOMALY on [localization_node] message_timeout: Message timeout on /localization/pose: no message for 153.28s (expected ~0.099s, threshold 0.45s, last seen t=1789853634.35) (sev=1.00)
[monitor_node-5] [WARN] [1789853787.635867967] [diagnostic_monitor]: ANOMALY on [navigation_node] message_timeout: Message timeout on /navigation/cmd_vel: no message for 153.28s (expected ~0.099s, threshold 0.45s, last seen t=1789853634.36) (sev=1.00)
[monitor_node-5] [WARN] [1789853788.135951971] [diagnostic_monitor]: ANOMALY on [localization_node] message_timeout: Message timeout on /localization/pose: no message for 153.78s (expected ~0.099s, threshold 0.45s, last seen t=1789853634.35) (sev=1.00)
[monitor_node-5] [WARN] [1789853788.136781234] [diagnostic_monitor]: ANOMALY on [navigation_node] message_timeout: Message timeout on /navigation/cmd_vel: no message for 153.78s (expected ~0.099s, threshold 0.45s, last seen t=1789853634.36) (sev=1.00)
[monitor_node-5] [WARN] [1789853788.635110284] [diagnostic_monitor]: ANOMALY on [localization_node] message_timeout: Message timeout on /localization/pose: no message for 154.28s (expected ~0.099s, threshold 0.45s, last seen t=1789853634.35) (sev=1.00)
[monitor_node-5] [WARN] [1789853788.635803226] [diagnostic_monitor]: ANOMALY on [navigation_node] message_timeout: Message timeout on /navigation/cmd_vel: no message for 154.28s (expected ~0.099s, threshold 0.45s, last seen t=1789853634.36) (sev=1.00)
[monitor_node-5] [WARN] [1789853789.135921039] [diagnostic_monitor]: ANOMALY on [localization_node] message_timeout: Message timeout on /localization/pose: no message for 154.78s (expected ~0.099s, threshold 0.45s, last seen t=1789853634.35) (sev=1.00)
[monitor_node-5] [WARN] [1789853789.136784866] [diagnostic_monitor]: ANOMALY on [navigation_node] message_timeout: Message timeout on /navigation/cmd_vel: no message for 154.78s (expected ~0.099s, threshold 0.45s, last seen t=1789853634.36) (sev=1.00)
[monitor_node-5] [WARN] [1789853789.636834522] [diagnostic_monitor]: ANOMALY on [localization_node] message_timeout: Message timeout on /localization/pose: no message for 155.28s (expected ~0.099s, threshold 0.45s, last seen t=1789853634.35) (sev=1.00)
[monitor_node-5] [WARN] [1789853789.637808554] [diagnostic_monitor]: ANOMALY on [navigation_node] message_timeout: Message timeout on /navigation/cmd_vel: no message for 155.28s (expected ~0.099s, threshold 0.45s, last seen t=1789853634.36) (sev=1.00)
[monitor_node-5] [WARN] [1789853790.136010465] [diagnostic_monitor]: ANOMALY on [localization_node] message_timeout: Message timeout on /localization/pose: no message for 155.78s (expected ~0.099s, threshold 0.45s, last seen t=1789853634.35) (sev=1.00)
[monitor_node-5] [WARN] [1789853790.137537609] [diagnostic_monitor]: ANOMALY on [navigation_node] message_timeout: Message timeout on /navigation/cmd_vel: no message for 155.78s (expected ~0.099s, threshold 0.45s, last seen t=1789853634.36) (sev=1.00)
[monitor_node-5] [WARN] [1789853790.635514477] [diagnostic_monitor]: ANOMALY on [localization_node] message_timeout: Message timeout on /localization/pose: no message for 156.28s (expected ~0.099s, threshold 0.45s, last seen t=1789853634.35) (sev=1.00)
[monitor_node-5] [WARN] [1789853790.636356453] [diagnostic_monitor]: ANOMALY on [navigation_node] message_timeout: Message timeout on /navigation/cmd_vel: no message for 156.28s (expected ~0.099s, threshold 0.45s, last seen t=1789853634.36) (sev=1.00)
[monitor_node-5] [WARN] [1789853791.139141494] [diagnostic_monitor]: ANOMALY on [localization_node] message_timeout: Message timeout on /localization/pose: no message for 156.78s (expected ~0.099s, threshold 0.45s, last seen t=1789853634.35) (sev=1.00)
[monitor_node-5] [WARN] [1789853791.139958744] [diagnostic_monitor]: ANOMALY on [navigation_node] message_timeout: Message timeout on /navigation/cmd_vel: no message for 156.78s (expected ~0.099s, threshold 0.45s, last seen t=1789853634.36) (sev=1.00)
[monitor_node-5] [WARN] [1789853791.639955623] [diagnostic_monitor]: ANOMALY on [localization_node] message_timeout: Message timeout on /localization/pose: no message for 157.28s (expected ~0.099s, threshold 0.45s, last seen t=1789853634.35) (sev=1.00)
[monitor_node-5] [WARN] [1789853791.641254970] [diagnostic_monitor]: ANOMALY on [navigation_node] message_timeout: Message timeout on /navigation/cmd_vel: no message for 157.28s (expected ~0.099s, threshold 0.45s, last seen t=1789853634.36) (sev=1.00)
[monitor_node-5] [WARN] [1789853792.136240938] [diagnostic_monitor]: ANOMALY on [localization_node] message_timeout: Message timeout on /localization/pose: no message for 157.78s (expected ~0.099s, threshold 0.45s, last seen t=1789853634.35) (sev=1.00)
[monitor_node-5] [WARN] [1789853792.137347509] [diagnostic_monitor]: ANOMALY on [navigation_node] message_timeout: Message timeout on /navigation/cmd_vel: no message for 157.78s (expected ~0.099s, threshold 0.45s, last seen t=1789853634.36) (sev=1.00)
[monitor_node-5] [WARN] [1789853792.634982785] [diagnostic_monitor]: ANOMALY on [localization_node] message_timeout: Message timeout on /localization/pose: no message for 158.28s (expected ~0.099s, threshold 0.45s, last seen t=1789853634.35) (sev=1.00)
[monitor_node-5] [WARN] [1789853792.635776005] [diagnostic_monitor]: ANOMALY on [navigation_node] message_timeout: Message timeout on /navigation/cmd_vel: no message for 158.28s (expected ~0.099s, threshold 0.45s, last seen t=1789853634.36) (sev=1.00)
[monitor_node-5] [WARN] [1789853793.136142479] [diagnostic_monitor]: ANOMALY on [localization_node] message_timeout: Message timeout on /localization/pose: no message for 158.78s (expected ~0.099s, threshold 0.45s, last seen t=1789853634.35) (sev=1.00)
[monitor_node-5] [WARN] [1789853793.137031390] [diagnostic_monitor]: ANOMALY on [navigation_node] message_timeout: Message timeout on /navigation/cmd_vel: no message for 158.78s (expected ~0.099s, threshold 0.45s, last seen t=1789853634.36) (sev=1.00)
[monitor_node-5] [WARN] [1789853793.634915920] [diagnostic_monitor]: ANOMALY on [localization_node] message_timeout: Message timeout on /localization/pose: no message for 159.28s (expected ~0.099s, threshold 0.45s, last seen t=1789853634.35) (sev=1.00)
[monitor_node-5] [WARN] [1789853793.635592456] [diagnostic_monitor]: ANOMALY on [navigation_node] message_timeout: Message timeout on /navigation/cmd_vel: no message for 159.28s (expected ~0.099s, threshold 0.45s, last seen t=1789853634.36) (sev=1.00)
[monitor_node-5] [WARN] [1789853794.137502864] [diagnostic_monitor]: ANOMALY on [localization_node] message_timeout: Message timeout on /localization/pose: no message for 159.78s (expected ~0.099s, threshold 0.45s, last seen t=1789853634.35) (sev=1.00)
[monitor_node-5] [WARN] [1789853794.139017910] [diagnostic_monitor]: ANOMALY on [navigation_node] message_timeout: Message timeout on /navigation/cmd_vel: no message for 159.78s (expected ~0.099s, threshold 0.45s, last seen t=1789853634.36) (sev=1.00)
[monitor_node-5] [WARN] [1789853794.635290219] [diagnostic_monitor]: ANOMALY on [localization_node] message_timeout: Message timeout on /localization/pose: no message for 160.28s (expected ~0.099s, threshold 0.45s, last seen t=1789853634.35) (sev=1.00)
[monitor_node-5] [WARN] [1789853794.637713527] [diagnostic_monitor]: ANOMALY on [navigation_node] message_timeout: Message timeout on /navigation/cmd_vel: no message for 160.28s (expected ~0.099s, threshold 0.45s, last seen t=1789853634.36) (sev=1.00)
[monitor_node-5] [WARN] [1789853795.136160806] [diagnostic_monitor]: ANOMALY on [localization_node] message_timeout: Message timeout on /localization/pose: no message for 160.78s (expected ~0.099s, threshold 0.45s, last seen t=1789853634.35) (sev=1.00)
[monitor_node-5] [WARN] [1789853795.137260120] [diagnostic_monitor]: ANOMALY on [navigation_node] message_timeout: Message timeout on /navigation/cmd_vel: no message for 160.78s (expected ~0.099s, threshold 0.45s, last seen t=1789853634.36) (sev=1.00)
[monitor_node-5] [WARN] [1789853795.635025581] [diagnostic_monitor]: ANOMALY on [localization_node] message_timeout: Message timeout on /localization/pose: no message for 161.28s (expected ~0.099s, threshold 0.45s, last seen t=1789853634.35) (sev=1.00)
[monitor_node-5] [WARN] [1789853795.635768134] [diagnostic_monitor]: ANOMALY on [navigation_node] message_timeout: Message timeout on /navigation/cmd_vel: no message for 161.28s (expected ~0.099s, threshold 0.45s, last seen t=1789853634.36) (sev=1.00)
[monitor_node-5] [WARN] [1789853796.135782453] [diagnostic_monitor]: ANOMALY on [localization_node] message_timeout: Message timeout on /localization/pose: no message for 161.78s (expected ~0.099s, threshold 0.45s, last seen t=1789853634.35) (sev=1.00)
[monitor_node-5] [WARN] [1789853796.136487263] [diagnostic_monitor]: ANOMALY on [navigation_node] message_timeout: Message timeout on /navigation/cmd_vel: no message for 161.78s (expected ~0.099s, threshold 0.45s, last seen t=1789853634.36) (sev=1.00)
[monitor_node-5] [WARN] [1789853796.634991627] [diagnostic_monitor]: ANOMALY on [localization_node] message_timeout: Message timeout on /localization/pose: no message for 162.28s (expected ~0.099s, threshold 0.45s, last seen t=1789853634.35) (sev=1.00)
[monitor_node-5] [WARN] [1789853796.635915761] [diagnostic_monitor]: ANOMALY on [navigation_node] message_timeout: Message timeout on /navigation/cmd_vel: no message for 162.28s (expected ~0.099s, threshold 0.45s, last seen t=1789853634.36) (sev=1.00)
[monitor_node-5] [WARN] [1789853797.136114236] [diagnostic_monitor]: ANOMALY on [localization_node] message_timeout: Message timeout on /localization/pose: no message for 162.78s (expected ~0.099s, threshold 0.45s, last seen t=1789853634.35) (sev=1.00)
[monitor_node-5] [WARN] [1789853797.137009371] [diagnostic_monitor]: ANOMALY on [navigation_node] message_timeout: Message timeout on /navigation/cmd_vel: no message for 162.78s (expected ~0.099s, threshold 0.45s, last seen t=1789853634.36) (sev=1.00)
[monitor_node-5] [WARN] [1789853797.635057601] [diagnostic_monitor]: ANOMALY on [localization_node] message_timeout: Message timeout on /localization/pose: no message for 163.28s (expected ~0.099s, threshold 0.45s, last seen t=1789853634.35) (sev=1.00)
[monitor_node-5] [WARN] [1789853797.635945125] [diagnostic_monitor]: ANOMALY on [navigation_node] message_timeout: Message timeout on /navigation/cmd_vel: no message for 163.28s (expected ~0.099s, threshold 0.45s, last seen t=1789853634.36) (sev=1.00)
[monitor_node-5] [WARN] [1789853798.138128345] [diagnostic_monitor]: ANOMALY on [localization_node] message_timeout: Message timeout on /localization/pose: no message for 163.78s (expected ~0.099s, threshold 0.45s, last seen t=1789853634.35) (sev=1.00)
[monitor_node-5] [WARN] [1789853798.139248649] [diagnostic_monitor]: ANOMALY on [navigation_node] message_timeout: Message timeout on /navigation/cmd_vel: no message for 163.78s (expected ~0.099s, threshold 0.45s, last seen t=1789853634.36) (sev=1.00)
[monitor_node-5] [WARN] [1789853798.634749491] [diagnostic_monitor]: ANOMALY on [localization_node] message_timeout: Message timeout on /localization/pose: no message for 164.28s (expected ~0.099s, threshold 0.45s, last seen t=1789853634.35) (sev=1.00)
[monitor_node-5] [WARN] [1789853798.635644895] [diagnostic_monitor]: ANOMALY on [navigation_node] message_timeout: Message timeout on /navigation/cmd_vel: no message for 164.28s (expected ~0.099s, threshold 0.45s, last seen t=1789853634.36) (sev=1.00)
[monitor_node-5] [WARN] [1789853799.136459225] [diagnostic_monitor]: ANOMALY on [localization_node] message_timeout: Message timeout on /localization/pose: no message for 164.78s (expected ~0.099s, threshold 0.45s, last seen t=1789853634.35) (sev=1.00)
[monitor_node-5] [WARN] [1789853799.137803947] [diagnostic_monitor]: ANOMALY on [navigation_node] message_timeout: Message timeout on /navigation/cmd_vel: no message for 164.78s (expected ~0.099s, threshold 0.45s, last seen t=1789853634.36) (sev=1.00)
[monitor_node-5] [WARN] [1789853799.635024744] [diagnostic_monitor]: ANOMALY on [localization_node] message_timeout: Message timeout on /localization/pose: no message for 165.28s (expected ~0.099s, threshold 0.45s, last seen t=1789853634.35) (sev=1.00)
[monitor_node-5] [WARN] [1789853799.635877288] [diagnostic_monitor]: ANOMALY on [navigation_node] message_timeout: Message timeout on /navigation/cmd_vel: no message for 165.28s (expected ~0.099s, threshold 0.45s, last seen t=1789853634.36) (sev=1.00)
[monitor_node-5] [WARN] [1789853800.135976480] [diagnostic_monitor]: ANOMALY on [localization_node] message_timeout: Message timeout on /localization/pose: no message for 165.78s (expected ~0.099s, threshold 0.45s, last seen t=1789853634.35) (sev=1.00)
[monitor_node-5] [WARN] [1789853800.136798592] [diagnostic_monitor]: ANOMALY on [navigation_node] message_timeout: Message timeout on /navigation/cmd_vel: no message for 165.78s (expected ~0.099s, threshold 0.45s, last seen t=1789853634.36) (sev=1.00)
[monitor_node-5] [WARN] [1789853800.635113930] [diagnostic_monitor]: ANOMALY on [localization_node] message_timeout: Message timeout on /localization/pose: no message for 166.28s (expected ~0.099s, threshold 0.45s, last seen t=1789853634.35) (sev=1.00)
[monitor_node-5] [WARN] [1789853800.635901064] [diagnostic_monitor]: ANOMALY on [navigation_node] message_timeout: Message timeout on /navigation/cmd_vel: no message for 166.28s (expected ~0.099s, threshold 0.45s, last seen t=1789853634.36) (sev=1.00)
[monitor_node-5] [WARN] [1789853801.136743941] [diagnostic_monitor]: ANOMALY on [localization_node] message_timeout: Message timeout on /localization/pose: no message for 166.78s (expected ~0.099s, threshold 0.45s, last seen t=1789853634.35) (sev=1.00)
[monitor_node-5] [WARN] [1789853801.138052518] [diagnostic_monitor]: ANOMALY on [navigation_node] message_timeout: Message timeout on /navigation/cmd_vel: no message for 166.78s (expected ~0.099s, threshold 0.45s, last seen t=1789853634.36) (sev=1.00)
[monitor_node-5] [WARN] [1789853801.635008163] [diagnostic_monitor]: ANOMALY on [localization_node] message_timeout: Message timeout on /localization/pose: no message for 167.28s (expected ~0.099s, threshold 0.45s, last seen t=1789853634.35) (sev=1.00)
[monitor_node-5] [WARN] [1789853801.636043157] [diagnostic_monitor]: ANOMALY on [navigation_node] message_timeout: Message timeout on /navigation/cmd_vel: no message for 167.28s (expected ~0.099s, threshold 0.45s, last seen t=1789853634.36) (sev=1.00)
[monitor_node-5] [WARN] [1789853802.135993337] [diagnostic_monitor]: ANOMALY on [localization_node] message_timeout: Message timeout on /localization/pose: no message for 167.78s (expected ~0.099s, threshold 0.45s, last seen t=1789853634.35) (sev=1.00)
[monitor_node-5] [WARN] [1789853802.136914688] [diagnostic_monitor]: ANOMALY on [navigation_node] message_timeout: Message timeout on /navigation/cmd_vel: no message for 167.78s (expected ~0.099s, threshold 0.45s, last seen t=1789853634.36) (sev=1.00)
[monitor_node-5] [WARN] [1789853802.635646857] [diagnostic_monitor]: ANOMALY on [localization_node] message_timeout: Message timeout on /localization/pose: no message for 168.28s (expected ~0.099s, threshold 0.45s, last seen t=1789853634.35) (sev=1.00)
[monitor_node-5] [WARN] [1789853802.636471345] [diagnostic_monitor]: ANOMALY on [navigation_node] message_timeout: Message timeout on /navigation/cmd_vel: no message for 168.28s (expected ~0.099s, threshold 0.45s, last seen t=1789853634.36) (sev=1.00)
[monitor_node-5] [WARN] [1789853803.136046164] [diagnostic_monitor]: ANOMALY on [localization_node] message_timeout: Message timeout on /localization/pose: no message for 168.78s (expected ~0.099s, threshold 0.45s, last seen t=1789853634.35) (sev=1.00)
[monitor_node-5] [WARN] [1789853803.136895470] [diagnostic_monitor]: ANOMALY on [navigation_node] message_timeout: Message timeout on /navigation/cmd_vel: no message for 168.78s (expected ~0.099s, threshold 0.45s, last seen t=1789853634.36) (sev=1.00)
[monitor_node-5] [WARN] [1789853803.636565768] [diagnostic_monitor]: ANOMALY on [localization_node] message_timeout: Message timeout on /localization/pose: no message for 169.28s (expected ~0.099s, threshold 0.45s, last seen t=1789853634.35) (sev=1.00)
[monitor_node-5] [WARN] [1789853803.637940589] [diagnostic_monitor]: ANOMALY on [navigation_node] message_timeout: Message timeout on /navigation/cmd_vel: no message for 169.28s (expected ~0.099s, threshold 0.45s, last seen t=1789853634.36) (sev=1.00)
[monitor_node-5] [WARN] [1789853804.136392144] [diagnostic_monitor]: ANOMALY on [localization_node] message_timeout: Message timeout on /localization/pose: no message for 169.78s (expected ~0.099s, threshold 0.45s, last seen t=1789853634.35) (sev=1.00)
[monitor_node-5] [WARN] [1789853804.137714722] [diagnostic_monitor]: ANOMALY on [navigation_node] message_timeout: Message timeout on /navigation/cmd_vel: no message for 169.78s (expected ~0.099s, threshold 0.45s, last seen t=1789853634.36) (sev=1.00)
[monitor_node-5] [WARN] [1789853804.634939655] [diagnostic_monitor]: ANOMALY on [localization_node] message_timeout: Message timeout on /localization/pose: no message for 170.28s (expected ~0.099s, threshold 0.45s, last seen t=1789853634.35) (sev=1.00)
[monitor_node-5] [WARN] [1789853804.636201034] [diagnostic_monitor]: ANOMALY on [navigation_node] message_timeout: Message timeout on /navigation/cmd_vel: no message for 170.28s (expected ~0.099s, threshold 0.45s, last seen t=1789853634.36) (sev=1.00)
[monitor_node-5] [WARN] [1789853805.136244806] [diagnostic_monitor]: ANOMALY on [localization_node] message_timeout: Message timeout on /localization/pose: no message for 170.78s (expected ~0.099s, threshold 0.45s, last seen t=1789853634.35) (sev=1.00)
[monitor_node-5] [WARN] [1789853805.137106854] [diagnostic_monitor]: ANOMALY on [navigation_node] message_timeout: Message timeout on /navigation/cmd_vel: no message for 170.78s (expected ~0.099s, threshold 0.45s, last seen t=1789853634.36) (sev=1.00)
[monitor_node-5] [WARN] [1789853805.635333484] [diagnostic_monitor]: ANOMALY on [localization_node] message_timeout: Message timeout on /localization/pose: no message for 171.28s (expected ~0.099s, threshold 0.45s, last seen t=1789853634.35) (sev=1.00)
[monitor_node-5] [WARN] [1789853805.636171574] [diagnostic_monitor]: ANOMALY on [navigation_node] message_timeout: Message timeout on /navigation/cmd_vel: no message for 171.28s (expected ~0.099s, threshold 0.45s, last seen t=1789853634.36) (sev=1.00)
[monitor_node-5] [WARN] [1789853806.135978880] [diagnostic_monitor]: ANOMALY on [localization_node] message_timeout: Message timeout on /localization/pose: no message for 171.78s (expected ~0.099s, threshold 0.45s, last seen t=1789853634.35) (sev=1.00)
[monitor_node-5] [WARN] [1789853806.136618240] [diagnostic_monitor]: ANOMALY on [navigation_node] message_timeout: Message timeout on /navigation/cmd_vel: no message for 171.78s (expected ~0.099s, threshold 0.45s, last seen t=1789853634.36) (sev=1.00)
[monitor_node-5] [WARN] [1789853806.635179429] [diagnostic_monitor]: ANOMALY on [localization_node] message_timeout: Message timeout on /localization/pose: no message for 172.28s (expected ~0.099s, threshold 0.45s, last seen t=1789853634.35) (sev=1.00)
[monitor_node-5] [WARN] [1789853806.635944904] [diagnostic_monitor]: ANOMALY on [navigation_node] message_timeout: Message timeout on /navigation/cmd_vel: no message for 172.28s (expected ~0.099s, threshold 0.45s, last seen t=1789853634.36) (sev=1.00)
[monitor_node-5] [WARN] [1789853807.136031743] [diagnostic_monitor]: ANOMALY on [localization_node] message_timeout: Message timeout on /localization/pose: no message for 172.78s (expected ~0.099s, threshold 0.45s, last seen t=1789853634.35) (sev=1.00)
[monitor_node-5] [WARN] [1789853807.136816543] [diagnostic_monitor]: ANOMALY on [navigation_node] message_timeout: Message timeout on /navigation/cmd_vel: no message for 172.78s (expected ~0.099s, threshold 0.45s, last seen t=1789853634.36) (sev=1.00)
[monitor_node-5] [WARN] [1789853807.634865216] [diagnostic_monitor]: ANOMALY on [localization_node] message_timeout: Message timeout on /localization/pose: no message for 173.28s (expected ~0.099s, threshold 0.45s, last seen t=1789853634.35) (sev=1.00)
[monitor_node-5] [WARN] [1789853807.635823420] [diagnostic_monitor]: ANOMALY on [navigation_node] message_timeout: Message timeout on /navigation/cmd_vel: no message for 173.28s (expected ~0.099s, threshold 0.45s, last seen t=1789853634.36) (sev=1.00)
[monitor_node-5] [WARN] [1789853808.136206740] [diagnostic_monitor]: ANOMALY on [localization_node] message_timeout: Message timeout on /localization/pose: no message for 173.78s (expected ~0.099s, threshold 0.45s, last seen t=1789853634.35) (sev=1.00)
[monitor_node-5] [WARN] [1789853808.137093010] [diagnostic_monitor]: ANOMALY on [navigation_node] message_timeout: Message timeout on /navigation/cmd_vel: no message for 173.78s (expected ~0.099s, threshold 0.45s, last seen t=1789853634.36) (sev=1.00)
[monitor_node-5] [WARN] [1789853808.635334793] [diagnostic_monitor]: ANOMALY on [localization_node] message_timeout: Message timeout on /localization/pose: no message for 174.28s (expected ~0.099s, threshold 0.45s, last seen t=1789853634.35) (sev=1.00)
[monitor_node-5] [WARN] [1789853808.636457402] [diagnostic_monitor]: ANOMALY on [navigation_node] message_timeout: Message timeout on /navigation/cmd_vel: no message for 174.28s (expected ~0.099s, threshold 0.45s, last seen t=1789853634.36) (sev=1.00)
[monitor_node-5] [WARN] [1789853809.140063453] [diagnostic_monitor]: ANOMALY on [localization_node] message_timeout: Message timeout on /localization/pose: no message for 174.78s (expected ~0.099s, threshold 0.45s, last seen t=1789853634.35) (sev=1.00)
[monitor_node-5] [WARN] [1789853809.140956576] [diagnostic_monitor]: ANOMALY on [navigation_node] message_timeout: Message timeout on /navigation/cmd_vel: no message for 174.78s (expected ~0.099s, threshold 0.45s, last seen t=1789853634.36) (sev=1.00)
[monitor_node-5] [WARN] [1789853809.635257628] [diagnostic_monitor]: ANOMALY on [localization_node] message_timeout: Message timeout on /localization/pose: no message for 175.28s (expected ~0.099s, threshold 0.45s, last seen t=1789853634.35) (sev=1.00)
[monitor_node-5] [WARN] [1789853809.636129235] [diagnostic_monitor]: ANOMALY on [navigation_node] message_timeout: Message timeout on /navigation/cmd_vel: no message for 175.28s (expected ~0.099s, threshold 0.45s, last seen t=1789853634.36) (sev=1.00)
[monitor_node-5] [WARN] [1789853810.136473305] [diagnostic_monitor]: ANOMALY on [localization_node] message_timeout: Message timeout on /localization/pose: no message for 175.78s (expected ~0.099s, threshold 0.45s, last seen t=1789853634.35) (sev=1.00)
[monitor_node-5] [WARN] [1789853810.137270770] [diagnostic_monitor]: ANOMALY on [navigation_node] message_timeout: Message timeout on /navigation/cmd_vel: no message for 175.78s (expected ~0.099s, threshold 0.45s, last seen t=1789853634.36) (sev=1.00)
[monitor_node-5] [WARN] [1789853810.635005446] [diagnostic_monitor]: ANOMALY on [localization_node] message_timeout: Message timeout on /localization/pose: no message for 176.28s (expected ~0.099s, threshold 0.45s, last seen t=1789853634.35) (sev=1.00)
[monitor_node-5] [WARN] [1789853810.635756910] [diagnostic_monitor]: ANOMALY on [navigation_node] message_timeout: Message timeout on /navigation/cmd_vel: no message for 176.28s (expected ~0.099s, threshold 0.45s, last seen t=1789853634.36) (sev=1.00)
[monitor_node-5] [WARN] [1789853811.136381451] [diagnostic_monitor]: ANOMALY on [localization_node] message_timeout: Message timeout on /localization/pose: no message for 176.78s (expected ~0.099s, threshold 0.45s, last seen t=1789853634.35) (sev=1.00)
[monitor_node-5] [WARN] [1789853811.137206733] [diagnostic_monitor]: ANOMALY on [navigation_node] message_timeout: Message timeout on /navigation/cmd_vel: no message for 176.78s (expected ~0.099s, threshold 0.45s, last seen t=1789853634.36) (sev=1.00)
[monitor_node-5] [WARN] [1789853811.635764219] [diagnostic_monitor]: ANOMALY on [localization_node] message_timeout: Message timeout on /localization/pose: no message for 177.28s (expected ~0.099s, threshold 0.45s, last seen t=1789853634.35) (sev=1.00)
[monitor_node-5] [WARN] [1789853811.636659990] [diagnostic_monitor]: ANOMALY on [navigation_node] message_timeout: Message timeout on /navigation/cmd_vel: no message for 177.28s (expected ~0.099s, threshold 0.45s, last seen t=1789853634.36) (sev=1.00)
[monitor_node-5] [WARN] [1789853812.138318775] [diagnostic_monitor]: ANOMALY on [localization_node] message_timeout: Message timeout on /localization/pose: no message for 177.78s (expected ~0.099s, threshold 0.45s, last seen t=1789853634.35) (sev=1.00)
[monitor_node-5] [WARN] [1789853812.139329333] [diagnostic_monitor]: ANOMALY on [navigation_node] message_timeout: Message timeout on /navigation/cmd_vel: no message for 177.78s (expected ~0.099s, threshold 0.45s, last seen t=1789853634.36) (sev=1.00)
[monitor_node-5] [WARN] [1789853812.635028027] [diagnostic_monitor]: ANOMALY on [localization_node] message_timeout: Message timeout on /localization/pose: no message for 178.28s (expected ~0.099s, threshold 0.45s, last seen t=1789853634.35) (sev=1.00)
[monitor_node-5] [WARN] [1789853812.637045039] [diagnostic_monitor]: ANOMALY on [navigation_node] message_timeout: Message timeout on /navigation/cmd_vel: no message for 178.28s (expected ~0.099s, threshold 0.45s, last seen t=1789853634.36) (sev=1.00)
[monitor_node-5] [WARN] [1789853813.136027685] [diagnostic_monitor]: ANOMALY on [localization_node] message_timeout: Message timeout on /localization/pose: no message for 178.78s (expected ~0.099s, threshold 0.45s, last seen t=1789853634.35) (sev=1.00)
[monitor_node-5] [WARN] [1789853813.136901797] [diagnostic_monitor]: ANOMALY on [navigation_node] message_timeout: Message timeout on /navigation/cmd_vel: no message for 178.78s (expected ~0.099s, threshold 0.45s, last seen t=1789853634.36) (sev=1.00)
[monitor_node-5] [WARN] [1789853813.634804728] [diagnostic_monitor]: ANOMALY on [localization_node] message_timeout: Message timeout on /localization/pose: no message for 179.28s (expected ~0.099s, threshold 0.45s, last seen t=1789853634.35) (sev=1.00)
[monitor_node-5] [WARN] [1789853813.635401185] [diagnostic_monitor]: ANOMALY on [navigation_node] message_timeout: Message timeout on /navigation/cmd_vel: no message for 179.28s (expected ~0.099s, threshold 0.45s, last seen t=1789853634.36) (sev=1.00)
[monitor_node-5] [WARN] [1789853814.135686530] [diagnostic_monitor]: ANOMALY on [localization_node] message_timeout: Message timeout on /localization/pose: no message for 179.78s (expected ~0.099s, threshold 0.45s, last seen t=1789853634.35) (sev=1.00)
[monitor_node-5] [WARN] [1789853814.136511432] [diagnostic_monitor]: ANOMALY on [navigation_node] message_timeout: Message timeout on /navigation/cmd_vel: no message for 179.78s (expected ~0.099s, threshold 0.45s, last seen t=1789853634.36) (sev=1.00)
[monitor_node-5] [WARN] [1789853814.635115967] [diagnostic_monitor]: ANOMALY on [localization_node] message_timeout: Message timeout on /localization/pose: no message for 180.28s (expected ~0.099s, threshold 0.45s, last seen t=1789853634.35) (sev=1.00)
[monitor_node-5] [WARN] [1789853814.635946637] [diagnostic_monitor]: ANOMALY on [navigation_node] message_timeout: Message timeout on /navigation/cmd_vel: no message for 180.28s (expected ~0.099s, threshold 0.45s, last seen t=1789853634.36) (sev=1.00)
[monitor_node-5] [WARN] [1789853815.135978336] [diagnostic_monitor]: ANOMALY on [localization_node] message_timeout: Message timeout on /localization/pose: no message for 180.78s (expected ~0.099s, threshold 0.45s, last seen t=1789853634.35) (sev=1.00)
[monitor_node-5] [WARN] [1789853815.136731850] [diagnostic_monitor]: ANOMALY on [navigation_node] message_timeout: Message timeout on /navigation/cmd_vel: no message for 180.78s (expected ~0.099s, threshold 0.45s, last seen t=1789853634.36) (sev=1.00)
[monitor_node-5] [WARN] [1789853815.635222857] [diagnostic_monitor]: ANOMALY on [localization_node] message_timeout: Message timeout on /localization/pose: no message for 181.28s (expected ~0.099s, threshold 0.45s, last seen t=1789853634.35) (sev=1.00)
[monitor_node-5] [WARN] [1789853815.636231271] [diagnostic_monitor]: ANOMALY on [navigation_node] message_timeout: Message timeout on /navigation/cmd_vel: no message for 181.28s (expected ~0.099s, threshold 0.45s, last seen t=1789853634.36) (sev=1.00)
[monitor_node-5] [WARN] [1789853816.136348418] [diagnostic_monitor]: ANOMALY on [localization_node] message_timeout: Message timeout on /localization/pose: no message for 181.78s (expected ~0.099s, threshold 0.45s, last seen t=1789853634.35) (sev=1.00)
[monitor_node-5] [WARN] [1789853816.137201707] [diagnostic_monitor]: ANOMALY on [navigation_node] message_timeout: Message timeout on /navigation/cmd_vel: no message for 181.78s (expected ~0.099s, threshold 0.45s, last seen t=1789853634.36) (sev=1.00)
[monitor_node-5] [WARN] [1789853816.634798047] [diagnostic_monitor]: ANOMALY on [localization_node] message_timeout: Message timeout on /localization/pose: no message for 182.28s (expected ~0.099s, threshold 0.45s, last seen t=1789853634.35) (sev=1.00)
[monitor_node-5] [WARN] [1789853816.635590769] [diagnostic_monitor]: ANOMALY on [navigation_node] message_timeout: Message timeout on /navigation/cmd_vel: no message for 182.28s (expected ~0.099s, threshold 0.45s, last seen t=1789853634.36) (sev=1.00)
[monitor_node-5] [WARN] [1789853817.136190495] [diagnostic_monitor]: ANOMALY on [localization_node] message_timeout: Message timeout on /localization/pose: no message for 182.78s (expected ~0.099s, threshold 0.45s, last seen t=1789853634.35) (sev=1.00)
[monitor_node-5] [WARN] [1789853817.137030735] [diagnostic_monitor]: ANOMALY on [navigation_node] message_timeout: Message timeout on /navigation/cmd_vel: no message for 182.78s (expected ~0.099s, threshold 0.45s, last seen t=1789853634.36) (sev=1.00)
[monitor_node-5] [WARN] [1789853817.635620757] [diagnostic_monitor]: ANOMALY on [localization_node] message_timeout: Message timeout on /localization/pose: no message for 183.28s (expected ~0.099s, threshold 0.45s, last seen t=1789853634.35) (sev=1.00)
[monitor_node-5] [WARN] [1789853817.636592570] [diagnostic_monitor]: ANOMALY on [navigation_node] message_timeout: Message timeout on /navigation/cmd_vel: no message for 183.28s (expected ~0.099s, threshold 0.45s, last seen t=1789853634.36) (sev=1.00)
[monitor_node-5] [WARN] [1789853818.136318543] [diagnostic_monitor]: ANOMALY on [localization_node] message_timeout: Message timeout on /localization/pose: no message for 183.78s (expected ~0.099s, threshold 0.45s, last seen t=1789853634.35) (sev=1.00)
[monitor_node-5] [WARN] [1789853818.137077831] [diagnostic_monitor]: ANOMALY on [navigation_node] message_timeout: Message timeout on /navigation/cmd_vel: no message for 183.78s (expected ~0.099s, threshold 0.45s, last seen t=1789853634.36) (sev=1.00)
[monitor_node-5] [WARN] [1789853818.634800815] [diagnostic_monitor]: ANOMALY on [localization_node] message_timeout: Message timeout on /localization/pose: no message for 184.28s (expected ~0.099s, threshold 0.45s, last seen t=1789853634.35) (sev=1.00)
[monitor_node-5] [WARN] [1789853818.635696439] [diagnostic_monitor]: ANOMALY on [navigation_node] message_timeout: Message timeout on /navigation/cmd_vel: no message for 184.28s (expected ~0.099s, threshold 0.45s, last seen t=1789853634.36) (sev=1.00)
[monitor_node-5] [WARN] [1789853819.135707810] [diagnostic_monitor]: ANOMALY on [localization_node] message_timeout: Message timeout on /localization/pose: no message for 184.78s (expected ~0.099s, threshold 0.45s, last seen t=1789853634.35) (sev=1.00)
[monitor_node-5] [WARN] [1789853819.136486056] [diagnostic_monitor]: ANOMALY on [navigation_node] message_timeout: Message timeout on /navigation/cmd_vel: no message for 184.78s (expected ~0.099s, threshold 0.45s, last seen t=1789853634.36) (sev=1.00)
[monitor_node-5] [WARN] [1789853819.634970637] [diagnostic_monitor]: ANOMALY on [localization_node] message_timeout: Message timeout on /localization/pose: no message for 185.28s (expected ~0.099s, threshold 0.45s, last seen t=1789853634.35) (sev=1.00)
[monitor_node-5] [WARN] [1789853819.635903465] [diagnostic_monitor]: ANOMALY on [navigation_node] message_timeout: Message timeout on /navigation/cmd_vel: no message for 185.28s (expected ~0.099s, threshold 0.45s, last seen t=1789853634.36) (sev=1.00)
[monitor_node-5] [WARN] [1789853820.136198738] [diagnostic_monitor]: ANOMALY on [localization_node] message_timeout: Message timeout on /localization/pose: no message for 185.78s (expected ~0.099s, threshold 0.45s, last seen t=1789853634.35) (sev=1.00)
[monitor_node-5] [WARN] [1789853820.137053140] [diagnostic_monitor]: ANOMALY on [navigation_node] message_timeout: Message timeout on /navigation/cmd_vel: no message for 185.78s (expected ~0.099s, threshold 0.45s, last seen t=1789853634.36) (sev=1.00)
[monitor_node-5] [WARN] [1789853820.635373400] [diagnostic_monitor]: ANOMALY on [localization_node] message_timeout: Message timeout on /localization/pose: no message for 186.28s (expected ~0.099s, threshold 0.45s, last seen t=1789853634.35) (sev=1.00)
[monitor_node-5] [WARN] [1789853820.636151165] [diagnostic_monitor]: ANOMALY on [navigation_node] message_timeout: Message timeout on /navigation/cmd_vel: no message for 186.28s (expected ~0.099s, threshold 0.45s, last seen t=1789853634.36) (sev=1.00)
[monitor_node-5] [WARN] [1789853821.138045807] [diagnostic_monitor]: ANOMALY on [localization_node] message_timeout: Message timeout on /localization/pose: no message for 186.78s (expected ~0.099s, threshold 0.45s, last seen t=1789853634.35) (sev=1.00)
[monitor_node-5] [WARN] [1789853821.138953080] [diagnostic_monitor]: ANOMALY on [navigation_node] message_timeout: Message timeout on /navigation/cmd_vel: no message for 186.78s (expected ~0.099s, threshold 0.45s, last seen t=1789853634.36) (sev=1.00)
[monitor_node-5] [WARN] [1789853821.635685720] [diagnostic_monitor]: ANOMALY on [localization_node] message_timeout: Message timeout on /localization/pose: no message for 187.28s (expected ~0.099s, threshold 0.45s, last seen t=1789853634.35) (sev=1.00)
[monitor_node-5] [WARN] [1789853821.636583561] [diagnostic_monitor]: ANOMALY on [navigation_node] message_timeout: Message timeout on /navigation/cmd_vel: no message for 187.28s (expected ~0.099s, threshold 0.45s, last seen t=1789853634.36) (sev=1.00)
[monitor_node-5] [WARN] [1789853822.137829661] [diagnostic_monitor]: ANOMALY on [localization_node] message_timeout: Message timeout on /localization/pose: no message for 187.78s (expected ~0.099s, threshold 0.45s, last seen t=1789853634.35) (sev=1.00)
[monitor_node-5] [WARN] [1789853822.138941297] [diagnostic_monitor]: ANOMALY on [navigation_node] message_timeout: Message timeout on /navigation/cmd_vel: no message for 187.78s (expected ~0.099s, threshold 0.45s, last seen t=1789853634.36) (sev=1.00)
[monitor_node-5] [WARN] [1789853822.636978465] [diagnostic_monitor]: ANOMALY on [localization_node] message_timeout: Message timeout on /localization/pose: no message for 188.28s (expected ~0.099s, threshold 0.45s, last seen t=1789853634.35) (sev=1.00)
[monitor_node-5] [WARN] [1789853822.637883405] [diagnostic_monitor]: ANOMALY on [navigation_node] message_timeout: Message timeout on /navigation/cmd_vel: no message for 188.28s (expected ~0.099s, threshold 0.45s, last seen t=1789853634.36) (sev=1.00)
[monitor_node-5] [WARN] [1789853823.142469612] [diagnostic_monitor]: ANOMALY on [localization_node] message_timeout: Message timeout on /localization/pose: no message for 188.78s (expected ~0.099s, threshold 0.45s, last seen t=1789853634.35) (sev=1.00)
[monitor_node-5] [WARN] [1789853823.143369281] [diagnostic_monitor]: ANOMALY on [navigation_node] message_timeout: Message timeout on /navigation/cmd_vel: no message for 188.78s (expected ~0.099s, threshold 0.45s, last seen t=1789853634.36) (sev=1.00)
[monitor_node-5] [WARN] [1789853823.635758157] [diagnostic_monitor]: ANOMALY on [localization_node] message_timeout: Message timeout on /localization/pose: no message for 189.28s (expected ~0.099s, threshold 0.45s, last seen t=1789853634.35) (sev=1.00)
[monitor_node-5] [WARN] [1789853823.636592596] [diagnostic_monitor]: ANOMALY on [navigation_node] message_timeout: Message timeout on /navigation/cmd_vel: no message for 189.28s (expected ~0.099s, threshold 0.45s, last seen t=1789853634.36) (sev=1.00)
[monitor_node-5] [WARN] [1789853824.135906138] [diagnostic_monitor]: ANOMALY on [localization_node] message_timeout: Message timeout on /localization/pose: no message for 189.78s (expected ~0.099s, threshold 0.45s, last seen t=1789853634.35) (sev=1.00)
[monitor_node-5] [WARN] [1789853824.136767412] [diagnostic_monitor]: ANOMALY on [navigation_node] message_timeout: Message timeout on /navigation/cmd_vel: no message for 189.78s (expected ~0.099s, threshold 0.45s, last seen t=1789853634.36) (sev=1.00)
[monitor_node-5] [WARN] [1789853824.635268129] [diagnostic_monitor]: ANOMALY on [localization_node] message_timeout: Message timeout on /localization/pose: no message for 190.28s (expected ~0.099s, threshold 0.45s, last seen t=1789853634.35) (sev=1.00)
[monitor_node-5] [WARN] [1789853824.635938782] [diagnostic_monitor]: ANOMALY on [navigation_node] message_timeout: Message timeout on /navigation/cmd_vel: no message for 190.28s (expected ~0.099s, threshold 0.45s, last seen t=1789853634.36) (sev=1.00)
[monitor_node-5] [WARN] [1789853825.136201846] [diagnostic_monitor]: ANOMALY on [localization_node] message_timeout: Message timeout on /localization/pose: no message for 190.78s (expected ~0.099s, threshold 0.45s, last seen t=1789853634.35) (sev=1.00)
[monitor_node-5] [WARN] [1789853825.137028322] [diagnostic_monitor]: ANOMALY on [navigation_node] message_timeout: Message timeout on /navigation/cmd_vel: no message for 190.78s (expected ~0.099s, threshold 0.45s, last seen t=1789853634.36) (sev=1.00)
[monitor_node-5] [WARN] [1789853825.635108946] [diagnostic_monitor]: ANOMALY on [localization_node] message_timeout: Message timeout on /localization/pose: no message for 191.28s (expected ~0.099s, threshold 0.45s, last seen t=1789853634.35) (sev=1.00)
[monitor_node-5] [WARN] [1789853825.636042089] [diagnostic_monitor]: ANOMALY on [navigation_node] message_timeout: Message timeout on /navigation/cmd_vel: no message for 191.28s (expected ~0.099s, threshold 0.45s, last seen t=1789853634.36) (sev=1.00)
[monitor_node-5] [WARN] [1789853826.135785927] [diagnostic_monitor]: ANOMALY on [localization_node] message_timeout: Message timeout on /localization/pose: no message for 191.78s (expected ~0.099s, threshold 0.45s, last seen t=1789853634.35) (sev=1.00)
[monitor_node-5] [WARN] [1789853826.136643007] [diagnostic_monitor]: ANOMALY on [navigation_node] message_timeout: Message timeout on /navigation/cmd_vel: no message for 191.78s (expected ~0.099s, threshold 0.45s, last seen t=1789853634.36) (sev=1.00)
[monitor_node-5] [WARN] [1789853826.635096431] [diagnostic_monitor]: ANOMALY on [localization_node] message_timeout: Message timeout on /localization/pose: no message for 192.28s (expected ~0.099s, threshold 0.45s, last seen t=1789853634.35) (sev=1.00)
[monitor_node-5] [WARN] [1789853826.635732783] [diagnostic_monitor]: ANOMALY on [navigation_node] message_timeout: Message timeout on /navigation/cmd_vel: no message for 192.28s (expected ~0.099s, threshold 0.45s, last seen t=1789853634.36) (sev=1.00)
[monitor_node-5] [WARN] [1789853827.136108222] [diagnostic_monitor]: ANOMALY on [localization_node] message_timeout: Message timeout on /localization/pose: no message for 192.78s (expected ~0.099s, threshold 0.45s, last seen t=1789853634.35) (sev=1.00)
[monitor_node-5] [WARN] [1789853827.136939650] [diagnostic_monitor]: ANOMALY on [navigation_node] message_timeout: Message timeout on /navigation/cmd_vel: no message for 192.78s (expected ~0.099s, threshold 0.45s, last seen t=1789853634.36) (sev=1.00)
[monitor_node-5] [WARN] [1789853827.634990912] [diagnostic_monitor]: ANOMALY on [localization_node] message_timeout: Message timeout on /localization/pose: no message for 193.28s (expected ~0.099s, threshold 0.45s, last seen t=1789853634.35) (sev=1.00)
[monitor_node-5] [WARN] [1789853827.635849493] [diagnostic_monitor]: ANOMALY on [navigation_node] message_timeout: Message timeout on /navigation/cmd_vel: no message for 193.28s (expected ~0.099s, threshold 0.45s, last seen t=1789853634.36) (sev=1.00)
[monitor_node-5] [WARN] [1789853828.135951783] [diagnostic_monitor]: ANOMALY on [localization_node] message_timeout: Message timeout on /localization/pose: no message for 193.78s (expected ~0.099s, threshold 0.45s, last seen t=1789853634.35) (sev=1.00)
[monitor_node-5] [WARN] [1789853828.136808061] [diagnostic_monitor]: ANOMALY on [navigation_node] message_timeout: Message timeout on /navigation/cmd_vel: no message for 193.78s (expected ~0.099s, threshold 0.45s, last seen t=1789853634.36) (sev=1.00)
[monitor_node-5] [WARN] [1789853828.634859413] [diagnostic_monitor]: ANOMALY on [localization_node] message_timeout: Message timeout on /localization/pose: no message for 194.28s (expected ~0.099s, threshold 0.45s, last seen t=1789853634.35) (sev=1.00)
[monitor_node-5] [WARN] [1789853828.635872885] [diagnostic_monitor]: ANOMALY on [navigation_node] message_timeout: Message timeout on /navigation/cmd_vel: no message for 194.28s (expected ~0.099s, threshold 0.45s, last seen t=1789853634.36) (sev=1.00)
[monitor_node-5] [WARN] [1789853829.135733279] [diagnostic_monitor]: ANOMALY on [localization_node] message_timeout: Message timeout on /localization/pose: no message for 194.78s (expected ~0.099s, threshold 0.45s, last seen t=1789853634.35) (sev=1.00)
[monitor_node-5] [WARN] [1789853829.136431714] [diagnostic_monitor]: ANOMALY on [navigation_node] message_timeout: Message timeout on /navigation/cmd_vel: no message for 194.78s (expected ~0.099s, threshold 0.45s, last seen t=1789853634.36) (sev=1.00)
[monitor_node-5] [WARN] [1789853829.636567892] [diagnostic_monitor]: ANOMALY on [localization_node] message_timeout: Message timeout on /localization/pose: no message for 195.28s (expected ~0.099s, threshold 0.45s, last seen t=1789853634.35) (sev=1.00)
[monitor_node-5] [WARN] [1789853829.637426141] [diagnostic_monitor]: ANOMALY on [navigation_node] message_timeout: Message timeout on /navigation/cmd_vel: no message for 195.28s (expected ~0.099s, threshold 0.45s, last seen t=1789853634.36) (sev=1.00)
[monitor_node-5] [WARN] [1789853830.136065708] [diagnostic_monitor]: ANOMALY on [localization_node] message_timeout: Message timeout on /localization/pose: no message for 195.78s (expected ~0.099s, threshold 0.45s, last seen t=1789853634.35) (sev=1.00)
[monitor_node-5] [WARN] [1789853830.136857581] [diagnostic_monitor]: ANOMALY on [navigation_node] message_timeout: Message timeout on /navigation/cmd_vel: no message for 195.78s (expected ~0.099s, threshold 0.45s, last seen t=1789853634.36) (sev=1.00)
[monitor_node-5] [WARN] [1789853830.634671719] [diagnostic_monitor]: ANOMALY on [localization_node] message_timeout: Message timeout on /localization/pose: no message for 196.28s (expected ~0.099s, threshold 0.45s, last seen t=1789853634.35) (sev=1.00)
[monitor_node-5] [WARN] [1789853830.635479704] [diagnostic_monitor]: ANOMALY on [navigation_node] message_timeout: Message timeout on /navigation/cmd_vel: no message for 196.28s (expected ~0.099s, threshold 0.45s, last seen t=1789853634.36) (sev=1.00)
[monitor_node-5] [WARN] [1789853831.135624664] [diagnostic_monitor]: ANOMALY on [localization_node] message_timeout: Message timeout on /localization/pose: no message for 196.78s (expected ~0.099s, threshold 0.45s, last seen t=1789853634.35) (sev=1.00)
[monitor_node-5] [WARN] [1789853831.136185500] [diagnostic_monitor]: ANOMALY on [navigation_node] message_timeout: Message timeout on /navigation/cmd_vel: no message for 196.78s (expected ~0.099s, threshold 0.45s, last seen t=1789853634.36) (sev=1.00)
[monitor_node-5] [WARN] [1789853831.634463869] [diagnostic_monitor]: ANOMALY on [localization_node] message_timeout: Message timeout on /localization/pose: no message for 197.28s (expected ~0.099s, threshold 0.45s, last seen t=1789853634.35) (sev=1.00)
[monitor_node-5] [WARN] [1789853831.635244608] [diagnostic_monitor]: ANOMALY on [navigation_node] message_timeout: Message timeout on /navigation/cmd_vel: no message for 197.28s (expected ~0.099s, threshold 0.45s, last seen t=1789853634.36) (sev=1.00)
[monitor_node-5] [WARN] [1789853832.137874860] [diagnostic_monitor]: ANOMALY on [localization_node] message_timeout: Message timeout on /localization/pose: no message for 197.78s (expected ~0.099s, threshold 0.45s, last seen t=1789853634.35) (sev=1.00)
[monitor_node-5] [WARN] [1789853832.138748332] [diagnostic_monitor]: ANOMALY on [navigation_node] message_timeout: Message timeout on /navigation/cmd_vel: no message for 197.78s (expected ~0.099s, threshold 0.45s, last seen t=1789853634.36) (sev=1.00)
[monitor_node-5] [WARN] [1789853832.634944562] [diagnostic_monitor]: ANOMALY on [localization_node] message_timeout: Message timeout on /localization/pose: no message for 198.28s (expected ~0.099s, threshold 0.45s, last seen t=1789853634.35) (sev=1.00)
[monitor_node-5] [WARN] [1789853832.635836661] [diagnostic_monitor]: ANOMALY on [navigation_node] message_timeout: Message timeout on /navigation/cmd_vel: no message for 198.28s (expected ~0.099s, threshold 0.45s, last seen t=1789853634.36) (sev=1.00)
[monitor_node-5] [WARN] [1789853833.136071398] [diagnostic_monitor]: ANOMALY on [localization_node] message_timeout: Message timeout on /localization/pose: no message for 198.78s (expected ~0.099s, threshold 0.45s, last seen t=1789853634.35) (sev=1.00)
[monitor_node-5] [WARN] [1789853833.136960968] [diagnostic_monitor]: ANOMALY on [navigation_node] message_timeout: Message timeout on /navigation/cmd_vel: no message for 198.78s (expected ~0.099s, threshold 0.45s, last seen t=1789853634.36) (sev=1.00)
[monitor_node-5] [WARN] [1789853833.635925195] [diagnostic_monitor]: ANOMALY on [localization_node] message_timeout: Message timeout on /localization/pose: no message for 199.28s (expected ~0.099s, threshold 0.45s, last seen t=1789853634.35) (sev=1.00)
[monitor_node-5] [WARN] [1789853833.636823432] [diagnostic_monitor]: ANOMALY on [navigation_node] message_timeout: Message timeout on /navigation/cmd_vel: no message for 199.28s (expected ~0.099s, threshold 0.45s, last seen t=1789853634.36) (sev=1.00)
[monitor_node-5] [WARN] [1789853834.136106678] [diagnostic_monitor]: ANOMALY on [localization_node] message_timeout: Message timeout on /localization/pose: no message for 199.78s (expected ~0.099s, threshold 0.45s, last seen t=1789853634.35) (sev=1.00)
[monitor_node-5] [WARN] [1789853834.136961064] [diagnostic_monitor]: ANOMALY on [navigation_node] message_timeout: Message timeout on /navigation/cmd_vel: no message for 199.78s (expected ~0.099s, threshold 0.45s, last seen t=1789853634.36) (sev=1.00)
[monitor_node-5] [WARN] [1789853834.635347630] [diagnostic_monitor]: ANOMALY on [localization_node] message_timeout: Message timeout on /localization/pose: no message for 200.28s (expected ~0.099s, threshold 0.45s, last seen t=1789853634.35) (sev=1.00)
[monitor_node-5] [WARN] [1789853834.636228150] [diagnostic_monitor]: ANOMALY on [navigation_node] message_timeout: Message timeout on /navigation/cmd_vel: no message for 200.28s (expected ~0.099s, threshold 0.45s, last seen t=1789853634.36) (sev=1.00)
[monitor_node-5] [WARN] [1789853835.136099806] [diagnostic_monitor]: ANOMALY on [localization_node] message_timeout: Message timeout on /localization/pose: no message for 200.78s (expected ~0.099s, threshold 0.45s, last seen t=1789853634.35) (sev=1.00)
[monitor_node-5] [WARN] [1789853835.136938733] [diagnostic_monitor]: ANOMALY on [navigation_node] message_timeout: Message timeout on /navigation/cmd_vel: no message for 200.78s (expected ~0.099s, threshold 0.45s, last seen t=1789853634.36) (sev=1.00)
[monitor_node-5] [WARN] [1789853835.637758286] [diagnostic_monitor]: ANOMALY on [localization_node] message_timeout: Message timeout on /localization/pose: no message for 201.28s (expected ~0.099s, threshold 0.45s, last seen t=1789853634.35) (sev=1.00)
[monitor_node-5] [WARN] [1789853835.638936556] [diagnostic_monitor]: ANOMALY on [navigation_node] message_timeout: Message timeout on /navigation/cmd_vel: no message for 201.28s (expected ~0.099s, threshold 0.45s, last seen t=1789853634.36) (sev=1.00)
[monitor_node-5] [WARN] [1789853836.138647572] [diagnostic_monitor]: ANOMALY on [localization_node] message_timeout: Message timeout on /localization/pose: no message for 201.78s (expected ~0.099s, threshold 0.45s, last seen t=1789853634.35) (sev=1.00)
[monitor_node-5] [WARN] [1789853836.139700746] [diagnostic_monitor]: ANOMALY on [navigation_node] message_timeout: Message timeout on /navigation/cmd_vel: no message for 201.78s (expected ~0.099s, threshold 0.45s, last seen t=1789853634.36) (sev=1.00)
[monitor_node-5] [WARN] [1789853836.635325462] [diagnostic_monitor]: ANOMALY on [localization_node] message_timeout: Message timeout on /localization/pose: no message for 202.28s (expected ~0.099s, threshold 0.45s, last seen t=1789853634.35) (sev=1.00)
[monitor_node-5] [WARN] [1789853836.636368040] [diagnostic_monitor]: ANOMALY on [navigation_node] message_timeout: Message timeout on /navigation/cmd_vel: no message for 202.28s (expected ~0.099s, threshold 0.45s, last seen t=1789853634.36) (sev=1.00)
[monitor_node-5] [WARN] [1789853837.136499614] [diagnostic_monitor]: ANOMALY on [localization_node] message_timeout: Message timeout on /localization/pose: no message for 202.78s (expected ~0.099s, threshold 0.45s, last seen t=1789853634.35) (sev=1.00)
[monitor_node-5] [WARN] [1789853837.137530193] [diagnostic_monitor]: ANOMALY on [navigation_node] message_timeout: Message timeout on /navigation/cmd_vel: no message for 202.78s (expected ~0.099s, threshold 0.45s, last seen t=1789853634.36) (sev=1.00)
[monitor_node-5] [WARN] [1789853837.635196747] [diagnostic_monitor]: ANOMALY on [localization_node] message_timeout: Message timeout on /localization/pose: no message for 203.28s (expected ~0.099s, threshold 0.45s, last seen t=1789853634.35) (sev=1.00)
[monitor_node-5] [WARN] [1789853837.636242414] [diagnostic_monitor]: ANOMALY on [navigation_node] message_timeout: Message timeout on /navigation/cmd_vel: no message for 203.28s (expected ~0.099s, threshold 0.45s, last seen t=1789853634.36) (sev=1.00)
[monitor_node-5] [WARN] [1789853838.136158619] [diagnostic_monitor]: ANOMALY on [localization_node] message_timeout: Message timeout on /localization/pose: no message for 203.78s (expected ~0.099s, threshold 0.45s, last seen t=1789853634.35) (sev=1.00)
[monitor_node-5] [WARN] [1789853838.140373626] [diagnostic_monitor]: ANOMALY on [navigation_node] message_timeout: Message timeout on /navigation/cmd_vel: no message for 203.78s (expected ~0.099s, threshold 0.45s, last seen t=1789853634.36) (sev=1.00)
[monitor_node-5] [WARN] [1789853838.635173154] [diagnostic_monitor]: ANOMALY on [localization_node] message_timeout: Message timeout on /localization/pose: no message for 204.28s (expected ~0.099s, threshold 0.45s, last seen t=1789853634.35) (sev=1.00)
[monitor_node-5] [WARN] [1789853838.636276806] [diagnostic_monitor]: ANOMALY on [navigation_node] message_timeout: Message timeout on /navigation/cmd_vel: no message for 204.28s (expected ~0.099s, threshold 0.45s, last seen t=1789853634.36) (sev=1.00)
[monitor_node-5] [WARN] [1789853839.136416833] [diagnostic_monitor]: ANOMALY on [localization_node] message_timeout: Message timeout on /localization/pose: no message for 204.78s (expected ~0.099s, threshold 0.45s, last seen t=1789853634.35) (sev=1.00)
[monitor_node-5] [WARN] [1789853839.137415572] [diagnostic_monitor]: ANOMALY on [navigation_node] message_timeout: Message timeout on /navigation/cmd_vel: no message for 204.78s (expected ~0.099s, threshold 0.45s, last seen t=1789853634.36) (sev=1.00)
[monitor_node-5] [WARN] [1789853839.636098878] [diagnostic_monitor]: ANOMALY on [localization_node] message_timeout: Message timeout on /localization/pose: no message for 205.28s (expected ~0.099s, threshold 0.45s, last seen t=1789853634.35) (sev=1.00)
[monitor_node-5] [WARN] [1789853839.637213464] [diagnostic_monitor]: ANOMALY on [navigation_node] message_timeout: Message timeout on /navigation/cmd_vel: no message for 205.28s (expected ~0.099s, threshold 0.45s, last seen t=1789853634.36) (sev=1.00)
[monitor_node-5] [WARN] [1789853840.136687999] [diagnostic_monitor]: ANOMALY on [localization_node] message_timeout: Message timeout on /localization/pose: no message for 205.78s (expected ~0.099s, threshold 0.45s, last seen t=1789853634.35) (sev=1.00)
[monitor_node-5] [WARN] [1789853840.138131087] [diagnostic_monitor]: ANOMALY on [navigation_node] message_timeout: Message timeout on /navigation/cmd_vel: no message for 205.78s (expected ~0.099s, threshold 0.45s, last seen t=1789853634.36) (sev=1.00)
[monitor_node-5] [WARN] [1789853840.635877470] [diagnostic_monitor]: ANOMALY on [localization_node] message_timeout: Message timeout on /localization/pose: no message for 206.28s (expected ~0.099s, threshold 0.45s, last seen t=1789853634.35) (sev=1.00)
[monitor_node-5] [WARN] [1789853840.637130236] [diagnostic_monitor]: ANOMALY on [navigation_node] message_timeout: Message timeout on /navigation/cmd_vel: no message for 206.28s (expected ~0.099s, threshold 0.45s, last seen t=1789853634.36) (sev=1.00)
[monitor_node-5] [WARN] [1789853841.138950654] [diagnostic_monitor]: ANOMALY on [localization_node] message_timeout: Message timeout on /localization/pose: no message for 206.78s (expected ~0.099s, threshold 0.45s, last seen t=1789853634.35) (sev=1.00)
[monitor_node-5] [WARN] [1789853841.140368785] [diagnostic_monitor]: ANOMALY on [navigation_node] message_timeout: Message timeout on /navigation/cmd_vel: no message for 206.78s (expected ~0.099s, threshold 0.45s, last seen t=1789853634.36) (sev=1.00)
[monitor_node-5] [WARN] [1789853841.635081810] [diagnostic_monitor]: ANOMALY on [localization_node] message_timeout: Message timeout on /localization/pose: no message for 207.28s (expected ~0.099s, threshold 0.45s, last seen t=1789853634.35) (sev=1.00)
[monitor_node-5] [WARN] [1789853841.636115196] [diagnostic_monitor]: ANOMALY on [navigation_node] message_timeout: Message timeout on /navigation/cmd_vel: no message for 207.28s (expected ~0.099s, threshold 0.45s, last seen t=1789853634.36) (sev=1.00)
[monitor_node-5] [WARN] [1789853842.136696446] [diagnostic_monitor]: ANOMALY on [localization_node] message_timeout: Message timeout on /localization/pose: no message for 207.78s (expected ~0.099s, threshold 0.45s, last seen t=1789853634.35) (sev=1.00)
[monitor_node-5] [WARN] [1789853842.138400984] [diagnostic_monitor]: ANOMALY on [navigation_node] message_timeout: Message timeout on /navigation/cmd_vel: no message for 207.78s (expected ~0.099s, threshold 0.45s, last seen t=1789853634.36) (sev=1.00)
[monitor_node-5] [WARN] [1789853842.636131618] [diagnostic_monitor]: ANOMALY on [localization_node] message_timeout: Message timeout on /localization/pose: no message for 208.28s (expected ~0.099s, threshold 0.45s, last seen t=1789853634.35) (sev=1.00)
[monitor_node-5] [WARN] [1789853842.639921181] [diagnostic_monitor]: ANOMALY on [navigation_node] message_timeout: Message timeout on /navigation/cmd_vel: no message for 208.28s (expected ~0.099s, threshold 0.45s, last seen t=1789853634.36) (sev=1.00)
[monitor_node-5] [WARN] [1789853843.136268203] [diagnostic_monitor]: ANOMALY on [localization_node] message_timeout: Message timeout on /localization/pose: no message for 208.78s (expected ~0.099s, threshold 0.45s, last seen t=1789853634.35) (sev=1.00)
[monitor_node-5] [WARN] [1789853843.137418389] [diagnostic_monitor]: ANOMALY on [navigation_node] message_timeout: Message timeout on /navigation/cmd_vel: no message for 208.78s (expected ~0.099s, threshold 0.45s, last seen t=1789853634.36) (sev=1.00)
[monitor_node-5] [WARN] [1789853843.635216962] [diagnostic_monitor]: ANOMALY on [localization_node] message_timeout: Message timeout on /localization/pose: no message for 209.28s (expected ~0.099s, threshold 0.45s, last seen t=1789853634.35) (sev=1.00)
[monitor_node-5] [WARN] [1789853843.636398791] [diagnostic_monitor]: ANOMALY on [navigation_node] message_timeout: Message timeout on /navigation/cmd_vel: no message for 209.28s (expected ~0.099s, threshold 0.45s, last seen t=1789853634.36) (sev=1.00)
[monitor_node-5] [WARN] [1789853844.136368860] [diagnostic_monitor]: ANOMALY on [localization_node] message_timeout: Message timeout on /localization/pose: no message for 209.78s (expected ~0.099s, threshold 0.45s, last seen t=1789853634.35) (sev=1.00)
[monitor_node-5] [WARN] [1789853844.137524490] [diagnostic_monitor]: ANOMALY on [navigation_node] message_timeout: Message timeout on /navigation/cmd_vel: no message for 209.78s (expected ~0.099s, threshold 0.45s, last seen t=1789853634.36) (sev=1.00)
[monitor_node-5] [WARN] [1789853844.635213541] [diagnostic_monitor]: ANOMALY on [localization_node] message_timeout: Message timeout on /localization/pose: no message for 210.28s (expected ~0.099s, threshold 0.45s, last seen t=1789853634.35) (sev=1.00)
[monitor_node-5] [WARN] [1789853844.636271148] [diagnostic_monitor]: ANOMALY on [navigation_node] message_timeout: Message timeout on /navigation/cmd_vel: no message for 210.28s (expected ~0.099s, threshold 0.45s, last seen t=1789853634.36) (sev=1.00)
[monitor_node-5] [WARN] [1789853845.135916495] [diagnostic_monitor]: ANOMALY on [localization_node] message_timeout: Message timeout on /localization/pose: no message for 210.78s (expected ~0.099s, threshold 0.45s, last seen t=1789853634.35) (sev=1.00)
[monitor_node-5] [WARN] [1789853845.137005393] [diagnostic_monitor]: ANOMALY on [navigation_node] message_timeout: Message timeout on /navigation/cmd_vel: no message for 210.78s (expected ~0.099s, threshold 0.45s, last seen t=1789853634.36) (sev=1.00)
[monitor_node-5] [WARN] [1789853845.635286991] [diagnostic_monitor]: ANOMALY on [localization_node] message_timeout: Message timeout on /localization/pose: no message for 211.28s (expected ~0.099s, threshold 0.45s, last seen t=1789853634.35) (sev=1.00)
[monitor_node-5] [WARN] [1789853845.636141607] [diagnostic_monitor]: ANOMALY on [navigation_node] message_timeout: Message timeout on /navigation/cmd_vel: no message for 211.28s (expected ~0.099s, threshold 0.45s, last seen t=1789853634.36) (sev=1.00)
[monitor_node-5] [WARN] [1789853846.136450391] [diagnostic_monitor]: ANOMALY on [localization_node] message_timeout: Message timeout on /localization/pose: no message for 211.78s (expected ~0.099s, threshold 0.45s, last seen t=1789853634.35) (sev=1.00)
[monitor_node-5] [WARN] [1789853846.137762051] [diagnostic_monitor]: ANOMALY on [navigation_node] message_timeout: Message timeout on /navigation/cmd_vel: no message for 211.78s (expected ~0.099s, threshold 0.45s, last seen t=1789853634.36) (sev=1.00)
[monitor_node-5] [WARN] [1789853846.635799509] [diagnostic_monitor]: ANOMALY on [localization_node] message_timeout: Message timeout on /localization/pose: no message for 212.28s (expected ~0.099s, threshold 0.45s, last seen t=1789853634.35) (sev=1.00)
[monitor_node-5] [WARN] [1789853846.636962931] [diagnostic_monitor]: ANOMALY on [navigation_node] message_timeout: Message timeout on /navigation/cmd_vel: no message for 212.28s (expected ~0.099s, threshold 0.45s, last seen t=1789853634.36) (sev=1.00)
[monitor_node-5] [WARN] [1789853847.136406979] [diagnostic_monitor]: ANOMALY on [localization_node] message_timeout: Message timeout on /localization/pose: no message for 212.78s (expected ~0.099s, threshold 0.45s, last seen t=1789853634.35) (sev=1.00)
[monitor_node-5] [WARN] [1789853847.137542954] [diagnostic_monitor]: ANOMALY on [navigation_node] message_timeout: Message timeout on /navigation/cmd_vel: no message for 212.78s (expected ~0.099s, threshold 0.45s, last seen t=1789853634.36) (sev=1.00)
[monitor_node-5] [WARN] [1789853847.635176764] [diagnostic_monitor]: ANOMALY on [localization_node] message_timeout: Message timeout on /localization/pose: no message for 213.28s (expected ~0.099s, threshold 0.45s, last seen t=1789853634.35) (sev=1.00)
[monitor_node-5] [WARN] [1789853847.635907803] [diagnostic_monitor]: ANOMALY on [navigation_node] message_timeout: Message timeout on /navigation/cmd_vel: no message for 213.28s (expected ~0.099s, threshold 0.45s, last seen t=1789853634.36) (sev=1.00)
[monitor_node-5] [WARN] [1789853848.135800493] [diagnostic_monitor]: ANOMALY on [localization_node] message_timeout: Message timeout on /localization/pose: no message for 213.78s (expected ~0.099s, threshold 0.45s, last seen t=1789853634.35) (sev=1.00)
[monitor_node-5] [WARN] [1789853848.136905283] [diagnostic_monitor]: ANOMALY on [navigation_node] message_timeout: Message timeout on /navigation/cmd_vel: no message for 213.78s (expected ~0.099s, threshold 0.45s, last seen t=1789853634.36) (sev=1.00)
[monitor_node-5] [WARN] [1789853848.635489798] [diagnostic_monitor]: ANOMALY on [localization_node] message_timeout: Message timeout on /localization/pose: no message for 214.28s (expected ~0.099s, threshold 0.45s, last seen t=1789853634.35) (sev=1.00)
[monitor_node-5] [WARN] [1789853848.636630984] [diagnostic_monitor]: ANOMALY on [navigation_node] message_timeout: Message timeout on /navigation/cmd_vel: no message for 214.28s (expected ~0.099s, threshold 0.45s, last seen t=1789853634.36) (sev=1.00)
[monitor_node-5] [WARN] [1789853849.137315943] [diagnostic_monitor]: ANOMALY on [localization_node] message_timeout: Message timeout on /localization/pose: no message for 214.78s (expected ~0.099s, threshold 0.45s, last seen t=1789853634.35) (sev=1.00)
[monitor_node-5] [WARN] [1789853849.138552854] [diagnostic_monitor]: ANOMALY on [navigation_node] message_timeout: Message timeout on /navigation/cmd_vel: no message for 214.78s (expected ~0.099s, threshold 0.45s, last seen t=1789853634.36) (sev=1.00)
[monitor_node-5] [WARN] [1789853849.635349608] [diagnostic_monitor]: ANOMALY on [localization_node] message_timeout: Message timeout on /localization/pose: no message for 215.28s (expected ~0.099s, threshold 0.45s, last seen t=1789853634.35) (sev=1.00)
[monitor_node-5] [WARN] [1789853849.636293488] [diagnostic_monitor]: ANOMALY on [navigation_node] message_timeout: Message timeout on /navigation/cmd_vel: no message for 215.28s (expected ~0.099s, threshold 0.45s, last seen t=1789853634.36) (sev=1.00)
[monitor_node-5] [WARN] [1789853850.138014910] [diagnostic_monitor]: ANOMALY on [localization_node] message_timeout: Message timeout on /localization/pose: no message for 215.78s (expected ~0.099s, threshold 0.45s, last seen t=1789853634.35) (sev=1.00)
[monitor_node-5] [WARN] [1789853850.139024028] [diagnostic_monitor]: ANOMALY on [navigation_node] message_timeout: Message timeout on /navigation/cmd_vel: no message for 215.78s (expected ~0.099s, threshold 0.45s, last seen t=1789853634.36) (sev=1.00)
[monitor_node-5] [WARN] [1789853850.635110899] [diagnostic_monitor]: ANOMALY on [localization_node] message_timeout: Message timeout on /localization/pose: no message for 216.28s (expected ~0.099s, threshold 0.45s, last seen t=1789853634.35) (sev=1.00)
[monitor_node-5] [WARN] [1789853850.635803675] [diagnostic_monitor]: ANOMALY on [navigation_node] message_timeout: Message timeout on /navigation/cmd_vel: no message for 216.28s (expected ~0.099s, threshold 0.45s, last seen t=1789853634.36) (sev=1.00)
[monitor_node-5] [WARN] [1789853851.136513695] [diagnostic_monitor]: ANOMALY on [localization_node] message_timeout: Message timeout on /localization/pose: no message for 216.78s (expected ~0.099s, threshold 0.45s, last seen t=1789853634.35) (sev=1.00)
[monitor_node-5] [WARN] [1789853851.137673235] [diagnostic_monitor]: ANOMALY on [navigation_node] message_timeout: Message timeout on /navigation/cmd_vel: no message for 216.78s (expected ~0.099s, threshold 0.45s, last seen t=1789853634.36) (sev=1.00)
[monitor_node-5] [WARN] [1789853851.635335708] [diagnostic_monitor]: ANOMALY on [localization_node] message_timeout: Message timeout on /localization/pose: no message for 217.28s (expected ~0.099s, threshold 0.45s, last seen t=1789853634.35) (sev=1.00)
[monitor_node-5] [WARN] [1789853851.636415460] [diagnostic_monitor]: ANOMALY on [navigation_node] message_timeout: Message timeout on /navigation/cmd_vel: no message for 217.28s (expected ~0.099s, threshold 0.45s, last seen t=1789853634.36) (sev=1.00)
[monitor_node-5] [WARN] [1789853852.136706515] [diagnostic_monitor]: ANOMALY on [localization_node] message_timeout: Message timeout on /localization/pose: no message for 217.78s (expected ~0.099s, threshold 0.45s, last seen t=1789853634.35) (sev=1.00)
[monitor_node-5] [WARN] [1789853852.137750552] [diagnostic_monitor]: ANOMALY on [navigation_node] message_timeout: Message timeout on /navigation/cmd_vel: no message for 217.78s (expected ~0.099s, threshold 0.45s, last seen t=1789853634.36) (sev=1.00)
[monitor_node-5] [WARN] [1789853852.635229661] [diagnostic_monitor]: ANOMALY on [localization_node] message_timeout: Message timeout on /localization/pose: no message for 218.28s (expected ~0.099s, threshold 0.45s, last seen t=1789853634.35) (sev=1.00)
[monitor_node-5] [WARN] [1789853852.636228801] [diagnostic_monitor]: ANOMALY on [navigation_node] message_timeout: Message timeout on /navigation/cmd_vel: no message for 218.28s (expected ~0.099s, threshold 0.45s, last seen t=1789853634.36) (sev=1.00)
[monitor_node-5] [WARN] [1789853853.136344708] [diagnostic_monitor]: ANOMALY on [localization_node] message_timeout: Message timeout on /localization/pose: no message for 218.78s (expected ~0.099s, threshold 0.45s, last seen t=1789853634.35) (sev=1.00)
[monitor_node-5] [WARN] [1789853853.137675640] [diagnostic_monitor]: ANOMALY on [navigation_node] message_timeout: Message timeout on /navigation/cmd_vel: no message for 218.78s (expected ~0.099s, threshold 0.45s, last seen t=1789853634.36) (sev=1.00)
[monitor_node-5] [WARN] [1789853853.635650166] [diagnostic_monitor]: ANOMALY on [localization_node] message_timeout: Message timeout on /localization/pose: no message for 219.28s (expected ~0.099s, threshold 0.45s, last seen t=1789853634.35) (sev=1.00)
[monitor_node-5] [WARN] [1789853853.636593141] [diagnostic_monitor]: ANOMALY on [navigation_node] message_timeout: Message timeout on /navigation/cmd_vel: no message for 219.28s (expected ~0.099s, threshold 0.45s, last seen t=1789853634.36) (sev=1.00)
[monitor_node-5] [WARN] [1789853854.136903887] [diagnostic_monitor]: ANOMALY on [localization_node] message_timeout: Message timeout on /localization/pose: no message for 219.78s (expected ~0.099s, threshold 0.45s, last seen t=1789853634.35) (sev=1.00)
[monitor_node-5] [WARN] [1789853854.150833550] [diagnostic_monitor]: ANOMALY on [navigation_node] message_timeout: Message timeout on /navigation/cmd_vel: no message for 219.78s (expected ~0.099s, threshold 0.45s, last seen t=1789853634.36) (sev=1.00)
[monitor_node-5] [WARN] [1789853854.636576451] [diagnostic_monitor]: ANOMALY on [localization_node] message_timeout: Message timeout on /localization/pose: no message for 220.28s (expected ~0.099s, threshold 0.45s, last seen t=1789853634.35) (sev=1.00)
[monitor_node-5] [WARN] [1789853854.638112553] [diagnostic_monitor]: ANOMALY on [navigation_node] message_timeout: Message timeout on /navigation/cmd_vel: no message for 220.28s (expected ~0.099s, threshold 0.45s, last seen t=1789853634.36) (sev=1.00)
[monitor_node-5] [WARN] [1789853855.136006700] [diagnostic_monitor]: ANOMALY on [localization_node] message_timeout: Message timeout on /localization/pose: no message for 220.78s (expected ~0.099s, threshold 0.45s, last seen t=1789853634.35) (sev=1.00)
[monitor_node-5] [WARN] [1789853855.137087003] [diagnostic_monitor]: ANOMALY on [navigation_node] message_timeout: Message timeout on /navigation/cmd_vel: no message for 220.78s (expected ~0.099s, threshold 0.45s, last seen t=1789853634.36) (sev=1.00)
[monitor_node-5] [WARN] [1789853855.635003282] [diagnostic_monitor]: ANOMALY on [localization_node] message_timeout: Message timeout on /localization/pose: no message for 221.28s (expected ~0.099s, threshold 0.45s, last seen t=1789853634.35) (sev=1.00)
[monitor_node-5] [WARN] [1789853855.636121542] [diagnostic_monitor]: ANOMALY on [navigation_node] message_timeout: Message timeout on /navigation/cmd_vel: no message for 221.28s (expected ~0.099s, threshold 0.45s, last seen t=1789853634.36) (sev=1.00)
[monitor_node-5] [WARN] [1789853856.135886697] [diagnostic_monitor]: ANOMALY on [localization_node] message_timeout: Message timeout on /localization/pose: no message for 221.78s (expected ~0.099s, threshold 0.45s, last seen t=1789853634.35) (sev=1.00)
[monitor_node-5] [WARN] [1789853856.136922252] [diagnostic_monitor]: ANOMALY on [navigation_node] message_timeout: Message timeout on /navigation/cmd_vel: no message for 221.78s (expected ~0.099s, threshold 0.45s, last seen t=1789853634.36) (sev=1.00)
[monitor_node-5] [WARN] [1789853856.636165991] [diagnostic_monitor]: ANOMALY on [localization_node] message_timeout: Message timeout on /localization/pose: no message for 222.28s (expected ~0.099s, threshold 0.45s, last seen t=1789853634.35) (sev=1.00)
[monitor_node-5] [WARN] [1789853856.637572941] [diagnostic_monitor]: ANOMALY on [navigation_node] message_timeout: Message timeout on /navigation/cmd_vel: no message for 222.28s (expected ~0.099s, threshold 0.45s, last seen t=1789853634.36) (sev=1.00)
[monitor_node-5] [WARN] [1789853857.136197627] [diagnostic_monitor]: ANOMALY on [localization_node] message_timeout: Message timeout on /localization/pose: no message for 222.78s (expected ~0.099s, threshold 0.45s, last seen t=1789853634.35) (sev=1.00)
[monitor_node-5] [WARN] [1789853857.137375934] [diagnostic_monitor]: ANOMALY on [navigation_node] message_timeout: Message timeout on /navigation/cmd_vel: no message for 222.78s (expected ~0.099s, threshold 0.45s, last seen t=1789853634.36) (sev=1.00)
[monitor_node-5] [WARN] [1789853857.635121708] [diagnostic_monitor]: ANOMALY on [localization_node] message_timeout: Message timeout on /localization/pose: no message for 223.28s (expected ~0.099s, threshold 0.45s, last seen t=1789853634.35) (sev=1.00)
[monitor_node-5] [WARN] [1789853857.636070515] [diagnostic_monitor]: ANOMALY on [navigation_node] message_timeout: Message timeout on /navigation/cmd_vel: no message for 223.28s (expected ~0.099s, threshold 0.45s, last seen t=1789853634.36) (sev=1.00)
[monitor_node-5] [WARN] [1789853858.136646901] [diagnostic_monitor]: ANOMALY on [localization_node] message_timeout: Message timeout on /localization/pose: no message for 223.78s (expected ~0.099s, threshold 0.45s, last seen t=1789853634.35) (sev=1.00)
[monitor_node-5] [WARN] [1789853858.137794754] [diagnostic_monitor]: ANOMALY on [navigation_node] message_timeout: Message timeout on /navigation/cmd_vel: no message for 223.78s (expected ~0.099s, threshold 0.45s, last seen t=1789853634.36) (sev=1.00)
[monitor_node-5] [WARN] [1789853858.635089017] [diagnostic_monitor]: ANOMALY on [localization_node] message_timeout: Message timeout on /localization/pose: no message for 224.28s (expected ~0.099s, threshold 0.45s, last seen t=1789853634.35) (sev=1.00)
[monitor_node-5] [WARN] [1789853858.636182572] [diagnostic_monitor]: ANOMALY on [navigation_node] message_timeout: Message timeout on /navigation/cmd_vel: no message for 224.28s (expected ~0.099s, threshold 0.45s, last seen t=1789853634.36) (sev=1.00)
[monitor_node-5] [WARN] [1789853859.136137743] [diagnostic_monitor]: ANOMALY on [localization_node] message_timeout: Message timeout on /localization/pose: no message for 224.78s (expected ~0.099s, threshold 0.45s, last seen t=1789853634.35) (sev=1.00)
[monitor_node-5] [WARN] [1789853859.137208038] [diagnostic_monitor]: ANOMALY on [navigation_node] message_timeout: Message timeout on /navigation/cmd_vel: no message for 224.78s (expected ~0.099s, threshold 0.45s, last seen t=1789853634.36) (sev=1.00)
[monitor_node-5] [WARN] [1789853859.635340368] [diagnostic_monitor]: ANOMALY on [localization_node] message_timeout: Message timeout on /localization/pose: no message for 225.28s (expected ~0.099s, threshold 0.45s, last seen t=1789853634.35) (sev=1.00)
[monitor_node-5] [WARN] [1789853859.636348534] [diagnostic_monitor]: ANOMALY on [navigation_node] message_timeout: Message timeout on /navigation/cmd_vel: no message for 225.28s (expected ~0.099s, threshold 0.45s, last seen t=1789853634.36) (sev=1.00)
[monitor_node-5] [WARN] [1789853860.140517234] [diagnostic_monitor]: ANOMALY on [localization_node] message_timeout: Message timeout on /localization/pose: no message for 225.78s (expected ~0.099s, threshold 0.45s, last seen t=1789853634.35) (sev=1.00)
[monitor_node-5] [WARN] [1789853860.141605695] [diagnostic_monitor]: ANOMALY on [navigation_node] message_timeout: Message timeout on /navigation/cmd_vel: no message for 225.78s (expected ~0.099s, threshold 0.45s, last seen t=1789853634.36) (sev=1.00)
[monitor_node-5] [WARN] [1789853860.635039497] [diagnostic_monitor]: ANOMALY on [localization_node] message_timeout: Message timeout on /localization/pose: no message for 226.28s (expected ~0.099s, threshold 0.45s, last seen t=1789853634.35) (sev=1.00)
[monitor_node-5] [WARN] [1789853860.635885418] [diagnostic_monitor]: ANOMALY on [navigation_node] message_timeout: Message timeout on /navigation/cmd_vel: no message for 226.28s (expected ~0.099s, threshold 0.45s, last seen t=1789853634.36) (sev=1.00)
[monitor_node-5] [WARN] [1789853861.137260083] [diagnostic_monitor]: ANOMALY on [localization_node] message_timeout: Message timeout on /localization/pose: no message for 226.78s (expected ~0.099s, threshold 0.45s, last seen t=1789853634.35) (sev=1.00)
[monitor_node-5] [WARN] [1789853861.138601473] [diagnostic_monitor]: ANOMALY on [navigation_node] message_timeout: Message timeout on /navigation/cmd_vel: no message for 226.78s (expected ~0.099s, threshold 0.45s, last seen t=1789853634.36) (sev=1.00)
[monitor_node-5] [WARN] [1789853861.635258314] [diagnostic_monitor]: ANOMALY on [localization_node] message_timeout: Message timeout on /localization/pose: no message for 227.28s (expected ~0.099s, threshold 0.45s, last seen t=1789853634.35) (sev=1.00)
[monitor_node-5] [WARN] [1789853861.636363476] [diagnostic_monitor]: ANOMALY on [navigation_node] message_timeout: Message timeout on /navigation/cmd_vel: no message for 227.28s (expected ~0.099s, threshold 0.45s, last seen t=1789853634.36) (sev=1.00)
[monitor_node-5] [WARN] [1789853862.138129070] [diagnostic_monitor]: ANOMALY on [localization_node] message_timeout: Message timeout on /localization/pose: no message for 227.78s (expected ~0.099s, threshold 0.45s, last seen t=1789853634.35) (sev=1.00)
[monitor_node-5] [WARN] [1789853862.138953760] [diagnostic_monitor]: ANOMALY on [navigation_node] message_timeout: Message timeout on /navigation/cmd_vel: no message for 227.78s (expected ~0.099s, threshold 0.45s, last seen t=1789853634.36) (sev=1.00)
[monitor_node-5] [WARN] [1789853862.635256548] [diagnostic_monitor]: ANOMALY on [localization_node] message_timeout: Message timeout on /localization/pose: no message for 228.28s (expected ~0.099s, threshold 0.45s, last seen t=1789853634.35) (sev=1.00)
[monitor_node-5] [WARN] [1789853862.636306086] [diagnostic_monitor]: ANOMALY on [navigation_node] message_timeout: Message timeout on /navigation/cmd_vel: no message for 228.28s (expected ~0.099s, threshold 0.45s, last seen t=1789853634.36) (sev=1.00)
[monitor_node-5] [WARN] [1789853863.136478539] [diagnostic_monitor]: ANOMALY on [localization_node] message_timeout: Message timeout on /localization/pose: no message for 228.78s (expected ~0.099s, threshold 0.45s, last seen t=1789853634.35) (sev=1.00)
[monitor_node-5] [WARN] [1789853863.137678653] [diagnostic_monitor]: ANOMALY on [navigation_node] message_timeout: Message timeout on /navigation/cmd_vel: no message for 228.78s (expected ~0.099s, threshold 0.45s, last seen t=1789853634.36) (sev=1.00)
[monitor_node-5] [WARN] [1789853863.635599709] [diagnostic_monitor]: ANOMALY on [localization_node] message_timeout: Message timeout on /localization/pose: no message for 229.28s (expected ~0.099s, threshold 0.45s, last seen t=1789853634.35) (sev=1.00)
[monitor_node-5] [WARN] [1789853863.636472078] [diagnostic_monitor]: ANOMALY on [navigation_node] message_timeout: Message timeout on /navigation/cmd_vel: no message for 229.28s (expected ~0.099s, threshold 0.45s, last seen t=1789853634.36) (sev=1.00)
[monitor_node-5] [WARN] [1789853864.136558175] [diagnostic_monitor]: ANOMALY on [localization_node] message_timeout: Message timeout on /localization/pose: no message for 229.78s (expected ~0.099s, threshold 0.45s, last seen t=1789853634.35) (sev=1.00)
[monitor_node-5] [WARN] [1789853864.137720987] [diagnostic_monitor]: ANOMALY on [navigation_node] message_timeout: Message timeout on /navigation/cmd_vel: no message for 229.78s (expected ~0.099s, threshold 0.45s, last seen t=1789853634.36) (sev=1.00)
[monitor_node-5] [WARN] [1789853864.634981198] [diagnostic_monitor]: ANOMALY on [localization_node] message_timeout: Message timeout on /localization/pose: no message for 230.28s (expected ~0.099s, threshold 0.45s, last seen t=1789853634.35) (sev=1.00)
[monitor_node-5] [WARN] [1789853864.636161722] [diagnostic_monitor]: ANOMALY on [navigation_node] message_timeout: Message timeout on /navigation/cmd_vel: no message for 230.28s (expected ~0.099s, threshold 0.45s, last seen t=1789853634.36) (sev=1.00)
[monitor_node-5] [WARN] [1789853865.136264923] [diagnostic_monitor]: ANOMALY on [localization_node] message_timeout: Message timeout on /localization/pose: no message for 230.78s (expected ~0.099s, threshold 0.45s, last seen t=1789853634.35) (sev=1.00)
[monitor_node-5] [WARN] [1789853865.137416069] [diagnostic_monitor]: ANOMALY on [navigation_node] message_timeout: Message timeout on /navigation/cmd_vel: no message for 230.78s (expected ~0.099s, threshold 0.45s, last seen t=1789853634.36) (sev=1.00)
[monitor_node-5] [WARN] [1789853865.634960975] [diagnostic_monitor]: ANOMALY on [localization_node] message_timeout: Message timeout on /localization/pose: no message for 231.28s (expected ~0.099s, threshold 0.45s, last seen t=1789853634.35) (sev=1.00)
[monitor_node-5] [WARN] [1789853865.636033005] [diagnostic_monitor]: ANOMALY on [navigation_node] message_timeout: Message timeout on /navigation/cmd_vel: no message for 231.28s (expected ~0.099s, threshold 0.45s, last seen t=1789853634.36) (sev=1.00)
[monitor_node-5] [WARN] [1789853866.137396177] [diagnostic_monitor]: ANOMALY on [localization_node] message_timeout: Message timeout on /localization/pose: no message for 231.78s (expected ~0.099s, threshold 0.45s, last seen t=1789853634.35) (sev=1.00)
[monitor_node-5] [WARN] [1789853866.138778178] [diagnostic_monitor]: ANOMALY on [navigation_node] message_timeout: Message timeout on /navigation/cmd_vel: no message for 231.78s (expected ~0.099s, threshold 0.45s, last seen t=1789853634.36) (sev=1.00)
[monitor_node-5] [WARN] [1789853866.635788733] [diagnostic_monitor]: ANOMALY on [localization_node] message_timeout: Message timeout on /localization/pose: no message for 232.28s (expected ~0.099s, threshold 0.45s, last seen t=1789853634.35) (sev=1.00)
[monitor_node-5] [WARN] [1789853866.637013778] [diagnostic_monitor]: ANOMALY on [navigation_node] message_timeout: Message timeout on /navigation/cmd_vel: no message for 232.28s (expected ~0.099s, threshold 0.45s, last seen t=1789853634.36) (sev=1.00)
[monitor_node-5] [WARN] [1789853867.136327494] [diagnostic_monitor]: ANOMALY on [localization_node] message_timeout: Message timeout on /localization/pose: no message for 232.78s (expected ~0.099s, threshold 0.45s, last seen t=1789853634.35) (sev=1.00)
[monitor_node-5] [WARN] [1789853867.137441023] [diagnostic_monitor]: ANOMALY on [navigation_node] message_timeout: Message timeout on /navigation/cmd_vel: no message for 232.78s (expected ~0.099s, threshold 0.45s, last seen t=1789853634.36) (sev=1.00)
[monitor_node-5] [WARN] [1789853867.635595125] [diagnostic_monitor]: ANOMALY on [localization_node] message_timeout: Message timeout on /localization/pose: no message for 233.28s (expected ~0.099s, threshold 0.45s, last seen t=1789853634.35) (sev=1.00)
[monitor_node-5] [WARN] [1789853867.636878372] [diagnostic_monitor]: ANOMALY on [navigation_node] message_timeout: Message timeout on /navigation/cmd_vel: no message for 233.28s (expected ~0.099s, threshold 0.45s, last seen t=1789853634.36) (sev=1.00)
[monitor_node-5] [WARN] [1789853868.136529072] [diagnostic_monitor]: ANOMALY on [localization_node] message_timeout: Message timeout on /localization/pose: no message for 233.78s (expected ~0.099s, threshold 0.45s, last seen t=1789853634.35) (sev=1.00)
[monitor_node-5] [WARN] [1789853868.137680202] [diagnostic_monitor]: ANOMALY on [navigation_node] message_timeout: Message timeout on /navigation/cmd_vel: no message for 233.78s (expected ~0.099s, threshold 0.45s, last seen t=1789853634.36) (sev=1.00)
[monitor_node-5] [WARN] [1789853868.635237350] [diagnostic_monitor]: ANOMALY on [localization_node] message_timeout: Message timeout on /localization/pose: no message for 234.28s (expected ~0.099s, threshold 0.45s, last seen t=1789853634.35) (sev=1.00)
[monitor_node-5] [WARN] [1789853868.636285362] [diagnostic_monitor]: ANOMALY on [navigation_node] message_timeout: Message timeout on /navigation/cmd_vel: no message for 234.28s (expected ~0.099s, threshold 0.45s, last seen t=1789853634.36) (sev=1.00)
[monitor_node-5] [WARN] [1789853869.136641267] [diagnostic_monitor]: ANOMALY on [localization_node] message_timeout: Message timeout on /localization/pose: no message for 234.78s (expected ~0.099s, threshold 0.45s, last seen t=1789853634.35) (sev=1.00)
[monitor_node-5] [WARN] [1789853869.137636892] [diagnostic_monitor]: ANOMALY on [navigation_node] message_timeout: Message timeout on /navigation/cmd_vel: no message for 234.78s (expected ~0.099s, threshold 0.45s, last seen t=1789853634.36) (sev=1.00)
[monitor_node-5] [WARN] [1789853869.635292024] [diagnostic_monitor]: ANOMALY on [localization_node] message_timeout: Message timeout on /localization/pose: no message for 235.28s (expected ~0.099s, threshold 0.45s, last seen t=1789853634.35) (sev=1.00)
[monitor_node-5] [WARN] [1789853869.636320770] [diagnostic_monitor]: ANOMALY on [navigation_node] message_timeout: Message timeout on /navigation/cmd_vel: no message for 235.28s (expected ~0.099s, threshold 0.45s, last seen t=1789853634.36) (sev=1.00)
[monitor_node-5] [WARN] [1789853870.137294041] [diagnostic_monitor]: ANOMALY on [localization_node] message_timeout: Message timeout on /localization/pose: no message for 235.78s (expected ~0.099s, threshold 0.45s, last seen t=1789853634.35) (sev=1.00)
[monitor_node-5] [WARN] [1789853870.139974913] [diagnostic_monitor]: ANOMALY on [navigation_node] message_timeout: Message timeout on /navigation/cmd_vel: no message for 235.78s (expected ~0.099s, threshold 0.45s, last seen t=1789853634.36) (sev=1.00)
[monitor_node-5] [WARN] [1789853870.636161026] [diagnostic_monitor]: ANOMALY on [localization_node] message_timeout: Message timeout on /localization/pose: no message for 236.28s (expected ~0.099s, threshold 0.45s, last seen t=1789853634.35) (sev=1.00)
[monitor_node-5] [WARN] [1789853870.637357519] [diagnostic_monitor]: ANOMALY on [navigation_node] message_timeout: Message timeout on /navigation/cmd_vel: no message for 236.28s (expected ~0.099s, threshold 0.45s, last seen t=1789853634.36) (sev=1.00)
[monitor_node-5] [WARN] [1789853871.136516052] [diagnostic_monitor]: ANOMALY on [localization_node] message_timeout: Message timeout on /localization/pose: no message for 236.78s (expected ~0.099s, threshold 0.45s, last seen t=1789853634.35) (sev=1.00)
[monitor_node-5] [WARN] [1789853871.137641955] [diagnostic_monitor]: ANOMALY on [navigation_node] message_timeout: Message timeout on /navigation/cmd_vel: no message for 236.78s (expected ~0.099s, threshold 0.45s, last seen t=1789853634.36) (sev=1.00)
[monitor_node-5] [WARN] [1789853871.634791572] [diagnostic_monitor]: ANOMALY on [localization_node] message_timeout: Message timeout on /localization/pose: no message for 237.28s (expected ~0.099s, threshold 0.45s, last seen t=1789853634.35) (sev=1.00)
[monitor_node-5] [WARN] [1789853871.635806329] [diagnostic_monitor]: ANOMALY on [navigation_node] message_timeout: Message timeout on /navigation/cmd_vel: no message for 237.28s (expected ~0.099s, threshold 0.45s, last seen t=1789853634.36) (sev=1.00)
[monitor_node-5] [WARN] [1789853872.136294399] [diagnostic_monitor]: ANOMALY on [localization_node] message_timeout: Message timeout on /localization/pose: no message for 237.78s (expected ~0.099s, threshold 0.45s, last seen t=1789853634.35) (sev=1.00)
[monitor_node-5] [WARN] [1789853872.137439004] [diagnostic_monitor]: ANOMALY on [navigation_node] message_timeout: Message timeout on /navigation/cmd_vel: no message for 237.78s (expected ~0.099s, threshold 0.45s, last seen t=1789853634.36) (sev=1.00)
[monitor_node-5] [WARN] [1789853872.634817127] [diagnostic_monitor]: ANOMALY on [localization_node] message_timeout: Message timeout on /localization/pose: no message for 238.28s (expected ~0.099s, threshold 0.45s, last seen t=1789853634.35) (sev=1.00)
[monitor_node-5] [WARN] [1789853872.635761145] [diagnostic_monitor]: ANOMALY on [navigation_node] message_timeout: Message timeout on /navigation/cmd_vel: no message for 238.28s (expected ~0.099s, threshold 0.45s, last seen t=1789853634.36) (sev=1.00)
[monitor_node-5] [WARN] [1789853873.136090038] [diagnostic_monitor]: ANOMALY on [localization_node] message_timeout: Message timeout on /localization/pose: no message for 238.78s (expected ~0.099s, threshold 0.45s, last seen t=1789853634.35) (sev=1.00)
[monitor_node-5] [WARN] [1789853873.137171216] [diagnostic_monitor]: ANOMALY on [navigation_node] message_timeout: Message timeout on /navigation/cmd_vel: no message for 238.78s (expected ~0.099s, threshold 0.45s, last seen t=1789853634.36) (sev=1.00)
[monitor_node-5] [WARN] [1789853873.635543084] [diagnostic_monitor]: ANOMALY on [localization_node] message_timeout: Message timeout on /localization/pose: no message for 239.28s (expected ~0.099s, threshold 0.45s, last seen t=1789853634.35) (sev=1.00)
[monitor_node-5] [WARN] [1789853873.636848553] [diagnostic_monitor]: ANOMALY on [navigation_node] message_timeout: Message timeout on /navigation/cmd_vel: no message for 239.28s (expected ~0.099s, threshold 0.45s, last seen t=1789853634.36) (sev=1.00)
[monitor_node-5] [WARN] [1789853874.137304196] [diagnostic_monitor]: ANOMALY on [localization_node] message_timeout: Message timeout on /localization/pose: no message for 239.78s (expected ~0.099s, threshold 0.45s, last seen t=1789853634.35) (sev=1.00)
[monitor_node-5] [WARN] [1789853874.138441105] [diagnostic_monitor]: ANOMALY on [navigation_node] message_timeout: Message timeout on /navigation/cmd_vel: no message for 239.78s (expected ~0.099s, threshold 0.45s, last seen t=1789853634.36) (sev=1.00)
[monitor_node-5] [WARN] [1789853874.635239148] [diagnostic_monitor]: ANOMALY on [localization_node] message_timeout: Message timeout on /localization/pose: no message for 240.28s (expected ~0.099s, threshold 0.45s, last seen t=1789853634.35) (sev=1.00)
[monitor_node-5] [WARN] [1789853874.636253567] [diagnostic_monitor]: ANOMALY on [navigation_node] message_timeout: Message timeout on /navigation/cmd_vel: no message for 240.28s (expected ~0.099s, threshold 0.45s, last seen t=1789853634.36) (sev=1.00)
[monitor_node-5] [WARN] [1789853875.135779394] [diagnostic_monitor]: ANOMALY on [localization_node] message_timeout: Message timeout on /localization/pose: no message for 240.78s (expected ~0.099s, threshold 0.45s, last seen t=1789853634.35) (sev=1.00)
[monitor_node-5] [WARN] [1789853875.136852416] [diagnostic_monitor]: ANOMALY on [navigation_node] message_timeout: Message timeout on /navigation/cmd_vel: no message for 240.78s (expected ~0.099s, threshold 0.45s, last seen t=1789853634.36) (sev=1.00)
[monitor_node-5] [WARN] [1789853875.634734509] [diagnostic_monitor]: ANOMALY on [localization_node] message_timeout: Message timeout on /localization/pose: no message for 241.28s (expected ~0.099s, threshold 0.45s, last seen t=1789853634.35) (sev=1.00)
[monitor_node-5] [WARN] [1789853875.635470482] [diagnostic_monitor]: ANOMALY on [navigation_node] message_timeout: Message timeout on /navigation/cmd_vel: no message for 241.28s (expected ~0.099s, threshold 0.45s, last seen t=1789853634.36) (sev=1.00)
[monitor_node-5] [WARN] [1789853876.136029082] [diagnostic_monitor]: ANOMALY on [localization_node] message_timeout: Message timeout on /localization/pose: no message for 241.78s (expected ~0.099s, threshold 0.45s, last seen t=1789853634.35) (sev=1.00)
[monitor_node-5] [WARN] [1789853876.137044808] [diagnostic_monitor]: ANOMALY on [navigation_node] message_timeout: Message timeout on /navigation/cmd_vel: no message for 241.78s (expected ~0.099s, threshold 0.45s, last seen t=1789853634.36) (sev=1.00)
[monitor_node-5] [WARN] [1789853876.635253340] [diagnostic_monitor]: ANOMALY on [localization_node] message_timeout: Message timeout on /localization/pose: no message for 242.28s (expected ~0.099s, threshold 0.45s, last seen t=1789853634.35) (sev=1.00)
[monitor_node-5] [WARN] [1789853876.636558933] [diagnostic_monitor]: ANOMALY on [navigation_node] message_timeout: Message timeout on /navigation/cmd_vel: no message for 242.28s (expected ~0.099s, threshold 0.45s, last seen t=1789853634.36) (sev=1.00)
[monitor_node-5] [WARN] [1789853877.136131584] [diagnostic_monitor]: ANOMALY on [localization_node] message_timeout: Message timeout on /localization/pose: no message for 242.78s (expected ~0.099s, threshold 0.45s, last seen t=1789853634.35) (sev=1.00)
[monitor_node-5] [WARN] [1789853877.137219683] [diagnostic_monitor]: ANOMALY on [navigation_node] message_timeout: Message timeout on /navigation/cmd_vel: no message for 242.78s (expected ~0.099s, threshold 0.45s, last seen t=1789853634.36) (sev=1.00)
[monitor_node-5] [WARN] [1789853877.635438431] [diagnostic_monitor]: ANOMALY on [localization_node] message_timeout: Message timeout on /localization/pose: no message for 243.28s (expected ~0.099s, threshold 0.45s, last seen t=1789853634.35) (sev=1.00)
[monitor_node-5] [WARN] [1789853877.636823672] [diagnostic_monitor]: ANOMALY on [navigation_node] message_timeout: Message timeout on /navigation/cmd_vel: no message for 243.28s (expected ~0.099s, threshold 0.45s, last seen t=1789853634.36) (sev=1.00)
[monitor_node-5] [WARN] [1789853878.135944616] [diagnostic_monitor]: ANOMALY on [localization_node] message_timeout: Message timeout on /localization/pose: no message for 243.78s (expected ~0.099s, threshold 0.45s, last seen t=1789853634.35) (sev=1.00)
[monitor_node-5] [WARN] [1789853878.137076315] [diagnostic_monitor]: ANOMALY on [navigation_node] message_timeout: Message timeout on /navigation/cmd_vel: no message for 243.78s (expected ~0.099s, threshold 0.45s, last seen t=1789853634.36) (sev=1.00)
[monitor_node-5] [WARN] [1789853878.635294000] [diagnostic_monitor]: ANOMALY on [localization_node] message_timeout: Message timeout on /localization/pose: no message for 244.28s (expected ~0.099s, threshold 0.45s, last seen t=1789853634.35) (sev=1.00)
[monitor_node-5] [WARN] [1789853878.636280888] [diagnostic_monitor]: ANOMALY on [navigation_node] message_timeout: Message timeout on /navigation/cmd_vel: no message for 244.28s (expected ~0.099s, threshold 0.45s, last seen t=1789853634.36) (sev=1.00)
[monitor_node-5] [WARN] [1789853879.136251396] [diagnostic_monitor]: ANOMALY on [localization_node] message_timeout: Message timeout on /localization/pose: no message for 244.78s (expected ~0.099s, threshold 0.45s, last seen t=1789853634.35) (sev=1.00)
[monitor_node-5] [WARN] [1789853879.137377443] [diagnostic_monitor]: ANOMALY on [navigation_node] message_timeout: Message timeout on /navigation/cmd_vel: no message for 244.78s (expected ~0.099s, threshold 0.45s, last seen t=1789853634.36) (sev=1.00)
[monitor_node-5] [WARN] [1789853879.635282283] [diagnostic_monitor]: ANOMALY on [localization_node] message_timeout: Message timeout on /localization/pose: no message for 245.28s (expected ~0.099s, threshold 0.45s, last seen t=1789853634.35) (sev=1.00)
[monitor_node-5] [WARN] [1789853879.636119932] [diagnostic_monitor]: ANOMALY on [navigation_node] message_timeout: Message timeout on /navigation/cmd_vel: no message for 245.28s (expected ~0.099s, threshold 0.45s, last seen t=1789853634.36) (sev=1.00)
[monitor_node-5] [WARN] [1789853880.136089999] [diagnostic_monitor]: ANOMALY on [localization_node] message_timeout: Message timeout on /localization/pose: no message for 245.78s (expected ~0.099s, threshold 0.45s, last seen t=1789853634.35) (sev=1.00)
[monitor_node-5] [WARN] [1789853880.137122549] [diagnostic_monitor]: ANOMALY on [navigation_node] message_timeout: Message timeout on /navigation/cmd_vel: no message for 245.78s (expected ~0.099s, threshold 0.45s, last seen t=1789853634.36) (sev=1.00)
[monitor_node-5] [WARN] [1789853880.635130837] [diagnostic_monitor]: ANOMALY on [localization_node] message_timeout: Message timeout on /localization/pose: no message for 246.28s (expected ~0.099s, threshold 0.45s, last seen t=1789853634.35) (sev=1.00)
[monitor_node-5] [WARN] [1789853880.635937125] [diagnostic_monitor]: ANOMALY on [navigation_node] message_timeout: Message timeout on /navigation/cmd_vel: no message for 246.28s (expected ~0.099s, threshold 0.45s, last seen t=1789853634.36) (sev=1.00)
[monitor_node-5] [WARN] [1789853881.135900381] [diagnostic_monitor]: ANOMALY on [localization_node] message_timeout: Message timeout on /localization/pose: no message for 246.78s (expected ~0.099s, threshold 0.45s, last seen t=1789853634.35) (sev=1.00)
[monitor_node-5] [WARN] [1789853881.136947015] [diagnostic_monitor]: ANOMALY on [navigation_node] message_timeout: Message timeout on /navigation/cmd_vel: no message for 246.78s (expected ~0.099s, threshold 0.45s, last seen t=1789853634.36) (sev=1.00)
[monitor_node-5] [WARN] [1789853881.635210673] [diagnostic_monitor]: ANOMALY on [localization_node] message_timeout: Message timeout on /localization/pose: no message for 247.28s (expected ~0.099s, threshold 0.45s, last seen t=1789853634.35) (sev=1.00)
[monitor_node-5] [WARN] [1789853881.635895245] [diagnostic_monitor]: ANOMALY on [navigation_node] message_timeout: Message timeout on /navigation/cmd_vel: no message for 247.28s (expected ~0.099s, threshold 0.45s, last seen t=1789853634.36) (sev=1.00)
[monitor_node-5] [WARN] [1789853882.136029434] [diagnostic_monitor]: ANOMALY on [localization_node] message_timeout: Message timeout on /localization/pose: no message for 247.78s (expected ~0.099s, threshold 0.45s, last seen t=1789853634.35) (sev=1.00)
[monitor_node-5] [WARN] [1789853882.137066347] [diagnostic_monitor]: ANOMALY on [navigation_node] message_timeout: Message timeout on /navigation/cmd_vel: no message for 247.78s (expected ~0.099s, threshold 0.45s, last seen t=1789853634.36) (sev=1.00)
[monitor_node-5] [WARN] [1789853882.635060303] [diagnostic_monitor]: ANOMALY on [localization_node] message_timeout: Message timeout on /localization/pose: no message for 248.28s (expected ~0.099s, threshold 0.45s, last seen t=1789853634.35) (sev=1.00)
[monitor_node-5] [WARN] [1789853882.636210568] [diagnostic_monitor]: ANOMALY on [navigation_node] message_timeout: Message timeout on /navigation/cmd_vel: no message for 248.28s (expected ~0.099s, threshold 0.45s, last seen t=1789853634.36) (sev=1.00)
[monitor_node-5] [WARN] [1789853883.136344586] [diagnostic_monitor]: ANOMALY on [localization_node] message_timeout: Message timeout on /localization/pose: no message for 248.78s (expected ~0.099s, threshold 0.45s, last seen t=1789853634.35) (sev=1.00)
[monitor_node-5] [WARN] [1789853883.137430429] [diagnostic_monitor]: ANOMALY on [navigation_node] message_timeout: Message timeout on /navigation/cmd_vel: no message for 248.78s (expected ~0.099s, threshold 0.45s, last seen t=1789853634.36) (sev=1.00)
[monitor_node-5] [WARN] [1789853883.635100089] [diagnostic_monitor]: ANOMALY on [localization_node] message_timeout: Message timeout on /localization/pose: no message for 249.28s (expected ~0.099s, threshold 0.45s, last seen t=1789853634.35) (sev=1.00)
[monitor_node-5] [WARN] [1789853883.636242699] [diagnostic_monitor]: ANOMALY on [navigation_node] message_timeout: Message timeout on /navigation/cmd_vel: no message for 249.28s (expected ~0.099s, threshold 0.45s, last seen t=1789853634.36) (sev=1.00)
[monitor_node-5] [WARN] [1789853884.136003964] [diagnostic_monitor]: ANOMALY on [localization_node] message_timeout: Message timeout on /localization/pose: no message for 249.78s (expected ~0.099s, threshold 0.45s, last seen t=1789853634.35) (sev=1.00)
[monitor_node-5] [WARN] [1789853884.137159695] [diagnostic_monitor]: ANOMALY on [navigation_node] message_timeout: Message timeout on /navigation/cmd_vel: no message for 249.78s (expected ~0.099s, threshold 0.45s, last seen t=1789853634.36) (sev=1.00)
[monitor_node-5] [WARN] [1789853884.635086562] [diagnostic_monitor]: ANOMALY on [localization_node] message_timeout: Message timeout on /localization/pose: no message for 250.28s (expected ~0.099s, threshold 0.45s, last seen t=1789853634.35) (sev=1.00)
[monitor_node-5] [WARN] [1789853884.636000767] [diagnostic_monitor]: ANOMALY on [navigation_node] message_timeout: Message timeout on /navigation/cmd_vel: no message for 250.28s (expected ~0.099s, threshold 0.45s, last seen t=1789853634.36) (sev=1.00)
[monitor_node-5] [WARN] [1789853885.136133809] [diagnostic_monitor]: ANOMALY on [localization_node] message_timeout: Message timeout on /localization/pose: no message for 250.78s (expected ~0.099s, threshold 0.45s, last seen t=1789853634.35) (sev=1.00)
[monitor_node-5] [WARN] [1789853885.137282213] [diagnostic_monitor]: ANOMALY on [navigation_node] message_timeout: Message timeout on /navigation/cmd_vel: no message for 250.78s (expected ~0.099s, threshold 0.45s, last seen t=1789853634.36) (sev=1.00)
[monitor_node-5] [WARN] [1789853885.635147565] [diagnostic_monitor]: ANOMALY on [localization_node] message_timeout: Message timeout on /localization/pose: no message for 251.28s (expected ~0.099s, threshold 0.45s, last seen t=1789853634.35) (sev=1.00)
[monitor_node-5] [WARN] [1789853885.636022786] [diagnostic_monitor]: ANOMALY on [navigation_node] message_timeout: Message timeout on /navigation/cmd_vel: no message for 251.28s (expected ~0.099s, threshold 0.45s, last seen t=1789853634.36) (sev=1.00)
[monitor_node-5] [WARN] [1789853886.135921833] [diagnostic_monitor]: ANOMALY on [localization_node] message_timeout: Message timeout on /localization/pose: no message for 251.78s (expected ~0.099s, threshold 0.45s, last seen t=1789853634.35) (sev=1.00)
[monitor_node-5] [WARN] [1789853886.136981317] [diagnostic_monitor]: ANOMALY on [navigation_node] message_timeout: Message timeout on /navigation/cmd_vel: no message for 251.78s (expected ~0.099s, threshold 0.45s, last seen t=1789853634.36) (sev=1.00)
[monitor_node-5] [WARN] [1789853886.640369988] [diagnostic_monitor]: ANOMALY on [localization_node] message_timeout: Message timeout on /localization/pose: no message for 252.28s (expected ~0.099s, threshold 0.45s, last seen t=1789853634.35) (sev=1.00)
[monitor_node-5] [WARN] [1789853886.641458103] [diagnostic_monitor]: ANOMALY on [navigation_node] message_timeout: Message timeout on /navigation/cmd_vel: no message for 252.28s (expected ~0.099s, threshold 0.45s, last seen t=1789853634.36) (sev=1.00)
[monitor_node-5] [WARN] [1789853887.135910734] [diagnostic_monitor]: ANOMALY on [localization_node] message_timeout: Message timeout on /localization/pose: no message for 252.78s (expected ~0.099s, threshold 0.45s, last seen t=1789853634.35) (sev=1.00)
[monitor_node-5] [WARN] [1789853887.136934194] [diagnostic_monitor]: ANOMALY on [navigation_node] message_timeout: Message timeout on /navigation/cmd_vel: no message for 252.78s (expected ~0.099s, threshold 0.45s, last seen t=1789853634.36) (sev=1.00)
[monitor_node-5] [WARN] [1789853887.636655869] [diagnostic_monitor]: ANOMALY on [localization_node] message_timeout: Message timeout on /localization/pose: no message for 253.28s (expected ~0.099s, threshold 0.45s, last seen t=1789853634.35) (sev=1.00)
[monitor_node-5] [WARN] [1789853887.638228329] [diagnostic_monitor]: ANOMALY on [navigation_node] message_timeout: Message timeout on /navigation/cmd_vel: no message for 253.28s (expected ~0.099s, threshold 0.45s, last seen t=1789853634.36) (sev=1.00)
[monitor_node-5] [WARN] [1789853888.137507129] [diagnostic_monitor]: ANOMALY on [localization_node] message_timeout: Message timeout on /localization/pose: no message for 253.78s (expected ~0.099s, threshold 0.45s, last seen t=1789853634.35) (sev=1.00)
[monitor_node-5] [WARN] [1789853888.138539080] [diagnostic_monitor]: ANOMALY on [navigation_node] message_timeout: Message timeout on /navigation/cmd_vel: no message for 253.78s (expected ~0.099s, threshold 0.45s, last seen t=1789853634.36) (sev=1.00)
[monitor_node-5] [WARN] [1789853888.634901159] [diagnostic_monitor]: ANOMALY on [localization_node] message_timeout: Message timeout on /localization/pose: no message for 254.28s (expected ~0.099s, threshold 0.45s, last seen t=1789853634.35) (sev=1.00)
[monitor_node-5] [WARN] [1789853888.635836080] [diagnostic_monitor]: ANOMALY on [navigation_node] message_timeout: Message timeout on /navigation/cmd_vel: no message for 254.28s (expected ~0.099s, threshold 0.45s, last seen t=1789853634.36) (sev=1.00)
[monitor_node-5] [WARN] [1789853889.136512048] [diagnostic_monitor]: ANOMALY on [localization_node] message_timeout: Message timeout on /localization/pose: no message for 254.78s (expected ~0.099s, threshold 0.45s, last seen t=1789853634.35) (sev=1.00)
[monitor_node-5] [WARN] [1789853889.137607149] [diagnostic_monitor]: ANOMALY on [navigation_node] message_timeout: Message timeout on /navigation/cmd_vel: no message for 254.78s (expected ~0.099s, threshold 0.45s, last seen t=1789853634.36) (sev=1.00)
[monitor_node-5] [WARN] [1789853889.635021974] [diagnostic_monitor]: ANOMALY on [localization_node] message_timeout: Message timeout on /localization/pose: no message for 255.28s (expected ~0.099s, threshold 0.45s, last seen t=1789853634.35) (sev=1.00)
[monitor_node-5] [WARN] [1789853889.636024929] [diagnostic_monitor]: ANOMALY on [navigation_node] message_timeout: Message timeout on /navigation/cmd_vel: no message for 255.28s (expected ~0.099s, threshold 0.45s, last seen t=1789853634.36) (sev=1.00)
[monitor_node-5] [WARN] [1789853890.136277654] [diagnostic_monitor]: ANOMALY on [localization_node] message_timeout: Message timeout on /localization/pose: no message for 255.78s (expected ~0.099s, threshold 0.45s, last seen t=1789853634.35) (sev=1.00)
[monitor_node-5] [WARN] [1789853890.137343457] [diagnostic_monitor]: ANOMALY on [navigation_node] message_timeout: Message timeout on /navigation/cmd_vel: no message for 255.78s (expected ~0.099s, threshold 0.45s, last seen t=1789853634.36) (sev=1.00)
[monitor_node-5] [WARN] [1789853890.635193583] [diagnostic_monitor]: ANOMALY on [localization_node] message_timeout: Message timeout on /localization/pose: no message for 256.28s (expected ~0.099s, threshold 0.45s, last seen t=1789853634.35) (sev=1.00)
[monitor_node-5] [WARN] [1789853890.636264255] [diagnostic_monitor]: ANOMALY on [navigation_node] message_timeout: Message timeout on /navigation/cmd_vel: no message for 256.28s (expected ~0.099s, threshold 0.45s, last seen t=1789853634.36) (sev=1.00)
[monitor_node-5] [WARN] [1789853891.136425067] [diagnostic_monitor]: ANOMALY on [localization_node] message_timeout: Message timeout on /localization/pose: no message for 256.78s (expected ~0.099s, threshold 0.45s, last seen t=1789853634.35) (sev=1.00)
[monitor_node-5] [WARN] [1789853891.137546499] [diagnostic_monitor]: ANOMALY on [navigation_node] message_timeout: Message timeout on /navigation/cmd_vel: no message for 256.78s (expected ~0.099s, threshold 0.45s, last seen t=1789853634.36) (sev=1.00)
[monitor_node-5] [WARN] [1789853891.635216123] [diagnostic_monitor]: ANOMALY on [localization_node] message_timeout: Message timeout on /localization/pose: no message for 257.28s (expected ~0.099s, threshold 0.45s, last seen t=1789853634.35) (sev=1.00)
[monitor_node-5] [WARN] [1789853891.636307401] [diagnostic_monitor]: ANOMALY on [navigation_node] message_timeout: Message timeout on /navigation/cmd_vel: no message for 257.28s (expected ~0.099s, threshold 0.45s, last seen t=1789853634.36) (sev=1.00)
[monitor_node-5] [WARN] [1789853892.136401044] [diagnostic_monitor]: ANOMALY on [localization_node] message_timeout: Message timeout on /localization/pose: no message for 257.78s (expected ~0.099s, threshold 0.45s, last seen t=1789853634.35) (sev=1.00)
[monitor_node-5] [WARN] [1789853892.137487528] [diagnostic_monitor]: ANOMALY on [navigation_node] message_timeout: Message timeout on /navigation/cmd_vel: no message for 257.78s (expected ~0.099s, threshold 0.45s, last seen t=1789853634.36) (sev=1.00)
[monitor_node-5] [WARN] [1789853892.635217907] [diagnostic_monitor]: ANOMALY on [localization_node] message_timeout: Message timeout on /localization/pose: no message for 258.28s (expected ~0.099s, threshold 0.45s, last seen t=1789853634.35) (sev=1.00)
[monitor_node-5] [WARN] [1789853892.638024449] [diagnostic_monitor]: ANOMALY on [navigation_node] message_timeout: Message timeout on /navigation/cmd_vel: no message for 258.28s (expected ~0.099s, threshold 0.45s, last seen t=1789853634.36) (sev=1.00)
[monitor_node-5] [WARN] [1789853893.136074130] [diagnostic_monitor]: ANOMALY on [localization_node] message_timeout: Message timeout on /localization/pose: no message for 258.78s (expected ~0.099s, threshold 0.45s, last seen t=1789853634.35) (sev=1.00)
[monitor_node-5] [WARN] [1789853893.137179015] [diagnostic_monitor]: ANOMALY on [navigation_node] message_timeout: Message timeout on /navigation/cmd_vel: no message for 258.78s (expected ~0.099s, threshold 0.45s, last seen t=1789853634.36) (sev=1.00)
[monitor_node-5] [WARN] [1789853893.635196557] [diagnostic_monitor]: ANOMALY on [localization_node] message_timeout: Message timeout on /localization/pose: no message for 259.28s (expected ~0.099s, threshold 0.45s, last seen t=1789853634.35) (sev=1.00)
[monitor_node-5] [WARN] [1789853893.636156506] [diagnostic_monitor]: ANOMALY on [navigation_node] message_timeout: Message timeout on /navigation/cmd_vel: no message for 259.28s (expected ~0.099s, threshold 0.45s, last seen t=1789853634.36) (sev=1.00)
[monitor_node-5] [WARN] [1789853894.136452006] [diagnostic_monitor]: ANOMALY on [localization_node] message_timeout: Message timeout on /localization/pose: no message for 259.78s (expected ~0.099s, threshold 0.45s, last seen t=1789853634.35) (sev=1.00)
[monitor_node-5] [WARN] [1789853894.137634678] [diagnostic_monitor]: ANOMALY on [navigation_node] message_timeout: Message timeout on /navigation/cmd_vel: no message for 259.78s (expected ~0.099s, threshold 0.45s, last seen t=1789853634.36) (sev=1.00)
[monitor_node-5] [WARN] [1789853894.635327025] [diagnostic_monitor]: ANOMALY on [localization_node] message_timeout: Message timeout on /localization/pose: no message for 260.28s (expected ~0.099s, threshold 0.45s, last seen t=1789853634.35) (sev=1.00)
[monitor_node-5] [WARN] [1789853894.636482863] [diagnostic_monitor]: ANOMALY on [navigation_node] message_timeout: Message timeout on /navigation/cmd_vel: no message for 260.28s (expected ~0.099s, threshold 0.45s, last seen t=1789853634.36) (sev=1.00)
[monitor_node-5] [WARN] [1789853895.136300269] [diagnostic_monitor]: ANOMALY on [localization_node] message_timeout: Message timeout on /localization/pose: no message for 260.78s (expected ~0.099s, threshold 0.45s, last seen t=1789853634.35) (sev=1.00)
[monitor_node-5] [WARN] [1789853895.137477776] [diagnostic_monitor]: ANOMALY on [navigation_node] message_timeout: Message timeout on /navigation/cmd_vel: no message for 260.78s (expected ~0.099s, threshold 0.45s, last seen t=1789853634.36) (sev=1.00)
[monitor_node-5] [WARN] [1789853895.634949701] [diagnostic_monitor]: ANOMALY on [localization_node] message_timeout: Message timeout on /localization/pose: no message for 261.28s (expected ~0.099s, threshold 0.45s, last seen t=1789853634.35) (sev=1.00)
[monitor_node-5] [WARN] [1789853895.636043543] [diagnostic_monitor]: ANOMALY on [navigation_node] message_timeout: Message timeout on /navigation/cmd_vel: no message for 261.28s (expected ~0.099s, threshold 0.45s, last seen t=1789853634.36) (sev=1.00)
[monitor_node-5] [WARN] [1789853896.136119487] [diagnostic_monitor]: ANOMALY on [localization_node] message_timeout: Message timeout on /localization/pose: no message for 261.78s (expected ~0.099s, threshold 0.45s, last seen t=1789853634.35) (sev=1.00)
[monitor_node-5] [WARN] [1789853896.137107614] [diagnostic_monitor]: ANOMALY on [navigation_node] message_timeout: Message timeout on /navigation/cmd_vel: no message for 261.78s (expected ~0.099s, threshold 0.45s, last seen t=1789853634.36) (sev=1.00)
[monitor_node-5] [WARN] [1789853896.635000740] [diagnostic_monitor]: ANOMALY on [localization_node] message_timeout: Message timeout on /localization/pose: no message for 262.28s (expected ~0.099s, threshold 0.45s, last seen t=1789853634.35) (sev=1.00)
[monitor_node-5] [WARN] [1789853896.635917728] [diagnostic_monitor]: ANOMALY on [navigation_node] message_timeout: Message timeout on /navigation/cmd_vel: no message for 262.28s (expected ~0.099s, threshold 0.45s, last seen t=1789853634.36) (sev=1.00)
[monitor_node-5] [WARN] [1789853897.136442503] [diagnostic_monitor]: ANOMALY on [localization_node] message_timeout: Message timeout on /localization/pose: no message for 262.78s (expected ~0.099s, threshold 0.45s, last seen t=1789853634.35) (sev=1.00)
[monitor_node-5] [WARN] [1789853897.137613318] [diagnostic_monitor]: ANOMALY on [navigation_node] message_timeout: Message timeout on /navigation/cmd_vel: no message for 262.78s (expected ~0.099s, threshold 0.45s, last seen t=1789853634.36) (sev=1.00)
[monitor_node-5] [WARN] [1789853897.635255606] [diagnostic_monitor]: ANOMALY on [localization_node] message_timeout: Message timeout on /localization/pose: no message for 263.28s (expected ~0.099s, threshold 0.45s, last seen t=1789853634.35) (sev=1.00)
[monitor_node-5] [WARN] [1789853897.636936036] [diagnostic_monitor]: ANOMALY on [navigation_node] message_timeout: Message timeout on /navigation/cmd_vel: no message for 263.28s (expected ~0.099s, threshold 0.45s, last seen t=1789853634.36) (sev=1.00)
[monitor_node-5] [WARN] [1789853898.136392711] [diagnostic_monitor]: ANOMALY on [localization_node] message_timeout: Message timeout on /localization/pose: no message for 263.78s (expected ~0.099s, threshold 0.45s, last seen t=1789853634.35) (sev=1.00)
[monitor_node-5] [WARN] [1789853898.137513492] [diagnostic_monitor]: ANOMALY on [navigation_node] message_timeout: Message timeout on /navigation/cmd_vel: no message for 263.78s (expected ~0.099s, threshold 0.45s, last seen t=1789853634.36) (sev=1.00)
[monitor_node-5] [WARN] [1789853898.635465642] [diagnostic_monitor]: ANOMALY on [localization_node] message_timeout: Message timeout on /localization/pose: no message for 264.28s (expected ~0.099s, threshold 0.45s, last seen t=1789853634.35) (sev=1.00)
[monitor_node-5] [WARN] [1789853898.636339400] [diagnostic_monitor]: ANOMALY on [navigation_node] message_timeout: Message timeout on /navigation/cmd_vel: no message for 264.28s (expected ~0.099s, threshold 0.45s, last seen t=1789853634.36) (sev=1.00)
[monitor_node-5] [WARN] [1789853899.136337550] [diagnostic_monitor]: ANOMALY on [localization_node] message_timeout: Message timeout on /localization/pose: no message for 264.78s (expected ~0.099s, threshold 0.45s, last seen t=1789853634.35) (sev=1.00)
[monitor_node-5] [WARN] [1789853899.137504119] [diagnostic_monitor]: ANOMALY on [navigation_node] message_timeout: Message timeout on /navigation/cmd_vel: no message for 264.78s (expected ~0.099s, threshold 0.45s, last seen t=1789853634.36) (sev=1.00)
[monitor_node-5] [WARN] [1789853899.635056551] [diagnostic_monitor]: ANOMALY on [localization_node] message_timeout: Message timeout on /localization/pose: no message for 265.28s (expected ~0.099s, threshold 0.45s, last seen t=1789853634.35) (sev=1.00)
[monitor_node-5] [WARN] [1789853899.635970102] [diagnostic_monitor]: ANOMALY on [navigation_node] message_timeout: Message timeout on /navigation/cmd_vel: no message for 265.28s (expected ~0.099s, threshold 0.45s, last seen t=1789853634.36) (sev=1.00)
[monitor_node-5] [WARN] [1789853900.135850973] [diagnostic_monitor]: ANOMALY on [localization_node] message_timeout: Message timeout on /localization/pose: no message for 265.78s (expected ~0.099s, threshold 0.45s, last seen t=1789853634.35) (sev=1.00)
[monitor_node-5] [WARN] [1789853900.136832658] [diagnostic_monitor]: ANOMALY on [navigation_node] message_timeout: Message timeout on /navigation/cmd_vel: no message for 265.78s (expected ~0.099s, threshold 0.45s, last seen t=1789853634.36) (sev=1.00)
[monitor_node-5] [WARN] [1789853900.634978257] [diagnostic_monitor]: ANOMALY on [localization_node] message_timeout: Message timeout on /localization/pose: no message for 266.28s (expected ~0.099s, threshold 0.45s, last seen t=1789853634.35) (sev=1.00)
[monitor_node-5] [WARN] [1789853900.636092807] [diagnostic_monitor]: ANOMALY on [navigation_node] message_timeout: Message timeout on /navigation/cmd_vel: no message for 266.28s (expected ~0.099s, threshold 0.45s, last seen t=1789853634.36) (sev=1.00)
[monitor_node-5] [WARN] [1789853901.136653527] [diagnostic_monitor]: ANOMALY on [localization_node] message_timeout: Message timeout on /localization/pose: no message for 266.78s (expected ~0.099s, threshold 0.45s, last seen t=1789853634.35) (sev=1.00)
[monitor_node-5] [WARN] [1789853901.137697717] [diagnostic_monitor]: ANOMALY on [navigation_node] message_timeout: Message timeout on /navigation/cmd_vel: no message for 266.78s (expected ~0.099s, threshold 0.45s, last seen t=1789853634.36) (sev=1.00)
[monitor_node-5] [WARN] [1789853901.635169820] [diagnostic_monitor]: ANOMALY on [localization_node] message_timeout: Message timeout on /localization/pose: no message for 267.28s (expected ~0.099s, threshold 0.45s, last seen t=1789853634.35) (sev=1.00)
[monitor_node-5] [WARN] [1789853901.636311836] [diagnostic_monitor]: ANOMALY on [navigation_node] message_timeout: Message timeout on /navigation/cmd_vel: no message for 267.28s (expected ~0.099s, threshold 0.45s, last seen t=1789853634.36) (sev=1.00)
[monitor_node-5] [WARN] [1789853902.136163097] [diagnostic_monitor]: ANOMALY on [localization_node] message_timeout: Message timeout on /localization/pose: no message for 267.78s (expected ~0.099s, threshold 0.45s, last seen t=1789853634.35) (sev=1.00)
[monitor_node-5] [WARN] [1789853902.137271180] [diagnostic_monitor]: ANOMALY on [navigation_node] message_timeout: Message timeout on /navigation/cmd_vel: no message for 267.78s (expected ~0.099s, threshold 0.45s, last seen t=1789853634.36) (sev=1.00)
[monitor_node-5] [WARN] [1789853902.634632148] [diagnostic_monitor]: ANOMALY on [localization_node] message_timeout: Message timeout on /localization/pose: no message for 268.28s (expected ~0.099s, threshold 0.45s, last seen t=1789853634.35) (sev=1.00)
[monitor_node-5] [WARN] [1789853902.635533224] [diagnostic_monitor]: ANOMALY on [navigation_node] message_timeout: Message timeout on /navigation/cmd_vel: no message for 268.28s (expected ~0.099s, threshold 0.45s, last seen t=1789853634.36) (sev=1.00)
[monitor_node-5] [WARN] [1789853903.136172136] [diagnostic_monitor]: ANOMALY on [localization_node] message_timeout: Message timeout on /localization/pose: no message for 268.78s (expected ~0.099s, threshold 0.45s, last seen t=1789853634.35) (sev=1.00)
[monitor_node-5] [WARN] [1789853903.137275834] [diagnostic_monitor]: ANOMALY on [navigation_node] message_timeout: Message timeout on /navigation/cmd_vel: no message for 268.78s (expected ~0.099s, threshold 0.45s, last seen t=1789853634.36) (sev=1.00)
[monitor_node-5] [WARN] [1789853903.635021308] [diagnostic_monitor]: ANOMALY on [localization_node] message_timeout: Message timeout on /localization/pose: no message for 269.28s (expected ~0.099s, threshold 0.45s, last seen t=1789853634.35) (sev=1.00)
[monitor_node-5] [WARN] [1789853903.636115942] [diagnostic_monitor]: ANOMALY on [navigation_node] message_timeout: Message timeout on /navigation/cmd_vel: no message for 269.28s (expected ~0.099s, threshold 0.45s, last seen t=1789853634.36) (sev=1.00)
[monitor_node-5] [WARN] [1789853904.136497271] [diagnostic_monitor]: ANOMALY on [localization_node] message_timeout: Message timeout on /localization/pose: no message for 269.78s (expected ~0.099s, threshold 0.45s, last seen t=1789853634.35) (sev=1.00)
[monitor_node-5] [WARN] [1789853904.137598130] [diagnostic_monitor]: ANOMALY on [navigation_node] message_timeout: Message timeout on /navigation/cmd_vel: no message for 269.78s (expected ~0.099s, threshold 0.45s, last seen t=1789853634.36) (sev=1.00)
[monitor_node-5] [WARN] [1789853904.634721578] [diagnostic_monitor]: ANOMALY on [localization_node] message_timeout: Message timeout on /localization/pose: no message for 270.28s (expected ~0.099s, threshold 0.45s, last seen t=1789853634.35) (sev=1.00)
[monitor_node-5] [WARN] [1789853904.635520544] [diagnostic_monitor]: ANOMALY on [navigation_node] message_timeout: Message timeout on /navigation/cmd_vel: no message for 270.28s (expected ~0.099s, threshold 0.45s, last seen t=1789853634.36) (sev=1.00)
[monitor_node-5] [WARN] [1789853905.136203493] [diagnostic_monitor]: ANOMALY on [localization_node] message_timeout: Message timeout on /localization/pose: no message for 270.78s (expected ~0.099s, threshold 0.45s, last seen t=1789853634.35) (sev=1.00)
[monitor_node-5] [WARN] [1789853905.137340659] [diagnostic_monitor]: ANOMALY on [navigation_node] message_timeout: Message timeout on /navigation/cmd_vel: no message for 270.78s (expected ~0.099s, threshold 0.45s, last seen t=1789853634.36) (sev=1.00)
[monitor_node-5] [WARN] [1789853905.635221397] [diagnostic_monitor]: ANOMALY on [localization_node] message_timeout: Message timeout on /localization/pose: no message for 271.28s (expected ~0.099s, threshold 0.45s, last seen t=1789853634.35) (sev=1.00)
[monitor_node-5] [WARN] [1789853905.636098099] [diagnostic_monitor]: ANOMALY on [navigation_node] message_timeout: Message timeout on /navigation/cmd_vel: no message for 271.28s (expected ~0.099s, threshold 0.45s, last seen t=1789853634.36) (sev=1.00)
[monitor_node-5] [WARN] [1789853906.136066206] [diagnostic_monitor]: ANOMALY on [localization_node] message_timeout: Message timeout on /localization/pose: no message for 271.78s (expected ~0.099s, threshold 0.45s, last seen t=1789853634.35) (sev=1.00)
[monitor_node-5] [WARN] [1789853906.137441205] [diagnostic_monitor]: ANOMALY on [navigation_node] message_timeout: Message timeout on /navigation/cmd_vel: no message for 271.78s (expected ~0.099s, threshold 0.45s, last seen t=1789853634.36) (sev=1.00)
[monitor_node-5] [WARN] [1789853906.635928817] [diagnostic_monitor]: ANOMALY on [localization_node] message_timeout: Message timeout on /localization/pose: no message for 272.28s (expected ~0.099s, threshold 0.45s, last seen t=1789853634.35) (sev=1.00)
[monitor_node-5] [WARN] [1789853906.636854589] [diagnostic_monitor]: ANOMALY on [navigation_node] message_timeout: Message timeout on /navigation/cmd_vel: no message for 272.28s (expected ~0.099s, threshold 0.45s, last seen t=1789853634.36) (sev=1.00)
[monitor_node-5] [WARN] [1789853907.136202500] [diagnostic_monitor]: ANOMALY on [localization_node] message_timeout: Message timeout on /localization/pose: no message for 272.78s (expected ~0.099s, threshold 0.45s, last seen t=1789853634.35) (sev=1.00)
[monitor_node-5] [WARN] [1789853907.137307448] [diagnostic_monitor]: ANOMALY on [navigation_node] message_timeout: Message timeout on /navigation/cmd_vel: no message for 272.78s (expected ~0.099s, threshold 0.45s, last seen t=1789853634.36) (sev=1.00)
[monitor_node-5] [WARN] [1789853907.635334378] [diagnostic_monitor]: ANOMALY on [localization_node] message_timeout: Message timeout on /localization/pose: no message for 273.28s (expected ~0.099s, threshold 0.45s, last seen t=1789853634.35) (sev=1.00)
[monitor_node-5] [WARN] [1789853907.636348787] [diagnostic_monitor]: ANOMALY on [navigation_node] message_timeout: Message timeout on /navigation/cmd_vel: no message for 273.28s (expected ~0.099s, threshold 0.45s, last seen t=1789853634.36) (sev=1.00)
[monitor_node-5] [WARN] [1789853908.136622377] [diagnostic_monitor]: ANOMALY on [localization_node] message_timeout: Message timeout on /localization/pose: no message for 273.78s (expected ~0.099s, threshold 0.45s, last seen t=1789853634.35) (sev=1.00)
[monitor_node-5] [WARN] [1789853908.137683126] [diagnostic_monitor]: ANOMALY on [navigation_node] message_timeout: Message timeout on /navigation/cmd_vel: no message for 273.78s (expected ~0.099s, threshold 0.45s, last seen t=1789853634.36) (sev=1.00)
[monitor_node-5] [WARN] [1789853908.635081579] [diagnostic_monitor]: ANOMALY on [localization_node] message_timeout: Message timeout on /localization/pose: no message for 274.28s (expected ~0.099s, threshold 0.45s, last seen t=1789853634.35) (sev=1.00)
[monitor_node-5] [WARN] [1789853908.636112492] [diagnostic_monitor]: ANOMALY on [navigation_node] message_timeout: Message timeout on /navigation/cmd_vel: no message for 274.28s (expected ~0.099s, threshold 0.45s, last seen t=1789853634.36) (sev=1.00)
[monitor_node-5] [WARN] [1789853909.135872590] [diagnostic_monitor]: ANOMALY on [localization_node] message_timeout: Message timeout on /localization/pose: no message for 274.78s (expected ~0.099s, threshold 0.45s, last seen t=1789853634.35) (sev=1.00)
[monitor_node-5] [WARN] [1789853909.136955443] [diagnostic_monitor]: ANOMALY on [navigation_node] message_timeout: Message timeout on /navigation/cmd_vel: no message for 274.78s (expected ~0.099s, threshold 0.45s, last seen t=1789853634.36) (sev=1.00)
[monitor_node-5] [WARN] [1789853909.635543335] [diagnostic_monitor]: ANOMALY on [localization_node] message_timeout: Message timeout on /localization/pose: no message for 275.28s (expected ~0.099s, threshold 0.45s, last seen t=1789853634.35) (sev=1.00)
[monitor_node-5] [WARN] [1789853909.636649539] [diagnostic_monitor]: ANOMALY on [navigation_node] message_timeout: Message timeout on /navigation/cmd_vel: no message for 275.28s (expected ~0.099s, threshold 0.45s, last seen t=1789853634.36) (sev=1.00)
[monitor_node-5] [WARN] [1789853910.136585723] [diagnostic_monitor]: ANOMALY on [localization_node] message_timeout: Message timeout on /localization/pose: no message for 275.78s (expected ~0.099s, threshold 0.45s, last seen t=1789853634.35) (sev=1.00)
[monitor_node-5] [WARN] [1789853910.137720040] [diagnostic_monitor]: ANOMALY on [navigation_node] message_timeout: Message timeout on /navigation/cmd_vel: no message for 275.78s (expected ~0.099s, threshold 0.45s, last seen t=1789853634.36) (sev=1.00)
[monitor_node-5] [WARN] [1789853910.635213282] [diagnostic_monitor]: ANOMALY on [localization_node] message_timeout: Message timeout on /localization/pose: no message for 276.28s (expected ~0.099s, threshold 0.45s, last seen t=1789853634.35) (sev=1.00)
[monitor_node-5] [WARN] [1789853910.636218215] [diagnostic_monitor]: ANOMALY on [navigation_node] message_timeout: Message timeout on /navigation/cmd_vel: no message for 276.28s (expected ~0.099s, threshold 0.45s, last seen t=1789853634.36) (sev=1.00)
[monitor_node-5] [WARN] [1789853911.136253787] [diagnostic_monitor]: ANOMALY on [localization_node] message_timeout: Message timeout on /localization/pose: no message for 276.78s (expected ~0.099s, threshold 0.45s, last seen t=1789853634.35) (sev=1.00)
[monitor_node-5] [WARN] [1789853911.137374620] [diagnostic_monitor]: ANOMALY on [navigation_node] message_timeout: Message timeout on /navigation/cmd_vel: no message for 276.78s (expected ~0.099s, threshold 0.45s, last seen t=1789853634.36) (sev=1.00)
[monitor_node-5] [WARN] [1789853911.635255451] [diagnostic_monitor]: ANOMALY on [localization_node] message_timeout: Message timeout on /localization/pose: no message for 277.28s (expected ~0.099s, threshold 0.45s, last seen t=1789853634.35) (sev=1.00)
[monitor_node-5] [WARN] [1789853911.635972421] [diagnostic_monitor]: ANOMALY on [navigation_node] message_timeout: Message timeout on /navigation/cmd_vel: no message for 277.28s (expected ~0.099s, threshold 0.45s, last seen t=1789853634.36) (sev=1.00)
[monitor_node-5] [WARN] [1789853912.137478962] [diagnostic_monitor]: ANOMALY on [localization_node] message_timeout: Message timeout on /localization/pose: no message for 277.78s (expected ~0.099s, threshold 0.45s, last seen t=1789853634.35) (sev=1.00)
[monitor_node-5] [WARN] [1789853912.138507524] [diagnostic_monitor]: ANOMALY on [navigation_node] message_timeout: Message timeout on /navigation/cmd_vel: no message for 277.78s (expected ~0.099s, threshold 0.45s, last seen t=1789853634.36) (sev=1.00)
[monitor_node-5] [WARN] [1789853912.635638074] [diagnostic_monitor]: ANOMALY on [localization_node] message_timeout: Message timeout on /localization/pose: no message for 278.28s (expected ~0.099s, threshold 0.45s, last seen t=1789853634.35) (sev=1.00)
[monitor_node-5] [WARN] [1789853912.636635571] [diagnostic_monitor]: ANOMALY on [navigation_node] message_timeout: Message timeout on /navigation/cmd_vel: no message for 278.28s (expected ~0.099s, threshold 0.45s, last seen t=1789853634.36) (sev=1.00)
[monitor_node-5] [WARN] [1789853913.136279526] [diagnostic_monitor]: ANOMALY on [localization_node] message_timeout: Message timeout on /localization/pose: no message for 278.78s (expected ~0.099s, threshold 0.45s, last seen t=1789853634.35) (sev=1.00)
[monitor_node-5] [WARN] [1789853913.137447052] [diagnostic_monitor]: ANOMALY on [navigation_node] message_timeout: Message timeout on /navigation/cmd_vel: no message for 278.78s (expected ~0.099s, threshold 0.45s, last seen t=1789853634.36) (sev=1.00)
[monitor_node-5] [WARN] [1789853913.635150133] [diagnostic_monitor]: ANOMALY on [localization_node] message_timeout: Message timeout on /localization/pose: no message for 279.28s (expected ~0.099s, threshold 0.45s, last seen t=1789853634.35) (sev=1.00)
[monitor_node-5] [WARN] [1789853913.636171643] [diagnostic_monitor]: ANOMALY on [navigation_node] message_timeout: Message timeout on /navigation/cmd_vel: no message for 279.28s (expected ~0.099s, threshold 0.45s, last seen t=1789853634.36) (sev=1.00)
[monitor_node-5] [WARN] [1789853914.136240137] [diagnostic_monitor]: ANOMALY on [localization_node] message_timeout: Message timeout on /localization/pose: no message for 279.78s (expected ~0.099s, threshold 0.45s, last seen t=1789853634.35) (sev=1.00)
[monitor_node-5] [WARN] [1789853914.137320399] [diagnostic_monitor]: ANOMALY on [navigation_node] message_timeout: Message timeout on /navigation/cmd_vel: no message for 279.78s (expected ~0.099s, threshold 0.45s, last seen t=1789853634.36) (sev=1.00)
[monitor_node-5] [WARN] [1789853914.635220811] [diagnostic_monitor]: ANOMALY on [localization_node] message_timeout: Message timeout on /localization/pose: no message for 280.28s (expected ~0.099s, threshold 0.45s, last seen t=1789853634.35) (sev=1.00)
[monitor_node-5] [WARN] [1789853914.636139209] [diagnostic_monitor]: ANOMALY on [navigation_node] message_timeout: Message timeout on /navigation/cmd_vel: no message for 280.28s (expected ~0.099s, threshold 0.45s, last seen t=1789853634.36) (sev=1.00)
[monitor_node-5] [WARN] [1789853915.136105343] [diagnostic_monitor]: ANOMALY on [localization_node] message_timeout: Message timeout on /localization/pose: no message for 280.78s (expected ~0.099s, threshold 0.45s, last seen t=1789853634.35) (sev=1.00)
[monitor_node-5] [WARN] [1789853915.137271964] [diagnostic_monitor]: ANOMALY on [navigation_node] message_timeout: Message timeout on /navigation/cmd_vel: no message for 280.78s (expected ~0.099s, threshold 0.45s, last seen t=1789853634.36) (sev=1.00)
[monitor_node-5] [WARN] [1789853915.635504643] [diagnostic_monitor]: ANOMALY on [localization_node] message_timeout: Message timeout on /localization/pose: no message for 281.28s (expected ~0.099s, threshold 0.45s, last seen t=1789853634.35) (sev=1.00)
[monitor_node-5] [WARN] [1789853915.636580294] [diagnostic_monitor]: ANOMALY on [navigation_node] message_timeout: Message timeout on /navigation/cmd_vel: no message for 281.28s (expected ~0.099s, threshold 0.45s, last seen t=1789853634.36) (sev=1.00)
[monitor_node-5] [WARN] [1789853916.136320559] [diagnostic_monitor]: ANOMALY on [localization_node] message_timeout: Message timeout on /localization/pose: no message for 281.78s (expected ~0.099s, threshold 0.45s, last seen t=1789853634.35) (sev=1.00)
[monitor_node-5] [WARN] [1789853916.137380250] [diagnostic_monitor]: ANOMALY on [navigation_node] message_timeout: Message timeout on /navigation/cmd_vel: no message for 281.78s (expected ~0.099s, threshold 0.45s, last seen t=1789853634.36) (sev=1.00)
[monitor_node-5] [WARN] [1789853916.635422605] [diagnostic_monitor]: ANOMALY on [localization_node] message_timeout: Message timeout on /localization/pose: no message for 282.28s (expected ~0.099s, threshold 0.45s, last seen t=1789853634.35) (sev=1.00)
[monitor_node-5] [WARN] [1789853916.636580692] [diagnostic_monitor]: ANOMALY on [navigation_node] message_timeout: Message timeout on /navigation/cmd_vel: no message for 282.28s (expected ~0.099s, threshold 0.45s, last seen t=1789853634.36) (sev=1.00)
[monitor_node-5] [WARN] [1789853917.136369176] [diagnostic_monitor]: ANOMALY on [localization_node] message_timeout: Message timeout on /localization/pose: no message for 282.78s (expected ~0.099s, threshold 0.45s, last seen t=1789853634.35) (sev=1.00)
[monitor_node-5] [WARN] [1789853917.137515966] [diagnostic_monitor]: ANOMALY on [navigation_node] message_timeout: Message timeout on /navigation/cmd_vel: no message for 282.78s (expected ~0.099s, threshold 0.45s, last seen t=1789853634.36) (sev=1.00)
[monitor_node-5] [WARN] [1789853917.636396417] [diagnostic_monitor]: ANOMALY on [localization_node] message_timeout: Message timeout on /localization/pose: no message for 283.28s (expected ~0.099s, threshold 0.45s, last seen t=1789853634.35) (sev=1.00)
[monitor_node-5] [WARN] [1789853917.637649693] [diagnostic_monitor]: ANOMALY on [navigation_node] message_timeout: Message timeout on /navigation/cmd_vel: no message for 283.28s (expected ~0.099s, threshold 0.45s, last seen t=1789853634.36) (sev=1.00)
[monitor_node-5] [WARN] [1789853918.142933456] [diagnostic_monitor]: ANOMALY on [localization_node] message_timeout: Message timeout on /localization/pose: no message for 283.78s (expected ~0.099s, threshold 0.45s, last seen t=1789853634.35) (sev=1.00)
[monitor_node-5] [WARN] [1789853918.145050263] [diagnostic_monitor]: ANOMALY on [navigation_node] message_timeout: Message timeout on /navigation/cmd_vel: no message for 283.78s (expected ~0.099s, threshold 0.45s, last seen t=1789853634.36) (sev=1.00)
[monitor_node-5] [WARN] [1789853918.635088069] [diagnostic_monitor]: ANOMALY on [localization_node] message_timeout: Message timeout on /localization/pose: no message for 284.28s (expected ~0.099s, threshold 0.45s, last seen t=1789853634.35) (sev=1.00)
[monitor_node-5] [WARN] [1789853918.636239479] [diagnostic_monitor]: ANOMALY on [navigation_node] message_timeout: Message timeout on /navigation/cmd_vel: no message for 284.28s (expected ~0.099s, threshold 0.45s, last seen t=1789853634.36) (sev=1.00)
[monitor_node-5] [WARN] [1789853919.136484730] [diagnostic_monitor]: ANOMALY on [localization_node] message_timeout: Message timeout on /localization/pose: no message for 284.78s (expected ~0.099s, threshold 0.45s, last seen t=1789853634.35) (sev=1.00)
[monitor_node-5] [WARN] [1789853919.137643371] [diagnostic_monitor]: ANOMALY on [navigation_node] message_timeout: Message timeout on /navigation/cmd_vel: no message for 284.78s (expected ~0.099s, threshold 0.45s, last seen t=1789853634.36) (sev=1.00)
[monitor_node-5] [WARN] [1789853919.635305932] [diagnostic_monitor]: ANOMALY on [localization_node] message_timeout: Message timeout on /localization/pose: no message for 285.28s (expected ~0.099s, threshold 0.45s, last seen t=1789853634.35) (sev=1.00)
[monitor_node-5] [WARN] [1789853919.636387652] [diagnostic_monitor]: ANOMALY on [navigation_node] message_timeout: Message timeout on /navigation/cmd_vel: no message for 285.28s (expected ~0.099s, threshold 0.45s, last seen t=1789853634.36) (sev=1.00)
[monitor_node-5] [WARN] [1789853920.135836540] [diagnostic_monitor]: ANOMALY on [localization_node] message_timeout: Message timeout on /localization/pose: no message for 285.78s (expected ~0.099s, threshold 0.45s, last seen t=1789853634.35) (sev=1.00)
[monitor_node-5] [WARN] [1789853920.136864755] [diagnostic_monitor]: ANOMALY on [navigation_node] message_timeout: Message timeout on /navigation/cmd_vel: no message for 285.78s (expected ~0.099s, threshold 0.45s, last seen t=1789853634.36) (sev=1.00)
[monitor_node-5] [WARN] [1789853920.635379482] [diagnostic_monitor]: ANOMALY on [localization_node] message_timeout: Message timeout on /localization/pose: no message for 286.28s (expected ~0.099s, threshold 0.45s, last seen t=1789853634.35) (sev=1.00)
[monitor_node-5] [WARN] [1789853920.636442571] [diagnostic_monitor]: ANOMALY on [navigation_node] message_timeout: Message timeout on /navigation/cmd_vel: no message for 286.28s (expected ~0.099s, threshold 0.45s, last seen t=1789853634.36) (sev=1.00)
[monitor_node-5] [WARN] [1789853921.136230242] [diagnostic_monitor]: ANOMALY on [localization_node] message_timeout: Message timeout on /localization/pose: no message for 286.78s (expected ~0.099s, threshold 0.45s, last seen t=1789853634.35) (sev=1.00)
[monitor_node-5] [WARN] [1789853921.137451332] [diagnostic_monitor]: ANOMALY on [navigation_node] message_timeout: Message timeout on /navigation/cmd_vel: no message for 286.78s (expected ~0.099s, threshold 0.45s, last seen t=1789853634.36) (sev=1.00)
[monitor_node-5] [WARN] [1789853921.635663536] [diagnostic_monitor]: ANOMALY on [localization_node] message_timeout: Message timeout on /localization/pose: no message for 287.28s (expected ~0.099s, threshold 0.45s, last seen t=1789853634.35) (sev=1.00)
[monitor_node-5] [WARN] [1789853921.637027127] [diagnostic_monitor]: ANOMALY on [navigation_node] message_timeout: Message timeout on /navigation/cmd_vel: no message for 287.28s (expected ~0.099s, threshold 0.45s, last seen t=1789853634.36) (sev=1.00)
[monitor_node-5] [WARN] [1789853922.136234456] [diagnostic_monitor]: ANOMALY on [localization_node] message_timeout: Message timeout on /localization/pose: no message for 287.78s (expected ~0.099s, threshold 0.45s, last seen t=1789853634.35) (sev=1.00)
[monitor_node-5] [WARN] [1789853922.137363099] [diagnostic_monitor]: ANOMALY on [navigation_node] message_timeout: Message timeout on /navigation/cmd_vel: no message for 287.78s (expected ~0.099s, threshold 0.45s, last seen t=1789853634.36) (sev=1.00)
[monitor_node-5] [WARN] [1789853922.635312880] [diagnostic_monitor]: ANOMALY on [localization_node] message_timeout: Message timeout on /localization/pose: no message for 288.28s (expected ~0.099s, threshold 0.45s, last seen t=1789853634.35) (sev=1.00)
[monitor_node-5] [WARN] [1789853922.636380253] [diagnostic_monitor]: ANOMALY on [navigation_node] message_timeout: Message timeout on /navigation/cmd_vel: no message for 288.28s (expected ~0.099s, threshold 0.45s, last seen t=1789853634.36) (sev=1.00)
[monitor_node-5] [WARN] [1789853923.136338165] [diagnostic_monitor]: ANOMALY on [localization_node] message_timeout: Message timeout on /localization/pose: no message for 288.78s (expected ~0.099s, threshold 0.45s, last seen t=1789853634.35) (sev=1.00)
[monitor_node-5] [WARN] [1789853923.137594016] [diagnostic_monitor]: ANOMALY on [navigation_node] message_timeout: Message timeout on /navigation/cmd_vel: no message for 288.78s (expected ~0.099s, threshold 0.45s, last seen t=1789853634.36) (sev=1.00)
[monitor_node-5] [WARN] [1789853923.635343755] [diagnostic_monitor]: ANOMALY on [localization_node] message_timeout: Message timeout on /localization/pose: no message for 289.28s (expected ~0.099s, threshold 0.45s, last seen t=1789853634.35) (sev=1.00)
[monitor_node-5] [WARN] [1789853923.636203690] [diagnostic_monitor]: ANOMALY on [navigation_node] message_timeout: Message timeout on /navigation/cmd_vel: no message for 289.28s (expected ~0.099s, threshold 0.45s, last seen t=1789853634.36) (sev=1.00)
[monitor_node-5] [WARN] [1789853924.136357464] [diagnostic_monitor]: ANOMALY on [localization_node] message_timeout: Message timeout on /localization/pose: no message for 289.78s (expected ~0.099s, threshold 0.45s, last seen t=1789853634.35) (sev=1.00)
[monitor_node-5] [WARN] [1789853924.137599118] [diagnostic_monitor]: ANOMALY on [navigation_node] message_timeout: Message timeout on /navigation/cmd_vel: no message for 289.78s (expected ~0.099s, threshold 0.45s, last seen t=1789853634.36) (sev=1.00)
[monitor_node-5] [WARN] [1789853924.635134330] [diagnostic_monitor]: ANOMALY on [localization_node] message_timeout: Message timeout on /localization/pose: no message for 290.28s (expected ~0.099s, threshold 0.45s, last seen t=1789853634.35) (sev=1.00)
[monitor_node-5] [WARN] [1789853924.636043698] [diagnostic_monitor]: ANOMALY on [navigation_node] message_timeout: Message timeout on /navigation/cmd_vel: no message for 290.28s (expected ~0.099s, threshold 0.45s, last seen t=1789853634.36) (sev=1.00)
[monitor_node-5] [WARN] [1789853925.136290206] [diagnostic_monitor]: ANOMALY on [localization_node] message_timeout: Message timeout on /localization/pose: no message for 290.78s (expected ~0.099s, threshold 0.45s, last seen t=1789853634.35) (sev=1.00)
[monitor_node-5] [WARN] [1789853925.137313341] [diagnostic_monitor]: ANOMALY on [navigation_node] message_timeout: Message timeout on /navigation/cmd_vel: no message for 290.78s (expected ~0.099s, threshold 0.45s, last seen t=1789853634.36) (sev=1.00)
[monitor_node-5] [WARN] [1789853925.635288646] [diagnostic_monitor]: ANOMALY on [localization_node] message_timeout: Message timeout on /localization/pose: no message for 291.28s (expected ~0.099s, threshold 0.45s, last seen t=1789853634.35) (sev=1.00)
[monitor_node-5] [WARN] [1789853925.636308620] [diagnostic_monitor]: ANOMALY on [navigation_node] message_timeout: Message timeout on /navigation/cmd_vel: no message for 291.28s (expected ~0.099s, threshold 0.45s, last seen t=1789853634.36) (sev=1.00)
[monitor_node-5] [WARN] [1789853926.135756893] [diagnostic_monitor]: ANOMALY on [localization_node] message_timeout: Message timeout on /localization/pose: no message for 291.78s (expected ~0.099s, threshold 0.45s, last seen t=1789853634.35) (sev=1.00)
[monitor_node-5] [WARN] [1789853926.136525540] [diagnostic_monitor]: ANOMALY on [navigation_node] message_timeout: Message timeout on /navigation/cmd_vel: no message for 291.78s (expected ~0.099s, threshold 0.45s, last seen t=1789853634.36) (sev=1.00)
[monitor_node-5] [WARN] [1789853926.635313896] [diagnostic_monitor]: ANOMALY on [localization_node] message_timeout: Message timeout on /localization/pose: no message for 292.28s (expected ~0.099s, threshold 0.45s, last seen t=1789853634.35) (sev=1.00)
[monitor_node-5] [WARN] [1789853926.636431906] [diagnostic_monitor]: ANOMALY on [navigation_node] message_timeout: Message timeout on /navigation/cmd_vel: no message for 292.28s (expected ~0.099s, threshold 0.45s, last seen t=1789853634.36) (sev=1.00)
[monitor_node-5] [WARN] [1789853927.136454372] [diagnostic_monitor]: ANOMALY on [localization_node] message_timeout: Message timeout on /localization/pose: no message for 292.78s (expected ~0.099s, threshold 0.45s, last seen t=1789853634.35) (sev=1.00)
[monitor_node-5] [WARN] [1789853927.137655448] [diagnostic_monitor]: ANOMALY on [navigation_node] message_timeout: Message timeout on /navigation/cmd_vel: no message for 292.78s (expected ~0.099s, threshold 0.45s, last seen t=1789853634.36) (sev=1.00)
[monitor_node-5] [WARN] [1789853927.635106939] [diagnostic_monitor]: ANOMALY on [localization_node] message_timeout: Message timeout on /localization/pose: no message for 293.28s (expected ~0.099s, threshold 0.45s, last seen t=1789853634.35) (sev=1.00)
[monitor_node-5] [WARN] [1789853927.635899758] [diagnostic_monitor]: ANOMALY on [navigation_node] message_timeout: Message timeout on /navigation/cmd_vel: no message for 293.28s (expected ~0.099s, threshold 0.45s, last seen t=1789853634.36) (sev=1.00)
[monitor_node-5] [WARN] [1789853928.136489988] [diagnostic_monitor]: ANOMALY on [localization_node] message_timeout: Message timeout on /localization/pose: no message for 293.78s (expected ~0.099s, threshold 0.45s, last seen t=1789853634.35) (sev=1.00)
[monitor_node-5] [WARN] [1789853928.137577850] [diagnostic_monitor]: ANOMALY on [navigation_node] message_timeout: Message timeout on /navigation/cmd_vel: no message for 293.78s (expected ~0.099s, threshold 0.45s, last seen t=1789853634.36) (sev=1.00)
[monitor_node-5] [WARN] [1789853928.635465530] [diagnostic_monitor]: ANOMALY on [localization_node] message_timeout: Message timeout on /localization/pose: no message for 294.28s (expected ~0.099s, threshold 0.45s, last seen t=1789853634.35) (sev=1.00)
[monitor_node-5] [WARN] [1789853928.636635834] [diagnostic_monitor]: ANOMALY on [navigation_node] message_timeout: Message timeout on /navigation/cmd_vel: no message for 294.28s (expected ~0.099s, threshold 0.45s, last seen t=1789853634.36) (sev=1.00)
[monitor_node-5] [WARN] [1789853929.136358618] [diagnostic_monitor]: ANOMALY on [localization_node] message_timeout: Message timeout on /localization/pose: no message for 294.78s (expected ~0.099s, threshold 0.45s, last seen t=1789853634.35) (sev=1.00)
[monitor_node-5] [WARN] [1789853929.137424801] [diagnostic_monitor]: ANOMALY on [navigation_node] message_timeout: Message timeout on /navigation/cmd_vel: no message for 294.78s (expected ~0.099s, threshold 0.45s, last seen t=1789853634.36) (sev=1.00)
[monitor_node-5] [WARN] [1789853929.634967493] [diagnostic_monitor]: ANOMALY on [localization_node] message_timeout: Message timeout on /localization/pose: no message for 295.28s (expected ~0.099s, threshold 0.45s, last seen t=1789853634.35) (sev=1.00)
[monitor_node-5] [WARN] [1789853929.635830303] [diagnostic_monitor]: ANOMALY on [navigation_node] message_timeout: Message timeout on /navigation/cmd_vel: no message for 295.28s (expected ~0.099s, threshold 0.45s, last seen t=1789853634.36) (sev=1.00)
[monitor_node-5] [WARN] [1789853930.137071749] [diagnostic_monitor]: ANOMALY on [localization_node] message_timeout: Message timeout on /localization/pose: no message for 295.78s (expected ~0.099s, threshold 0.45s, last seen t=1789853634.35) (sev=1.00)
[monitor_node-5] [WARN] [1789853930.138568427] [diagnostic_monitor]: ANOMALY on [navigation_node] message_timeout: Message timeout on /navigation/cmd_vel: no message for 295.78s (expected ~0.099s, threshold 0.45s, last seen t=1789853634.36) (sev=1.00)
[monitor_node-5] [WARN] [1789853930.635411293] [diagnostic_monitor]: ANOMALY on [localization_node] message_timeout: Message timeout on /localization/pose: no message for 296.28s (expected ~0.099s, threshold 0.45s, last seen t=1789853634.35) (sev=1.00)
[monitor_node-5] [WARN] [1789853930.636439317] [diagnostic_monitor]: ANOMALY on [navigation_node] message_timeout: Message timeout on /navigation/cmd_vel: no message for 296.28s (expected ~0.099s, threshold 0.45s, last seen t=1789853634.36) (sev=1.00)
[monitor_node-5] [WARN] [1789853931.137298119] [diagnostic_monitor]: ANOMALY on [localization_node] message_timeout: Message timeout on /localization/pose: no message for 296.78s (expected ~0.099s, threshold 0.45s, last seen t=1789853634.35) (sev=1.00)
[monitor_node-5] [WARN] [1789853931.138652603] [diagnostic_monitor]: ANOMALY on [navigation_node] message_timeout: Message timeout on /navigation/cmd_vel: no message for 296.78s (expected ~0.099s, threshold 0.45s, last seen t=1789853634.36) (sev=1.00)
[monitor_node-5] [WARN] [1789853931.635043208] [diagnostic_monitor]: ANOMALY on [localization_node] message_timeout: Message timeout on /localization/pose: no message for 297.28s (expected ~0.099s, threshold 0.45s, last seen t=1789853634.35) (sev=1.00)
[monitor_node-5] [WARN] [1789853931.635982173] [diagnostic_monitor]: ANOMALY on [navigation_node] message_timeout: Message timeout on /navigation/cmd_vel: no message for 297.28s (expected ~0.099s, threshold 0.45s, last seen t=1789853634.36) (sev=1.00)
[monitor_node-5] [WARN] [1789853932.136261917] [diagnostic_monitor]: ANOMALY on [localization_node] message_timeout: Message timeout on /localization/pose: no message for 297.78s (expected ~0.099s, threshold 0.45s, last seen t=1789853634.35) (sev=1.00)
[monitor_node-5] [WARN] [1789853932.137389932] [diagnostic_monitor]: ANOMALY on [navigation_node] message_timeout: Message timeout on /navigation/cmd_vel: no message for 297.78s (expected ~0.099s, threshold 0.45s, last seen t=1789853634.36) (sev=1.00)
[monitor_node-5] [WARN] [1789853932.634775380] [diagnostic_monitor]: ANOMALY on [localization_node] message_timeout: Message timeout on /localization/pose: no message for 298.28s (expected ~0.099s, threshold 0.45s, last seen t=1789853634.35) (sev=1.00)
[monitor_node-5] [WARN] [1789853932.635671946] [diagnostic_monitor]: ANOMALY on [navigation_node] message_timeout: Message timeout on /navigation/cmd_vel: no message for 298.28s (expected ~0.099s, threshold 0.45s, last seen t=1789853634.36) (sev=1.00)
[monitor_node-5] [WARN] [1789853933.136327647] [diagnostic_monitor]: ANOMALY on [localization_node] message_timeout: Message timeout on /localization/pose: no message for 298.78s (expected ~0.099s, threshold 0.45s, last seen t=1789853634.35) (sev=1.00)
[monitor_node-5] [WARN] [1789853933.137504325] [diagnostic_monitor]: ANOMALY on [navigation_node] message_timeout: Message timeout on /navigation/cmd_vel: no message for 298.78s (expected ~0.099s, threshold 0.45s, last seen t=1789853634.36) (sev=1.00)
[monitor_node-5] [WARN] [1789853933.635393822] [diagnostic_monitor]: ANOMALY on [localization_node] message_timeout: Message timeout on /localization/pose: no message for 299.28s (expected ~0.099s, threshold 0.45s, last seen t=1789853634.35) (sev=1.00)
[monitor_node-5] [WARN] [1789853933.636555156] [diagnostic_monitor]: ANOMALY on [navigation_node] message_timeout: Message timeout on /navigation/cmd_vel: no message for 299.28s (expected ~0.099s, threshold 0.45s, last seen t=1789853634.36) (sev=1.00)
[monitor_node-5] [WARN] [1789853934.136448701] [diagnostic_monitor]: ANOMALY on [localization_node] message_timeout: Message timeout on /localization/pose: no message for 299.78s (expected ~0.099s, threshold 0.45s, last seen t=1789853634.35) (sev=1.00)
[monitor_node-5] [WARN] [1789853934.137464377] [diagnostic_monitor]: ANOMALY on [navigation_node] message_timeout: Message timeout on /navigation/cmd_vel: no message for 299.78s (expected ~0.099s, threshold 0.45s, last seen t=1789853634.36) (sev=1.00)
[monitor_node-5] [WARN] [1789853934.634820046] [diagnostic_monitor]: ANOMALY on [localization_node] message_timeout: Message timeout on /localization/pose: no message for 300.28s (expected ~0.099s, threshold 0.45s, last seen t=1789853634.35) (sev=1.00)
[monitor_node-5] [WARN] [1789853934.635920361] [diagnostic_monitor]: ANOMALY on [navigation_node] message_timeout: Message timeout on /navigation/cmd_vel: no message for 300.28s (expected ~0.099s, threshold 0.45s, last seen t=1789853634.36) (sev=1.00)
[monitor_node-5] [WARN] [1789853935.135659358] [diagnostic_monitor]: ANOMALY on [localization_node] message_timeout: Message timeout on /localization/pose: no message for 300.78s (expected ~0.099s, threshold 0.45s, last seen t=1789853634.35) (sev=1.00)
[monitor_node-5] [WARN] [1789853935.136694699] [diagnostic_monitor]: ANOMALY on [navigation_node] message_timeout: Message timeout on /navigation/cmd_vel: no message for 300.78s (expected ~0.099s, threshold 0.45s, last seen t=1789853634.36) (sev=1.00)
[monitor_node-5] [WARN] [1789853935.635489997] [diagnostic_monitor]: ANOMALY on [localization_node] message_timeout: Message timeout on /localization/pose: no message for 301.28s (expected ~0.099s, threshold 0.45s, last seen t=1789853634.35) (sev=1.00)
[monitor_node-5] [WARN] [1789853935.636628580] [diagnostic_monitor]: ANOMALY on [navigation_node] message_timeout: Message timeout on /navigation/cmd_vel: no message for 301.28s (expected ~0.099s, threshold 0.45s, last seen t=1789853634.36) (sev=1.00)
[monitor_node-5] [WARN] [1789853936.136436184] [diagnostic_monitor]: ANOMALY on [localization_node] message_timeout: Message timeout on /localization/pose: no message for 301.78s (expected ~0.099s, threshold 0.45s, last seen t=1789853634.35) (sev=1.00)
[monitor_node-5] [WARN] [1789853936.137512939] [diagnostic_monitor]: ANOMALY on [navigation_node] message_timeout: Message timeout on /navigation/cmd_vel: no message for 301.78s (expected ~0.099s, threshold 0.45s, last seen t=1789853634.36) (sev=1.00)
[monitor_node-5] [WARN] [1789853936.635009450] [diagnostic_monitor]: ANOMALY on [localization_node] message_timeout: Message timeout on /localization/pose: no message for 302.28s (expected ~0.099s, threshold 0.45s, last seen t=1789853634.35) (sev=1.00)
[monitor_node-5] [WARN] [1789853936.636111359] [diagnostic_monitor]: ANOMALY on [navigation_node] message_timeout: Message timeout on /navigation/cmd_vel: no message for 302.28s (expected ~0.099s, threshold 0.45s, last seen t=1789853634.36) (sev=1.00)
[monitor_node-5] [WARN] [1789853937.136174174] [diagnostic_monitor]: ANOMALY on [localization_node] message_timeout: Message timeout on /localization/pose: no message for 302.78s (expected ~0.099s, threshold 0.45s, last seen t=1789853634.35) (sev=1.00)
[monitor_node-5] [WARN] [1789853937.137865020] [diagnostic_monitor]: ANOMALY on [navigation_node] message_timeout: Message timeout on /navigation/cmd_vel: no message for 302.78s (expected ~0.099s, threshold 0.45s, last seen t=1789853634.36) (sev=1.00)
[monitor_node-5] [WARN] [1789853937.635710387] [diagnostic_monitor]: ANOMALY on [localization_node] message_timeout: Message timeout on /localization/pose: no message for 303.28s (expected ~0.099s, threshold 0.45s, last seen t=1789853634.35) (sev=1.00)
[monitor_node-5] [WARN] [1789853937.636919009] [diagnostic_monitor]: ANOMALY on [navigation_node] message_timeout: Message timeout on /navigation/cmd_vel: no message for 303.28s (expected ~0.099s, threshold 0.45s, last seen t=1789853634.36) (sev=1.00)
[monitor_node-5] [WARN] [1789853938.136188519] [diagnostic_monitor]: ANOMALY on [localization_node] message_timeout: Message timeout on /localization/pose: no message for 303.78s (expected ~0.099s, threshold 0.45s, last seen t=1789853634.35) (sev=1.00)
[monitor_node-5] [WARN] [1789853938.137229697] [diagnostic_monitor]: ANOMALY on [navigation_node] message_timeout: Message timeout on /navigation/cmd_vel: no message for 303.78s (expected ~0.099s, threshold 0.45s, last seen t=1789853634.36) (sev=1.00)
[monitor_node-5] [WARN] [1789853938.635104496] [diagnostic_monitor]: ANOMALY on [localization_node] message_timeout: Message timeout on /localization/pose: no message for 304.28s (expected ~0.099s, threshold 0.45s, last seen t=1789853634.35) (sev=1.00)
[monitor_node-5] [WARN] [1789853938.635877633] [diagnostic_monitor]: ANOMALY on [navigation_node] message_timeout: Message timeout on /navigation/cmd_vel: no message for 304.28s (expected ~0.099s, threshold 0.45s, last seen t=1789853634.36) (sev=1.00)
[monitor_node-5] [WARN] [1789853939.136167648] [diagnostic_monitor]: ANOMALY on [localization_node] message_timeout: Message timeout on /localization/pose: no message for 304.78s (expected ~0.099s, threshold 0.45s, last seen t=1789853634.35) (sev=1.00)
[monitor_node-5] [WARN] [1789853939.137275985] [diagnostic_monitor]: ANOMALY on [navigation_node] message_timeout: Message timeout on /navigation/cmd_vel: no message for 304.78s (expected ~0.099s, threshold 0.45s, last seen t=1789853634.36) (sev=1.00)
[monitor_node-5] [WARN] [1789853939.635297739] [diagnostic_monitor]: ANOMALY on [localization_node] message_timeout: Message timeout on /localization/pose: no message for 305.28s (expected ~0.099s, threshold 0.45s, last seen t=1789853634.35) (sev=1.00)
[monitor_node-5] [WARN] [1789853939.636399671] [diagnostic_monitor]: ANOMALY on [navigation_node] message_timeout: Message timeout on /navigation/cmd_vel: no message for 305.28s (expected ~0.099s, threshold 0.45s, last seen t=1789853634.36) (sev=1.00)
[monitor_node-5] [WARN] [1789853940.136005173] [diagnostic_monitor]: ANOMALY on [localization_node] message_timeout: Message timeout on /localization/pose: no message for 305.78s (expected ~0.099s, threshold 0.45s, last seen t=1789853634.35) (sev=1.00)
[monitor_node-5] [WARN] [1789853940.137048545] [diagnostic_monitor]: ANOMALY on [navigation_node] message_timeout: Message timeout on /navigation/cmd_vel: no message for 305.78s (expected ~0.099s, threshold 0.45s, last seen t=1789853634.36) (sev=1.00)
[monitor_node-5] [WARN] [1789853940.635745481] [diagnostic_monitor]: ANOMALY on [localization_node] message_timeout: Message timeout on /localization/pose: no message for 306.28s (expected ~0.099s, threshold 0.45s, last seen t=1789853634.35) (sev=1.00)
[monitor_node-5] [WARN] [1789853940.636503387] [diagnostic_monitor]: ANOMALY on [navigation_node] message_timeout: Message timeout on /navigation/cmd_vel: no message for 306.28s (expected ~0.099s, threshold 0.45s, last seen t=1789853634.36) (sev=1.00)
[monitor_node-5] [WARN] [1789853941.136271061] [diagnostic_monitor]: ANOMALY on [localization_node] message_timeout: Message timeout on /localization/pose: no message for 306.78s (expected ~0.099s, threshold 0.45s, last seen t=1789853634.35) (sev=1.00)
[monitor_node-5] [WARN] [1789853941.137337958] [diagnostic_monitor]: ANOMALY on [navigation_node] message_timeout: Message timeout on /navigation/cmd_vel: no message for 306.78s (expected ~0.099s, threshold 0.45s, last seen t=1789853634.36) (sev=1.00)
[monitor_node-5] [WARN] [1789853941.635358574] [diagnostic_monitor]: ANOMALY on [localization_node] message_timeout: Message timeout on /localization/pose: no message for 307.28s (expected ~0.099s, threshold 0.45s, last seen t=1789853634.35) (sev=1.00)
[monitor_node-5] [WARN] [1789853941.636202232] [diagnostic_monitor]: ANOMALY on [navigation_node] message_timeout: Message timeout on /navigation/cmd_vel: no message for 307.28s (expected ~0.099s, threshold 0.45s, last seen t=1789853634.36) (sev=1.00)
[monitor_node-5] [WARN] [1789853942.136291267] [diagnostic_monitor]: ANOMALY on [localization_node] message_timeout: Message timeout on /localization/pose: no message for 307.78s (expected ~0.099s, threshold 0.45s, last seen t=1789853634.35) (sev=1.00)
[monitor_node-5] [WARN] [1789853942.137465979] [diagnostic_monitor]: ANOMALY on [navigation_node] message_timeout: Message timeout on /navigation/cmd_vel: no message for 307.78s (expected ~0.099s, threshold 0.45s, last seen t=1789853634.36) (sev=1.00)
[monitor_node-5] [WARN] [1789853942.634864228] [diagnostic_monitor]: ANOMALY on [localization_node] message_timeout: Message timeout on /localization/pose: no message for 308.28s (expected ~0.099s, threshold 0.45s, last seen t=1789853634.35) (sev=1.00)
[monitor_node-5] [WARN] [1789853942.635827134] [diagnostic_monitor]: ANOMALY on [navigation_node] message_timeout: Message timeout on /navigation/cmd_vel: no message for 308.28s (expected ~0.099s, threshold 0.45s, last seen t=1789853634.36) (sev=1.00)
[monitor_node-5] [WARN] [1789853943.136304895] [diagnostic_monitor]: ANOMALY on [localization_node] message_timeout: Message timeout on /localization/pose: no message for 308.78s (expected ~0.099s, threshold 0.45s, last seen t=1789853634.35) (sev=1.00)
[monitor_node-5] [WARN] [1789853943.137480279] [diagnostic_monitor]: ANOMALY on [navigation_node] message_timeout: Message timeout on /navigation/cmd_vel: no message for 308.78s (expected ~0.099s, threshold 0.45s, last seen t=1789853634.36) (sev=1.00)
[monitor_node-5] [WARN] [1789853943.635100532] [diagnostic_monitor]: ANOMALY on [localization_node] message_timeout: Message timeout on /localization/pose: no message for 309.28s (expected ~0.099s, threshold 0.45s, last seen t=1789853634.35) (sev=1.00)
[monitor_node-5] [WARN] [1789853943.636201388] [diagnostic_monitor]: ANOMALY on [navigation_node] message_timeout: Message timeout on /navigation/cmd_vel: no message for 309.28s (expected ~0.099s, threshold 0.45s, last seen t=1789853634.36) (sev=1.00)
[monitor_node-5] [WARN] [1789853944.136190741] [diagnostic_monitor]: ANOMALY on [localization_node] message_timeout: Message timeout on /localization/pose: no message for 309.78s (expected ~0.099s, threshold 0.45s, last seen t=1789853634.35) (sev=1.00)
[monitor_node-5] [WARN] [1789853944.137187605] [diagnostic_monitor]: ANOMALY on [navigation_node] message_timeout: Message timeout on /navigation/cmd_vel: no message for 309.78s (expected ~0.099s, threshold 0.45s, last seen t=1789853634.36) (sev=1.00)
[monitor_node-5] [WARN] [1789853944.635575921] [diagnostic_monitor]: ANOMALY on [localization_node] message_timeout: Message timeout on /localization/pose: no message for 310.28s (expected ~0.099s, threshold 0.45s, last seen t=1789853634.35) (sev=1.00)
[monitor_node-5] [WARN] [1789853944.636654521] [diagnostic_monitor]: ANOMALY on [navigation_node] message_timeout: Message timeout on /navigation/cmd_vel: no message for 310.28s (expected ~0.099s, threshold 0.45s, last seen t=1789853634.36) (sev=1.00)
[monitor_node-5] [WARN] [1789853945.136265791] [diagnostic_monitor]: ANOMALY on [localization_node] message_timeout: Message timeout on /localization/pose: no message for 310.78s (expected ~0.099s, threshold 0.45s, last seen t=1789853634.35) (sev=1.00)
[monitor_node-5] [WARN] [1789853945.137391200] [diagnostic_monitor]: ANOMALY on [navigation_node] message_timeout: Message timeout on /navigation/cmd_vel: no message for 310.78s (expected ~0.099s, threshold 0.45s, last seen t=1789853634.36) (sev=1.00)
[monitor_node-5] [WARN] [1789853945.634986516] [diagnostic_monitor]: ANOMALY on [localization_node] message_timeout: Message timeout on /localization/pose: no message for 311.28s (expected ~0.099s, threshold 0.45s, last seen t=1789853634.35) (sev=1.00)
[monitor_node-5] [WARN] [1789853945.635887760] [diagnostic_monitor]: ANOMALY on [navigation_node] message_timeout: Message timeout on /navigation/cmd_vel: no message for 311.28s (expected ~0.099s, threshold 0.45s, last seen t=1789853634.36) (sev=1.00)
[monitor_node-5] [WARN] [1789853946.136273945] [diagnostic_monitor]: ANOMALY on [localization_node] message_timeout: Message timeout on /localization/pose: no message for 311.78s (expected ~0.099s, threshold 0.45s, last seen t=1789853634.35) (sev=1.00)
[monitor_node-5] [WARN] [1789853946.137406867] [diagnostic_monitor]: ANOMALY on [navigation_node] message_timeout: Message timeout on /navigation/cmd_vel: no message for 311.78s (expected ~0.099s, threshold 0.45s, last seen t=1789853634.36) (sev=1.00)
[monitor_node-5] [WARN] [1789853946.635233154] [diagnostic_monitor]: ANOMALY on [localization_node] message_timeout: Message timeout on /localization/pose: no message for 312.28s (expected ~0.099s, threshold 0.45s, last seen t=1789853634.35) (sev=1.00)
[monitor_node-5] [WARN] [1789853946.636277653] [diagnostic_monitor]: ANOMALY on [navigation_node] message_timeout: Message timeout on /navigation/cmd_vel: no message for 312.28s (expected ~0.099s, threshold 0.45s, last seen t=1789853634.36) (sev=1.00)
[monitor_node-5] [WARN] [1789853947.136240586] [diagnostic_monitor]: ANOMALY on [localization_node] message_timeout: Message timeout on /localization/pose: no message for 312.78s (expected ~0.099s, threshold 0.45s, last seen t=1789853634.35) (sev=1.00)
[monitor_node-5] [WARN] [1789853947.137284160] [diagnostic_monitor]: ANOMALY on [navigation_node] message_timeout: Message timeout on /navigation/cmd_vel: no message for 312.78s (expected ~0.099s, threshold 0.45s, last seen t=1789853634.36) (sev=1.00)
[monitor_node-5] [WARN] [1789853947.634919800] [diagnostic_monitor]: ANOMALY on [localization_node] message_timeout: Message timeout on /localization/pose: no message for 313.28s (expected ~0.099s, threshold 0.45s, last seen t=1789853634.35) (sev=1.00)
[monitor_node-5] [WARN] [1789853947.635985103] [diagnostic_monitor]: ANOMALY on [navigation_node] message_timeout: Message timeout on /navigation/cmd_vel: no message for 313.28s (expected ~0.099s, threshold 0.45s, last seen t=1789853634.36) (sev=1.00)
[monitor_node-5] [WARN] [1789853948.136471116] [diagnostic_monitor]: ANOMALY on [localization_node] message_timeout: Message timeout on /localization/pose: no message for 313.78s (expected ~0.099s, threshold 0.45s, last seen t=1789853634.35) (sev=1.00)
[monitor_node-5] [WARN] [1789853948.137609337] [diagnostic_monitor]: ANOMALY on [navigation_node] message_timeout: Message timeout on /navigation/cmd_vel: no message for 313.78s (expected ~0.099s, threshold 0.45s, last seen t=1789853634.36) (sev=1.00)
[monitor_node-5] [WARN] [1789853948.641340076] [diagnostic_monitor]: ANOMALY on [localization_node] message_timeout: Message timeout on /localization/pose: no message for 314.28s (expected ~0.099s, threshold 0.45s, last seen t=1789853634.35) (sev=1.00)
[monitor_node-5] [WARN] [1789853948.642333212] [diagnostic_monitor]: ANOMALY on [navigation_node] message_timeout: Message timeout on /navigation/cmd_vel: no message for 314.28s (expected ~0.099s, threshold 0.45s, last seen t=1789853634.36) (sev=1.00)
[monitor_node-5] [WARN] [1789853949.136249038] [diagnostic_monitor]: ANOMALY on [localization_node] message_timeout: Message timeout on /localization/pose: no message for 314.78s (expected ~0.099s, threshold 0.45s, last seen t=1789853634.35) (sev=1.00)
[monitor_node-5] [WARN] [1789853949.137474875] [diagnostic_monitor]: ANOMALY on [navigation_node] message_timeout: Message timeout on /navigation/cmd_vel: no message for 314.78s (expected ~0.099s, threshold 0.45s, last seen t=1789853634.36) (sev=1.00)
[monitor_node-5] [WARN] [1789853949.635091930] [diagnostic_monitor]: ANOMALY on [localization_node] message_timeout: Message timeout on /localization/pose: no message for 315.28s (expected ~0.099s, threshold 0.45s, last seen t=1789853634.35) (sev=1.00)
[monitor_node-5] [WARN] [1789853949.635951913] [diagnostic_monitor]: ANOMALY on [navigation_node] message_timeout: Message timeout on /navigation/cmd_vel: no message for 315.28s (expected ~0.099s, threshold 0.45s, last seen t=1789853634.36) (sev=1.00)
[monitor_node-5] [WARN] [1789853950.136084566] [diagnostic_monitor]: ANOMALY on [localization_node] message_timeout: Message timeout on /localization/pose: no message for 315.78s (expected ~0.099s, threshold 0.45s, last seen t=1789853634.35) (sev=1.00)
[monitor_node-5] [WARN] [1789853950.136978625] [diagnostic_monitor]: ANOMALY on [navigation_node] message_timeout: Message timeout on /navigation/cmd_vel: no message for 315.78s (expected ~0.099s, threshold 0.45s, last seen t=1789853634.36) (sev=1.00)
[monitor_node-5] [WARN] [1789853950.636008960] [diagnostic_monitor]: ANOMALY on [localization_node] message_timeout: Message timeout on /localization/pose: no message for 316.28s (expected ~0.099s, threshold 0.45s, last seen t=1789853634.35) (sev=1.00)
[monitor_node-5] [WARN] [1789853950.637210452] [diagnostic_monitor]: ANOMALY on [navigation_node] message_timeout: Message timeout on /navigation/cmd_vel: no message for 316.28s (expected ~0.099s, threshold 0.45s, last seen t=1789853634.36) (sev=1.00)
[monitor_node-5] [WARN] [1789853951.137125948] [diagnostic_monitor]: ANOMALY on [localization_node] message_timeout: Message timeout on /localization/pose: no message for 316.78s (expected ~0.099s, threshold 0.45s, last seen t=1789853634.35) (sev=1.00)
[monitor_node-5] [WARN] [1789853951.138274977] [diagnostic_monitor]: ANOMALY on [navigation_node] message_timeout: Message timeout on /navigation/cmd_vel: no message for 316.78s (expected ~0.099s, threshold 0.45s, last seen t=1789853634.36) (sev=1.00)
[monitor_node-5] [WARN] [1789853951.635490652] [diagnostic_monitor]: ANOMALY on [localization_node] message_timeout: Message timeout on /localization/pose: no message for 317.28s (expected ~0.099s, threshold 0.45s, last seen t=1789853634.35) (sev=1.00)
[monitor_node-5] [WARN] [1789853951.638506812] [diagnostic_monitor]: ANOMALY on [navigation_node] message_timeout: Message timeout on /navigation/cmd_vel: no message for 317.28s (expected ~0.099s, threshold 0.45s, last seen t=1789853634.36) (sev=1.00)
[monitor_node-5] [WARN] [1789853952.138833710] [diagnostic_monitor]: ANOMALY on [localization_node] message_timeout: Message timeout on /localization/pose: no message for 317.78s (expected ~0.099s, threshold 0.45s, last seen t=1789853634.35) (sev=1.00)
[monitor_node-5] [WARN] [1789853952.140189465] [diagnostic_monitor]: ANOMALY on [navigation_node] message_timeout: Message timeout on /navigation/cmd_vel: no message for 317.78s (expected ~0.099s, threshold 0.45s, last seen t=1789853634.36) (sev=1.00)
[monitor_node-5] [WARN] [1789853952.635017943] [diagnostic_monitor]: ANOMALY on [localization_node] message_timeout: Message timeout on /localization/pose: no message for 318.28s (expected ~0.099s, threshold 0.45s, last seen t=1789853634.35) (sev=1.00)
[monitor_node-5] [WARN] [1789853952.636024263] [diagnostic_monitor]: ANOMALY on [navigation_node] message_timeout: Message timeout on /navigation/cmd_vel: no message for 318.28s (expected ~0.099s, threshold 0.45s, last seen t=1789853634.36) (sev=1.00)
[monitor_node-5] [WARN] [1789853953.136302015] [diagnostic_monitor]: ANOMALY on [localization_node] message_timeout: Message timeout on /localization/pose: no message for 318.78s (expected ~0.099s, threshold 0.45s, last seen t=1789853634.35) (sev=1.00)
[monitor_node-5] [WARN] [1789853953.137407226] [diagnostic_monitor]: ANOMALY on [navigation_node] message_timeout: Message timeout on /navigation/cmd_vel: no message for 318.78s (expected ~0.099s, threshold 0.45s, last seen t=1789853634.36) (sev=1.00)
[monitor_node-5] [WARN] [1789853953.635223157] [diagnostic_monitor]: ANOMALY on [localization_node] message_timeout: Message timeout on /localization/pose: no message for 319.28s (expected ~0.099s, threshold 0.45s, last seen t=1789853634.35) (sev=1.00)
[monitor_node-5] [WARN] [1789853953.636281455] [diagnostic_monitor]: ANOMALY on [navigation_node] message_timeout: Message timeout on /navigation/cmd_vel: no message for 319.28s (expected ~0.099s, threshold 0.45s, last seen t=1789853634.36) (sev=1.00)
[monitor_node-5] [WARN] [1789853954.136241764] [diagnostic_monitor]: ANOMALY on [localization_node] message_timeout: Message timeout on /localization/pose: no message for 319.78s (expected ~0.099s, threshold 0.45s, last seen t=1789853634.35) (sev=1.00)
[monitor_node-5] [WARN] [1789853954.137293634] [diagnostic_monitor]: ANOMALY on [navigation_node] message_timeout: Message timeout on /navigation/cmd_vel: no message for 319.78s (expected ~0.099s, threshold 0.45s, last seen t=1789853634.36) (sev=1.00)
[monitor_node-5] [WARN] [1789853954.635139932] [diagnostic_monitor]: ANOMALY on [localization_node] message_timeout: Message timeout on /localization/pose: no message for 320.28s (expected ~0.099s, threshold 0.45s, last seen t=1789853634.35) (sev=1.00)
[monitor_node-5] [WARN] [1789853954.636363403] [diagnostic_monitor]: ANOMALY on [navigation_node] message_timeout: Message timeout on /navigation/cmd_vel: no message for 320.28s (expected ~0.099s, threshold 0.45s, last seen t=1789853634.36) (sev=1.00)
[monitor_node-5] [WARN] [1789853955.136055204] [diagnostic_monitor]: ANOMALY on [localization_node] message_timeout: Message timeout on /localization/pose: no message for 320.78s (expected ~0.099s, threshold 0.45s, last seen t=1789853634.35) (sev=1.00)
[monitor_node-5] [WARN] [1789853955.137174034] [diagnostic_monitor]: ANOMALY on [navigation_node] message_timeout: Message timeout on /navigation/cmd_vel: no message for 320.78s (expected ~0.099s, threshold 0.45s, last seen t=1789853634.36) (sev=1.00)
[monitor_node-5] [WARN] [1789853955.635111948] [diagnostic_monitor]: ANOMALY on [localization_node] message_timeout: Message timeout on /localization/pose: no message for 321.28s (expected ~0.099s, threshold 0.45s, last seen t=1789853634.35) (sev=1.00)
[monitor_node-5] [WARN] [1789853955.636266967] [diagnostic_monitor]: ANOMALY on [navigation_node] message_timeout: Message timeout on /navigation/cmd_vel: no message for 321.28s (expected ~0.099s, threshold 0.45s, last seen t=1789853634.36) (sev=1.00)
[monitor_node-5] [WARN] [1789853956.136023705] [diagnostic_monitor]: ANOMALY on [localization_node] message_timeout: Message timeout on /localization/pose: no message for 321.78s (expected ~0.099s, threshold 0.45s, last seen t=1789853634.35) (sev=1.00)
[monitor_node-5] [WARN] [1789853956.137174115] [diagnostic_monitor]: ANOMALY on [navigation_node] message_timeout: Message timeout on /navigation/cmd_vel: no message for 321.78s (expected ~0.099s, threshold 0.45s, last seen t=1789853634.36) (sev=1.00)
[monitor_node-5] [WARN] [1789853956.635014155] [diagnostic_monitor]: ANOMALY on [localization_node] message_timeout: Message timeout on /localization/pose: no message for 322.28s (expected ~0.099s, threshold 0.45s, last seen t=1789853634.35) (sev=1.00)
[monitor_node-5] [WARN] [1789853956.636065019] [diagnostic_monitor]: ANOMALY on [navigation_node] message_timeout: Message timeout on /navigation/cmd_vel: no message for 322.28s (expected ~0.099s, threshold 0.45s, last seen t=1789853634.36) (sev=1.00)
[monitor_node-5] [WARN] [1789853957.136284692] [diagnostic_monitor]: ANOMALY on [localization_node] message_timeout: Message timeout on /localization/pose: no message for 322.78s (expected ~0.099s, threshold 0.45s, last seen t=1789853634.35) (sev=1.00)
[monitor_node-5] [WARN] [1789853957.137463432] [diagnostic_monitor]: ANOMALY on [navigation_node] message_timeout: Message timeout on /navigation/cmd_vel: no message for 322.78s (expected ~0.099s, threshold 0.45s, last seen t=1789853634.36) (sev=1.00)
[monitor_node-5] [WARN] [1789853957.635477428] [diagnostic_monitor]: ANOMALY on [localization_node] message_timeout: Message timeout on /localization/pose: no message for 323.28s (expected ~0.099s, threshold 0.45s, last seen t=1789853634.35) (sev=1.00)
[monitor_node-5] [WARN] [1789853957.636583632] [diagnostic_monitor]: ANOMALY on [navigation_node] message_timeout: Message timeout on /navigation/cmd_vel: no message for 323.28s (expected ~0.099s, threshold 0.45s, last seen t=1789853634.36) (sev=1.00)
[monitor_node-5] [WARN] [1789853958.136268860] [diagnostic_monitor]: ANOMALY on [localization_node] message_timeout: Message timeout on /localization/pose: no message for 323.78s (expected ~0.099s, threshold 0.45s, last seen t=1789853634.35) (sev=1.00)
[monitor_node-5] [WARN] [1789853958.137375509] [diagnostic_monitor]: ANOMALY on [navigation_node] message_timeout: Message timeout on /navigation/cmd_vel: no message for 323.78s (expected ~0.099s, threshold 0.45s, last seen t=1789853634.36) (sev=1.00)
[monitor_node-5] [WARN] [1789853958.635240065] [diagnostic_monitor]: ANOMALY on [localization_node] message_timeout: Message timeout on /localization/pose: no message for 324.28s (expected ~0.099s, threshold 0.45s, last seen t=1789853634.35) (sev=1.00)
[monitor_node-5] [WARN] [1789853958.636299220] [diagnostic_monitor]: ANOMALY on [navigation_node] message_timeout: Message timeout on /navigation/cmd_vel: no message for 324.28s (expected ~0.099s, threshold 0.45s, last seen t=1789853634.36) (sev=1.00)
[monitor_node-5] [WARN] [1789853959.143989724] [diagnostic_monitor]: ANOMALY on [localization_node] message_timeout: Message timeout on /localization/pose: no message for 324.79s (expected ~0.099s, threshold 0.45s, last seen t=1789853634.35) (sev=1.00)
[monitor_node-5] [WARN] [1789853959.145414031] [diagnostic_monitor]: ANOMALY on [navigation_node] message_timeout: Message timeout on /navigation/cmd_vel: no message for 324.79s (expected ~0.099s, threshold 0.45s, last seen t=1789853634.36) (sev=1.00)
[monitor_node-5] [WARN] [1789853959.642259089] [diagnostic_monitor]: ANOMALY on [localization_node] message_timeout: Message timeout on /localization/pose: no message for 325.28s (expected ~0.099s, threshold 0.45s, last seen t=1789853634.35) (sev=1.00)
[monitor_node-5] [WARN] [1789853959.644943104] [diagnostic_monitor]: ANOMALY on [navigation_node] message_timeout: Message timeout on /navigation/cmd_vel: no message for 325.28s (expected ~0.099s, threshold 0.45s, last seen t=1789853634.36) (sev=1.00)
[monitor_node-5] [WARN] [1789853960.198326612] [diagnostic_monitor]: ANOMALY on [localization_node] message_timeout: Message timeout on /localization/pose: no message for 325.78s (expected ~0.099s, threshold 0.45s, last seen t=1789853634.35) (sev=1.00)
[monitor_node-5] [WARN] [1789853960.201696996] [diagnostic_monitor]: ANOMALY on [navigation_node] message_timeout: Message timeout on /navigation/cmd_vel: no message for 325.78s (expected ~0.099s, threshold 0.45s, last seen t=1789853634.36) (sev=1.00)
[monitor_node-5] [WARN] [1789853960.635144947] [diagnostic_monitor]: ANOMALY on [localization_node] message_timeout: Message timeout on /localization/pose: no message for 326.28s (expected ~0.099s, threshold 0.45s, last seen t=1789853634.35) (sev=1.00)
[monitor_node-5] [WARN] [1789853960.636270810] [diagnostic_monitor]: ANOMALY on [navigation_node] message_timeout: Message timeout on /navigation/cmd_vel: no message for 326.28s (expected ~0.099s, threshold 0.45s, last seen t=1789853634.36) (sev=1.00)
[monitor_node-5] [WARN] [1789853961.136326591] [diagnostic_monitor]: ANOMALY on [localization_node] message_timeout: Message timeout on /localization/pose: no message for 326.78s (expected ~0.099s, threshold 0.45s, last seen t=1789853634.35) (sev=1.00)
[monitor_node-5] [WARN] [1789853961.137379969] [diagnostic_monitor]: ANOMALY on [navigation_node] message_timeout: Message timeout on /navigation/cmd_vel: no message for 326.78s (expected ~0.099s, threshold 0.45s, last seen t=1789853634.36) (sev=1.00)
[monitor_node-5] [WARN] [1789853961.635967793] [diagnostic_monitor]: ANOMALY on [localization_node] message_timeout: Message timeout on /localization/pose: no message for 327.28s (expected ~0.099s, threshold 0.45s, last seen t=1789853634.35) (sev=1.00)
[monitor_node-5] [WARN] [1789853961.637141345] [diagnostic_monitor]: ANOMALY on [navigation_node] message_timeout: Message timeout on /navigation/cmd_vel: no message for 327.28s (expected ~0.099s, threshold 0.45s, last seen t=1789853634.36) (sev=1.00)
[monitor_node-5] [WARN] [1789853962.136241164] [diagnostic_monitor]: ANOMALY on [localization_node] message_timeout: Message timeout on /localization/pose: no message for 327.78s (expected ~0.099s, threshold 0.45s, last seen t=1789853634.35) (sev=1.00)
[monitor_node-5] [WARN] [1789853962.137307663] [diagnostic_monitor]: ANOMALY on [navigation_node] message_timeout: Message timeout on /navigation/cmd_vel: no message for 327.78s (expected ~0.099s, threshold 0.45s, last seen t=1789853634.36) (sev=1.00)
[monitor_node-5] [WARN] [1789853962.635413936] [diagnostic_monitor]: ANOMALY on [localization_node] message_timeout: Message timeout on /localization/pose: no message for 328.28s (expected ~0.099s, threshold 0.45s, last seen t=1789853634.35) (sev=1.00)
[monitor_node-5] [WARN] [1789853962.636603827] [diagnostic_monitor]: ANOMALY on [navigation_node] message_timeout: Message timeout on /navigation/cmd_vel: no message for 328.28s (expected ~0.099s, threshold 0.45s, last seen t=1789853634.36) (sev=1.00)
[monitor_node-5] [WARN] [1789853963.136413170] [diagnostic_monitor]: ANOMALY on [localization_node] message_timeout: Message timeout on /localization/pose: no message for 328.78s (expected ~0.099s, threshold 0.45s, last seen t=1789853634.35) (sev=1.00)
[monitor_node-5] [WARN] [1789853963.137553806] [diagnostic_monitor]: ANOMALY on [navigation_node] message_timeout: Message timeout on /navigation/cmd_vel: no message for 328.78s (expected ~0.099s, threshold 0.45s, last seen t=1789853634.36) (sev=1.00)
[monitor_node-5] [WARN] [1789853963.634892981] [diagnostic_monitor]: ANOMALY on [localization_node] message_timeout: Message timeout on /localization/pose: no message for 329.28s (expected ~0.099s, threshold 0.45s, last seen t=1789853634.35) (sev=1.00)
[monitor_node-5] [WARN] [1789853963.635946537] [diagnostic_monitor]: ANOMALY on [navigation_node] message_timeout: Message timeout on /navigation/cmd_vel: no message for 329.28s (expected ~0.099s, threshold 0.45s, last seen t=1789853634.36) (sev=1.00)
[monitor_node-5] [WARN] [1789853964.136267106] [diagnostic_monitor]: ANOMALY on [localization_node] message_timeout: Message timeout on /localization/pose: no message for 329.78s (expected ~0.099s, threshold 0.45s, last seen t=1789853634.35) (sev=1.00)
[monitor_node-5] [WARN] [1789853964.137416713] [diagnostic_monitor]: ANOMALY on [navigation_node] message_timeout: Message timeout on /navigation/cmd_vel: no message for 329.78s (expected ~0.099s, threshold 0.45s, last seen t=1789853634.36) (sev=1.00)
[monitor_node-5] [WARN] [1789853964.635266869] [diagnostic_monitor]: ANOMALY on [localization_node] message_timeout: Message timeout on /localization/pose: no message for 330.28s (expected ~0.099s, threshold 0.45s, last seen t=1789853634.35) (sev=1.00)
[monitor_node-5] [WARN] [1789853964.636384076] [diagnostic_monitor]: ANOMALY on [navigation_node] message_timeout: Message timeout on /navigation/cmd_vel: no message for 330.28s (expected ~0.099s, threshold 0.45s, last seen t=1789853634.36) (sev=1.00)
[monitor_node-5] [WARN] [1789853965.136210071] [diagnostic_monitor]: ANOMALY on [localization_node] message_timeout: Message timeout on /localization/pose: no message for 330.78s (expected ~0.099s, threshold 0.45s, last seen t=1789853634.35) (sev=1.00)
[monitor_node-5] [WARN] [1789853965.137293914] [diagnostic_monitor]: ANOMALY on [navigation_node] message_timeout: Message timeout on /navigation/cmd_vel: no message for 330.78s (expected ~0.099s, threshold 0.45s, last seen t=1789853634.36) (sev=1.00)
[monitor_node-5] [WARN] [1789853965.635180080] [diagnostic_monitor]: ANOMALY on [localization_node] message_timeout: Message timeout on /localization/pose: no message for 331.28s (expected ~0.099s, threshold 0.45s, last seen t=1789853634.35) (sev=1.00)
[monitor_node-5] [WARN] [1789853965.636437027] [diagnostic_monitor]: ANOMALY on [navigation_node] message_timeout: Message timeout on /navigation/cmd_vel: no message for 331.28s (expected ~0.099s, threshold 0.45s, last seen t=1789853634.36) (sev=1.00)
[monitor_node-5] [WARN] [1789853966.135945797] [diagnostic_monitor]: ANOMALY on [localization_node] message_timeout: Message timeout on /localization/pose: no message for 331.78s (expected ~0.099s, threshold 0.45s, last seen t=1789853634.35) (sev=1.00)
[monitor_node-5] [WARN] [1789853966.136986103] [diagnostic_monitor]: ANOMALY on [navigation_node] message_timeout: Message timeout on /navigation/cmd_vel: no message for 331.78s (expected ~0.099s, threshold 0.45s, last seen t=1789853634.36) (sev=1.00)
[monitor_node-5] [WARN] [1789853966.634802577] [diagnostic_monitor]: ANOMALY on [localization_node] message_timeout: Message timeout on /localization/pose: no message for 332.28s (expected ~0.099s, threshold 0.45s, last seen t=1789853634.35) (sev=1.00)
[monitor_node-5] [WARN] [1789853966.635853625] [diagnostic_monitor]: ANOMALY on [navigation_node] message_timeout: Message timeout on /navigation/cmd_vel: no message for 332.28s (expected ~0.099s, threshold 0.45s, last seen t=1789853634.36) (sev=1.00)
[monitor_node-5] [WARN] [1789853967.136409424] [diagnostic_monitor]: ANOMALY on [localization_node] message_timeout: Message timeout on /localization/pose: no message for 332.78s (expected ~0.099s, threshold 0.45s, last seen t=1789853634.35) (sev=1.00)
[monitor_node-5] [WARN] [1789853967.137471757] [diagnostic_monitor]: ANOMALY on [navigation_node] message_timeout: Message timeout on /navigation/cmd_vel: no message for 332.78s (expected ~0.099s, threshold 0.45s, last seen t=1789853634.36) (sev=1.00)
[monitor_node-5] [WARN] [1789853967.635177931] [diagnostic_monitor]: ANOMALY on [localization_node] message_timeout: Message timeout on /localization/pose: no message for 333.28s (expected ~0.099s, threshold 0.45s, last seen t=1789853634.35) (sev=1.00)
[monitor_node-5] [WARN] [1789853967.636197748] [diagnostic_monitor]: ANOMALY on [navigation_node] message_timeout: Message timeout on /navigation/cmd_vel: no message for 333.28s (expected ~0.099s, threshold 0.45s, last seen t=1789853634.36) (sev=1.00)
[monitor_node-5] [WARN] [1789853968.136236134] [diagnostic_monitor]: ANOMALY on [localization_node] message_timeout: Message timeout on /localization/pose: no message for 333.78s (expected ~0.099s, threshold 0.45s, last seen t=1789853634.35) (sev=1.00)
[monitor_node-5] [WARN] [1789853968.137313931] [diagnostic_monitor]: ANOMALY on [navigation_node] message_timeout: Message timeout on /navigation/cmd_vel: no message for 333.78s (expected ~0.099s, threshold 0.45s, last seen t=1789853634.36) (sev=1.00)
[monitor_node-5] [WARN] [1789853968.635033378] [diagnostic_monitor]: ANOMALY on [localization_node] message_timeout: Message timeout on /localization/pose: no message for 334.28s (expected ~0.099s, threshold 0.45s, last seen t=1789853634.35) (sev=1.00)
[monitor_node-5] [WARN] [1789853968.636102547] [diagnostic_monitor]: ANOMALY on [navigation_node] message_timeout: Message timeout on /navigation/cmd_vel: no message for 334.28s (expected ~0.099s, threshold 0.45s, last seen t=1789853634.36) (sev=1.00)
[monitor_node-5] [WARN] [1789853969.136246411] [diagnostic_monitor]: ANOMALY on [localization_node] message_timeout: Message timeout on /localization/pose: no message for 334.78s (expected ~0.099s, threshold 0.45s, last seen t=1789853634.35) (sev=1.00)
[monitor_node-5] [WARN] [1789853969.137354809] [diagnostic_monitor]: ANOMALY on [navigation_node] message_timeout: Message timeout on /navigation/cmd_vel: no message for 334.78s (expected ~0.099s, threshold 0.45s, last seen t=1789853634.36) (sev=1.00)
[monitor_node-5] [WARN] [1789853969.635148290] [diagnostic_monitor]: ANOMALY on [localization_node] message_timeout: Message timeout on /localization/pose: no message for 335.28s (expected ~0.099s, threshold 0.45s, last seen t=1789853634.35) (sev=1.00)
[monitor_node-5] [WARN] [1789853969.636235044] [diagnostic_monitor]: ANOMALY on [navigation_node] message_timeout: Message timeout on /navigation/cmd_vel: no message for 335.28s (expected ~0.099s, threshold 0.45s, last seen t=1789853634.36) (sev=1.00)
[monitor_node-5] [WARN] [1789853970.136561235] [diagnostic_monitor]: ANOMALY on [localization_node] message_timeout: Message timeout on /localization/pose: no message for 335.78s (expected ~0.099s, threshold 0.45s, last seen t=1789853634.35) (sev=1.00)
[monitor_node-5] [WARN] [1789853970.137623728] [diagnostic_monitor]: ANOMALY on [navigation_node] message_timeout: Message timeout on /navigation/cmd_vel: no message for 335.78s (expected ~0.099s, threshold 0.45s, last seen t=1789853634.36) (sev=1.00)
[monitor_node-5] [WARN] [1789853970.635162635] [diagnostic_monitor]: ANOMALY on [localization_node] message_timeout: Message timeout on /localization/pose: no message for 336.28s (expected ~0.099s, threshold 0.45s, last seen t=1789853634.35) (sev=1.00)
[monitor_node-5] [WARN] [1789853970.636312185] [diagnostic_monitor]: ANOMALY on [navigation_node] message_timeout: Message timeout on /navigation/cmd_vel: no message for 336.28s (expected ~0.099s, threshold 0.45s, last seen t=1789853634.36) (sev=1.00)
[monitor_node-5] [WARN] [1789853971.135855342] [diagnostic_monitor]: ANOMALY on [localization_node] message_timeout: Message timeout on /localization/pose: no message for 336.78s (expected ~0.099s, threshold 0.45s, last seen t=1789853634.35) (sev=1.00)
[monitor_node-5] [WARN] [1789853971.136931755] [diagnostic_monitor]: ANOMALY on [navigation_node] message_timeout: Message timeout on /navigation/cmd_vel: no message for 336.78s (expected ~0.099s, threshold 0.45s, last seen t=1789853634.36) (sev=1.00)
[monitor_node-5] [WARN] [1789853971.635345674] [diagnostic_monitor]: ANOMALY on [localization_node] message_timeout: Message timeout on /localization/pose: no message for 337.28s (expected ~0.099s, threshold 0.45s, last seen t=1789853634.35) (sev=1.00)
[monitor_node-5] [WARN] [1789853971.636394423] [diagnostic_monitor]: ANOMALY on [navigation_node] message_timeout: Message timeout on /navigation/cmd_vel: no message for 337.28s (expected ~0.099s, threshold 0.45s, last seen t=1789853634.36) (sev=1.00)
[monitor_node-5] [WARN] [1789853972.136334237] [diagnostic_monitor]: ANOMALY on [localization_node] message_timeout: Message timeout on /localization/pose: no message for 337.78s (expected ~0.099s, threshold 0.45s, last seen t=1789853634.35) (sev=1.00)
[monitor_node-5] [WARN] [1789853972.137295372] [diagnostic_monitor]: ANOMALY on [navigation_node] message_timeout: Message timeout on /navigation/cmd_vel: no message for 337.78s (expected ~0.099s, threshold 0.45s, last seen t=1789853634.36) (sev=1.00)
