[INFO] [launch]: All log files can be found below /home/lynx/.ros/log/2026-09-19-22-30-06-499895-WINDOWS-FIRE-11651
[INFO] [launch]: Default logging verbosity is set to INFO
[INFO] [sensor_node-1]: process started with pid [11655]
[INFO] [perception_node-2]: process started with pid [11656]
[INFO] [localization_node-3]: process started with pid [11657]
[INFO] [navigation_node-4]: process started with pid [11658]
[INFO] [monitor_node-5]: process started with pid [11659]
[monitor_node-5] [INFO] [1789857008.286632777] [diagnostic_monitor]: DiagnosticMonitorNode started. DB: events.db, Weights: (wD=0.3, wT=0.3, wS=0.25, wA=0.15), z>3.0 confirmed x2, warmup 4.0s
[navigation_node-4] [INFO] [1789857008.319402754] [navigation_node]: NavigationNode initialized, listening to /localization/pose
[sensor_node-1] [INFO] [1789857008.381896553] [sensor_node]: SensorNode initialized at 10.0 Hz
[localization_node-3] [INFO] [1789857008.408976702] [localization_node]: LocalizationNode initialized, listening to /perception/obstacles
[perception_node-2] [INFO] [1789857008.419193181] [perception_node]: PerceptionNode initialized, listening to /sensor/scan
[monitor_node-5] [INFO] [1789857009.234768366] [diagnostic_monitor]: Discovered graph: nodes=['localization_node', 'navigation_node', 'perception_node', 'sensor_node'] edges=[localization_node->navigation_node, perception_node->localization_node, sensor_node->perception_node]
[monitor_node-5] [INFO] [1789857009.322063285] [diagnostic_monitor]: Dynamically subscribed to monitor topic: /localization/pose [geometry_msgs/msg/PoseStamped]
[monitor_node-5] [INFO] [1789857009.325767283] [diagnostic_monitor]: Dynamically subscribed to monitor topic: /navigation/cmd_vel [geometry_msgs/msg/TwistStamped]
[monitor_node-5] [INFO] [1789857009.328354738] [diagnostic_monitor]: Dynamically subscribed to monitor topic: /perception/obstacles [geometry_msgs/msg/PoseArray]
[monitor_node-5] [INFO] [1789857009.433248590] [diagnostic_monitor]: Dynamically subscribed to monitor topic: /sensor/scan [sensor_msgs/msg/LaserScan]
[sensor_node-1] [INFO] [1789857043.659571021] [sensor_node]: SensorNode: Fault cleared.
[navigation_node-4] [INFO] [1789857043.659569428] [navigation_node]: NavigationNode: Fault cleared.
[localization_node-3] [INFO] [1789857043.659851972] [localization_node]: LocalizationNode: Fault cleared.
[perception_node-2] [INFO] [1789857043.659905695] [perception_node]: PerceptionNode: Fault cleared.
[navigation_node-4] [INFO] [1789857043.710356098] [navigation_node]: NavigationNode: Fault cleared.
[perception_node-2] [INFO] [1789857043.710354412] [perception_node]: PerceptionNode: Fault cleared.
[sensor_node-1] [INFO] [1789857043.710363012] [sensor_node]: SensorNode: Fault cleared.
[localization_node-3] [INFO] [1789857043.710421628] [localization_node]: LocalizationNode: Fault cleared.
[sensor_node-1] [INFO] [1789857043.760730401] [sensor_node]: SensorNode: Fault cleared.
[localization_node-3] [INFO] [1789857043.760786182] [localization_node]: LocalizationNode: Fault cleared.
[navigation_node-4] [INFO] [1789857043.760809486] [navigation_node]: NavigationNode: Fault cleared.
[perception_node-2] [INFO] [1789857043.760842956] [perception_node]: PerceptionNode: Fault cleared.
[perception_node-2] [INFO] [1789857043.811355007] [perception_node]: PerceptionNode: Fault cleared.
[sensor_node-1] [INFO] [1789857043.811430795] [sensor_node]: SensorNode: Fault cleared.
[localization_node-3] [INFO] [1789857043.811443068] [localization_node]: LocalizationNode: Fault cleared.
[navigation_node-4] [INFO] [1789857043.811653692] [navigation_node]: NavigationNode: Fault cleared.
[perception_node-2] [INFO] [1789857073.863349047] [perception_node]: PerceptionNode: Fault cleared.
[sensor_node-1] [INFO] [1789857073.863369700] [sensor_node]: SensorNode: Fault cleared.
[localization_node-3] [INFO] [1789857073.863403143] [localization_node]: LocalizationNode: Fault cleared.
[navigation_node-4] [INFO] [1789857073.863416276] [navigation_node]: NavigationNode: Fault cleared.
[navigation_node-4] [INFO] [1789857073.913795842] [navigation_node]: NavigationNode: Fault cleared.
[perception_node-2] [INFO] [1789857073.913803992] [perception_node]: PerceptionNode: Fault cleared.
[sensor_node-1] [INFO] [1789857073.913883083] [sensor_node]: SensorNode: Fault cleared.
[localization_node-3] [INFO] [1789857073.913901000] [localization_node]: LocalizationNode: Fault cleared.
[localization_node-3] [INFO] [1789857073.964416696] [localization_node]: LocalizationNode: Fault cleared.
[navigation_node-4] [INFO] [1789857073.964406070] [navigation_node]: NavigationNode: Fault cleared.
[sensor_node-1] [INFO] [1789857073.964421882] [sensor_node]: SensorNode: Fault cleared.
[perception_node-2] [INFO] [1789857073.964532634] [perception_node]: PerceptionNode: Fault cleared.
[localization_node-3] [INFO] [1789857074.015613590] [localization_node]: LocalizationNode: Fault cleared.
[sensor_node-1] [INFO] [1789857074.015682869] [sensor_node]: SensorNode: Fault cleared.
[perception_node-2] [INFO] [1789857074.015920684] [perception_node]: PerceptionNode: Fault cleared.
[navigation_node-4] [INFO] [1789857074.016291599] [navigation_node]: NavigationNode: Fault cleared.
[sensor_node-1] [WARN] [1789857076.068601127] [sensor_node]: SensorNode: Injected fault "latency" (param=0.4, duration=9.0s)
[sensor_node-1] [WARN] [1789857076.119228268] [sensor_node]: SensorNode: Injected fault "latency" (param=0.4, duration=9.0s)
[sensor_node-1] [WARN] [1789857076.169755168] [sensor_node]: SensorNode: Injected fault "latency" (param=0.4, duration=9.0s)
[sensor_node-1] [WARN] [1789857076.220238967] [sensor_node]: SensorNode: Injected fault "latency" (param=0.4, duration=9.0s)
[monitor_node-5] [WARN] [1789857076.643281000] [diagnostic_monitor]: ANOMALY on [sensor_node] /sensor/scan:latency: Value 0.4017 deviated from baseline 0.0010±0.0006 (z=728.3, confirmed x2) (sev=1.00)
[monitor_node-5] [WARN] [1789857076.647352151] [diagnostic_monitor]: ANOMALY on [perception_node] /perception/obstacles:latency: Value 0.4058 deviated from baseline 0.0018±0.0037 (z=110.1, confirmed x2) (sev=1.00)
[monitor_node-5] [WARN] [1789857076.648851744] [diagnostic_monitor]: ANOMALY on [localization_node] /localization/pose:latency: Value 0.4079 deviated from baseline 0.0025±0.0036 (z=112.7, confirmed x2) (sev=1.00)
[monitor_node-5] [WARN] [1789857076.649984956] [diagnostic_monitor]: ANOMALY on [navigation_node] /navigation/cmd_vel:latency: Value 0.4086 deviated from baseline 0.0031±0.0036 (z=112.9, confirmed x2) (sev=1.00)
[monitor_node-5] [INFO] [1789857076.734113613] [diagnostic_monitor]: 
[monitor_node-5] ============================================================
[monitor_node-5] ROOT CAUSE DIAGNOSIS: sensor_node (Confidence: 1.000)
[monitor_node-5] ============================================================
[monitor_node-5] Score Breakdown  R(C) = wD*D + wT*T + wS*S + wA*A:
[monitor_node-5]   R(sensor_node) = 0.3·D(1.00) + 0.3·T(1.00) + 0.25·S(1.00) + 0.15·A(1.00) = 1.000
[monitor_node-5]   - Dependency D: 1.00 (reaches 3 downstream anomalous node(s); 0 anomalous upstream node(s))
[monitor_node-5]   - Temporal   T: 1.00 (first anomaly at t=1789857076.64s; earliest in window = supporting evidence, not proof of causality)
[monitor_node-5]   - Symptom    S: 1.00 (explains 4/4 anomalous nodes)
[monitor_node-5]   - Severity   A: 1.00 (max normalised severity on node, 1 direct anomaly event(s))
[monitor_node-5] 
[monitor_node-5] Propagation Chain (evidence-ordered, via discovered graph edges):
[monitor_node-5]   sensor_node (t=1789857076.64s: /sensor/scan:latency, sev=1.00)
[monitor_node-5]     └─→ perception_node via /sensor/scan (t=1789857076.64s, +0.00s after sensor_node: /perception/obstacles:latency)
[monitor_node-5]       └─→ localization_node via /perception/obstacles (t=1789857076.64s, +0.00s after perception_node: /localization/pose:latency)
[monitor_node-5]         └─→ navigation_node via /localization/pose (t=1789857076.64s, +0.00s after localization_node: /navigation/cmd_vel:latency)
[monitor_node-5] 
[monitor_node-5] Candidate Ranking & Evidence Comparison:
[monitor_node-5]   #2 perception_node      R=0.787 (Δ -0.213) [first anomaly 0.00s after sensor_node; downstream of sensor_node in discovered graph; lower symptom coverage (75% vs 100%)]
[monitor_node-5]   #3 localization_node    R=0.625 (Δ -0.375) [first anomaly 0.00s after sensor_node; downstream of sensor_node in discovered graph; lower symptom coverage (50% vs 100%)]
[monitor_node-5]   #4 navigation_node      R=0.512 (Δ -0.488) [first anomaly 0.00s after sensor_node; downstream of sensor_node in discovered graph; lower symptom coverage (25% vs 100%)]
[monitor_node-5] ============================================================
[monitor_node-5] [WARN] [1789857076.742635957] [diagnostic_monitor]: ANOMALY on [sensor_node] /sensor/scan:latency: Value 0.4011 deviated from baseline 0.0010±0.0006 (z=727.2, confirmed x3) (sev=1.00)
[monitor_node-5] [WARN] [1789857076.744141527] [diagnostic_monitor]: ANOMALY on [localization_node] /localization/pose:latency: Value 0.4030 deviated from baseline 0.0025±0.0036 (z=111.4, confirmed x3) (sev=1.00)
[monitor_node-5] [WARN] [1789857076.745265676] [diagnostic_monitor]: ANOMALY on [navigation_node] /navigation/cmd_vel:latency: Value 0.4040 deviated from baseline 0.0031±0.0036 (z=111.6, confirmed x3) (sev=1.00)
[monitor_node-5] [WARN] [1789857076.746466608] [diagnostic_monitor]: ANOMALY on [perception_node] /perception/obstacles:latency: Value 0.4052 deviated from baseline 0.0018±0.0037 (z=110.0, confirmed x3) (sev=1.00)
[monitor_node-5] [WARN] [1789857076.942560837] [diagnostic_monitor]: ANOMALY on [sensor_node] /sensor/scan:latency: Value 0.5012 deviated from baseline 0.0010±0.0006 (z=908.9, confirmed x4) (sev=1.00)
[monitor_node-5] [WARN] [1789857076.944270747] [diagnostic_monitor]: ANOMALY on [localization_node] /localization/pose:latency: Value 0.5031 deviated from baseline 0.0025±0.0036 (z=139.2, confirmed x4) (sev=1.00)
[monitor_node-5] [WARN] [1789857076.947082081] [diagnostic_monitor]: ANOMALY on [perception_node] /perception/obstacles:latency: Value 0.5045 deviated from baseline 0.0018±0.0037 (z=137.0, confirmed x4) (sev=1.00)
[monitor_node-5] [WARN] [1789857076.948632674] [diagnostic_monitor]: ANOMALY on [sensor_node] /sensor/scan:latency: Value 0.4074 deviated from baseline 0.0010±0.0006 (z=738.5, confirmed x5) (sev=1.00)
[monitor_node-5] [WARN] [1789857076.950626206] [diagnostic_monitor]: ANOMALY on [localization_node] /localization/pose:latency: Value 0.4094 deviated from baseline 0.0025±0.0036 (z=113.2, confirmed x5) (sev=1.00)
[monitor_node-5] [WARN] [1789857076.952177040] [diagnostic_monitor]: ANOMALY on [navigation_node] /navigation/cmd_vel:latency: Value 0.5108 deviated from baseline 0.0031±0.0036 (z=141.3, confirmed x4) (sev=1.00)
[monitor_node-5] [WARN] [1789857076.953500699] [diagnostic_monitor]: ANOMALY on [perception_node] /perception/obstacles:latency: Value 0.4123 deviated from baseline 0.0018±0.0037 (z=111.9, confirmed x5) (sev=1.00)
[monitor_node-5] [WARN] [1789857076.955597869] [diagnostic_monitor]: ANOMALY on [navigation_node] /navigation/cmd_vel:latency: Value 0.4141 deviated from baseline 0.0031±0.0036 (z=114.4, confirmed x5) (sev=1.00)
[monitor_node-5] [WARN] [1789857077.142245468] [diagnostic_monitor]: ANOMALY on [sensor_node] /sensor/scan:latency: Value 0.5009 deviated from baseline 0.0010±0.0006 (z=908.4, confirmed x6) (sev=1.00)
[monitor_node-5] [WARN] [1789857077.143719139] [diagnostic_monitor]: ANOMALY on [localization_node] /localization/pose:latency: Value 0.5026 deviated from baseline 0.0025±0.0036 (z=139.1, confirmed x6) (sev=1.00)
[monitor_node-5] [WARN] [1789857077.144653376] [diagnostic_monitor]: ANOMALY on [perception_node] /perception/obstacles:latency: Value 0.5036 deviated from baseline 0.0018±0.0037 (z=136.8, confirmed x6) (sev=1.00)
[monitor_node-5] [WARN] [1789857077.146183182] [diagnostic_monitor]: ANOMALY on [navigation_node] /navigation/cmd_vel:latency: Value 0.5048 deviated from baseline 0.0031±0.0036 (z=139.7, confirmed x6) (sev=1.00)
[monitor_node-5] [WARN] [1789857077.242491317] [diagnostic_monitor]: ANOMALY on [sensor_node] /sensor/scan:latency: Value 0.5009 deviated from baseline 0.0010±0.0006 (z=908.5, confirmed x7) (sev=1.00)
[monitor_node-5] [WARN] [1789857077.244150964] [diagnostic_monitor]: ANOMALY on [localization_node] /localization/pose:latency: Value 0.5028 deviated from baseline 0.0025±0.0036 (z=139.1, confirmed x7) (sev=1.00)
[monitor_node-5] [WARN] [1789857077.245183769] [diagnostic_monitor]: ANOMALY on [perception_node] /perception/obstacles:latency: Value 0.5040 deviated from baseline 0.0018±0.0037 (z=136.9, confirmed x7) (sev=1.00)
[monitor_node-5] [WARN] [1789857077.248392743] [diagnostic_monitor]: ANOMALY on [sensor_node] /sensor/scan:latency: Value 0.4052 deviated from baseline 0.0010±0.0006 (z=734.6, confirmed x8) (sev=1.00)
[monitor_node-5] [WARN] [1789857077.250145339] [diagnostic_monitor]: ANOMALY on [localization_node] /localization/pose:latency: Value 0.4090 deviated from baseline 0.0025±0.0036 (z=113.0, confirmed x8) (sev=1.00)
[monitor_node-5] [WARN] [1789857077.251417837] [diagnostic_monitor]: ANOMALY on [navigation_node] /navigation/cmd_vel:latency: Value 0.5100 deviated from baseline 0.0031±0.0036 (z=141.1, confirmed x7) (sev=1.00)
[monitor_node-5] [WARN] [1789857077.252477314] [diagnostic_monitor]: ANOMALY on [perception_node] /perception/obstacles:latency: Value 0.4115 deviated from baseline 0.0018±0.0037 (z=111.7, confirmed x8) (sev=1.00)
[monitor_node-5] [WARN] [1789857077.253926437] [diagnostic_monitor]: ANOMALY on [navigation_node] /navigation/cmd_vel:latency: Value 0.4128 deviated from baseline 0.0031±0.0036 (z=114.1, confirmed x8) (sev=1.00)
[monitor_node-5] [WARN] [1789857077.342417826] [diagnostic_monitor]: ANOMALY on [sensor_node] /sensor/scan:latency: Value 0.4009 deviated from baseline 0.0010±0.0006 (z=726.8, confirmed x9) (sev=1.00)
[monitor_node-5] [WARN] [1789857077.344133039] [diagnostic_monitor]: ANOMALY on [localization_node] /localization/pose:latency: Value 0.4027 deviated from baseline 0.0025±0.0036 (z=111.3, confirmed x9) (sev=1.00)
[monitor_node-5] [WARN] [1789857077.345316186] [diagnostic_monitor]: ANOMALY on [perception_node] /perception/obstacles:latency: Value 0.4041 deviated from baseline 0.0018±0.0037 (z=109.7, confirmed x9) (sev=1.00)
[monitor_node-5] [WARN] [1789857077.346899113] [diagnostic_monitor]: ANOMALY on [navigation_node] /navigation/cmd_vel:latency: Value 0.4055 deviated from baseline 0.0031±0.0036 (z=112.0, confirmed x9) (sev=1.00)
[monitor_node-5] [WARN] [1789857077.542610067] [diagnostic_monitor]: ANOMALY on [sensor_node] /sensor/scan:latency: Value 0.5010 deviated from baseline 0.0010±0.0006 (z=908.7, confirmed x10) (sev=1.00)
[monitor_node-5] [WARN] [1789857077.544367047] [diagnostic_monitor]: ANOMALY on [localization_node] /localization/pose:latency: Value 0.5031 deviated from baseline 0.0025±0.0036 (z=139.2, confirmed x10) (sev=1.00)
[monitor_node-5] [WARN] [1789857077.547122788] [diagnostic_monitor]: ANOMALY on [navigation_node] /navigation/cmd_vel:latency: Value 0.5044 deviated from baseline 0.0031±0.0036 (z=139.5, confirmed x10) (sev=1.00)
[monitor_node-5] [WARN] [1789857077.548582201] [diagnostic_monitor]: ANOMALY on [perception_node] /perception/obstacles:latency: Value 0.5073 deviated from baseline 0.0018±0.0037 (z=137.8, confirmed x10) (sev=1.00)
[monitor_node-5] [WARN] [1789857077.643685295] [diagnostic_monitor]: ANOMALY on [sensor_node] /sensor/scan:latency: Value 0.5012 deviated from baseline 0.0010±0.0006 (z=909.0, confirmed x11) (sev=1.00)
[monitor_node-5] [WARN] [1789857077.645530490] [diagnostic_monitor]: ANOMALY on [localization_node] /localization/pose:latency: Value 0.5040 deviated from baseline 0.0025±0.0036 (z=139.5, confirmed x11) (sev=1.00)
[monitor_node-5] [WARN] [1789857077.647035100] [diagnostic_monitor]: ANOMALY on [navigation_node] /navigation/cmd_vel:latency: Value 0.5055 deviated from baseline 0.0031±0.0036 (z=139.9, confirmed x11) (sev=1.00)
[monitor_node-5] [WARN] [1789857077.648150608] [diagnostic_monitor]: ANOMALY on [perception_node] /perception/obstacles:latency: Value 0.5069 deviated from baseline 0.0018±0.0037 (z=137.7, confirmed x11) (sev=1.00)
[monitor_node-5] [WARN] [1789857077.742223829] [diagnostic_monitor]: ANOMALY on [sensor_node] /sensor/scan:latency: Value 0.5008 deviated from baseline 0.0010±0.0006 (z=908.3, confirmed x12) (sev=1.00)
[monitor_node-5] [WARN] [1789857077.743695885] [diagnostic_monitor]: ANOMALY on [localization_node] /localization/pose:latency: Value 0.5025 deviated from baseline 0.0025±0.0036 (z=139.0, confirmed x12) (sev=1.00)
[monitor_node-5] [WARN] [1789857077.744745386] [diagnostic_monitor]: ANOMALY on [perception_node] /perception/obstacles:latency: Value 0.5036 deviated from baseline 0.0018±0.0037 (z=136.8, confirmed x12) (sev=1.00)
[monitor_node-5] [WARN] [1789857077.746364986] [diagnostic_monitor]: ANOMALY on [navigation_node] /navigation/cmd_vel:latency: Value 0.5050 deviated from baseline 0.0031±0.0036 (z=139.7, confirmed x12) (sev=1.00)
[monitor_node-5] [WARN] [1789857077.842642713] [diagnostic_monitor]: ANOMALY on [sensor_node] /sensor/scan:latency: Value 0.5010 deviated from baseline 0.0010±0.0006 (z=908.7, confirmed x13) (sev=1.00)
[monitor_node-5] [WARN] [1789857077.844500084] [diagnostic_monitor]: ANOMALY on [localization_node] /localization/pose:latency: Value 0.5032 deviated from baseline 0.0025±0.0036 (z=139.2, confirmed x13) (sev=1.00)
[monitor_node-5] [WARN] [1789857077.847511657] [diagnostic_monitor]: ANOMALY on [navigation_node] /navigation/cmd_vel:latency: Value 0.5044 deviated from baseline 0.0031±0.0036 (z=139.6, confirmed x13) (sev=1.00)
[monitor_node-5] [WARN] [1789857077.848981445] [diagnostic_monitor]: ANOMALY on [perception_node] /perception/obstacles:latency: Value 0.5077 deviated from baseline 0.0018±0.0037 (z=137.9, confirmed x13) (sev=1.00)
[monitor_node-5] [WARN] [1789857077.942771874] [diagnostic_monitor]: ANOMALY on [sensor_node] /sensor/scan:latency: Value 0.5014 deviated from baseline 0.0010±0.0006 (z=909.3, confirmed x14) (sev=1.00)
[monitor_node-5] [WARN] [1789857077.944343113] [diagnostic_monitor]: ANOMALY on [localization_node] /localization/pose:latency: Value 0.5032 deviated from baseline 0.0025±0.0036 (z=139.2, confirmed x14) (sev=1.00)
[monitor_node-5] [WARN] [1789857077.945156408] [diagnostic_monitor]: ANOMALY on [perception_node] /perception/obstacles:latency: Value 0.5043 deviated from baseline 0.0018±0.0037 (z=137.0, confirmed x14) (sev=1.00)
[monitor_node-5] [WARN] [1789857077.946070618] [diagnostic_monitor]: ANOMALY on [sensor_node] /sensor/scan:latency: Value 0.4050 deviated from baseline 0.0010±0.0006 (z=734.1, confirmed x15) (sev=1.00)
[monitor_node-5] [WARN] [1789857077.947434637] [diagnostic_monitor]: ANOMALY on [localization_node] /localization/pose:latency: Value 0.4063 deviated from baseline 0.0025±0.0036 (z=112.3, confirmed x15) (sev=1.00)
[monitor_node-5] [WARN] [1789857077.948527382] [diagnostic_monitor]: ANOMALY on [navigation_node] /navigation/cmd_vel:latency: Value 0.5075 deviated from baseline 0.0031±0.0036 (z=140.4, confirmed x14) (sev=1.00)
[monitor_node-5] [WARN] [1789857077.949210053] [diagnostic_monitor]: ANOMALY on [perception_node] /perception/obstacles:latency: Value 0.4083 deviated from baseline 0.0018±0.0037 (z=110.8, confirmed x15) (sev=1.00)
[monitor_node-5] [WARN] [1789857077.950455251] [diagnostic_monitor]: ANOMALY on [navigation_node] /navigation/cmd_vel:latency: Value 0.4093 deviated from baseline 0.0031±0.0036 (z=113.1, confirmed x15) (sev=1.00)
[monitor_node-5] [WARN] [1789857078.042901989] [diagnostic_monitor]: ANOMALY on [sensor_node] /sensor/scan:latency: Value 0.4011 deviated from baseline 0.0010±0.0006 (z=727.0, confirmed x16) (sev=1.00)
[monitor_node-5] [WARN] [1789857078.044857201] [diagnostic_monitor]: ANOMALY on [localization_node] /localization/pose:latency: Value 0.4034 deviated from baseline 0.0025±0.0036 (z=111.5, confirmed x16) (sev=1.00)
[monitor_node-5] [WARN] [1789857078.046228112] [diagnostic_monitor]: ANOMALY on [navigation_node] /navigation/cmd_vel:latency: Value 0.4048 deviated from baseline 0.0031±0.0036 (z=111.8, confirmed x16) (sev=1.00)
[monitor_node-5] [WARN] [1789857078.047378830] [diagnostic_monitor]: ANOMALY on [perception_node] /perception/obstacles:latency: Value 0.4062 deviated from baseline 0.0018±0.0037 (z=110.2, confirmed x16) (sev=1.00)
[monitor_node-5] [WARN] [1789857078.242129742] [diagnostic_monitor]: ANOMALY on [sensor_node] /sensor/scan:latency: Value 0.5008 deviated from baseline 0.0010±0.0006 (z=908.2, confirmed x17) (sev=1.00)
[monitor_node-5] [WARN] [1789857078.243659213] [diagnostic_monitor]: ANOMALY on [localization_node] /localization/pose:latency: Value 0.5025 deviated from baseline 0.0025±0.0036 (z=139.0, confirmed x17) (sev=1.00)
[monitor_node-5] [WARN] [1789857078.244819268] [diagnostic_monitor]: ANOMALY on [perception_node] /perception/obstacles:latency: Value 0.5036 deviated from baseline 0.0018±0.0037 (z=136.8, confirmed x17) (sev=1.00)
[monitor_node-5] [WARN] [1789857078.246424206] [diagnostic_monitor]: ANOMALY on [navigation_node] /navigation/cmd_vel:latency: Value 0.5051 deviated from baseline 0.0031±0.0036 (z=139.8, confirmed x17) (sev=1.00)
[monitor_node-5] [WARN] [1789857078.342393768] [diagnostic_monitor]: ANOMALY on [sensor_node] /sensor/scan:latency: Value 0.5011 deviated from baseline 0.0010±0.0006 (z=908.8, confirmed x18) (sev=1.00)
[monitor_node-5] [WARN] [1789857078.343916560] [diagnostic_monitor]: ANOMALY on [localization_node] /localization/pose:latency: Value 0.5028 deviated from baseline 0.0025±0.0036 (z=139.1, confirmed x18) (sev=1.00)
[monitor_node-5] [WARN] [1789857078.344994326] [diagnostic_monitor]: ANOMALY on [perception_node] /perception/obstacles:latency: Value 0.5039 deviated from baseline 0.0018±0.0037 (z=136.9, confirmed x18) (sev=1.00)
[monitor_node-5] [WARN] [1789857078.346535614] [diagnostic_monitor]: ANOMALY on [navigation_node] /navigation/cmd_vel:latency: Value 0.5053 deviated from baseline 0.0031±0.0036 (z=139.8, confirmed x18) (sev=1.00)
[monitor_node-5] [WARN] [1789857078.442245394] [diagnostic_monitor]: ANOMALY on [sensor_node] /sensor/scan:latency: Value 0.5008 deviated from baseline 0.0010±0.0006 (z=908.2, confirmed x19) (sev=1.00)
[monitor_node-5] [WARN] [1789857078.443544748] [diagnostic_monitor]: ANOMALY on [localization_node] /localization/pose:latency: Value 0.5025 deviated from baseline 0.0025±0.0036 (z=139.0, confirmed x19) (sev=1.00)
[monitor_node-5] [WARN] [1789857078.444769140] [diagnostic_monitor]: ANOMALY on [perception_node] /perception/obstacles:latency: Value 0.5033 deviated from baseline 0.0018±0.0037 (z=136.7, confirmed x19) (sev=1.00)
[monitor_node-5] [WARN] [1789857078.446699410] [diagnostic_monitor]: ANOMALY on [navigation_node] /navigation/cmd_vel:latency: Value 0.5051 deviated from baseline 0.0031±0.0036 (z=139.7, confirmed x19) (sev=1.00)
[monitor_node-5] [WARN] [1789857078.542782784] [diagnostic_monitor]: ANOMALY on [sensor_node] /sensor/scan:latency: Value 0.5009 deviated from baseline 0.0010±0.0006 (z=908.5, confirmed x20) (sev=1.00)
[monitor_node-5] [WARN] [1789857078.544493739] [diagnostic_monitor]: ANOMALY on [localization_node] /localization/pose:latency: Value 0.5030 deviated from baseline 0.0025±0.0036 (z=139.2, confirmed x20) (sev=1.00)
[monitor_node-5] [WARN] [1789857078.545572300] [diagnostic_monitor]: ANOMALY on [navigation_node] /navigation/cmd_vel:latency: Value 0.5042 deviated from baseline 0.0031±0.0036 (z=139.5, confirmed x20) (sev=1.00)
[monitor_node-5] [WARN] [1789857078.546657496] [diagnostic_monitor]: ANOMALY on [perception_node] /perception/obstacles:latency: Value 0.5054 deviated from baseline 0.0018±0.0037 (z=137.3, confirmed x20) (sev=1.00)
[monitor_node-5] [WARN] [1789857078.547540216] [diagnostic_monitor]: ANOMALY on [sensor_node] /sensor/scan:latency: Value 0.4065 deviated from baseline 0.0010±0.0006 (z=737.0, confirmed x21) (sev=1.00)
[monitor_node-5] [WARN] [1789857078.549036459] [diagnostic_monitor]: ANOMALY on [localization_node] /localization/pose:latency: Value 0.4079 deviated from baseline 0.0025±0.0036 (z=112.7, confirmed x21) (sev=1.00)
[monitor_node-5] [WARN] [1789857078.550579509] [diagnostic_monitor]: ANOMALY on [navigation_node] /navigation/cmd_vel:latency: Value 0.4092 deviated from baseline 0.0031±0.0036 (z=113.1, confirmed x21) (sev=1.00)
[monitor_node-5] [WARN] [1789857078.551832464] [diagnostic_monitor]: ANOMALY on [perception_node] /perception/obstacles:latency: Value 0.4107 deviated from baseline 0.0018±0.0037 (z=111.5, confirmed x21) (sev=1.00)
[monitor_node-5] [WARN] [1789857078.642485391] [diagnostic_monitor]: ANOMALY on [sensor_node] /sensor/scan:latency: Value 0.4013 deviated from baseline 0.0010±0.0006 (z=727.5, confirmed x22) (sev=1.00)
[monitor_node-5] [WARN] [1789857078.643947368] [diagnostic_monitor]: ANOMALY on [localization_node] /localization/pose:latency: Value 0.4029 deviated from baseline 0.0025±0.0036 (z=111.3, confirmed x22) (sev=1.00)
[monitor_node-5] [WARN] [1789857078.644964071] [diagnostic_monitor]: ANOMALY on [perception_node] /perception/obstacles:latency: Value 0.4040 deviated from baseline 0.0018±0.0037 (z=109.6, confirmed x22) (sev=1.00)
[monitor_node-5] [WARN] [1789857078.646352773] [diagnostic_monitor]: ANOMALY on [navigation_node] /navigation/cmd_vel:latency: Value 0.4052 deviated from baseline 0.0031±0.0036 (z=111.9, confirmed x22) (sev=1.00)
[monitor_node-5] [WARN] [1789857078.842476338] [diagnostic_monitor]: ANOMALY on [sensor_node] /sensor/scan:latency: Value 0.5010 deviated from baseline 0.0010±0.0006 (z=908.7, confirmed x23) (sev=1.00)
[monitor_node-5] [WARN] [1789857078.844014578] [diagnostic_monitor]: ANOMALY on [localization_node] /localization/pose:latency: Value 0.5028 deviated from baseline 0.0025±0.0036 (z=139.1, confirmed x23) (sev=1.00)
[monitor_node-5] [WARN] [1789857078.844948060] [diagnostic_monitor]: ANOMALY on [perception_node] /perception/obstacles:latency: Value 0.5039 deviated from baseline 0.0018±0.0037 (z=136.9, confirmed x23) (sev=1.00)
[monitor_node-5] [WARN] [1789857078.846044285] [diagnostic_monitor]: ANOMALY on [sensor_node] /sensor/scan:latency: Value 0.4049 deviated from baseline 0.0010±0.0006 (z=734.0, confirmed x24) (sev=1.00)
[monitor_node-5] [WARN] [1789857078.847108057] [diagnostic_monitor]: ANOMALY on [localization_node] /localization/pose:latency: Value 0.4063 deviated from baseline 0.0025±0.0036 (z=112.3, confirmed x24) (sev=1.00)
[monitor_node-5] [WARN] [1789857078.848094753] [diagnostic_monitor]: ANOMALY on [navigation_node] /navigation/cmd_vel:latency: Value 0.5069 deviated from baseline 0.0031±0.0036 (z=140.2, confirmed x23) (sev=1.00)
[monitor_node-5] [WARN] [1789857078.848965717] [diagnostic_monitor]: ANOMALY on [perception_node] /perception/obstacles:latency: Value 0.4080 deviated from baseline 0.0018±0.0037 (z=110.7, confirmed x24) (sev=1.00)
[monitor_node-5] [WARN] [1789857078.850484183] [diagnostic_monitor]: ANOMALY on [navigation_node] /navigation/cmd_vel:latency: Value 0.4091 deviated from baseline 0.0031±0.0036 (z=113.0, confirmed x24) (sev=1.00)
[monitor_node-5] [WARN] [1789857079.042281119] [diagnostic_monitor]: ANOMALY on [sensor_node] /sensor/scan:latency: Value 0.5007 deviated from baseline 0.0010±0.0006 (z=908.0, confirmed x25) (sev=1.00)
[monitor_node-5] [WARN] [1789857079.043849354] [diagnostic_monitor]: ANOMALY on [localization_node] /localization/pose:latency: Value 0.5027 deviated from baseline 0.0025±0.0036 (z=139.1, confirmed x25) (sev=1.00)
[monitor_node-5] [WARN] [1789857079.045334555] [diagnostic_monitor]: ANOMALY on [navigation_node] /navigation/cmd_vel:latency: Value 0.5037 deviated from baseline 0.0031±0.0036 (z=139.4, confirmed x25) (sev=1.00)
[monitor_node-5] [WARN] [1789857079.046545744] [diagnostic_monitor]: ANOMALY on [perception_node] /perception/obstacles:latency: Value 0.5052 deviated from baseline 0.0018±0.0037 (z=137.2, confirmed x25) (sev=1.00)
[monitor_node-5] [WARN] [1789857079.142852951] [diagnostic_monitor]: ANOMALY on [sensor_node] /sensor/scan:latency: Value 0.5014 deviated from baseline 0.0010±0.0006 (z=909.3, confirmed x26) (sev=1.00)
[monitor_node-5] [WARN] [1789857079.144370788] [diagnostic_monitor]: ANOMALY on [localization_node] /localization/pose:latency: Value 0.5031 deviated from baseline 0.0025±0.0036 (z=139.2, confirmed x26) (sev=1.00)
[monitor_node-5] [WARN] [1789857079.145403303] [diagnostic_monitor]: ANOMALY on [perception_node] /perception/obstacles:latency: Value 0.5042 deviated from baseline 0.0018±0.0037 (z=137.0, confirmed x26) (sev=1.00)
[monitor_node-5] [WARN] [1789857079.146566503] [diagnostic_monitor]: ANOMALY on [sensor_node] /sensor/scan:latency: Value 0.4054 deviated from baseline 0.0010±0.0006 (z=734.9, confirmed x27) (sev=1.00)
[monitor_node-5] [WARN] [1789857079.148004532] [diagnostic_monitor]: ANOMALY on [localization_node] /localization/pose:latency: Value 0.4068 deviated from baseline 0.0025±0.0036 (z=112.4, confirmed x27) (sev=1.00)
[monitor_node-5] [WARN] [1789857079.149230834] [diagnostic_monitor]: ANOMALY on [navigation_node] /navigation/cmd_vel:latency: Value 0.5078 deviated from baseline 0.0031±0.0036 (z=140.5, confirmed x26) (sev=1.00)
[monitor_node-5] [WARN] [1789857079.150228318] [diagnostic_monitor]: ANOMALY on [perception_node] /perception/obstacles:latency: Value 0.4091 deviated from baseline 0.0018±0.0037 (z=111.0, confirmed x27) (sev=1.00)
[monitor_node-5] [WARN] [1789857079.151877300] [diagnostic_monitor]: ANOMALY on [navigation_node] /navigation/cmd_vel:latency: Value 0.4104 deviated from baseline 0.0031±0.0036 (z=113.4, confirmed x27) (sev=1.00)
[monitor_node-5] [WARN] [1789857079.242895892] [diagnostic_monitor]: ANOMALY on [sensor_node] /sensor/scan:latency: Value 0.4011 deviated from baseline 0.0010±0.0006 (z=727.1, confirmed x28) (sev=1.00)
[monitor_node-5] [WARN] [1789857079.246337261] [diagnostic_monitor]: ANOMALY on [localization_node] /localization/pose:latency: Value 0.4048 deviated from baseline 0.0025±0.0036 (z=111.9, confirmed x28) (sev=1.00)
[monitor_node-5] [WARN] [1789857079.247929693] [diagnostic_monitor]: ANOMALY on [navigation_node] /navigation/cmd_vel:latency: Value 0.4065 deviated from baseline 0.0031±0.0036 (z=112.3, confirmed x28) (sev=1.00)
[monitor_node-5] [WARN] [1789857079.249031164] [diagnostic_monitor]: ANOMALY on [perception_node] /perception/obstacles:latency: Value 0.4079 deviated from baseline 0.0018±0.0037 (z=110.7, confirmed x28) (sev=1.00)
[monitor_node-5] [WARN] [1789857079.342244228] [diagnostic_monitor]: ANOMALY on [sensor_node] /sensor/scan:latency: Value 0.4009 deviated from baseline 0.0010±0.0006 (z=726.8, confirmed x29) (sev=1.00)
[monitor_node-5] [WARN] [1789857079.343444360] [diagnostic_monitor]: ANOMALY on [localization_node] /localization/pose:latency: Value 0.4026 deviated from baseline 0.0025±0.0036 (z=111.3, confirmed x29) (sev=1.00)
[monitor_node-5] [WARN] [1789857079.344332133] [diagnostic_monitor]: ANOMALY on [perception_node] /perception/obstacles:latency: Value 0.4034 deviated from baseline 0.0018±0.0037 (z=109.5, confirmed x29) (sev=1.00)
[monitor_node-5] [WARN] [1789857079.345798160] [diagnostic_monitor]: ANOMALY on [navigation_node] /navigation/cmd_vel:latency: Value 0.4046 deviated from baseline 0.0031±0.0036 (z=111.8, confirmed x29) (sev=1.00)
[monitor_node-5] [WARN] [1789857079.442681102] [diagnostic_monitor]: ANOMALY on [sensor_node] /sensor/scan:latency: Value 0.4012 deviated from baseline 0.0010±0.0006 (z=727.3, confirmed x30) (sev=1.00)
[monitor_node-5] [WARN] [1789857079.443824905] [diagnostic_monitor]: ANOMALY on [localization_node] /localization/pose:latency: Value 0.4031 deviated from baseline 0.0025±0.0036 (z=111.4, confirmed x30) (sev=1.00)
[monitor_node-5] [WARN] [1789857079.444762890] [diagnostic_monitor]: ANOMALY on [navigation_node] /navigation/cmd_vel:latency: Value 0.4038 deviated from baseline 0.0031±0.0036 (z=111.6, confirmed x30) (sev=1.00)
[monitor_node-5] [WARN] [1789857079.445715688] [diagnostic_monitor]: ANOMALY on [perception_node] /perception/obstacles:latency: Value 0.4047 deviated from baseline 0.0018±0.0037 (z=109.8, confirmed x30) (sev=1.00)
[monitor_node-5] [WARN] [1789857079.642614789] [diagnostic_monitor]: ANOMALY on [sensor_node] /sensor/scan:latency: Value 0.5005 deviated from baseline 0.0010±0.0006 (z=907.8, confirmed x31) (sev=1.00)
[monitor_node-5] [WARN] [1789857079.644159376] [diagnostic_monitor]: ANOMALY on [localization_node] /localization/pose:latency: Value 0.5023 deviated from baseline 0.0025±0.0036 (z=139.0, confirmed x31) (sev=1.00)
[monitor_node-5] [WARN] [1789857079.645514169] [diagnostic_monitor]: ANOMALY on [perception_node] /perception/obstacles:latency: Value 0.5037 deviated from baseline 0.0018±0.0037 (z=136.8, confirmed x31) (sev=1.00)
[monitor_node-5] [WARN] [1789857079.646666528] [diagnostic_monitor]: ANOMALY on [sensor_node] /sensor/scan:latency: Value 0.4055 deviated from baseline 0.0010±0.0006 (z=735.0, confirmed x32) (sev=1.00)
[monitor_node-5] [WARN] [1789857079.648016675] [diagnostic_monitor]: ANOMALY on [localization_node] /localization/pose:latency: Value 0.4069 deviated from baseline 0.0025±0.0036 (z=112.5, confirmed x32) (sev=1.00)
[monitor_node-5] [WARN] [1789857079.649130677] [diagnostic_monitor]: ANOMALY on [navigation_node] /navigation/cmd_vel:latency: Value 0.5073 deviated from baseline 0.0031±0.0036 (z=140.4, confirmed x31) (sev=1.00)
[monitor_node-5] [WARN] [1789857079.649785797] [diagnostic_monitor]: ANOMALY on [perception_node] /perception/obstacles:latency: Value 0.4089 deviated from baseline 0.0018±0.0037 (z=111.0, confirmed x32) (sev=1.00)
[monitor_node-5] [WARN] [1789857079.650996806] [diagnostic_monitor]: ANOMALY on [navigation_node] /navigation/cmd_vel:latency: Value 0.4100 deviated from baseline 0.0031±0.0036 (z=113.3, confirmed x32) (sev=1.00)
[monitor_node-5] [WARN] [1789857079.842503579] [diagnostic_monitor]: ANOMALY on [sensor_node] /sensor/scan:latency: Value 0.5011 deviated from baseline 0.0010±0.0006 (z=908.8, confirmed x33) (sev=1.00)
[monitor_node-5] [WARN] [1789857079.843993571] [diagnostic_monitor]: ANOMALY on [localization_node] /localization/pose:latency: Value 0.5028 deviated from baseline 0.0025±0.0036 (z=139.1, confirmed x33) (sev=1.00)
[monitor_node-5] [WARN] [1789857079.845085760] [diagnostic_monitor]: ANOMALY on [perception_node] /perception/obstacles:latency: Value 0.5039 deviated from baseline 0.0018±0.0037 (z=136.9, confirmed x33) (sev=1.00)
[monitor_node-5] [WARN] [1789857079.846094271] [diagnostic_monitor]: ANOMALY on [sensor_node] /sensor/scan:latency: Value 0.4051 deviated from baseline 0.0010±0.0006 (z=734.4, confirmed x34) (sev=1.00)
[monitor_node-5] [WARN] [1789857079.847533653] [diagnostic_monitor]: ANOMALY on [localization_node] /localization/pose:latency: Value 0.4065 deviated from baseline 0.0025±0.0036 (z=112.4, confirmed x34) (sev=1.00)
[monitor_node-5] [WARN] [1789857079.849816925] [diagnostic_monitor]: ANOMALY on [navigation_node] /navigation/cmd_vel:latency: Value 0.5074 deviated from baseline 0.0031±0.0036 (z=140.4, confirmed x33) (sev=1.00)
[monitor_node-5] [WARN] [1789857079.852781300] [diagnostic_monitor]: ANOMALY on [perception_node] /perception/obstacles:latency: Value 0.4114 deviated from baseline 0.0018±0.0037 (z=111.7, confirmed x34) (sev=1.00)
[monitor_node-5] [WARN] [1789857079.858243983] [diagnostic_monitor]: ANOMALY on [navigation_node] /navigation/cmd_vel:latency: Value 0.4168 deviated from baseline 0.0031±0.0036 (z=115.2, confirmed x34) (sev=1.00)
[monitor_node-5] [WARN] [1789857079.942454544] [diagnostic_monitor]: ANOMALY on [sensor_node] /sensor/scan:latency: Value 0.4010 deviated from baseline 0.0010±0.0006 (z=727.0, confirmed x35) (sev=1.00)
[monitor_node-5] [WARN] [1789857079.944057851] [diagnostic_monitor]: ANOMALY on [localization_node] /localization/pose:latency: Value 0.4029 deviated from baseline 0.0025±0.0036 (z=111.3, confirmed x35) (sev=1.00)
[monitor_node-5] [WARN] [1789857079.951862111] [diagnostic_monitor]: ANOMALY on [perception_node] /perception/obstacles:latency: Value 0.4039 deviated from baseline 0.0018±0.0037 (z=109.6, confirmed x35) (sev=1.00)
[monitor_node-5] [WARN] [1789857079.956327012] [diagnostic_monitor]: ANOMALY on [navigation_node] /navigation/cmd_vel:latency: Value 0.4127 deviated from baseline 0.0031±0.0036 (z=114.0, confirmed x35) (sev=1.00)
[monitor_node-5] [WARN] [1789857080.142285510] [diagnostic_monitor]: ANOMALY on [sensor_node] /sensor/scan:latency: Value 0.5008 deviated from baseline 0.0010±0.0006 (z=908.3, confirmed x36) (sev=1.00)
[monitor_node-5] [WARN] [1789857080.143639439] [diagnostic_monitor]: ANOMALY on [localization_node] /localization/pose:latency: Value 0.5024 deviated from baseline 0.0025±0.0036 (z=139.0, confirmed x36) (sev=1.00)
[monitor_node-5] [WARN] [1789857080.144544888] [diagnostic_monitor]: ANOMALY on [perception_node] /perception/obstacles:latency: Value 0.5034 deviated from baseline 0.0018±0.0037 (z=136.7, confirmed x36) (sev=1.00)
[monitor_node-5] [WARN] [1789857080.145382364] [diagnostic_monitor]: ANOMALY on [sensor_node] /sensor/scan:latency: Value 0.4044 deviated from baseline 0.0010±0.0006 (z=733.1, confirmed x37) (sev=1.00)
[monitor_node-5] [WARN] [1789857080.146472882] [diagnostic_monitor]: ANOMALY on [localization_node] /localization/pose:latency: Value 0.4056 deviated from baseline 0.0025±0.0036 (z=112.1, confirmed x37) (sev=1.00)
[monitor_node-5] [WARN] [1789857080.147528564] [diagnostic_monitor]: ANOMALY on [navigation_node] /navigation/cmd_vel:latency: Value 0.5061 deviated from baseline 0.0031±0.0036 (z=140.0, confirmed x36) (sev=1.00)
[monitor_node-5] [WARN] [1789857080.148311385] [diagnostic_monitor]: ANOMALY on [perception_node] /perception/obstacles:latency: Value 0.4074 deviated from baseline 0.0018±0.0037 (z=110.6, confirmed x37) (sev=1.00)
[monitor_node-5] [WARN] [1789857080.149808738] [diagnostic_monitor]: ANOMALY on [navigation_node] /navigation/cmd_vel:latency: Value 0.4085 deviated from baseline 0.0031±0.0036 (z=112.9, confirmed x37) (sev=1.00)
[monitor_node-5] [WARN] [1789857080.343142486] [diagnostic_monitor]: ANOMALY on [sensor_node] /sensor/scan:latency: Value 0.5009 deviated from baseline 0.0010±0.0006 (z=908.4, confirmed x38) (sev=1.00)
[monitor_node-5] [WARN] [1789857080.344967875] [diagnostic_monitor]: ANOMALY on [perception_node] /perception/obstacles:latency: Value 0.5036 deviated from baseline 0.0018±0.0037 (z=136.8, confirmed x38) (sev=1.00)
[monitor_node-5] [WARN] [1789857080.346422404] [diagnostic_monitor]: ANOMALY on [localization_node] /localization/pose:latency: Value 0.5052 deviated from baseline 0.0025±0.0036 (z=139.8, confirmed x38) (sev=1.00)
[monitor_node-5] [WARN] [1789857080.347515295] [diagnostic_monitor]: ANOMALY on [navigation_node] /navigation/cmd_vel:latency: Value 0.5065 deviated from baseline 0.0031±0.0036 (z=140.1, confirmed x38) (sev=1.00)
[monitor_node-5] [WARN] [1789857080.442348735] [diagnostic_monitor]: ANOMALY on [sensor_node] /sensor/scan:latency: Value 0.5008 deviated from baseline 0.0010±0.0006 (z=908.3, confirmed x39) (sev=1.00)
[monitor_node-5] [WARN] [1789857080.443830691] [diagnostic_monitor]: ANOMALY on [localization_node] /localization/pose:latency: Value 0.5026 deviated from baseline 0.0025±0.0036 (z=139.1, confirmed x39) (sev=1.00)
[monitor_node-5] [WARN] [1789857080.445265323] [diagnostic_monitor]: ANOMALY on [perception_node] /perception/obstacles:latency: Value 0.5036 deviated from baseline 0.0018±0.0037 (z=136.8, confirmed x39) (sev=1.00)
[monitor_node-5] [WARN] [1789857080.447073483] [diagnostic_monitor]: ANOMALY on [navigation_node] /navigation/cmd_vel:latency: Value 0.5056 deviated from baseline 0.0031±0.0036 (z=139.9, confirmed x39) (sev=1.00)
[monitor_node-5] [WARN] [1789857080.542069988] [diagnostic_monitor]: ANOMALY on [sensor_node] /sensor/scan:latency: Value 0.5006 deviated from baseline 0.0010±0.0006 (z=907.9, confirmed x40) (sev=1.00)
[monitor_node-5] [WARN] [1789857080.543513037] [diagnostic_monitor]: ANOMALY on [localization_node] /localization/pose:latency: Value 0.5026 deviated from baseline 0.0025±0.0036 (z=139.1, confirmed x40) (sev=1.00)
[monitor_node-5] [WARN] [1789857080.544745933] [diagnostic_monitor]: ANOMALY on [navigation_node] /navigation/cmd_vel:latency: Value 0.5034 deviated from baseline 0.0031±0.0036 (z=139.3, confirmed x40) (sev=1.00)
[monitor_node-5] [WARN] [1789857080.545884627] [diagnostic_monitor]: ANOMALY on [perception_node] /perception/obstacles:latency: Value 0.5047 deviated from baseline 0.0018±0.0037 (z=137.1, confirmed x40) (sev=1.00)
[monitor_node-5] [WARN] [1789857080.642244776] [diagnostic_monitor]: ANOMALY on [sensor_node] /sensor/scan:latency: Value 0.5008 deviated from baseline 0.0010±0.0006 (z=908.3, confirmed x41) (sev=1.00)
[monitor_node-5] [WARN] [1789857080.643784755] [diagnostic_monitor]: ANOMALY on [localization_node] /localization/pose:latency: Value 0.5025 deviated from baseline 0.0025±0.0036 (z=139.1, confirmed x41) (sev=1.00)
[monitor_node-5] [WARN] [1789857080.644851660] [diagnostic_monitor]: ANOMALY on [perception_node] /perception/obstacles:latency: Value 0.5037 deviated from baseline 0.0018±0.0037 (z=136.8, confirmed x41) (sev=1.00)
[monitor_node-5] [WARN] [1789857080.646517324] [diagnostic_monitor]: ANOMALY on [navigation_node] /navigation/cmd_vel:latency: Value 0.5050 deviated from baseline 0.0031±0.0036 (z=139.7, confirmed x41) (sev=1.00)
[monitor_node-5] [WARN] [1789857080.742571287] [diagnostic_monitor]: ANOMALY on [sensor_node] /sensor/scan:latency: Value 0.5011 deviated from baseline 0.0010±0.0006 (z=908.8, confirmed x42) (sev=1.00)
[monitor_node-5] [WARN] [1789857080.744275566] [diagnostic_monitor]: ANOMALY on [localization_node] /localization/pose:latency: Value 0.5029 deviated from baseline 0.0025±0.0036 (z=139.1, confirmed x42) (sev=1.00)
[monitor_node-5] [WARN] [1789857080.745406879] [diagnostic_monitor]: ANOMALY on [navigation_node] /navigation/cmd_vel:latency: Value 0.5041 deviated from baseline 0.0031±0.0036 (z=139.5, confirmed x42) (sev=1.00)
[monitor_node-5] [WARN] [1789857080.746600933] [diagnostic_monitor]: ANOMALY on [perception_node] /perception/obstacles:latency: Value 0.5054 deviated from baseline 0.0018±0.0037 (z=137.3, confirmed x42) (sev=1.00)
[monitor_node-5] [WARN] [1789857080.747744365] [diagnostic_monitor]: ANOMALY on [sensor_node] /sensor/scan:latency: Value 0.4065 deviated from baseline 0.0010±0.0006 (z=736.9, confirmed x43) (sev=1.00)
[monitor_node-5] [WARN] [1789857080.749532822] [diagnostic_monitor]: ANOMALY on [localization_node] /localization/pose:latency: Value 0.4080 deviated from baseline 0.0025±0.0036 (z=112.8, confirmed x43) (sev=1.00)
[monitor_node-5] [WARN] [1789857080.751008730] [diagnostic_monitor]: ANOMALY on [navigation_node] /navigation/cmd_vel:latency: Value 0.4095 deviated from baseline 0.0031±0.0036 (z=113.1, confirmed x43) (sev=1.00)
[monitor_node-5] [WARN] [1789857080.752794388] [diagnostic_monitor]: ANOMALY on [perception_node] /perception/obstacles:latency: Value 0.4110 deviated from baseline 0.0018±0.0037 (z=111.5, confirmed x43) (sev=1.00)
[monitor_node-5] [WARN] [1789857080.842125858] [diagnostic_monitor]: ANOMALY on [sensor_node] /sensor/scan:latency: Value 0.4008 deviated from baseline 0.0010±0.0006 (z=726.6, confirmed x44) (sev=1.00)
[monitor_node-5] [WARN] [1789857080.843560673] [diagnostic_monitor]: ANOMALY on [localization_node] /localization/pose:latency: Value 0.4026 deviated from baseline 0.0025±0.0036 (z=111.3, confirmed x44) (sev=1.00)
[monitor_node-5] [WARN] [1789857080.844236073] [diagnostic_monitor]: ANOMALY on [perception_node] /perception/obstacles:latency: Value 0.4035 deviated from baseline 0.0018±0.0037 (z=109.5, confirmed x44) (sev=1.00)
[monitor_node-5] [WARN] [1789857080.845317830] [diagnostic_monitor]: ANOMALY on [navigation_node] /navigation/cmd_vel:latency: Value 0.4044 deviated from baseline 0.0031±0.0036 (z=111.7, confirmed x44) (sev=1.00)
[monitor_node-5] [WARN] [1789857080.942624578] [diagnostic_monitor]: ANOMALY on [sensor_node] /sensor/scan:latency: Value 0.4011 deviated from baseline 0.0010±0.0006 (z=727.2, confirmed x45) (sev=1.00)
[monitor_node-5] [WARN] [1789857080.944278080] [diagnostic_monitor]: ANOMALY on [localization_node] /localization/pose:latency: Value 0.4032 deviated from baseline 0.0025±0.0036 (z=111.4, confirmed x45) (sev=1.00)
[monitor_node-5] [WARN] [1789857080.945721889] [diagnostic_monitor]: ANOMALY on [perception_node] /perception/obstacles:latency: Value 0.4045 deviated from baseline 0.0018±0.0037 (z=109.8, confirmed x45) (sev=1.00)
[monitor_node-5] [WARN] [1789857080.949519134] [diagnostic_monitor]: ANOMALY on [navigation_node] /navigation/cmd_vel:latency: Value 0.4079 deviated from baseline 0.0031±0.0036 (z=112.7, confirmed x45) (sev=1.00)
[monitor_node-5] [WARN] [1789857081.042361078] [diagnostic_monitor]: ANOMALY on [sensor_node] /sensor/scan:latency: Value 0.4010 deviated from baseline 0.0010±0.0006 (z=726.8, confirmed x46) (sev=1.00)
[monitor_node-5] [WARN] [1789857081.043973781] [diagnostic_monitor]: ANOMALY on [localization_node] /localization/pose:latency: Value 0.4027 deviated from baseline 0.0025±0.0036 (z=111.3, confirmed x46) (sev=1.00)
[monitor_node-5] [WARN] [1789857081.044908116] [diagnostic_monitor]: ANOMALY on [perception_node] /perception/obstacles:latency: Value 0.4039 deviated from baseline 0.0018±0.0037 (z=109.6, confirmed x46) (sev=1.00)
[monitor_node-5] [WARN] [1789857081.046341902] [diagnostic_monitor]: ANOMALY on [navigation_node] /navigation/cmd_vel:latency: Value 0.4050 deviated from baseline 0.0031±0.0036 (z=111.9, confirmed x46) (sev=1.00)
[monitor_node-5] [WARN] [1789857081.241973568] [diagnostic_monitor]: ANOMALY on [sensor_node] /sensor/scan:latency: Value 0.5007 deviated from baseline 0.0010±0.0006 (z=908.0, confirmed x47) (sev=1.00)
[monitor_node-5] [WARN] [1789857081.243485141] [diagnostic_monitor]: ANOMALY on [localization_node] /localization/pose:latency: Value 0.5023 deviated from baseline 0.0025±0.0036 (z=139.0, confirmed x47) (sev=1.00)
[monitor_node-5] [WARN] [1789857081.244428661] [diagnostic_monitor]: ANOMALY on [perception_node] /perception/obstacles:latency: Value 0.5033 deviated from baseline 0.0018±0.0037 (z=136.7, confirmed x47) (sev=1.00)
[monitor_node-5] [WARN] [1789857081.245531179] [diagnostic_monitor]: ANOMALY on [sensor_node] /sensor/scan:latency: Value 0.4044 deviated from baseline 0.0010±0.0006 (z=733.1, confirmed x48) (sev=1.00)
[monitor_node-5] [WARN] [1789857081.247002922] [diagnostic_monitor]: ANOMALY on [localization_node] /localization/pose:latency: Value 0.4059 deviated from baseline 0.0025±0.0036 (z=112.2, confirmed x48) (sev=1.00)
[monitor_node-5] [WARN] [1789857081.248042977] [diagnostic_monitor]: ANOMALY on [navigation_node] /navigation/cmd_vel:latency: Value 0.5069 deviated from baseline 0.0031±0.0036 (z=140.2, confirmed x47) (sev=1.00)
[monitor_node-5] [WARN] [1789857081.248980350] [diagnostic_monitor]: ANOMALY on [perception_node] /perception/obstacles:latency: Value 0.4080 deviated from baseline 0.0018±0.0037 (z=110.7, confirmed x48) (sev=1.00)
[monitor_node-5] [WARN] [1789857081.253170837] [diagnostic_monitor]: ANOMALY on [navigation_node] /navigation/cmd_vel:latency: Value 0.4109 deviated from baseline 0.0031±0.0036 (z=113.5, confirmed x48) (sev=1.00)
[monitor_node-5] [WARN] [1789857081.342436384] [diagnostic_monitor]: ANOMALY on [sensor_node] /sensor/scan:latency: Value 0.4010 deviated from baseline 0.0010±0.0006 (z=727.0, confirmed x49) (sev=1.00)
[monitor_node-5] [WARN] [1789857081.343985031] [diagnostic_monitor]: ANOMALY on [localization_node] /localization/pose:latency: Value 0.4028 deviated from baseline 0.0025±0.0036 (z=111.3, confirmed x49) (sev=1.00)
[monitor_node-5] [WARN] [1789857081.345085984] [diagnostic_monitor]: ANOMALY on [perception_node] /perception/obstacles:latency: Value 0.4039 deviated from baseline 0.0018±0.0037 (z=109.6, confirmed x49) (sev=1.00)
[monitor_node-5] [WARN] [1789857081.346777056] [diagnostic_monitor]: ANOMALY on [navigation_node] /navigation/cmd_vel:latency: Value 0.4054 deviated from baseline 0.0031±0.0036 (z=112.0, confirmed x49) (sev=1.00)
[monitor_node-5] [WARN] [1789857081.442325362] [diagnostic_monitor]: ANOMALY on [sensor_node] /sensor/scan:latency: Value 0.4009 deviated from baseline 0.0010±0.0006 (z=726.7, confirmed x50) (sev=1.00)
[monitor_node-5] [WARN] [1789857081.443810135] [diagnostic_monitor]: ANOMALY on [localization_node] /localization/pose:latency: Value 0.4026 deviated from baseline 0.0025±0.0036 (z=111.3, confirmed x50) (sev=1.00)
[monitor_node-5] [WARN] [1789857081.444872038] [diagnostic_monitor]: ANOMALY on [perception_node] /perception/obstacles:latency: Value 0.4037 deviated from baseline 0.0018±0.0037 (z=109.6, confirmed x50) (sev=1.00)
[monitor_node-5] [WARN] [1789857081.446442787] [diagnostic_monitor]: ANOMALY on [navigation_node] /navigation/cmd_vel:latency: Value 0.4050 deviated from baseline 0.0031±0.0036 (z=111.9, confirmed x50) (sev=1.00)
[monitor_node-5] [WARN] [1789857081.642418069] [diagnostic_monitor]: ANOMALY on [sensor_node] /sensor/scan:latency: Value 0.5010 deviated from baseline 0.0010±0.0006 (z=908.5, confirmed x51) (sev=1.00)
[monitor_node-5] [WARN] [1789857081.644062663] [diagnostic_monitor]: ANOMALY on [localization_node] /localization/pose:latency: Value 0.5028 deviated from baseline 0.0025±0.0036 (z=139.1, confirmed x51) (sev=1.00)
[monitor_node-5] [WARN] [1789857081.645154541] [diagnostic_monitor]: ANOMALY on [perception_node] /perception/obstacles:latency: Value 0.5040 deviated from baseline 0.0018±0.0037 (z=136.9, confirmed x51) (sev=1.00)
[monitor_node-5] [WARN] [1789857081.646203204] [diagnostic_monitor]: ANOMALY on [sensor_node] /sensor/scan:latency: Value 0.4051 deviated from baseline 0.0010±0.0006 (z=734.4, confirmed x52) (sev=1.00)
[monitor_node-5] [WARN] [1789857081.647698017] [diagnostic_monitor]: ANOMALY on [localization_node] /localization/pose:latency: Value 0.4066 deviated from baseline 0.0025±0.0036 (z=112.4, confirmed x52) (sev=1.00)
[monitor_node-5] [WARN] [1789857081.648963787] [diagnostic_monitor]: ANOMALY on [navigation_node] /navigation/cmd_vel:latency: Value 0.5076 deviated from baseline 0.0031±0.0036 (z=140.4, confirmed x51) (sev=1.00)
[monitor_node-5] [WARN] [1789857081.649877725] [diagnostic_monitor]: ANOMALY on [perception_node] /perception/obstacles:latency: Value 0.4090 deviated from baseline 0.0018±0.0037 (z=111.0, confirmed x52) (sev=1.00)
[monitor_node-5] [WARN] [1789857081.651285355] [diagnostic_monitor]: ANOMALY on [navigation_node] /navigation/cmd_vel:latency: Value 0.4104 deviated from baseline 0.0031±0.0036 (z=113.4, confirmed x52) (sev=1.00)
[monitor_node-5] [WARN] [1789857081.842108052] [diagnostic_monitor]: ANOMALY on [sensor_node] /sensor/scan:latency: Value 0.5006 deviated from baseline 0.0010±0.0006 (z=907.9, confirmed x53) (sev=1.00)
[monitor_node-5] [WARN] [1789857081.843594374] [diagnostic_monitor]: ANOMALY on [localization_node] /localization/pose:latency: Value 0.5024 deviated from baseline 0.0025±0.0036 (z=139.0, confirmed x53) (sev=1.00)
[monitor_node-5] [WARN] [1789857081.844507937] [diagnostic_monitor]: ANOMALY on [perception_node] /perception/obstacles:latency: Value 0.5034 deviated from baseline 0.0018±0.0037 (z=136.8, confirmed x53) (sev=1.00)
[monitor_node-5] [WARN] [1789857081.846132606] [diagnostic_monitor]: ANOMALY on [navigation_node] /navigation/cmd_vel:latency: Value 0.5047 deviated from baseline 0.0031±0.0036 (z=139.6, confirmed x53) (sev=1.00)
[monitor_node-5] [WARN] [1789857081.942236469] [diagnostic_monitor]: ANOMALY on [sensor_node] /sensor/scan:latency: Value 0.5007 deviated from baseline 0.0010±0.0006 (z=908.1, confirmed x54) (sev=1.00)
[monitor_node-5] [WARN] [1789857081.943691215] [diagnostic_monitor]: ANOMALY on [localization_node] /localization/pose:latency: Value 0.5025 deviated from baseline 0.0025±0.0036 (z=139.0, confirmed x54) (sev=1.00)
[monitor_node-5] [WARN] [1789857081.944590977] [diagnostic_monitor]: ANOMALY on [perception_node] /perception/obstacles:latency: Value 0.5036 deviated from baseline 0.0018±0.0037 (z=136.8, confirmed x54) (sev=1.00)
[monitor_node-5] [WARN] [1789857081.945321423] [diagnostic_monitor]: ANOMALY on [sensor_node] /sensor/scan:latency: Value 0.4045 deviated from baseline 0.0010±0.0006 (z=733.3, confirmed x55) (sev=1.00)
[monitor_node-5] [WARN] [1789857081.946749154] [diagnostic_monitor]: ANOMALY on [localization_node] /localization/pose:latency: Value 0.4058 deviated from baseline 0.0025±0.0036 (z=112.1, confirmed x55) (sev=1.00)
[monitor_node-5] [WARN] [1789857081.947940609] [diagnostic_monitor]: ANOMALY on [navigation_node] /navigation/cmd_vel:latency: Value 0.5066 deviated from baseline 0.0031±0.0036 (z=140.2, confirmed x54) (sev=1.00)
[monitor_node-5] [WARN] [1789857081.949436244] [diagnostic_monitor]: ANOMALY on [perception_node] /perception/obstacles:latency: Value 0.4085 deviated from baseline 0.0018±0.0037 (z=110.9, confirmed x55) (sev=1.00)
[monitor_node-5] [WARN] [1789857081.951952869] [diagnostic_monitor]: ANOMALY on [navigation_node] /navigation/cmd_vel:latency: Value 0.4106 deviated from baseline 0.0031±0.0036 (z=113.4, confirmed x55) (sev=1.00)
[monitor_node-5] [WARN] [1789857082.142168314] [diagnostic_monitor]: ANOMALY on [sensor_node] /sensor/scan:latency: Value 0.5010 deviated from baseline 0.0010±0.0006 (z=908.6, confirmed x56) (sev=1.00)
[monitor_node-5] [WARN] [1789857082.143517345] [diagnostic_monitor]: ANOMALY on [localization_node] /localization/pose:latency: Value 0.5024 deviated from baseline 0.0025±0.0036 (z=139.0, confirmed x56) (sev=1.00)
[monitor_node-5] [WARN] [1789857082.144286405] [diagnostic_monitor]: ANOMALY on [perception_node] /perception/obstacles:latency: Value 0.5033 deviated from baseline 0.0018±0.0037 (z=136.7, confirmed x56) (sev=1.00)
[monitor_node-5] [WARN] [1789857082.145547113] [diagnostic_monitor]: ANOMALY on [navigation_node] /navigation/cmd_vel:latency: Value 0.5043 deviated from baseline 0.0031±0.0036 (z=139.5, confirmed x56) (sev=1.00)
[monitor_node-5] [WARN] [1789857082.242190101] [diagnostic_monitor]: ANOMALY on [sensor_node] /sensor/scan:latency: Value 0.5008 deviated from baseline 0.0010±0.0006 (z=908.2, confirmed x57) (sev=1.00)
[monitor_node-5] [WARN] [1789857082.243741718] [diagnostic_monitor]: ANOMALY on [localization_node] /localization/pose:latency: Value 0.5025 deviated from baseline 0.0025±0.0036 (z=139.0, confirmed x57) (sev=1.00)
[monitor_node-5] [WARN] [1789857082.244736979] [diagnostic_monitor]: ANOMALY on [perception_node] /perception/obstacles:latency: Value 0.5036 deviated from baseline 0.0018±0.0037 (z=136.8, confirmed x57) (sev=1.00)
[monitor_node-5] [WARN] [1789857082.245698673] [diagnostic_monitor]: ANOMALY on [sensor_node] /sensor/scan:latency: Value 0.4048 deviated from baseline 0.0010±0.0006 (z=733.7, confirmed x58) (sev=1.00)
[monitor_node-5] [WARN] [1789857082.246980702] [diagnostic_monitor]: ANOMALY on [localization_node] /localization/pose:latency: Value 0.4061 deviated from baseline 0.0025±0.0036 (z=112.2, confirmed x58) (sev=1.00)
[monitor_node-5] [WARN] [1789857082.247814044] [diagnostic_monitor]: ANOMALY on [navigation_node] /navigation/cmd_vel:latency: Value 0.5068 deviated from baseline 0.0031±0.0036 (z=140.2, confirmed x57) (sev=1.00)
[monitor_node-5] [WARN] [1789857082.248670049] [diagnostic_monitor]: ANOMALY on [perception_node] /perception/obstacles:latency: Value 0.4078 deviated from baseline 0.0018±0.0037 (z=110.7, confirmed x58) (sev=1.00)
[monitor_node-5] [WARN] [1789857082.253739170] [diagnostic_monitor]: ANOMALY on [navigation_node] /navigation/cmd_vel:latency: Value 0.4115 deviated from baseline 0.0031±0.0036 (z=113.7, confirmed x58) (sev=1.00)
[localization_node-3] [INFO] [1789857082.276696256] [localization_node]: LocalizationNode: Fault cleared.
[sensor_node-1] [INFO] [1789857082.276703444] [sensor_node]: SensorNode: Fault cleared.
[perception_node-2] [INFO] [1789857082.276768373] [perception_node]: PerceptionNode: Fault cleared.
[navigation_node-4] [INFO] [1789857082.276769047] [navigation_node]: NavigationNode: Fault cleared.
[localization_node-3] [INFO] [1789857082.327213407] [localization_node]: LocalizationNode: Fault cleared.
[sensor_node-1] [INFO] [1789857082.327213647] [sensor_node]: SensorNode: Fault cleared.
[navigation_node-4] [INFO] [1789857082.327215441] [navigation_node]: NavigationNode: Fault cleared.
[perception_node-2] [INFO] [1789857082.327212904] [perception_node]: PerceptionNode: Fault cleared.
[sensor_node-1] [INFO] [1789857082.377723702] [sensor_node]: SensorNode: Fault cleared.
[perception_node-2] [INFO] [1789857082.377766441] [perception_node]: PerceptionNode: Fault cleared.
[localization_node-3] [INFO] [1789857082.377774569] [localization_node]: LocalizationNode: Fault cleared.
[navigation_node-4] [INFO] [1789857082.377785319] [navigation_node]: NavigationNode: Fault cleared.
[navigation_node-4] [INFO] [1789857082.428208894] [navigation_node]: NavigationNode: Fault cleared.
[sensor_node-1] [INFO] [1789857082.428219574] [sensor_node]: SensorNode: Fault cleared.
[localization_node-3] [INFO] [1789857082.428392977] [localization_node]: LocalizationNode: Fault cleared.
[perception_node-2] [INFO] [1789857082.428411388] [perception_node]: PerceptionNode: Fault cleared.
[perception_node-2] [INFO] [1789857082.479881495] [perception_node]: PerceptionNode: Fault cleared.
[navigation_node-4] [INFO] [1789857082.479895347] [navigation_node]: NavigationNode: Fault cleared.
[sensor_node-1] [INFO] [1789857082.479904497] [sensor_node]: SensorNode: Fault cleared.
[localization_node-3] [INFO] [1789857082.479965420] [localization_node]: LocalizationNode: Fault cleared.
[localization_node-3] [INFO] [1789857082.530404632] [localization_node]: LocalizationNode: Fault cleared.
[navigation_node-4] [INFO] [1789857082.530416487] [navigation_node]: NavigationNode: Fault cleared.
[sensor_node-1] [INFO] [1789857082.530423974] [sensor_node]: SensorNode: Fault cleared.
[perception_node-2] [INFO] [1789857082.530437262] [perception_node]: PerceptionNode: Fault cleared.
[perception_node-2] [INFO] [1789857082.580626969] [perception_node]: PerceptionNode: Fault cleared.
[navigation_node-4] [INFO] [1789857082.580627997] [navigation_node]: NavigationNode: Fault cleared.
[localization_node-3] [INFO] [1789857082.580767302] [localization_node]: LocalizationNode: Fault cleared.
[sensor_node-1] [INFO] [1789857082.580774766] [sensor_node]: SensorNode: Fault cleared.
[navigation_node-4] [INFO] [1789857082.631395847] [navigation_node]: NavigationNode: Fault cleared.
[sensor_node-1] [INFO] [1789857082.631431818] [sensor_node]: SensorNode: Fault cleared.
[localization_node-3] [INFO] [1789857082.631437308] [localization_node]: LocalizationNode: Fault cleared.
[perception_node-2] [INFO] [1789857082.631498487] [perception_node]: PerceptionNode: Fault cleared.
[monitor_node-5] [INFO] [1789857088.733375548] [diagnostic_monitor]: Anomaly window cleared. System operating nominally.
[localization_node-3] [WARN] [1789857090.692205070] [localization_node]: LocalizationNode: Injected fault "localization_failure" (param=50.0, duration=9.0s)
[localization_node-3] [WARN] [1789857090.742584622] [localization_node]: LocalizationNode: Injected fault "localization_failure" (param=50.0, duration=9.0s)
[localization_node-3] [WARN] [1789857090.743886949] [localization_node]: LocalizationNode: Emitting FAULT pose with jump 50.0m
[navigation_node-4] [WARN] [1789857090.745527695] [navigation_node]: NavigationNode: Detected invalid pose (jump=70.75m, z=99.90)! Emergency stop triggered.
[localization_node-3] [WARN] [1789857090.793279932] [localization_node]: LocalizationNode: Injected fault "localization_failure" (param=50.0, duration=9.0s)
[localization_node-3] [WARN] [1789857090.843306867] [localization_node]: LocalizationNode: Emitting FAULT pose with jump 50.0m
[localization_node-3] [WARN] [1789857090.844880673] [localization_node]: LocalizationNode: Injected fault "localization_failure" (param=50.0, duration=9.0s)
[monitor_node-5] [WARN] [1789857090.844965472] [diagnostic_monitor]: ANOMALY on [localization_node] /localization/pose:z_pos: Value 99.9000 deviated from baseline 0.0000±0.0001 (z=999000.0, confirmed x2) (sev=1.00)
[navigation_node-4] [WARN] [1789857090.845021356] [navigation_node]: NavigationNode: Detected invalid pose (jump=0.05m, z=99.90)! Emergency stop triggered.
[monitor_node-5] [WARN] [1789857090.847478920] [diagnostic_monitor]: ANOMALY on [navigation_node] /navigation/cmd_vel:linear_vel: Value 0.0000 deviated from baseline 0.5000±0.0001 (z=5000.0, confirmed x2) (sev=1.00)
[localization_node-3] [WARN] [1789857090.943312800] [localization_node]: LocalizationNode: Emitting FAULT pose with jump 50.0m
[monitor_node-5] [WARN] [1789857090.944869496] [diagnostic_monitor]: ANOMALY on [localization_node] /localization/pose:z_pos: Value 99.9000 deviated from baseline 0.0000±0.0001 (z=999000.0, confirmed x3) (sev=1.00)
[navigation_node-4] [WARN] [1789857090.944968423] [navigation_node]: NavigationNode: Detected invalid pose (jump=0.05m, z=99.90)! Emergency stop triggered.
[monitor_node-5] [WARN] [1789857090.946786458] [diagnostic_monitor]: ANOMALY on [navigation_node] /navigation/cmd_vel:linear_vel: Value 0.0000 deviated from baseline 0.5000±0.0001 (z=5000.0, confirmed x3) (sev=1.00)
[localization_node-3] [WARN] [1789857091.043043693] [localization_node]: LocalizationNode: Emitting FAULT pose with jump 50.0m
[monitor_node-5] [WARN] [1789857091.044812912] [diagnostic_monitor]: ANOMALY on [localization_node] /localization/pose:z_pos: Value 99.9000 deviated from baseline 0.0000±0.0001 (z=999000.0, confirmed x4) (sev=1.00)
[navigation_node-4] [WARN] [1789857091.045019832] [navigation_node]: NavigationNode: Detected invalid pose (jump=0.05m, z=99.90)! Emergency stop triggered.
[monitor_node-5] [WARN] [1789857091.046864619] [diagnostic_monitor]: ANOMALY on [navigation_node] /navigation/cmd_vel:linear_vel: Value 0.0000 deviated from baseline 0.5000±0.0001 (z=5000.0, confirmed x4) (sev=1.00)
[localization_node-3] [WARN] [1789857091.143285600] [localization_node]: LocalizationNode: Emitting FAULT pose with jump 50.0m
[monitor_node-5] [WARN] [1789857091.144872745] [diagnostic_monitor]: ANOMALY on [localization_node] /localization/pose:z_pos: Value 99.9000 deviated from baseline 0.0000±0.0001 (z=999000.0, confirmed x5) (sev=1.00)
[navigation_node-4] [WARN] [1789857091.145179188] [navigation_node]: NavigationNode: Detected invalid pose (jump=0.05m, z=99.90)! Emergency stop triggered.
[monitor_node-5] [WARN] [1789857091.146744906] [diagnostic_monitor]: ANOMALY on [navigation_node] /navigation/cmd_vel:linear_vel: Value 0.0000 deviated from baseline 0.5000±0.0001 (z=5000.0, confirmed x5) (sev=1.00)
[monitor_node-5] [INFO] [1789857091.235118189] [diagnostic_monitor]: 
[monitor_node-5] ============================================================
[monitor_node-5] ROOT CAUSE DIAGNOSIS: localization_node (Confidence: 1.000)
[monitor_node-5] ============================================================
[monitor_node-5] Score Breakdown  R(C) = wD*D + wT*T + wS*S + wA*A:
[monitor_node-5]   R(localization_node) = 0.3·D(1.00) + 0.3·T(1.00) + 0.25·S(1.00) + 0.15·A(1.00) = 1.000
[monitor_node-5]   - Dependency D: 1.00 (reaches 1 downstream anomalous node(s); 0 anomalous upstream node(s))
[monitor_node-5]   - Temporal   T: 1.00 (first anomaly at t=1789857090.74s; earliest in window = supporting evidence, not proof of causality)
[monitor_node-5]   - Symptom    S: 1.00 (explains 2/2 anomalous nodes)
[monitor_node-5]   - Severity   A: 1.00 (max normalised severity on node, 4 direct anomaly event(s))
[monitor_node-5] 
[monitor_node-5] Propagation Chain (evidence-ordered, via discovered graph edges):
[monitor_node-5]   localization_node (t=1789857090.74s: /localization/pose:z_pos, sev=1.00)
[monitor_node-5]     └─→ navigation_node via /localization/pose (t=1789857090.75s, +0.00s after localization_node: /navigation/cmd_vel:linear_vel)
[monitor_node-5] 
[monitor_node-5] Candidate Ranking & Evidence Comparison:
[monitor_node-5]   #2 navigation_node      R=0.575 (Δ -0.425) [first anomaly 0.00s after localization_node; downstream of localization_node in discovered graph; lower symptom coverage (50% vs 100%)]
[monitor_node-5]   #3 perception_node      R=0.565 (Δ -0.435) [no direct anomaly observed]
[monitor_node-5]   #4 sensor_node          R=0.565 (Δ -0.435) [no direct anomaly observed]
[monitor_node-5] ============================================================
[localization_node-3] [WARN] [1789857091.242855889] [localization_node]: LocalizationNode: Emitting FAULT pose with jump 50.0m
[monitor_node-5] [WARN] [1789857091.244331042] [diagnostic_monitor]: ANOMALY on [localization_node] /localization/pose:z_pos: Value 99.9000 deviated from baseline 0.0000±0.0001 (z=999000.0, confirmed x6) (sev=1.00)
[navigation_node-4] [WARN] [1789857091.244526055] [navigation_node]: NavigationNode: Detected invalid pose (jump=0.05m, z=99.90)! Emergency stop triggered.
[monitor_node-5] [WARN] [1789857091.246281868] [diagnostic_monitor]: ANOMALY on [navigation_node] /navigation/cmd_vel:linear_vel: Value 0.0000 deviated from baseline 0.5000±0.0001 (z=5000.0, confirmed x6) (sev=1.00)
[localization_node-3] [WARN] [1789857091.343042360] [localization_node]: LocalizationNode: Emitting FAULT pose with jump 50.0m
[monitor_node-5] [WARN] [1789857091.344571556] [diagnostic_monitor]: ANOMALY on [localization_node] /localization/pose:z_pos: Value 99.9000 deviated from baseline 0.0000±0.0001 (z=999000.0, confirmed x7) (sev=1.00)
[navigation_node-4] [WARN] [1789857091.344672811] [navigation_node]: NavigationNode: Detected invalid pose (jump=0.05m, z=99.90)! Emergency stop triggered.
[monitor_node-5] [WARN] [1789857091.346078501] [diagnostic_monitor]: ANOMALY on [navigation_node] /navigation/cmd_vel:linear_vel: Value 0.0000 deviated from baseline 0.5000±0.0001 (z=5000.0, confirmed x7) (sev=1.00)
[localization_node-3] [WARN] [1789857091.442826179] [localization_node]: LocalizationNode: Emitting FAULT pose with jump 50.0m
[monitor_node-5] [WARN] [1789857091.444194277] [diagnostic_monitor]: ANOMALY on [localization_node] /localization/pose:z_pos: Value 99.9000 deviated from baseline 0.0000±0.0001 (z=999000.0, confirmed x8) (sev=1.00)
[navigation_node-4] [WARN] [1789857091.444219554] [navigation_node]: NavigationNode: Detected invalid pose (jump=0.05m, z=99.90)! Emergency stop triggered.
[monitor_node-5] [WARN] [1789857091.447054535] [diagnostic_monitor]: ANOMALY on [navigation_node] /navigation/cmd_vel:linear_vel: Value 0.0000 deviated from baseline 0.5000±0.0001 (z=5000.0, confirmed x8) (sev=1.00)
[localization_node-3] [WARN] [1789857091.542938956] [localization_node]: LocalizationNode: Emitting FAULT pose with jump 50.0m
[navigation_node-4] [WARN] [1789857091.544607477] [navigation_node]: NavigationNode: Detected invalid pose (jump=0.05m, z=99.90)! Emergency stop triggered.
[monitor_node-5] [WARN] [1789857091.544846954] [diagnostic_monitor]: ANOMALY on [localization_node] /localization/pose:z_pos: Value 99.9000 deviated from baseline 0.0000±0.0001 (z=999000.0, confirmed x9) (sev=1.00)
[monitor_node-5] [WARN] [1789857091.546812684] [diagnostic_monitor]: ANOMALY on [navigation_node] /navigation/cmd_vel:linear_vel: Value 0.0000 deviated from baseline 0.5000±0.0001 (z=5000.0, confirmed x9) (sev=1.00)
[localization_node-3] [WARN] [1789857091.643193262] [localization_node]: LocalizationNode: Emitting FAULT pose with jump 50.0m
[navigation_node-4] [WARN] [1789857091.644898270] [navigation_node]: NavigationNode: Detected invalid pose (jump=0.05m, z=99.90)! Emergency stop triggered.
[monitor_node-5] [WARN] [1789857091.645398636] [diagnostic_monitor]: ANOMALY on [localization_node] /localization/pose:z_pos: Value 99.9000 deviated from baseline 0.0000±0.0001 (z=999000.0, confirmed x10) (sev=1.00)
[monitor_node-5] [WARN] [1789857091.647473163] [diagnostic_monitor]: ANOMALY on [navigation_node] /navigation/cmd_vel:linear_vel: Value 0.0000 deviated from baseline 0.5000±0.0001 (z=5000.0, confirmed x10) (sev=1.00)
[localization_node-3] [WARN] [1789857091.744297563] [localization_node]: LocalizationNode: Emitting FAULT pose with jump 50.0m
[monitor_node-5] [WARN] [1789857091.746115835] [diagnostic_monitor]: ANOMALY on [localization_node] /localization/pose:z_pos: Value 99.9000 deviated from baseline 0.0000±0.0001 (z=999000.0, confirmed x11) (sev=1.00)
[navigation_node-4] [WARN] [1789857091.746215060] [navigation_node]: NavigationNode: Detected invalid pose (jump=0.05m, z=99.90)! Emergency stop triggered.
[monitor_node-5] [WARN] [1789857091.756894947] [diagnostic_monitor]: ANOMALY on [navigation_node] /navigation/cmd_vel:linear_vel: Value 0.0000 deviated from baseline 0.5000±0.0001 (z=5000.0, confirmed x11) (sev=1.00)
[localization_node-3] [WARN] [1789857091.842474293] [localization_node]: LocalizationNode: Emitting FAULT pose with jump 50.0m
[navigation_node-4] [WARN] [1789857091.843981135] [navigation_node]: NavigationNode: Detected invalid pose (jump=0.05m, z=99.90)! Emergency stop triggered.
[monitor_node-5] [WARN] [1789857091.844917311] [diagnostic_monitor]: ANOMALY on [localization_node] /localization/pose:z_pos: Value 99.9000 deviated from baseline 0.0000±0.0001 (z=999000.0, confirmed x12) (sev=1.00)
[monitor_node-5] [WARN] [1789857091.846495398] [diagnostic_monitor]: ANOMALY on [navigation_node] /navigation/cmd_vel:linear_vel: Value 0.0000 deviated from baseline 0.5000±0.0001 (z=5000.0, confirmed x12) (sev=1.00)
[localization_node-3] [WARN] [1789857091.943049789] [localization_node]: LocalizationNode: Emitting FAULT pose with jump 50.0m
[monitor_node-5] [WARN] [1789857091.944808892] [diagnostic_monitor]: ANOMALY on [localization_node] /localization/pose:z_pos: Value 99.9000 deviated from baseline 0.0000±0.0001 (z=999000.0, confirmed x13) (sev=1.00)
[navigation_node-4] [WARN] [1789857091.944855335] [navigation_node]: NavigationNode: Detected invalid pose (jump=0.05m, z=99.90)! Emergency stop triggered.
[monitor_node-5] [WARN] [1789857091.946789740] [diagnostic_monitor]: ANOMALY on [navigation_node] /navigation/cmd_vel:linear_vel: Value 0.0000 deviated from baseline 0.5000±0.0001 (z=5000.0, confirmed x13) (sev=1.00)
[localization_node-3] [WARN] [1789857092.043052091] [localization_node]: LocalizationNode: Emitting FAULT pose with jump 50.0m
[monitor_node-5] [WARN] [1789857092.044735787] [diagnostic_monitor]: ANOMALY on [localization_node] /localization/pose:z_pos: Value 99.9000 deviated from baseline 0.0000±0.0001 (z=999000.0, confirmed x14) (sev=1.00)
[navigation_node-4] [WARN] [1789857092.044854691] [navigation_node]: NavigationNode: Detected invalid pose (jump=0.05m, z=99.90)! Emergency stop triggered.
[monitor_node-5] [WARN] [1789857092.046539390] [diagnostic_monitor]: ANOMALY on [navigation_node] /navigation/cmd_vel:linear_vel: Value 0.0000 deviated from baseline 0.5000±0.0001 (z=5000.0, confirmed x14) (sev=1.00)
[localization_node-3] [WARN] [1789857092.143123613] [localization_node]: LocalizationNode: Emitting FAULT pose with jump 50.0m
[monitor_node-5] [WARN] [1789857092.144741367] [diagnostic_monitor]: ANOMALY on [localization_node] /localization/pose:z_pos: Value 99.9000 deviated from baseline 0.0000±0.0001 (z=999000.0, confirmed x15) (sev=1.00)
[navigation_node-4] [WARN] [1789857092.144848689] [navigation_node]: NavigationNode: Detected invalid pose (jump=0.05m, z=99.90)! Emergency stop triggered.
[monitor_node-5] [WARN] [1789857092.146888104] [diagnostic_monitor]: ANOMALY on [navigation_node] /navigation/cmd_vel:linear_vel: Value 0.0000 deviated from baseline 0.5000±0.0001 (z=5000.0, confirmed x15) (sev=1.00)
[localization_node-3] [WARN] [1789857092.242766449] [localization_node]: LocalizationNode: Emitting FAULT pose with jump 50.0m
[monitor_node-5] [WARN] [1789857092.243960736] [diagnostic_monitor]: ANOMALY on [localization_node] /localization/pose:z_pos: Value 99.9000 deviated from baseline 0.0000±0.0001 (z=999000.0, confirmed x16) (sev=1.00)
[navigation_node-4] [WARN] [1789857092.244197642] [navigation_node]: NavigationNode: Detected invalid pose (jump=0.05m, z=99.90)! Emergency stop triggered.
[monitor_node-5] [WARN] [1789857092.245756720] [diagnostic_monitor]: ANOMALY on [navigation_node] /navigation/cmd_vel:linear_vel: Value 0.0000 deviated from baseline 0.5000±0.0001 (z=5000.0, confirmed x16) (sev=1.00)
[localization_node-3] [WARN] [1789857092.343532830] [localization_node]: LocalizationNode: Emitting FAULT pose with jump 50.0m
[navigation_node-4] [WARN] [1789857092.345152440] [navigation_node]: NavigationNode: Detected invalid pose (jump=0.05m, z=99.90)! Emergency stop triggered.
[monitor_node-5] [WARN] [1789857092.345178662] [diagnostic_monitor]: ANOMALY on [localization_node] /localization/pose:z_pos: Value 99.9000 deviated from baseline 0.0000±0.0001 (z=999000.0, confirmed x17) (sev=1.00)
[monitor_node-5] [WARN] [1789857092.346981406] [diagnostic_monitor]: ANOMALY on [navigation_node] /navigation/cmd_vel:linear_vel: Value 0.0000 deviated from baseline 0.5000±0.0001 (z=5000.0, confirmed x17) (sev=1.00)
[localization_node-3] [WARN] [1789857092.442844843] [localization_node]: LocalizationNode: Emitting FAULT pose with jump 50.0m
[monitor_node-5] [WARN] [1789857092.444593131] [diagnostic_monitor]: ANOMALY on [localization_node] /localization/pose:z_pos: Value 99.9000 deviated from baseline 0.0000±0.0001 (z=999000.0, confirmed x18) (sev=1.00)
[navigation_node-4] [WARN] [1789857092.444685813] [navigation_node]: NavigationNode: Detected invalid pose (jump=0.05m, z=99.90)! Emergency stop triggered.
[monitor_node-5] [WARN] [1789857092.446258614] [diagnostic_monitor]: ANOMALY on [navigation_node] /navigation/cmd_vel:linear_vel: Value 0.0000 deviated from baseline 0.5000±0.0001 (z=5000.0, confirmed x18) (sev=1.00)
[localization_node-3] [WARN] [1789857092.543181802] [localization_node]: LocalizationNode: Emitting FAULT pose with jump 50.0m
[navigation_node-4] [WARN] [1789857092.544744688] [navigation_node]: NavigationNode: Detected invalid pose (jump=0.05m, z=99.90)! Emergency stop triggered.
[monitor_node-5] [WARN] [1789857092.544870948] [diagnostic_monitor]: ANOMALY on [localization_node] /localization/pose:z_pos: Value 99.9000 deviated from baseline 0.0000±0.0001 (z=999000.0, confirmed x19) (sev=1.00)
[monitor_node-5] [WARN] [1789857092.546947113] [diagnostic_monitor]: ANOMALY on [navigation_node] /navigation/cmd_vel:linear_vel: Value 0.0000 deviated from baseline 0.5000±0.0001 (z=5000.0, confirmed x19) (sev=1.00)
[localization_node-3] [WARN] [1789857092.642856539] [localization_node]: LocalizationNode: Emitting FAULT pose with jump 50.0m
[navigation_node-4] [WARN] [1789857092.644568834] [navigation_node]: NavigationNode: Detected invalid pose (jump=0.05m, z=99.90)! Emergency stop triggered.
[monitor_node-5] [WARN] [1789857092.644592371] [diagnostic_monitor]: ANOMALY on [localization_node] /localization/pose:z_pos: Value 99.9000 deviated from baseline 0.0000±0.0001 (z=999000.0, confirmed x20) (sev=1.00)
[monitor_node-5] [WARN] [1789857092.646258041] [diagnostic_monitor]: ANOMALY on [navigation_node] /navigation/cmd_vel:linear_vel: Value 0.0000 deviated from baseline 0.5000±0.0001 (z=5000.0, confirmed x20) (sev=1.00)
[localization_node-3] [WARN] [1789857092.742751612] [localization_node]: LocalizationNode: Emitting FAULT pose with jump 50.0m
[monitor_node-5] [WARN] [1789857092.744181632] [diagnostic_monitor]: ANOMALY on [localization_node] /localization/pose:z_pos: Value 99.9000 deviated from baseline 0.0000±0.0001 (z=999000.0, confirmed x21) (sev=1.00)
[navigation_node-4] [WARN] [1789857092.744360714] [navigation_node]: NavigationNode: Detected invalid pose (jump=0.05m, z=99.90)! Emergency stop triggered.
[monitor_node-5] [WARN] [1789857092.746072657] [diagnostic_monitor]: ANOMALY on [navigation_node] /navigation/cmd_vel:linear_vel: Value 0.0000 deviated from baseline 0.5000±0.0001 (z=5000.0, confirmed x21) (sev=1.00)
[localization_node-3] [WARN] [1789857092.842848243] [localization_node]: LocalizationNode: Emitting FAULT pose with jump 50.0m
[navigation_node-4] [WARN] [1789857092.844494368] [navigation_node]: NavigationNode: Detected invalid pose (jump=0.05m, z=99.90)! Emergency stop triggered.
[monitor_node-5] [WARN] [1789857092.844687628] [diagnostic_monitor]: ANOMALY on [localization_node] /localization/pose:z_pos: Value 99.9000 deviated from baseline 0.0000±0.0001 (z=999000.0, confirmed x22) (sev=1.00)
[monitor_node-5] [WARN] [1789857092.846456915] [diagnostic_monitor]: ANOMALY on [navigation_node] /navigation/cmd_vel:linear_vel: Value 0.0000 deviated from baseline 0.5000±0.0001 (z=5000.0, confirmed x22) (sev=1.00)
[localization_node-3] [WARN] [1789857092.943767571] [localization_node]: LocalizationNode: Emitting FAULT pose with jump 50.0m
[navigation_node-4] [WARN] [1789857092.945317479] [navigation_node]: NavigationNode: Detected invalid pose (jump=0.05m, z=99.90)! Emergency stop triggered.
[monitor_node-5] [WARN] [1789857092.945444788] [diagnostic_monitor]: ANOMALY on [localization_node] /localization/pose:z_pos: Value 99.9000 deviated from baseline 0.0000±0.0001 (z=999000.0, confirmed x23) (sev=1.00)
[monitor_node-5] [WARN] [1789857092.947828898] [diagnostic_monitor]: ANOMALY on [navigation_node] /navigation/cmd_vel:linear_vel: Value 0.0000 deviated from baseline 0.5000±0.0001 (z=5000.0, confirmed x23) (sev=1.00)
[localization_node-3] [WARN] [1789857093.042629262] [localization_node]: LocalizationNode: Emitting FAULT pose with jump 50.0m
[monitor_node-5] [WARN] [1789857093.044014402] [diagnostic_monitor]: ANOMALY on [localization_node] /localization/pose:z_pos: Value 99.9000 deviated from baseline 0.0000±0.0001 (z=999000.0, confirmed x24) (sev=1.00)
[navigation_node-4] [WARN] [1789857093.044020969] [navigation_node]: NavigationNode: Detected invalid pose (jump=0.05m, z=99.90)! Emergency stop triggered.
[monitor_node-5] [WARN] [1789857093.045423378] [diagnostic_monitor]: ANOMALY on [navigation_node] /navigation/cmd_vel:linear_vel: Value 0.0000 deviated from baseline 0.5000±0.0001 (z=5000.0, confirmed x24) (sev=1.00)
[localization_node-3] [WARN] [1789857093.142983777] [localization_node]: LocalizationNode: Emitting FAULT pose with jump 50.0m
[monitor_node-5] [WARN] [1789857093.144555973] [diagnostic_monitor]: ANOMALY on [localization_node] /localization/pose:z_pos: Value 99.9000 deviated from baseline 0.0000±0.0001 (z=999000.0, confirmed x25) (sev=1.00)
[navigation_node-4] [WARN] [1789857093.144661661] [navigation_node]: NavigationNode: Detected invalid pose (jump=0.05m, z=99.90)! Emergency stop triggered.
[monitor_node-5] [WARN] [1789857093.146197312] [diagnostic_monitor]: ANOMALY on [navigation_node] /navigation/cmd_vel:linear_vel: Value 0.0000 deviated from baseline 0.5000±0.0001 (z=5000.0, confirmed x25) (sev=1.00)
[localization_node-3] [WARN] [1789857093.242860366] [localization_node]: LocalizationNode: Emitting FAULT pose with jump 50.0m
[monitor_node-5] [WARN] [1789857093.244275812] [diagnostic_monitor]: ANOMALY on [localization_node] /localization/pose:z_pos: Value 99.9000 deviated from baseline 0.0000±0.0001 (z=999000.0, confirmed x26) (sev=1.00)
[navigation_node-4] [WARN] [1789857093.244464065] [navigation_node]: NavigationNode: Detected invalid pose (jump=0.05m, z=99.90)! Emergency stop triggered.
[monitor_node-5] [WARN] [1789857093.246170760] [diagnostic_monitor]: ANOMALY on [navigation_node] /navigation/cmd_vel:linear_vel: Value 0.0000 deviated from baseline 0.5000±0.0001 (z=5000.0, confirmed x26) (sev=1.00)
[localization_node-3] [WARN] [1789857093.342915232] [localization_node]: LocalizationNode: Emitting FAULT pose with jump 50.0m
[monitor_node-5] [WARN] [1789857093.344445834] [diagnostic_monitor]: ANOMALY on [localization_node] /localization/pose:z_pos: Value 99.9000 deviated from baseline 0.0000±0.0001 (z=999000.0, confirmed x27) (sev=1.00)
[navigation_node-4] [WARN] [1789857093.344530149] [navigation_node]: NavigationNode: Detected invalid pose (jump=0.05m, z=99.90)! Emergency stop triggered.
[monitor_node-5] [WARN] [1789857093.346331783] [diagnostic_monitor]: ANOMALY on [navigation_node] /navigation/cmd_vel:linear_vel: Value 0.0000 deviated from baseline 0.5000±0.0001 (z=5000.0, confirmed x27) (sev=1.00)
[localization_node-3] [WARN] [1789857093.442753372] [localization_node]: LocalizationNode: Emitting FAULT pose with jump 50.0m
[monitor_node-5] [WARN] [1789857093.444294220] [diagnostic_monitor]: ANOMALY on [localization_node] /localization/pose:z_pos: Value 99.9000 deviated from baseline 0.0000±0.0001 (z=999000.0, confirmed x28) (sev=1.00)
[navigation_node-4] [WARN] [1789857093.444446066] [navigation_node]: NavigationNode: Detected invalid pose (jump=0.05m, z=99.90)! Emergency stop triggered.
[monitor_node-5] [WARN] [1789857093.446061130] [diagnostic_monitor]: ANOMALY on [navigation_node] /navigation/cmd_vel:linear_vel: Value 0.0000 deviated from baseline 0.5000±0.0001 (z=5000.0, confirmed x28) (sev=1.00)
[localization_node-3] [WARN] [1789857093.542887303] [localization_node]: LocalizationNode: Emitting FAULT pose with jump 50.0m
[monitor_node-5] [WARN] [1789857093.544471101] [diagnostic_monitor]: ANOMALY on [localization_node] /localization/pose:z_pos: Value 99.9000 deviated from baseline 0.0000±0.0001 (z=999000.0, confirmed x29) (sev=1.00)
[navigation_node-4] [WARN] [1789857093.544617092] [navigation_node]: NavigationNode: Detected invalid pose (jump=0.05m, z=99.90)! Emergency stop triggered.
[monitor_node-5] [WARN] [1789857093.546204300] [diagnostic_monitor]: ANOMALY on [navigation_node] /navigation/cmd_vel:linear_vel: Value 0.0000 deviated from baseline 0.5000±0.0001 (z=5000.0, confirmed x29) (sev=1.00)
[localization_node-3] [WARN] [1789857093.642690214] [localization_node]: LocalizationNode: Emitting FAULT pose with jump 50.0m
[monitor_node-5] [WARN] [1789857093.644239070] [diagnostic_monitor]: ANOMALY on [localization_node] /localization/pose:z_pos: Value 99.9000 deviated from baseline 0.0000±0.0001 (z=999000.0, confirmed x30) (sev=1.00)
[navigation_node-4] [WARN] [1789857093.644361661] [navigation_node]: NavigationNode: Detected invalid pose (jump=0.05m, z=99.90)! Emergency stop triggered.
[monitor_node-5] [WARN] [1789857093.646039551] [diagnostic_monitor]: ANOMALY on [navigation_node] /navigation/cmd_vel:linear_vel: Value 0.0000 deviated from baseline 0.5000±0.0001 (z=5000.0, confirmed x30) (sev=1.00)
[localization_node-3] [WARN] [1789857093.742782054] [localization_node]: LocalizationNode: Emitting FAULT pose with jump 50.0m
[monitor_node-5] [WARN] [1789857093.744349163] [diagnostic_monitor]: ANOMALY on [localization_node] /localization/pose:z_pos: Value 99.9000 deviated from baseline 0.0000±0.0001 (z=999000.0, confirmed x31) (sev=1.00)
[navigation_node-4] [WARN] [1789857093.744448155] [navigation_node]: NavigationNode: Detected invalid pose (jump=0.05m, z=99.90)! Emergency stop triggered.
[monitor_node-5] [WARN] [1789857093.746346910] [diagnostic_monitor]: ANOMALY on [navigation_node] /navigation/cmd_vel:linear_vel: Value 0.0000 deviated from baseline 0.5000±0.0001 (z=5000.0, confirmed x31) (sev=1.00)
[localization_node-3] [WARN] [1789857093.842963572] [localization_node]: LocalizationNode: Emitting FAULT pose with jump 50.0m
[navigation_node-4] [WARN] [1789857093.844493682] [navigation_node]: NavigationNode: Detected invalid pose (jump=0.05m, z=99.90)! Emergency stop triggered.
[monitor_node-5] [WARN] [1789857093.844599847] [diagnostic_monitor]: ANOMALY on [localization_node] /localization/pose:z_pos: Value 99.9000 deviated from baseline 0.0000±0.0001 (z=999000.0, confirmed x32) (sev=1.00)
[monitor_node-5] [WARN] [1789857093.846069660] [diagnostic_monitor]: ANOMALY on [navigation_node] /navigation/cmd_vel:linear_vel: Value 0.0000 deviated from baseline 0.5000±0.0001 (z=5000.0, confirmed x32) (sev=1.00)
[localization_node-3] [WARN] [1789857093.943148125] [localization_node]: LocalizationNode: Emitting FAULT pose with jump 50.0m
[monitor_node-5] [WARN] [1789857093.944744874] [diagnostic_monitor]: ANOMALY on [localization_node] /localization/pose:z_pos: Value 99.9000 deviated from baseline 0.0000±0.0001 (z=999000.0, confirmed x33) (sev=1.00)
[navigation_node-4] [WARN] [1789857093.944746450] [navigation_node]: NavigationNode: Detected invalid pose (jump=0.05m, z=99.90)! Emergency stop triggered.
[monitor_node-5] [WARN] [1789857093.946716238] [diagnostic_monitor]: ANOMALY on [navigation_node] /navigation/cmd_vel:linear_vel: Value 0.0000 deviated from baseline 0.5000±0.0001 (z=5000.0, confirmed x33) (sev=1.00)
[localization_node-3] [WARN] [1789857094.042793471] [localization_node]: LocalizationNode: Emitting FAULT pose with jump 50.0m
[navigation_node-4] [WARN] [1789857094.044468407] [navigation_node]: NavigationNode: Detected invalid pose (jump=0.05m, z=99.90)! Emergency stop triggered.
[monitor_node-5] [WARN] [1789857094.044535989] [diagnostic_monitor]: ANOMALY on [localization_node] /localization/pose:z_pos: Value 99.9000 deviated from baseline 0.0000±0.0001 (z=999000.0, confirmed x34) (sev=1.00)
[monitor_node-5] [WARN] [1789857094.047760352] [diagnostic_monitor]: ANOMALY on [navigation_node] /navigation/cmd_vel:linear_vel: Value 0.0000 deviated from baseline 0.5000±0.0001 (z=5000.0, confirmed x34) (sev=1.00)
[localization_node-3] [WARN] [1789857094.142784059] [localization_node]: LocalizationNode: Emitting FAULT pose with jump 50.0m
[navigation_node-4] [WARN] [1789857094.144220984] [navigation_node]: NavigationNode: Detected invalid pose (jump=0.05m, z=99.90)! Emergency stop triggered.
[monitor_node-5] [WARN] [1789857094.144243408] [diagnostic_monitor]: ANOMALY on [localization_node] /localization/pose:z_pos: Value 99.9000 deviated from baseline 0.0000±0.0001 (z=999000.0, confirmed x35) (sev=1.00)
[monitor_node-5] [WARN] [1789857094.145697656] [diagnostic_monitor]: ANOMALY on [navigation_node] /navigation/cmd_vel:linear_vel: Value 0.0000 deviated from baseline 0.5000±0.0001 (z=5000.0, confirmed x35) (sev=1.00)
[localization_node-3] [WARN] [1789857094.243051634] [localization_node]: LocalizationNode: Emitting FAULT pose with jump 50.0m
[monitor_node-5] [WARN] [1789857094.244773309] [diagnostic_monitor]: ANOMALY on [localization_node] /localization/pose:z_pos: Value 99.9000 deviated from baseline 0.0000±0.0001 (z=999000.0, confirmed x36) (sev=1.00)
[navigation_node-4] [WARN] [1789857094.244802671] [navigation_node]: NavigationNode: Detected invalid pose (jump=0.05m, z=99.90)! Emergency stop triggered.
[monitor_node-5] [WARN] [1789857094.246697978] [diagnostic_monitor]: ANOMALY on [navigation_node] /navigation/cmd_vel:linear_vel: Value 0.0000 deviated from baseline 0.5000±0.0001 (z=5000.0, confirmed x36) (sev=1.00)
[localization_node-3] [WARN] [1789857094.342816475] [localization_node]: LocalizationNode: Emitting FAULT pose with jump 50.0m
[monitor_node-5] [WARN] [1789857094.344312852] [diagnostic_monitor]: ANOMALY on [localization_node] /localization/pose:z_pos: Value 99.9000 deviated from baseline 0.0000±0.0001 (z=999000.0, confirmed x37) (sev=1.00)
[navigation_node-4] [WARN] [1789857094.344442876] [navigation_node]: NavigationNode: Detected invalid pose (jump=0.05m, z=99.90)! Emergency stop triggered.
[monitor_node-5] [WARN] [1789857094.346153794] [diagnostic_monitor]: ANOMALY on [navigation_node] /navigation/cmd_vel:linear_vel: Value 0.0000 deviated from baseline 0.5000±0.0001 (z=5000.0, confirmed x37) (sev=1.00)
[localization_node-3] [WARN] [1789857094.442991733] [localization_node]: LocalizationNode: Emitting FAULT pose with jump 50.0m
[monitor_node-5] [WARN] [1789857094.444553578] [diagnostic_monitor]: ANOMALY on [localization_node] /localization/pose:z_pos: Value 99.9000 deviated from baseline 0.0000±0.0001 (z=999000.0, confirmed x38) (sev=1.00)
[navigation_node-4] [WARN] [1789857094.444639644] [navigation_node]: NavigationNode: Detected invalid pose (jump=0.05m, z=99.90)! Emergency stop triggered.
[monitor_node-5] [WARN] [1789857094.446393982] [diagnostic_monitor]: ANOMALY on [navigation_node] /navigation/cmd_vel:linear_vel: Value 0.0000 deviated from baseline 0.5000±0.0001 (z=5000.0, confirmed x38) (sev=1.00)
[localization_node-3] [WARN] [1789857094.542795709] [localization_node]: LocalizationNode: Emitting FAULT pose with jump 50.0m
[monitor_node-5] [WARN] [1789857094.544070999] [diagnostic_monitor]: ANOMALY on [localization_node] /localization/pose:z_pos: Value 99.9000 deviated from baseline 0.0000±0.0001 (z=999000.0, confirmed x39) (sev=1.00)
[navigation_node-4] [WARN] [1789857094.544179389] [navigation_node]: NavigationNode: Detected invalid pose (jump=0.05m, z=99.90)! Emergency stop triggered.
[monitor_node-5] [WARN] [1789857094.545381911] [diagnostic_monitor]: ANOMALY on [navigation_node] /navigation/cmd_vel:linear_vel: Value 0.0000 deviated from baseline 0.5000±0.0001 (z=5000.0, confirmed x39) (sev=1.00)
[localization_node-3] [WARN] [1789857094.643172945] [localization_node]: LocalizationNode: Emitting FAULT pose with jump 50.0m
[navigation_node-4] [WARN] [1789857094.644832431] [navigation_node]: NavigationNode: Detected invalid pose (jump=0.05m, z=99.90)! Emergency stop triggered.
[monitor_node-5] [WARN] [1789857094.646820731] [diagnostic_monitor]: ANOMALY on [localization_node] /localization/pose:z_pos: Value 99.9000 deviated from baseline 0.0000±0.0001 (z=999000.0, confirmed x40) (sev=1.00)
[monitor_node-5] [WARN] [1789857094.648882409] [diagnostic_monitor]: ANOMALY on [navigation_node] /navigation/cmd_vel:linear_vel: Value 0.0000 deviated from baseline 0.5000±0.0001 (z=5000.0, confirmed x40) (sev=1.00)
[localization_node-3] [WARN] [1789857094.742904334] [localization_node]: LocalizationNode: Emitting FAULT pose with jump 50.0m
[monitor_node-5] [WARN] [1789857094.744490423] [diagnostic_monitor]: ANOMALY on [localization_node] /localization/pose:z_pos: Value 99.9000 deviated from baseline 0.0000±0.0001 (z=999000.0, confirmed x41) (sev=1.00)
[navigation_node-4] [WARN] [1789857094.744617113] [navigation_node]: NavigationNode: Detected invalid pose (jump=0.05m, z=99.90)! Emergency stop triggered.
[monitor_node-5] [WARN] [1789857094.746078879] [diagnostic_monitor]: ANOMALY on [navigation_node] /navigation/cmd_vel:linear_vel: Value 0.0000 deviated from baseline 0.5000±0.0001 (z=5000.0, confirmed x41) (sev=1.00)
[localization_node-3] [WARN] [1789857094.842887919] [localization_node]: LocalizationNode: Emitting FAULT pose with jump 50.0m
[monitor_node-5] [WARN] [1789857094.844634369] [diagnostic_monitor]: ANOMALY on [localization_node] /localization/pose:z_pos: Value 99.9000 deviated from baseline 0.0000±0.0001 (z=999000.0, confirmed x42) (sev=1.00)
[navigation_node-4] [WARN] [1789857094.844762840] [navigation_node]: NavigationNode: Detected invalid pose (jump=0.05m, z=99.90)! Emergency stop triggered.
[monitor_node-5] [WARN] [1789857094.848208140] [diagnostic_monitor]: ANOMALY on [navigation_node] /navigation/cmd_vel:linear_vel: Value 0.0000 deviated from baseline 0.5000±0.0001 (z=5000.0, confirmed x42) (sev=1.00)
[localization_node-3] [WARN] [1789857094.943016043] [localization_node]: LocalizationNode: Emitting FAULT pose with jump 50.0m
[monitor_node-5] [WARN] [1789857094.944361741] [diagnostic_monitor]: ANOMALY on [localization_node] /localization/pose:z_pos: Value 99.9000 deviated from baseline 0.0000±0.0001 (z=999000.0, confirmed x43) (sev=1.00)
[navigation_node-4] [WARN] [1789857094.944617161] [navigation_node]: NavigationNode: Detected invalid pose (jump=0.05m, z=99.90)! Emergency stop triggered.
[monitor_node-5] [WARN] [1789857094.946242788] [diagnostic_monitor]: ANOMALY on [navigation_node] /navigation/cmd_vel:linear_vel: Value 0.0000 deviated from baseline 0.5000±0.0001 (z=5000.0, confirmed x43) (sev=1.00)
[localization_node-3] [WARN] [1789857095.042770663] [localization_node]: LocalizationNode: Emitting FAULT pose with jump 50.0m
[monitor_node-5] [WARN] [1789857095.044317389] [diagnostic_monitor]: ANOMALY on [localization_node] /localization/pose:z_pos: Value 99.9000 deviated from baseline 0.0000±0.0001 (z=999000.0, confirmed x44) (sev=1.00)
[navigation_node-4] [WARN] [1789857095.044448987] [navigation_node]: NavigationNode: Detected invalid pose (jump=0.05m, z=99.90)! Emergency stop triggered.
[monitor_node-5] [WARN] [1789857095.046218131] [diagnostic_monitor]: ANOMALY on [navigation_node] /navigation/cmd_vel:linear_vel: Value 0.0000 deviated from baseline 0.5000±0.0001 (z=5000.0, confirmed x44) (sev=1.00)
[localization_node-3] [WARN] [1789857095.142833332] [localization_node]: LocalizationNode: Emitting FAULT pose with jump 50.0m
[monitor_node-5] [WARN] [1789857095.144214689] [diagnostic_monitor]: ANOMALY on [localization_node] /localization/pose:z_pos: Value 99.9000 deviated from baseline 0.0000±0.0001 (z=999000.0, confirmed x45) (sev=1.00)
[navigation_node-4] [WARN] [1789857095.144268148] [navigation_node]: NavigationNode: Detected invalid pose (jump=0.05m, z=99.90)! Emergency stop triggered.
[monitor_node-5] [WARN] [1789857095.145964723] [diagnostic_monitor]: ANOMALY on [navigation_node] /navigation/cmd_vel:linear_vel: Value 0.0000 deviated from baseline 0.5000±0.0001 (z=5000.0, confirmed x45) (sev=1.00)
[localization_node-3] [WARN] [1789857095.243029221] [localization_node]: LocalizationNode: Emitting FAULT pose with jump 50.0m
[navigation_node-4] [WARN] [1789857095.244691178] [navigation_node]: NavigationNode: Detected invalid pose (jump=0.05m, z=99.90)! Emergency stop triggered.
[monitor_node-5] [WARN] [1789857095.244702684] [diagnostic_monitor]: ANOMALY on [localization_node] /localization/pose:z_pos: Value 99.9000 deviated from baseline 0.0000±0.0001 (z=999000.0, confirmed x46) (sev=1.00)
[monitor_node-5] [WARN] [1789857095.246253500] [diagnostic_monitor]: ANOMALY on [navigation_node] /navigation/cmd_vel:linear_vel: Value 0.0000 deviated from baseline 0.5000±0.0001 (z=5000.0, confirmed x46) (sev=1.00)
[localization_node-3] [WARN] [1789857095.342870237] [localization_node]: LocalizationNode: Emitting FAULT pose with jump 50.0m
[monitor_node-5] [WARN] [1789857095.344407688] [diagnostic_monitor]: ANOMALY on [localization_node] /localization/pose:z_pos: Value 99.9000 deviated from baseline 0.0000±0.0001 (z=999000.0, confirmed x47) (sev=1.00)
[navigation_node-4] [WARN] [1789857095.344530731] [navigation_node]: NavigationNode: Detected invalid pose (jump=0.05m, z=99.90)! Emergency stop triggered.
[monitor_node-5] [WARN] [1789857095.346117236] [diagnostic_monitor]: ANOMALY on [navigation_node] /navigation/cmd_vel:linear_vel: Value 0.0000 deviated from baseline 0.5000±0.0001 (z=5000.0, confirmed x47) (sev=1.00)
[localization_node-3] [WARN] [1789857095.442888516] [localization_node]: LocalizationNode: Emitting FAULT pose with jump 50.0m
[monitor_node-5] [WARN] [1789857095.444523546] [diagnostic_monitor]: ANOMALY on [localization_node] /localization/pose:z_pos: Value 99.9000 deviated from baseline 0.0000±0.0001 (z=999000.0, confirmed x48) (sev=1.00)
[navigation_node-4] [WARN] [1789857095.444549618] [navigation_node]: NavigationNode: Detected invalid pose (jump=0.05m, z=99.90)! Emergency stop triggered.
[monitor_node-5] [WARN] [1789857095.446192509] [diagnostic_monitor]: ANOMALY on [navigation_node] /navigation/cmd_vel:linear_vel: Value 0.0000 deviated from baseline 0.5000±0.0001 (z=5000.0, confirmed x48) (sev=1.00)
[localization_node-3] [WARN] [1789857095.542831575] [localization_node]: LocalizationNode: Emitting FAULT pose with jump 50.0m
[navigation_node-4] [WARN] [1789857095.544518119] [navigation_node]: NavigationNode: Detected invalid pose (jump=0.05m, z=99.90)! Emergency stop triggered.
[monitor_node-5] [WARN] [1789857095.544522823] [diagnostic_monitor]: ANOMALY on [localization_node] /localization/pose:z_pos: Value 99.9000 deviated from baseline 0.0000±0.0001 (z=999000.0, confirmed x49) (sev=1.00)
[monitor_node-5] [WARN] [1789857095.545984454] [diagnostic_monitor]: ANOMALY on [navigation_node] /navigation/cmd_vel:linear_vel: Value 0.0000 deviated from baseline 0.5000±0.0001 (z=5000.0, confirmed x49) (sev=1.00)
[localization_node-3] [WARN] [1789857095.643125247] [localization_node]: LocalizationNode: Emitting FAULT pose with jump 50.0m
[monitor_node-5] [WARN] [1789857095.644520940] [diagnostic_monitor]: ANOMALY on [localization_node] /localization/pose:z_pos: Value 99.9000 deviated from baseline 0.0000±0.0001 (z=999000.0, confirmed x50) (sev=1.00)
[navigation_node-4] [WARN] [1789857095.644655446] [navigation_node]: NavigationNode: Detected invalid pose (jump=0.05m, z=99.90)! Emergency stop triggered.
[monitor_node-5] [WARN] [1789857095.646432659] [diagnostic_monitor]: ANOMALY on [navigation_node] /navigation/cmd_vel:linear_vel: Value 0.0000 deviated from baseline 0.5000±0.0001 (z=5000.0, confirmed x50) (sev=1.00)
[localization_node-3] [WARN] [1789857095.742897423] [localization_node]: LocalizationNode: Emitting FAULT pose with jump 50.0m
[monitor_node-5] [WARN] [1789857095.744191928] [diagnostic_monitor]: ANOMALY on [localization_node] /localization/pose:z_pos: Value 99.9000 deviated from baseline 0.0000±0.0001 (z=999000.0, confirmed x51) (sev=1.00)
[navigation_node-4] [WARN] [1789857095.744542328] [navigation_node]: NavigationNode: Detected invalid pose (jump=0.05m, z=99.90)! Emergency stop triggered.
[monitor_node-5] [WARN] [1789857095.746304794] [diagnostic_monitor]: ANOMALY on [navigation_node] /navigation/cmd_vel:linear_vel: Value 0.0000 deviated from baseline 0.5000±0.0001 (z=5000.0, confirmed x51) (sev=1.00)
[localization_node-3] [WARN] [1789857095.843085117] [localization_node]: LocalizationNode: Emitting FAULT pose with jump 50.0m
[monitor_node-5] [WARN] [1789857095.844571527] [diagnostic_monitor]: ANOMALY on [localization_node] /localization/pose:z_pos: Value 99.9000 deviated from baseline 0.0000±0.0001 (z=999000.0, confirmed x52) (sev=1.00)
[navigation_node-4] [WARN] [1789857095.844656985] [navigation_node]: NavigationNode: Detected invalid pose (jump=0.05m, z=99.90)! Emergency stop triggered.
[monitor_node-5] [WARN] [1789857095.846324888] [diagnostic_monitor]: ANOMALY on [navigation_node] /navigation/cmd_vel:linear_vel: Value 0.0000 deviated from baseline 0.5000±0.0001 (z=5000.0, confirmed x52) (sev=1.00)
[localization_node-3] [WARN] [1789857095.942836932] [localization_node]: LocalizationNode: Emitting FAULT pose with jump 50.0m
[monitor_node-5] [WARN] [1789857095.944251197] [diagnostic_monitor]: ANOMALY on [localization_node] /localization/pose:z_pos: Value 99.9000 deviated from baseline 0.0000±0.0001 (z=999000.0, confirmed x53) (sev=1.00)
[navigation_node-4] [WARN] [1789857095.944490321] [navigation_node]: NavigationNode: Detected invalid pose (jump=0.05m, z=99.90)! Emergency stop triggered.
[monitor_node-5] [WARN] [1789857095.946579950] [diagnostic_monitor]: ANOMALY on [navigation_node] /navigation/cmd_vel:linear_vel: Value 0.0000 deviated from baseline 0.5000±0.0001 (z=5000.0, confirmed x53) (sev=1.00)
[localization_node-3] [WARN] [1789857096.042891646] [localization_node]: LocalizationNode: Emitting FAULT pose with jump 50.0m
[monitor_node-5] [WARN] [1789857096.044539346] [diagnostic_monitor]: ANOMALY on [localization_node] /localization/pose:z_pos: Value 99.9000 deviated from baseline 0.0000±0.0001 (z=999000.0, confirmed x54) (sev=1.00)
[navigation_node-4] [WARN] [1789857096.044616404] [navigation_node]: NavigationNode: Detected invalid pose (jump=0.05m, z=99.90)! Emergency stop triggered.
[monitor_node-5] [WARN] [1789857096.046320679] [diagnostic_monitor]: ANOMALY on [navigation_node] /navigation/cmd_vel:linear_vel: Value 0.0000 deviated from baseline 0.5000±0.0001 (z=5000.0, confirmed x54) (sev=1.00)
[localization_node-3] [WARN] [1789857096.142767950] [localization_node]: LocalizationNode: Emitting FAULT pose with jump 50.0m
[monitor_node-5] [WARN] [1789857096.144291831] [diagnostic_monitor]: ANOMALY on [localization_node] /localization/pose:z_pos: Value 99.9000 deviated from baseline 0.0000±0.0001 (z=999000.0, confirmed x55) (sev=1.00)
[navigation_node-4] [WARN] [1789857096.145559920] [navigation_node]: NavigationNode: Detected invalid pose (jump=0.05m, z=99.90)! Emergency stop triggered.
[monitor_node-5] [WARN] [1789857096.147751003] [diagnostic_monitor]: ANOMALY on [navigation_node] /navigation/cmd_vel:linear_vel: Value 0.0000 deviated from baseline 0.5000±0.0001 (z=5000.0, confirmed x55) (sev=1.00)
[localization_node-3] [WARN] [1789857096.242940659] [localization_node]: LocalizationNode: Emitting FAULT pose with jump 50.0m
[monitor_node-5] [WARN] [1789857096.244503914] [diagnostic_monitor]: ANOMALY on [localization_node] /localization/pose:z_pos: Value 99.9000 deviated from baseline 0.0000±0.0001 (z=999000.0, confirmed x56) (sev=1.00)
[navigation_node-4] [WARN] [1789857096.244534895] [navigation_node]: NavigationNode: Detected invalid pose (jump=0.05m, z=99.90)! Emergency stop triggered.
[monitor_node-5] [WARN] [1789857096.246027317] [diagnostic_monitor]: ANOMALY on [navigation_node] /navigation/cmd_vel:linear_vel: Value 0.0000 deviated from baseline 0.5000±0.0001 (z=5000.0, confirmed x56) (sev=1.00)
[localization_node-3] [WARN] [1789857096.342937078] [localization_node]: LocalizationNode: Emitting FAULT pose with jump 50.0m
[monitor_node-5] [WARN] [1789857096.344233493] [diagnostic_monitor]: ANOMALY on [localization_node] /localization/pose:z_pos: Value 99.9000 deviated from baseline 0.0000±0.0001 (z=999000.0, confirmed x57) (sev=1.00)
[navigation_node-4] [WARN] [1789857096.344360587] [navigation_node]: NavigationNode: Detected invalid pose (jump=0.05m, z=99.90)! Emergency stop triggered.
[monitor_node-5] [WARN] [1789857096.346022549] [diagnostic_monitor]: ANOMALY on [navigation_node] /navigation/cmd_vel:linear_vel: Value 0.0000 deviated from baseline 0.5000±0.0001 (z=5000.0, confirmed x57) (sev=1.00)
[localization_node-3] [WARN] [1789857096.443039070] [localization_node]: LocalizationNode: Emitting FAULT pose with jump 50.0m
[navigation_node-4] [WARN] [1789857096.444704822] [navigation_node]: NavigationNode: Detected invalid pose (jump=0.05m, z=99.90)! Emergency stop triggered.
[monitor_node-5] [WARN] [1789857096.445307119] [diagnostic_monitor]: ANOMALY on [localization_node] /localization/pose:z_pos: Value 99.9000 deviated from baseline 0.0000±0.0001 (z=999000.0, confirmed x58) (sev=1.00)
[monitor_node-5] [WARN] [1789857096.448410967] [diagnostic_monitor]: ANOMALY on [navigation_node] /navigation/cmd_vel:linear_vel: Value 0.0000 deviated from baseline 0.5000±0.0001 (z=5000.0, confirmed x58) (sev=1.00)
[localization_node-3] [WARN] [1789857096.542952203] [localization_node]: LocalizationNode: Emitting FAULT pose with jump 50.0m
[navigation_node-4] [WARN] [1789857096.544401921] [navigation_node]: NavigationNode: Detected invalid pose (jump=0.05m, z=99.90)! Emergency stop triggered.
[monitor_node-5] [WARN] [1789857096.544600492] [diagnostic_monitor]: ANOMALY on [localization_node] /localization/pose:z_pos: Value 99.9000 deviated from baseline 0.0000±0.0001 (z=999000.0, confirmed x59) (sev=1.00)
[monitor_node-5] [WARN] [1789857096.545979690] [diagnostic_monitor]: ANOMALY on [navigation_node] /navigation/cmd_vel:linear_vel: Value 0.0000 deviated from baseline 0.5000±0.0001 (z=5000.0, confirmed x59) (sev=1.00)
[localization_node-3] [WARN] [1789857096.642661917] [localization_node]: LocalizationNode: Emitting FAULT pose with jump 50.0m
[monitor_node-5] [WARN] [1789857096.644149751] [diagnostic_monitor]: ANOMALY on [localization_node] /localization/pose:z_pos: Value 99.9000 deviated from baseline 0.0000±0.0001 (z=999000.0, confirmed x60) (sev=1.00)
[navigation_node-4] [WARN] [1789857096.644230862] [navigation_node]: NavigationNode: Detected invalid pose (jump=0.05m, z=99.90)! Emergency stop triggered.
[monitor_node-5] [WARN] [1789857096.645674987] [diagnostic_monitor]: ANOMALY on [navigation_node] /navigation/cmd_vel:linear_vel: Value 0.0000 deviated from baseline 0.5000±0.0001 (z=5000.0, confirmed x60) (sev=1.00)
[localization_node-3] [WARN] [1789857096.742867877] [localization_node]: LocalizationNode: Emitting FAULT pose with jump 50.0m
[navigation_node-4] [WARN] [1789857096.744745053] [navigation_node]: NavigationNode: Detected invalid pose (jump=0.05m, z=99.90)! Emergency stop triggered.
[monitor_node-5] [WARN] [1789857096.745205083] [diagnostic_monitor]: ANOMALY on [localization_node] /localization/pose:z_pos: Value 99.9000 deviated from baseline 0.0000±0.0001 (z=999000.0, confirmed x61) (sev=1.00)
[monitor_node-5] [WARN] [1789857096.746877526] [diagnostic_monitor]: ANOMALY on [navigation_node] /navigation/cmd_vel:linear_vel: Value 0.0000 deviated from baseline 0.5000±0.0001 (z=5000.0, confirmed x61) (sev=1.00)
[localization_node-3] [WARN] [1789857096.842804129] [localization_node]: LocalizationNode: Emitting FAULT pose with jump 50.0m
[navigation_node-4] [WARN] [1789857096.844431020] [navigation_node]: NavigationNode: Detected invalid pose (jump=0.05m, z=99.90)! Emergency stop triggered.
[monitor_node-5] [WARN] [1789857096.844960866] [diagnostic_monitor]: ANOMALY on [localization_node] /localization/pose:z_pos: Value 99.9000 deviated from baseline 0.0000±0.0001 (z=999000.0, confirmed x62) (sev=1.00)
[monitor_node-5] [WARN] [1789857096.846937448] [diagnostic_monitor]: ANOMALY on [navigation_node] /navigation/cmd_vel:linear_vel: Value 0.0000 deviated from baseline 0.5000±0.0001 (z=5000.0, confirmed x62) (sev=1.00)
[sensor_node-1] [INFO] [1789857096.898313578] [sensor_node]: SensorNode: Fault cleared.
[perception_node-2] [INFO] [1789857096.898348591] [perception_node]: PerceptionNode: Fault cleared.
[localization_node-3] [INFO] [1789857096.898364160] [localization_node]: LocalizationNode: Fault cleared.
[navigation_node-4] [INFO] [1789857096.898403286] [navigation_node]: NavigationNode: Fault cleared.
[navigation_node-4] [WARN] [1789857096.943621994] [navigation_node]: NavigationNode: Detected invalid pose (jump=70.67m, z=0.00)! Emergency stop triggered.
[monitor_node-5] [WARN] [1789857096.945656836] [diagnostic_monitor]: ANOMALY on [navigation_node] /navigation/cmd_vel:linear_vel: Value 0.0000 deviated from baseline 0.5000±0.0001 (z=5000.0, confirmed x63) (sev=1.00)
[navigation_node-4] [INFO] [1789857096.948744029] [navigation_node]: NavigationNode: Fault cleared.
[perception_node-2] [INFO] [1789857096.948765098] [perception_node]: PerceptionNode: Fault cleared.
[sensor_node-1] [INFO] [1789857096.948774222] [sensor_node]: SensorNode: Fault cleared.
[localization_node-3] [INFO] [1789857096.948787061] [localization_node]: LocalizationNode: Fault cleared.
[navigation_node-4] [INFO] [1789857096.999255605] [navigation_node]: NavigationNode: Fault cleared.
[perception_node-2] [INFO] [1789857096.999252455] [perception_node]: PerceptionNode: Fault cleared.
[localization_node-3] [INFO] [1789857096.999326871] [localization_node]: LocalizationNode: Fault cleared.
[sensor_node-1] [INFO] [1789857096.999361758] [sensor_node]: SensorNode: Fault cleared.
[perception_node-2] [INFO] [1789857097.049769632] [perception_node]: PerceptionNode: Fault cleared.
[navigation_node-4] [INFO] [1789857097.049803884] [navigation_node]: NavigationNode: Fault cleared.
[sensor_node-1] [INFO] [1789857097.049864051] [sensor_node]: SensorNode: Fault cleared.
[localization_node-3] [INFO] [1789857097.049816141] [localization_node]: LocalizationNode: Fault cleared.
[navigation_node-4] [INFO] [1789857097.100845005] [navigation_node]: NavigationNode: Fault cleared.
[localization_node-3] [INFO] [1789857097.100964698] [localization_node]: LocalizationNode: Fault cleared.
[sensor_node-1] [INFO] [1789857097.100977445] [sensor_node]: SensorNode: Fault cleared.
[perception_node-2] [INFO] [1789857097.101209184] [perception_node]: PerceptionNode: Fault cleared.
[navigation_node-4] [INFO] [1789857097.151618160] [navigation_node]: NavigationNode: Fault cleared.
[perception_node-2] [INFO] [1789857097.151637886] [perception_node]: PerceptionNode: Fault cleared.
[sensor_node-1] [INFO] [1789857097.151688366] [sensor_node]: SensorNode: Fault cleared.
[localization_node-3] [INFO] [1789857097.151707741] [localization_node]: LocalizationNode: Fault cleared.
[sensor_node-1] [INFO] [1789857097.202293051] [sensor_node]: SensorNode: Fault cleared.
[perception_node-2] [INFO] [1789857097.202299947] [perception_node]: PerceptionNode: Fault cleared.
[localization_node-3] [INFO] [1789857097.202323642] [localization_node]: LocalizationNode: Fault cleared.
[navigation_node-4] [INFO] [1789857097.202323455] [navigation_node]: NavigationNode: Fault cleared.
[localization_node-3] [INFO] [1789857097.252759249] [localization_node]: LocalizationNode: Fault cleared.
[sensor_node-1] [INFO] [1789857097.252778834] [sensor_node]: SensorNode: Fault cleared.
[perception_node-2] [INFO] [1789857097.252801034] [perception_node]: PerceptionNode: Fault cleared.
[navigation_node-4] [INFO] [1789857097.253049732] [navigation_node]: NavigationNode: Fault cleared.
[monitor_node-5] [INFO] [1789857103.234195530] [diagnostic_monitor]: Anomaly window cleared. System operating nominally.
[sensor_node-1] [WARN] [1789857104.815873836] [sensor_node]: SensorNode: Injected fault "dropout" (param=1.0, duration=9.0s)
[sensor_node-1] [WARN] [1789857104.864883321] [sensor_node]: SensorNode: Injected fault "dropout" (param=1.0, duration=9.0s)
[sensor_node-1] [WARN] [1789857104.915291216] [sensor_node]: SensorNode: Injected fault "dropout" (param=1.0, duration=9.0s)
[sensor_node-1] [WARN] [1789857104.965939664] [sensor_node]: SensorNode: Injected fault "dropout" (param=1.0, duration=9.0s)
[monitor_node-5] [WARN] [1789857105.235441332] [diagnostic_monitor]: ANOMALY on [localization_node] message_timeout: Message timeout on /localization/pose: no message for 0.49s (expected ~0.100s, threshold 0.45s, last seen t=1789857104.74) (sev=0.77)
[monitor_node-5] [WARN] [1789857105.236268251] [diagnostic_monitor]: ANOMALY on [navigation_node] message_timeout: Message timeout on /navigation/cmd_vel: no message for 0.49s (expected ~0.100s, threshold 0.45s, last seen t=1789857104.75) (sev=0.77)
[monitor_node-5] [WARN] [1789857105.237029737] [diagnostic_monitor]: ANOMALY on [perception_node] message_timeout: Message timeout on /perception/obstacles: no message for 0.49s (expected ~0.100s, threshold 0.45s, last seen t=1789857104.75) (sev=0.77)
[monitor_node-5] [WARN] [1789857105.237608801] [diagnostic_monitor]: ANOMALY on [sensor_node] message_timeout: Message timeout on /sensor/scan: no message for 0.49s (expected ~0.100s, threshold 0.45s, last seen t=1789857104.75) (sev=0.77)
[monitor_node-5] [INFO] [1789857105.238846678] [diagnostic_monitor]: 
[monitor_node-5] ============================================================
[monitor_node-5] ROOT CAUSE DIAGNOSIS: sensor_node (Confidence: 0.966)
[monitor_node-5] ============================================================
[monitor_node-5] Score Breakdown  R(C) = wD*D + wT*T + wS*S + wA*A:
[monitor_node-5]   R(sensor_node) = 0.3·D(1.00) + 0.3·T(1.00) + 0.25·S(1.00) + 0.15·A(0.77) = 0.966
[monitor_node-5]   - Dependency D: 1.00 (reaches 3 downstream anomalous node(s); 0 anomalous upstream node(s))
[monitor_node-5]   - Temporal   T: 1.00 (first anomaly at t=1789857105.20s; earliest in window = supporting evidence, not proof of causality)
[monitor_node-5]   - Symptom    S: 1.00 (explains 4/4 anomalous nodes)
[monitor_node-5]   - Severity   A: 0.77 (max normalised severity on node, 1 direct anomaly event(s))
[monitor_node-5] 
[monitor_node-5] Propagation Chain (evidence-ordered, via discovered graph edges):
[monitor_node-5]   sensor_node (t=1789857105.20s: message_timeout, sev=0.77)
[monitor_node-5]     └─→ perception_node via /sensor/scan (t=1789857105.20s, -0.00s after sensor_node: message_timeout)
[monitor_node-5]       └─→ localization_node via /perception/obstacles (t=1789857105.19s, -0.00s after perception_node: message_timeout)
[monitor_node-5]         └─→ navigation_node via /localization/pose (t=1789857105.20s, +0.00s after localization_node: message_timeout)
[monitor_node-5] 
[monitor_node-5] Candidate Ranking & Evidence Comparison:
[monitor_node-5]   #2 perception_node      R=0.753 (Δ -0.212) [downstream of sensor_node in discovered graph; lower symptom coverage (75% vs 100%)]
[monitor_node-5]   #3 localization_node    R=0.591 (Δ -0.375) [downstream of sensor_node in discovered graph; lower symptom coverage (50% vs 100%)]
[monitor_node-5]   #4 navigation_node      R=0.478 (Δ -0.487) [downstream of sensor_node in discovered graph; lower symptom coverage (25% vs 100%)]
[monitor_node-5] ============================================================
[monitor_node-5] [WARN] [1789857105.733194011] [diagnostic_monitor]: ANOMALY on [localization_node] message_timeout: Message timeout on /localization/pose: no message for 0.99s (expected ~0.100s, threshold 0.45s, last seen t=1789857104.74) (sev=1.00)
[monitor_node-5] [WARN] [1789857105.734086624] [diagnostic_monitor]: ANOMALY on [navigation_node] message_timeout: Message timeout on /navigation/cmd_vel: no message for 0.99s (expected ~0.100s, threshold 0.45s, last seen t=1789857104.75) (sev=1.00)
[monitor_node-5] [WARN] [1789857105.734769188] [diagnostic_monitor]: ANOMALY on [perception_node] message_timeout: Message timeout on /perception/obstacles: no message for 0.99s (expected ~0.100s, threshold 0.45s, last seen t=1789857104.75) (sev=1.00)
[monitor_node-5] [WARN] [1789857105.735513183] [diagnostic_monitor]: ANOMALY on [sensor_node] message_timeout: Message timeout on /sensor/scan: no message for 0.99s (expected ~0.100s, threshold 0.45s, last seen t=1789857104.75) (sev=1.00)
[monitor_node-5] [WARN] [1789857106.233991594] [diagnostic_monitor]: ANOMALY on [localization_node] message_timeout: Message timeout on /localization/pose: no message for 1.49s (expected ~0.100s, threshold 0.45s, last seen t=1789857104.74) (sev=1.00)
[monitor_node-5] [WARN] [1789857106.234738658] [diagnostic_monitor]: ANOMALY on [navigation_node] message_timeout: Message timeout on /navigation/cmd_vel: no message for 1.49s (expected ~0.100s, threshold 0.45s, last seen t=1789857104.75) (sev=1.00)
[monitor_node-5] [WARN] [1789857106.235537969] [diagnostic_monitor]: ANOMALY on [perception_node] message_timeout: Message timeout on /perception/obstacles: no message for 1.49s (expected ~0.100s, threshold 0.45s, last seen t=1789857104.75) (sev=1.00)
[monitor_node-5] [WARN] [1789857106.236217552] [diagnostic_monitor]: ANOMALY on [sensor_node] message_timeout: Message timeout on /sensor/scan: no message for 1.49s (expected ~0.100s, threshold 0.45s, last seen t=1789857104.75) (sev=1.00)
[monitor_node-5] [WARN] [1789857106.732934120] [diagnostic_monitor]: ANOMALY on [localization_node] message_timeout: Message timeout on /localization/pose: no message for 1.99s (expected ~0.100s, threshold 0.45s, last seen t=1789857104.74) (sev=1.00)
[monitor_node-5] [WARN] [1789857106.733781519] [diagnostic_monitor]: ANOMALY on [navigation_node] message_timeout: Message timeout on /navigation/cmd_vel: no message for 1.99s (expected ~0.100s, threshold 0.45s, last seen t=1789857104.75) (sev=1.00)
[monitor_node-5] [WARN] [1789857106.734470445] [diagnostic_monitor]: ANOMALY on [perception_node] message_timeout: Message timeout on /perception/obstacles: no message for 1.99s (expected ~0.100s, threshold 0.45s, last seen t=1789857104.75) (sev=1.00)
[monitor_node-5] [WARN] [1789857106.735155628] [diagnostic_monitor]: ANOMALY on [sensor_node] message_timeout: Message timeout on /sensor/scan: no message for 1.99s (expected ~0.100s, threshold 0.45s, last seen t=1789857104.75) (sev=1.00)
[monitor_node-5] [WARN] [1789857107.234340620] [diagnostic_monitor]: ANOMALY on [localization_node] message_timeout: Message timeout on /localization/pose: no message for 2.49s (expected ~0.100s, threshold 0.45s, last seen t=1789857104.74) (sev=1.00)
[monitor_node-5] [WARN] [1789857107.234992493] [diagnostic_monitor]: ANOMALY on [navigation_node] message_timeout: Message timeout on /navigation/cmd_vel: no message for 2.49s (expected ~0.100s, threshold 0.45s, last seen t=1789857104.75) (sev=1.00)
[monitor_node-5] [WARN] [1789857107.235523752] [diagnostic_monitor]: ANOMALY on [perception_node] message_timeout: Message timeout on /perception/obstacles: no message for 2.49s (expected ~0.100s, threshold 0.45s, last seen t=1789857104.75) (sev=1.00)
[monitor_node-5] [WARN] [1789857107.236177642] [diagnostic_monitor]: ANOMALY on [sensor_node] message_timeout: Message timeout on /sensor/scan: no message for 2.49s (expected ~0.100s, threshold 0.45s, last seen t=1789857104.75) (sev=1.00)
[monitor_node-5] [WARN] [1789857107.733222805] [diagnostic_monitor]: ANOMALY on [localization_node] message_timeout: Message timeout on /localization/pose: no message for 2.99s (expected ~0.100s, threshold 0.45s, last seen t=1789857104.74) (sev=1.00)
[monitor_node-5] [WARN] [1789857107.733928710] [diagnostic_monitor]: ANOMALY on [navigation_node] message_timeout: Message timeout on /navigation/cmd_vel: no message for 2.99s (expected ~0.100s, threshold 0.45s, last seen t=1789857104.75) (sev=1.00)
[monitor_node-5] [WARN] [1789857107.734701321] [diagnostic_monitor]: ANOMALY on [perception_node] message_timeout: Message timeout on /perception/obstacles: no message for 2.99s (expected ~0.100s, threshold 0.45s, last seen t=1789857104.75) (sev=1.00)
[monitor_node-5] [WARN] [1789857107.735298330] [diagnostic_monitor]: ANOMALY on [sensor_node] message_timeout: Message timeout on /sensor/scan: no message for 2.99s (expected ~0.100s, threshold 0.45s, last seen t=1789857104.75) (sev=1.00)
[monitor_node-5] [WARN] [1789857108.233934723] [diagnostic_monitor]: ANOMALY on [localization_node] message_timeout: Message timeout on /localization/pose: no message for 3.49s (expected ~0.100s, threshold 0.45s, last seen t=1789857104.74) (sev=1.00)
[monitor_node-5] [WARN] [1789857108.234781266] [diagnostic_monitor]: ANOMALY on [navigation_node] message_timeout: Message timeout on /navigation/cmd_vel: no message for 3.49s (expected ~0.100s, threshold 0.45s, last seen t=1789857104.75) (sev=1.00)
[monitor_node-5] [WARN] [1789857108.235543037] [diagnostic_monitor]: ANOMALY on [perception_node] message_timeout: Message timeout on /perception/obstacles: no message for 3.49s (expected ~0.100s, threshold 0.45s, last seen t=1789857104.75) (sev=1.00)
[monitor_node-5] [WARN] [1789857108.236284086] [diagnostic_monitor]: ANOMALY on [sensor_node] message_timeout: Message timeout on /sensor/scan: no message for 3.49s (expected ~0.100s, threshold 0.45s, last seen t=1789857104.75) (sev=1.00)
[monitor_node-5] [WARN] [1789857108.733002891] [diagnostic_monitor]: ANOMALY on [localization_node] message_timeout: Message timeout on /localization/pose: no message for 3.99s (expected ~0.100s, threshold 0.45s, last seen t=1789857104.74) (sev=1.00)
[monitor_node-5] [WARN] [1789857108.733909844] [diagnostic_monitor]: ANOMALY on [navigation_node] message_timeout: Message timeout on /navigation/cmd_vel: no message for 3.99s (expected ~0.100s, threshold 0.45s, last seen t=1789857104.75) (sev=1.00)
[monitor_node-5] [WARN] [1789857108.734598949] [diagnostic_monitor]: ANOMALY on [perception_node] message_timeout: Message timeout on /perception/obstacles: no message for 3.99s (expected ~0.100s, threshold 0.45s, last seen t=1789857104.75) (sev=1.00)
[monitor_node-5] [WARN] [1789857108.735249425] [diagnostic_monitor]: ANOMALY on [sensor_node] message_timeout: Message timeout on /sensor/scan: no message for 3.99s (expected ~0.100s, threshold 0.45s, last seen t=1789857104.75) (sev=1.00)
[monitor_node-5] [WARN] [1789857109.234450566] [diagnostic_monitor]: ANOMALY on [localization_node] message_timeout: Message timeout on /localization/pose: no message for 4.49s (expected ~0.100s, threshold 0.45s, last seen t=1789857104.74) (sev=1.00)
[monitor_node-5] [WARN] [1789857109.235155596] [diagnostic_monitor]: ANOMALY on [navigation_node] message_timeout: Message timeout on /navigation/cmd_vel: no message for 4.49s (expected ~0.100s, threshold 0.45s, last seen t=1789857104.75) (sev=1.00)
[monitor_node-5] [WARN] [1789857109.235905632] [diagnostic_monitor]: ANOMALY on [perception_node] message_timeout: Message timeout on /perception/obstacles: no message for 4.49s (expected ~0.100s, threshold 0.45s, last seen t=1789857104.75) (sev=1.00)
[monitor_node-5] [WARN] [1789857109.236605023] [diagnostic_monitor]: ANOMALY on [sensor_node] message_timeout: Message timeout on /sensor/scan: no message for 4.49s (expected ~0.100s, threshold 0.45s, last seen t=1789857104.75) (sev=1.00)
[monitor_node-5] [WARN] [1789857109.733197643] [diagnostic_monitor]: ANOMALY on [localization_node] message_timeout: Message timeout on /localization/pose: no message for 4.99s (expected ~0.100s, threshold 0.45s, last seen t=1789857104.74) (sev=1.00)
[monitor_node-5] [WARN] [1789857109.734168903] [diagnostic_monitor]: ANOMALY on [navigation_node] message_timeout: Message timeout on /navigation/cmd_vel: no message for 4.99s (expected ~0.100s, threshold 0.45s, last seen t=1789857104.75) (sev=1.00)
[monitor_node-5] [WARN] [1789857109.734688460] [diagnostic_monitor]: ANOMALY on [perception_node] message_timeout: Message timeout on /perception/obstacles: no message for 4.99s (expected ~0.100s, threshold 0.45s, last seen t=1789857104.75) (sev=1.00)
[monitor_node-5] [WARN] [1789857109.735141904] [diagnostic_monitor]: ANOMALY on [sensor_node] message_timeout: Message timeout on /sensor/scan: no message for 4.99s (expected ~0.100s, threshold 0.45s, last seen t=1789857104.75) (sev=1.00)
[monitor_node-5] [WARN] [1789857110.233502611] [diagnostic_monitor]: ANOMALY on [localization_node] message_timeout: Message timeout on /localization/pose: no message for 5.49s (expected ~0.100s, threshold 0.45s, last seen t=1789857104.74) (sev=1.00)
[monitor_node-5] [WARN] [1789857110.234412737] [diagnostic_monitor]: ANOMALY on [navigation_node] message_timeout: Message timeout on /navigation/cmd_vel: no message for 5.49s (expected ~0.100s, threshold 0.45s, last seen t=1789857104.75) (sev=1.00)
[monitor_node-5] [WARN] [1789857110.234981678] [diagnostic_monitor]: ANOMALY on [perception_node] message_timeout: Message timeout on /perception/obstacles: no message for 5.49s (expected ~0.100s, threshold 0.45s, last seen t=1789857104.75) (sev=1.00)
[monitor_node-5] [WARN] [1789857110.235652494] [diagnostic_monitor]: ANOMALY on [sensor_node] message_timeout: Message timeout on /sensor/scan: no message for 5.49s (expected ~0.100s, threshold 0.45s, last seen t=1789857104.75) (sev=1.00)
[monitor_node-5] [WARN] [1789857110.733102637] [diagnostic_monitor]: ANOMALY on [localization_node] message_timeout: Message timeout on /localization/pose: no message for 5.99s (expected ~0.100s, threshold 0.45s, last seen t=1789857104.74) (sev=1.00)
[monitor_node-5] [WARN] [1789857110.733623158] [diagnostic_monitor]: ANOMALY on [navigation_node] message_timeout: Message timeout on /navigation/cmd_vel: no message for 5.99s (expected ~0.100s, threshold 0.45s, last seen t=1789857104.75) (sev=1.00)
[monitor_node-5] [WARN] [1789857110.734421582] [diagnostic_monitor]: ANOMALY on [perception_node] message_timeout: Message timeout on /perception/obstacles: no message for 5.99s (expected ~0.100s, threshold 0.45s, last seen t=1789857104.75) (sev=1.00)
[monitor_node-5] [WARN] [1789857110.734976731] [diagnostic_monitor]: ANOMALY on [sensor_node] message_timeout: Message timeout on /sensor/scan: no message for 5.99s (expected ~0.100s, threshold 0.45s, last seen t=1789857104.75) (sev=1.00)
[localization_node-3] [INFO] [1789857111.019028106] [localization_node]: LocalizationNode: Fault cleared.
[navigation_node-4] [INFO] [1789857111.019054358] [navigation_node]: NavigationNode: Fault cleared.
[perception_node-2] [INFO] [1789857111.019334344] [perception_node]: PerceptionNode: Fault cleared.
[sensor_node-1] [INFO] [1789857111.019434738] [sensor_node]: SensorNode: Fault cleared.
[sensor_node-1] [INFO] [1789857111.069597601] [sensor_node]: SensorNode: Fault cleared.
[navigation_node-4] [INFO] [1789857111.069594117] [navigation_node]: NavigationNode: Fault cleared.
[localization_node-3] [INFO] [1789857111.069597747] [localization_node]: LocalizationNode: Fault cleared.
[perception_node-2] [INFO] [1789857111.069597745] [perception_node]: PerceptionNode: Fault cleared.
[sensor_node-1] [INFO] [1789857111.120154110] [sensor_node]: SensorNode: Fault cleared.
[perception_node-2] [INFO] [1789857111.120167609] [perception_node]: PerceptionNode: Fault cleared.
[localization_node-3] [INFO] [1789857111.120168086] [localization_node]: LocalizationNode: Fault cleared.
[navigation_node-4] [INFO] [1789857111.121401002] [navigation_node]: NavigationNode: Fault cleared.
[localization_node-3] [INFO] [1789857111.170499300] [localization_node]: LocalizationNode: Fault cleared.
[perception_node-2] [INFO] [1789857111.170495406] [perception_node]: PerceptionNode: Fault cleared.
[sensor_node-1] [INFO] [1789857111.170635777] [sensor_node]: SensorNode: Fault cleared.
[navigation_node-4] [INFO] [1789857111.170686466] [navigation_node]: NavigationNode: Fault cleared.
[navigation_node-4] [INFO] [1789857111.222077801] [navigation_node]: NavigationNode: Fault cleared.
[sensor_node-1] [INFO] [1789857111.222127141] [sensor_node]: SensorNode: Fault cleared.
[perception_node-2] [INFO] [1789857111.222125966] [perception_node]: PerceptionNode: Fault cleared.
[localization_node-3] [INFO] [1789857111.222184634] [localization_node]: LocalizationNode: Fault cleared.
[localization_node-3] [INFO] [1789857111.272778031] [localization_node]: LocalizationNode: Fault cleared.
[perception_node-2] [INFO] [1789857111.272779454] [perception_node]: PerceptionNode: Fault cleared.
[navigation_node-4] [INFO] [1789857111.272779958] [navigation_node]: NavigationNode: Fault cleared.
[sensor_node-1] [INFO] [1789857111.273207847] [sensor_node]: SensorNode: Fault cleared.
[perception_node-2] [INFO] [1789857111.323306994] [perception_node]: PerceptionNode: Fault cleared.
[sensor_node-1] [INFO] [1789857111.323319943] [sensor_node]: SensorNode: Fault cleared.
[localization_node-3] [INFO] [1789857111.323328450] [localization_node]: LocalizationNode: Fault cleared.
[navigation_node-4] [INFO] [1789857111.323438495] [navigation_node]: NavigationNode: Fault cleared.
[sensor_node-1] [INFO] [1789857111.373732338] [sensor_node]: SensorNode: Fault cleared.
[navigation_node-4] [INFO] [1789857111.373768516] [navigation_node]: NavigationNode: Fault cleared.
[localization_node-3] [INFO] [1789857111.373776441] [localization_node]: LocalizationNode: Fault cleared.
[perception_node-2] [INFO] [1789857111.373790576] [perception_node]: PerceptionNode: Fault cleared.
[monitor_node-5] [INFO] [1789857117.234523148] [diagnostic_monitor]: Anomaly window cleared. System operating nominally.
[navigation_node-4] [WARN] [1789857118.934241858] [navigation_node]: NavigationNode: Injected fault "navigation_failure" (param=1.0, duration=9.0s)
[navigation_node-4] [WARN] [1789857118.943669482] [navigation_node]: NavigationNode: Emitting erratic velocity due to navigation_failure!
[navigation_node-4] [WARN] [1789857118.984603307] [navigation_node]: NavigationNode: Injected fault "navigation_failure" (param=1.0, duration=9.0s)
[navigation_node-4] [WARN] [1789857119.035387931] [navigation_node]: NavigationNode: Injected fault "navigation_failure" (param=1.0, duration=9.0s)
[navigation_node-4] [WARN] [1789857119.043685639] [navigation_node]: NavigationNode: Emitting erratic velocity due to navigation_failure!
[monitor_node-5] [WARN] [1789857119.045194412] [diagnostic_monitor]: ANOMALY on [navigation_node] /navigation/cmd_vel:linear_vel: Value 9.9900 deviated from baseline 0.5000±0.0001 (z=94900.0, confirmed x2) (sev=1.00)
[navigation_node-4] [WARN] [1789857119.085748031] [navigation_node]: NavigationNode: Injected fault "navigation_failure" (param=1.0, duration=9.0s)
[navigation_node-4] [WARN] [1789857119.143546284] [navigation_node]: NavigationNode: Emitting erratic velocity due to navigation_failure!
[monitor_node-5] [WARN] [1789857119.145083279] [diagnostic_monitor]: ANOMALY on [navigation_node] /navigation/cmd_vel:linear_vel: Value 9.9900 deviated from baseline 0.5000±0.0001 (z=94900.0, confirmed x3) (sev=1.00)
[monitor_node-5] [INFO] [1789857119.237551770] [diagnostic_monitor]: 
[monitor_node-5] ============================================================
[monitor_node-5] ROOT CAUSE DIAGNOSIS: navigation_node (Confidence: 1.000)
[monitor_node-5] ============================================================
[monitor_node-5] Score Breakdown  R(C) = wD*D + wT*T + wS*S + wA*A:
[monitor_node-5]   R(navigation_node) = 0.3·D(1.00) + 0.3·T(1.00) + 0.25·S(1.00) + 0.15·A(1.00) = 1.000
[monitor_node-5]   - Dependency D: 1.00 (reaches 0 downstream anomalous node(s); 0 anomalous upstream node(s))
[monitor_node-5]   - Temporal   T: 1.00 (first anomaly at t=1789857118.94s; earliest in window = supporting evidence, not proof of causality)
[monitor_node-5]   - Symptom    S: 1.00 (explains 1/1 anomalous nodes)
[monitor_node-5]   - Severity   A: 1.00 (max normalised severity on node, 2 direct anomaly event(s))
[monitor_node-5] 
[monitor_node-5] Propagation Chain (evidence-ordered, via discovered graph edges):
[monitor_node-5]   navigation_node (t=1789857118.94s: /navigation/cmd_vel:linear_vel, sev=1.00)
[monitor_node-5] 
[monitor_node-5] Candidate Ranking & Evidence Comparison:
[monitor_node-5]   #2 localization_node    R=0.415 (Δ -0.585) [no direct anomaly observed; does not reach observed symptoms via dependency edges]
[monitor_node-5]   #3 perception_node      R=0.415 (Δ -0.585) [no direct anomaly observed; does not reach observed symptoms via dependency edges]
[monitor_node-5]   #4 sensor_node          R=0.415 (Δ -0.585) [no direct anomaly observed; does not reach observed symptoms via dependency edges]
[monitor_node-5] ============================================================
[navigation_node-4] [WARN] [1789857119.243188073] [navigation_node]: NavigationNode: Emitting erratic velocity due to navigation_failure!
[monitor_node-5] [WARN] [1789857119.244699605] [diagnostic_monitor]: ANOMALY on [navigation_node] /navigation/cmd_vel:linear_vel: Value 9.9900 deviated from baseline 0.5000±0.0001 (z=94900.0, confirmed x4) (sev=1.00)
[navigation_node-4] [WARN] [1789857119.343391063] [navigation_node]: NavigationNode: Emitting erratic velocity due to navigation_failure!
[monitor_node-5] [WARN] [1789857119.344841529] [diagnostic_monitor]: ANOMALY on [navigation_node] /navigation/cmd_vel:linear_vel: Value 9.9900 deviated from baseline 0.5000±0.0001 (z=94900.0, confirmed x5) (sev=1.00)
[navigation_node-4] [WARN] [1789857119.443589952] [navigation_node]: NavigationNode: Emitting erratic velocity due to navigation_failure!
[monitor_node-5] [WARN] [1789857119.445375757] [diagnostic_monitor]: ANOMALY on [navigation_node] /navigation/cmd_vel:linear_vel: Value 9.9900 deviated from baseline 0.5000±0.0001 (z=94900.0, confirmed x6) (sev=1.00)
[navigation_node-4] [WARN] [1789857119.543512401] [navigation_node]: NavigationNode: Emitting erratic velocity due to navigation_failure!
[monitor_node-5] [WARN] [1789857119.545242970] [diagnostic_monitor]: ANOMALY on [navigation_node] /navigation/cmd_vel:linear_vel: Value 9.9900 deviated from baseline 0.5000±0.0001 (z=94900.0, confirmed x7) (sev=1.00)
[navigation_node-4] [WARN] [1789857119.643479353] [navigation_node]: NavigationNode: Emitting erratic velocity due to navigation_failure!
[monitor_node-5] [WARN] [1789857119.644975887] [diagnostic_monitor]: ANOMALY on [navigation_node] /navigation/cmd_vel:linear_vel: Value 9.9900 deviated from baseline 0.5000±0.0001 (z=94900.0, confirmed x8) (sev=1.00)
[navigation_node-4] [WARN] [1789857119.743199445] [navigation_node]: NavigationNode: Emitting erratic velocity due to navigation_failure!
[monitor_node-5] [WARN] [1789857119.744772493] [diagnostic_monitor]: ANOMALY on [navigation_node] /navigation/cmd_vel:linear_vel: Value 9.9900 deviated from baseline 0.5000±0.0001 (z=94900.0, confirmed x9) (sev=1.00)
[navigation_node-4] [WARN] [1789857119.843512083] [navigation_node]: NavigationNode: Emitting erratic velocity due to navigation_failure!
[monitor_node-5] [WARN] [1789857119.847425096] [diagnostic_monitor]: ANOMALY on [navigation_node] /navigation/cmd_vel:linear_vel: Value 9.9900 deviated from baseline 0.5000±0.0001 (z=94900.0, confirmed x10) (sev=1.00)
[navigation_node-4] [WARN] [1789857119.943576941] [navigation_node]: NavigationNode: Emitting erratic velocity due to navigation_failure!
[monitor_node-5] [WARN] [1789857119.945334322] [diagnostic_monitor]: ANOMALY on [navigation_node] /navigation/cmd_vel:linear_vel: Value 9.9900 deviated from baseline 0.5000±0.0001 (z=94900.0, confirmed x11) (sev=1.00)
[navigation_node-4] [WARN] [1789857120.043649684] [navigation_node]: NavigationNode: Emitting erratic velocity due to navigation_failure!
[monitor_node-5] [WARN] [1789857120.045404790] [diagnostic_monitor]: ANOMALY on [navigation_node] /navigation/cmd_vel:linear_vel: Value 9.9900 deviated from baseline 0.5000±0.0001 (z=94900.0, confirmed x12) (sev=1.00)
[navigation_node-4] [WARN] [1789857120.143702562] [navigation_node]: NavigationNode: Emitting erratic velocity due to navigation_failure!
[monitor_node-5] [WARN] [1789857120.146655251] [diagnostic_monitor]: ANOMALY on [navigation_node] /navigation/cmd_vel:linear_vel: Value 9.9900 deviated from baseline 0.5000±0.0001 (z=94900.0, confirmed x13) (sev=1.00)
[navigation_node-4] [WARN] [1789857120.243463981] [navigation_node]: NavigationNode: Emitting erratic velocity due to navigation_failure!
[monitor_node-5] [WARN] [1789857120.246911817] [diagnostic_monitor]: ANOMALY on [navigation_node] /navigation/cmd_vel:linear_vel: Value 9.9900 deviated from baseline 0.5000±0.0001 (z=94900.0, confirmed x14) (sev=1.00)
[navigation_node-4] [WARN] [1789857120.343687779] [navigation_node]: NavigationNode: Emitting erratic velocity due to navigation_failure!
[monitor_node-5] [WARN] [1789857120.345464054] [diagnostic_monitor]: ANOMALY on [navigation_node] /navigation/cmd_vel:linear_vel: Value 9.9900 deviated from baseline 0.5000±0.0001 (z=94900.0, confirmed x15) (sev=1.00)
[navigation_node-4] [WARN] [1789857120.442806383] [navigation_node]: NavigationNode: Emitting erratic velocity due to navigation_failure!
[monitor_node-5] [WARN] [1789857120.444401415] [diagnostic_monitor]: ANOMALY on [navigation_node] /navigation/cmd_vel:linear_vel: Value 9.9900 deviated from baseline 0.5000±0.0001 (z=94900.0, confirmed x16) (sev=1.00)
[navigation_node-4] [WARN] [1789857120.543856293] [navigation_node]: NavigationNode: Emitting erratic velocity due to navigation_failure!
[monitor_node-5] [WARN] [1789857120.545642086] [diagnostic_monitor]: ANOMALY on [navigation_node] /navigation/cmd_vel:linear_vel: Value 9.9900 deviated from baseline 0.5000±0.0001 (z=94900.0, confirmed x17) (sev=1.00)
[navigation_node-4] [WARN] [1789857120.644131328] [navigation_node]: NavigationNode: Emitting erratic velocity due to navigation_failure!
[monitor_node-5] [WARN] [1789857120.645790698] [diagnostic_monitor]: ANOMALY on [navigation_node] /navigation/cmd_vel:linear_vel: Value 9.9900 deviated from baseline 0.5000±0.0001 (z=94900.0, confirmed x18) (sev=1.00)
[navigation_node-4] [WARN] [1789857120.743323470] [navigation_node]: NavigationNode: Emitting erratic velocity due to navigation_failure!
[monitor_node-5] [WARN] [1789857120.744992551] [diagnostic_monitor]: ANOMALY on [navigation_node] /navigation/cmd_vel:linear_vel: Value 9.9900 deviated from baseline 0.5000±0.0001 (z=94900.0, confirmed x19) (sev=1.00)
[navigation_node-4] [WARN] [1789857120.843530764] [navigation_node]: NavigationNode: Emitting erratic velocity due to navigation_failure!
[monitor_node-5] [WARN] [1789857120.845134208] [diagnostic_monitor]: ANOMALY on [navigation_node] /navigation/cmd_vel:linear_vel: Value 9.9900 deviated from baseline 0.5000±0.0001 (z=94900.0, confirmed x20) (sev=1.00)
[navigation_node-4] [WARN] [1789857120.943563798] [navigation_node]: NavigationNode: Emitting erratic velocity due to navigation_failure!
[monitor_node-5] [WARN] [1789857120.944887944] [diagnostic_monitor]: ANOMALY on [navigation_node] /navigation/cmd_vel:linear_vel: Value 9.9900 deviated from baseline 0.5000±0.0001 (z=94900.0, confirmed x21) (sev=1.00)
[navigation_node-4] [WARN] [1789857121.043597664] [navigation_node]: NavigationNode: Emitting erratic velocity due to navigation_failure!
[monitor_node-5] [WARN] [1789857121.045396132] [diagnostic_monitor]: ANOMALY on [navigation_node] /navigation/cmd_vel:linear_vel: Value 9.9900 deviated from baseline 0.5000±0.0001 (z=94900.0, confirmed x22) (sev=1.00)
[navigation_node-4] [WARN] [1789857121.143531523] [navigation_node]: NavigationNode: Emitting erratic velocity due to navigation_failure!
[monitor_node-5] [WARN] [1789857121.145116824] [diagnostic_monitor]: ANOMALY on [navigation_node] /navigation/cmd_vel:linear_vel: Value 9.9900 deviated from baseline 0.5000±0.0001 (z=94900.0, confirmed x23) (sev=1.00)
[navigation_node-4] [WARN] [1789857121.243634206] [navigation_node]: NavigationNode: Emitting erratic velocity due to navigation_failure!
[monitor_node-5] [WARN] [1789857121.245377573] [diagnostic_monitor]: ANOMALY on [navigation_node] /navigation/cmd_vel:linear_vel: Value 9.9900 deviated from baseline 0.5000±0.0001 (z=94900.0, confirmed x24) (sev=1.00)
[navigation_node-4] [WARN] [1789857121.343737652] [navigation_node]: NavigationNode: Emitting erratic velocity due to navigation_failure!
[monitor_node-5] [WARN] [1789857121.345257042] [diagnostic_monitor]: ANOMALY on [navigation_node] /navigation/cmd_vel:linear_vel: Value 9.9900 deviated from baseline 0.5000±0.0001 (z=94900.0, confirmed x25) (sev=1.00)
[navigation_node-4] [WARN] [1789857121.443304848] [navigation_node]: NavigationNode: Emitting erratic velocity due to navigation_failure!
[monitor_node-5] [WARN] [1789857121.444685429] [diagnostic_monitor]: ANOMALY on [navigation_node] /navigation/cmd_vel:linear_vel: Value 9.9900 deviated from baseline 0.5000±0.0001 (z=94900.0, confirmed x26) (sev=1.00)
[navigation_node-4] [WARN] [1789857121.543391472] [navigation_node]: NavigationNode: Emitting erratic velocity due to navigation_failure!
[monitor_node-5] [WARN] [1789857121.545215329] [diagnostic_monitor]: ANOMALY on [navigation_node] /navigation/cmd_vel:linear_vel: Value 9.9900 deviated from baseline 0.5000±0.0001 (z=94900.0, confirmed x27) (sev=1.00)
[navigation_node-4] [WARN] [1789857121.644911263] [navigation_node]: NavigationNode: Emitting erratic velocity due to navigation_failure!
[monitor_node-5] [WARN] [1789857121.646750254] [diagnostic_monitor]: ANOMALY on [navigation_node] /navigation/cmd_vel:linear_vel: Value 9.9900 deviated from baseline 0.5000±0.0001 (z=94900.0, confirmed x28) (sev=1.00)
[navigation_node-4] [WARN] [1789857121.743699271] [navigation_node]: NavigationNode: Emitting erratic velocity due to navigation_failure!
[monitor_node-5] [WARN] [1789857121.745452481] [diagnostic_monitor]: ANOMALY on [navigation_node] /navigation/cmd_vel:linear_vel: Value 9.9900 deviated from baseline 0.5000±0.0001 (z=94900.0, confirmed x29) (sev=1.00)
[navigation_node-4] [WARN] [1789857121.843380562] [navigation_node]: NavigationNode: Emitting erratic velocity due to navigation_failure!
[monitor_node-5] [WARN] [1789857121.845389485] [diagnostic_monitor]: ANOMALY on [navigation_node] /navigation/cmd_vel:linear_vel: Value 9.9900 deviated from baseline 0.5000±0.0001 (z=94900.0, confirmed x30) (sev=1.00)
[navigation_node-4] [WARN] [1789857121.943581227] [navigation_node]: NavigationNode: Emitting erratic velocity due to navigation_failure!
[monitor_node-5] [WARN] [1789857121.945765334] [diagnostic_monitor]: ANOMALY on [navigation_node] /navigation/cmd_vel:linear_vel: Value 9.9900 deviated from baseline 0.5000±0.0001 (z=94900.0, confirmed x31) (sev=1.00)
[navigation_node-4] [WARN] [1789857122.043553742] [navigation_node]: NavigationNode: Emitting erratic velocity due to navigation_failure!
[monitor_node-5] [WARN] [1789857122.044978311] [diagnostic_monitor]: ANOMALY on [navigation_node] /navigation/cmd_vel:linear_vel: Value 9.9900 deviated from baseline 0.5000±0.0001 (z=94900.0, confirmed x32) (sev=1.00)
[navigation_node-4] [WARN] [1789857122.143710351] [navigation_node]: NavigationNode: Emitting erratic velocity due to navigation_failure!
[monitor_node-5] [WARN] [1789857122.146338927] [diagnostic_monitor]: ANOMALY on [navigation_node] /navigation/cmd_vel:linear_vel: Value 9.9900 deviated from baseline 0.5000±0.0001 (z=94900.0, confirmed x33) (sev=1.00)
[navigation_node-4] [WARN] [1789857122.243564447] [navigation_node]: NavigationNode: Emitting erratic velocity due to navigation_failure!
[monitor_node-5] [WARN] [1789857122.245465422] [diagnostic_monitor]: ANOMALY on [navigation_node] /navigation/cmd_vel:linear_vel: Value 9.9900 deviated from baseline 0.5000±0.0001 (z=94900.0, confirmed x34) (sev=1.00)
[navigation_node-4] [WARN] [1789857122.343597588] [navigation_node]: NavigationNode: Emitting erratic velocity due to navigation_failure!
[monitor_node-5] [WARN] [1789857122.345773452] [diagnostic_monitor]: ANOMALY on [navigation_node] /navigation/cmd_vel:linear_vel: Value 9.9900 deviated from baseline 0.5000±0.0001 (z=94900.0, confirmed x35) (sev=1.00)
[navigation_node-4] [WARN] [1789857122.443731030] [navigation_node]: NavigationNode: Emitting erratic velocity due to navigation_failure!
[monitor_node-5] [WARN] [1789857122.445711780] [diagnostic_monitor]: ANOMALY on [navigation_node] /navigation/cmd_vel:linear_vel: Value 9.9900 deviated from baseline 0.5000±0.0001 (z=94900.0, confirmed x36) (sev=1.00)
[navigation_node-4] [WARN] [1789857122.543764695] [navigation_node]: NavigationNode: Emitting erratic velocity due to navigation_failure!
[monitor_node-5] [WARN] [1789857122.545515016] [diagnostic_monitor]: ANOMALY on [navigation_node] /navigation/cmd_vel:linear_vel: Value 9.9900 deviated from baseline 0.5000±0.0001 (z=94900.0, confirmed x37) (sev=1.00)
[navigation_node-4] [WARN] [1789857122.643597698] [navigation_node]: NavigationNode: Emitting erratic velocity due to navigation_failure!
[monitor_node-5] [WARN] [1789857122.645234546] [diagnostic_monitor]: ANOMALY on [navigation_node] /navigation/cmd_vel:linear_vel: Value 9.9900 deviated from baseline 0.5000±0.0001 (z=94900.0, confirmed x38) (sev=1.00)
[navigation_node-4] [WARN] [1789857122.743091670] [navigation_node]: NavigationNode: Emitting erratic velocity due to navigation_failure!
[monitor_node-5] [WARN] [1789857122.744639028] [diagnostic_monitor]: ANOMALY on [navigation_node] /navigation/cmd_vel:linear_vel: Value 9.9900 deviated from baseline 0.5000±0.0001 (z=94900.0, confirmed x39) (sev=1.00)
[navigation_node-4] [WARN] [1789857122.843212230] [navigation_node]: NavigationNode: Emitting erratic velocity due to navigation_failure!
[monitor_node-5] [WARN] [1789857122.845217958] [diagnostic_monitor]: ANOMALY on [navigation_node] /navigation/cmd_vel:linear_vel: Value 9.9900 deviated from baseline 0.5000±0.0001 (z=94900.0, confirmed x40) (sev=1.00)
[navigation_node-4] [WARN] [1789857122.944631636] [navigation_node]: NavigationNode: Emitting erratic velocity due to navigation_failure!
[monitor_node-5] [WARN] [1789857122.946922221] [diagnostic_monitor]: ANOMALY on [navigation_node] /navigation/cmd_vel:linear_vel: Value 9.9900 deviated from baseline 0.5000±0.0001 (z=94900.0, confirmed x41) (sev=1.00)
[navigation_node-4] [WARN] [1789857123.043458031] [navigation_node]: NavigationNode: Emitting erratic velocity due to navigation_failure!
[monitor_node-5] [WARN] [1789857123.045054033] [diagnostic_monitor]: ANOMALY on [navigation_node] /navigation/cmd_vel:linear_vel: Value 9.9900 deviated from baseline 0.5000±0.0001 (z=94900.0, confirmed x42) (sev=1.00)
[navigation_node-4] [WARN] [1789857123.143690375] [navigation_node]: NavigationNode: Emitting erratic velocity due to navigation_failure!
[monitor_node-5] [WARN] [1789857123.145308998] [diagnostic_monitor]: ANOMALY on [navigation_node] /navigation/cmd_vel:linear_vel: Value 9.9900 deviated from baseline 0.5000±0.0001 (z=94900.0, confirmed x43) (sev=1.00)
[navigation_node-4] [WARN] [1789857123.243250014] [navigation_node]: NavigationNode: Emitting erratic velocity due to navigation_failure!
[monitor_node-5] [WARN] [1789857123.245358882] [diagnostic_monitor]: ANOMALY on [navigation_node] /navigation/cmd_vel:linear_vel: Value 9.9900 deviated from baseline 0.5000±0.0001 (z=94900.0, confirmed x44) (sev=1.00)
[navigation_node-4] [WARN] [1789857123.343154485] [navigation_node]: NavigationNode: Emitting erratic velocity due to navigation_failure!
[monitor_node-5] [WARN] [1789857123.344982740] [diagnostic_monitor]: ANOMALY on [navigation_node] /navigation/cmd_vel:linear_vel: Value 9.9900 deviated from baseline 0.5000±0.0001 (z=94900.0, confirmed x45) (sev=1.00)
[navigation_node-4] [WARN] [1789857123.443563024] [navigation_node]: NavigationNode: Emitting erratic velocity due to navigation_failure!
[monitor_node-5] [WARN] [1789857123.445381077] [diagnostic_monitor]: ANOMALY on [navigation_node] /navigation/cmd_vel:linear_vel: Value 9.9900 deviated from baseline 0.5000±0.0001 (z=94900.0, confirmed x46) (sev=1.00)
[navigation_node-4] [WARN] [1789857123.543433487] [navigation_node]: NavigationNode: Emitting erratic velocity due to navigation_failure!
[monitor_node-5] [WARN] [1789857123.545112629] [diagnostic_monitor]: ANOMALY on [navigation_node] /navigation/cmd_vel:linear_vel: Value 9.9900 deviated from baseline 0.5000±0.0001 (z=94900.0, confirmed x47) (sev=1.00)
[navigation_node-4] [WARN] [1789857123.643450900] [navigation_node]: NavigationNode: Emitting erratic velocity due to navigation_failure!
[monitor_node-5] [WARN] [1789857123.645731405] [diagnostic_monitor]: ANOMALY on [navigation_node] /navigation/cmd_vel:linear_vel: Value 9.9900 deviated from baseline 0.5000±0.0001 (z=94900.0, confirmed x48) (sev=1.00)
[navigation_node-4] [WARN] [1789857123.743329088] [navigation_node]: NavigationNode: Emitting erratic velocity due to navigation_failure!
[monitor_node-5] [WARN] [1789857123.745225526] [diagnostic_monitor]: ANOMALY on [navigation_node] /navigation/cmd_vel:linear_vel: Value 9.9900 deviated from baseline 0.5000±0.0001 (z=94900.0, confirmed x49) (sev=1.00)
[navigation_node-4] [WARN] [1789857123.843700504] [navigation_node]: NavigationNode: Emitting erratic velocity due to navigation_failure!
[monitor_node-5] [WARN] [1789857123.846415539] [diagnostic_monitor]: ANOMALY on [navigation_node] /navigation/cmd_vel:linear_vel: Value 9.9900 deviated from baseline 0.5000±0.0001 (z=94900.0, confirmed x50) (sev=1.00)
[navigation_node-4] [WARN] [1789857123.943584367] [navigation_node]: NavigationNode: Emitting erratic velocity due to navigation_failure!
[monitor_node-5] [WARN] [1789857123.945241135] [diagnostic_monitor]: ANOMALY on [navigation_node] /navigation/cmd_vel:linear_vel: Value 9.9900 deviated from baseline 0.5000±0.0001 (z=94900.0, confirmed x51) (sev=1.00)
[navigation_node-4] [WARN] [1789857124.043435974] [navigation_node]: NavigationNode: Emitting erratic velocity due to navigation_failure!
[monitor_node-5] [WARN] [1789857124.044887928] [diagnostic_monitor]: ANOMALY on [navigation_node] /navigation/cmd_vel:linear_vel: Value 9.9900 deviated from baseline 0.5000±0.0001 (z=94900.0, confirmed x52) (sev=1.00)
[navigation_node-4] [WARN] [1789857124.143277812] [navigation_node]: NavigationNode: Emitting erratic velocity due to navigation_failure!
[monitor_node-5] [WARN] [1789857124.144854661] [diagnostic_monitor]: ANOMALY on [navigation_node] /navigation/cmd_vel:linear_vel: Value 9.9900 deviated from baseline 0.5000±0.0001 (z=94900.0, confirmed x53) (sev=1.00)
[navigation_node-4] [WARN] [1789857124.243534574] [navigation_node]: NavigationNode: Emitting erratic velocity due to navigation_failure!
[monitor_node-5] [WARN] [1789857124.245188627] [diagnostic_monitor]: ANOMALY on [navigation_node] /navigation/cmd_vel:linear_vel: Value 9.9900 deviated from baseline 0.5000±0.0001 (z=94900.0, confirmed x54) (sev=1.00)
[navigation_node-4] [WARN] [1789857124.343620314] [navigation_node]: NavigationNode: Emitting erratic velocity due to navigation_failure!
[monitor_node-5] [WARN] [1789857124.345416136] [diagnostic_monitor]: ANOMALY on [navigation_node] /navigation/cmd_vel:linear_vel: Value 9.9900 deviated from baseline 0.5000±0.0001 (z=94900.0, confirmed x55) (sev=1.00)
[navigation_node-4] [WARN] [1789857124.443608376] [navigation_node]: NavigationNode: Emitting erratic velocity due to navigation_failure!
[monitor_node-5] [WARN] [1789857124.445356561] [diagnostic_monitor]: ANOMALY on [navigation_node] /navigation/cmd_vel:linear_vel: Value 9.9900 deviated from baseline 0.5000±0.0001 (z=94900.0, confirmed x56) (sev=1.00)
[navigation_node-4] [WARN] [1789857124.542762558] [navigation_node]: NavigationNode: Emitting erratic velocity due to navigation_failure!
[monitor_node-5] [WARN] [1789857124.544127065] [diagnostic_monitor]: ANOMALY on [navigation_node] /navigation/cmd_vel:linear_vel: Value 9.9900 deviated from baseline 0.5000±0.0001 (z=94900.0, confirmed x57) (sev=1.00)
[navigation_node-4] [WARN] [1789857124.643850292] [navigation_node]: NavigationNode: Emitting erratic velocity due to navigation_failure!
[monitor_node-5] [WARN] [1789857124.647197659] [diagnostic_monitor]: ANOMALY on [navigation_node] /navigation/cmd_vel:linear_vel: Value 9.9900 deviated from baseline 0.5000±0.0001 (z=94900.0, confirmed x58) (sev=1.00)
[navigation_node-4] [WARN] [1789857124.743587900] [navigation_node]: NavigationNode: Emitting erratic velocity due to navigation_failure!
[monitor_node-5] [WARN] [1789857124.746123284] [diagnostic_monitor]: ANOMALY on [navigation_node] /navigation/cmd_vel:linear_vel: Value 9.9900 deviated from baseline 0.5000±0.0001 (z=94900.0, confirmed x59) (sev=1.00)
[navigation_node-4] [WARN] [1789857124.843647108] [navigation_node]: NavigationNode: Emitting erratic velocity due to navigation_failure!
[monitor_node-5] [WARN] [1789857124.845198947] [diagnostic_monitor]: ANOMALY on [navigation_node] /navigation/cmd_vel:linear_vel: Value 9.9900 deviated from baseline 0.5000±0.0001 (z=94900.0, confirmed x60) (sev=1.00)
[navigation_node-4] [WARN] [1789857124.943589473] [navigation_node]: NavigationNode: Emitting erratic velocity due to navigation_failure!
[monitor_node-5] [WARN] [1789857124.945353034] [diagnostic_monitor]: ANOMALY on [navigation_node] /navigation/cmd_vel:linear_vel: Value 9.9900 deviated from baseline 0.5000±0.0001 (z=94900.0, confirmed x61) (sev=1.00)
[navigation_node-4] [WARN] [1789857125.043856252] [navigation_node]: NavigationNode: Emitting erratic velocity due to navigation_failure!
[monitor_node-5] [WARN] [1789857125.045569349] [diagnostic_monitor]: ANOMALY on [navigation_node] /navigation/cmd_vel:linear_vel: Value 9.9900 deviated from baseline 0.5000±0.0001 (z=94900.0, confirmed x62) (sev=1.00)
[navigation_node-4] [INFO] [1789857125.139679857] [navigation_node]: NavigationNode: Fault cleared.
[sensor_node-1] [INFO] [1789857125.139818330] [sensor_node]: SensorNode: Fault cleared.
[localization_node-3] [INFO] [1789857125.139815999] [localization_node]: LocalizationNode: Fault cleared.
[perception_node-2] [INFO] [1789857125.140289772] [perception_node]: PerceptionNode: Fault cleared.
[navigation_node-4] [INFO] [1789857125.190280920] [navigation_node]: NavigationNode: Fault cleared.
[perception_node-2] [INFO] [1789857125.190294308] [perception_node]: PerceptionNode: Fault cleared.
[sensor_node-1] [INFO] [1789857125.190339125] [sensor_node]: SensorNode: Fault cleared.
[localization_node-3] [INFO] [1789857125.190412465] [localization_node]: LocalizationNode: Fault cleared.
[perception_node-2] [INFO] [1789857125.240855141] [perception_node]: PerceptionNode: Fault cleared.
[localization_node-3] [INFO] [1789857125.240863704] [localization_node]: LocalizationNode: Fault cleared.
[navigation_node-4] [INFO] [1789857125.240981250] [navigation_node]: NavigationNode: Fault cleared.
[sensor_node-1] [INFO] [1789857125.241263271] [sensor_node]: SensorNode: Fault cleared.
[sensor_node-1] [INFO] [1789857125.291404910] [sensor_node]: SensorNode: Fault cleared.
[perception_node-2] [INFO] [1789857125.291482584] [perception_node]: PerceptionNode: Fault cleared.
[navigation_node-4] [INFO] [1789857125.291485737] [navigation_node]: NavigationNode: Fault cleared.
[localization_node-3] [INFO] [1789857125.291490502] [localization_node]: LocalizationNode: Fault cleared.
[sensor_node-1] [INFO] [1789857125.342513950] [sensor_node]: SensorNode: Fault cleared.
[navigation_node-4] [INFO] [1789857125.342535667] [navigation_node]: NavigationNode: Fault cleared.
[perception_node-2] [INFO] [1789857125.342704298] [perception_node]: PerceptionNode: Fault cleared.
[localization_node-3] [INFO] [1789857125.343179988] [localization_node]: LocalizationNode: Fault cleared.
[sensor_node-1] [INFO] [1789857125.393095159] [sensor_node]: SensorNode: Fault cleared.
[navigation_node-4] [INFO] [1789857125.393213148] [navigation_node]: NavigationNode: Fault cleared.
[perception_node-2] [INFO] [1789857125.393280069] [perception_node]: PerceptionNode: Fault cleared.
[localization_node-3] [INFO] [1789857125.393310782] [localization_node]: LocalizationNode: Fault cleared.
[localization_node-3] [INFO] [1789857125.443486480] [localization_node]: LocalizationNode: Fault cleared.
[sensor_node-1] [INFO] [1789857125.443514887] [sensor_node]: SensorNode: Fault cleared.
[perception_node-2] [INFO] [1789857125.443645577] [perception_node]: PerceptionNode: Fault cleared.
[navigation_node-4] [INFO] [1789857125.443787464] [navigation_node]: NavigationNode: Fault cleared.
[localization_node-3] [INFO] [1789857125.494134241] [localization_node]: LocalizationNode: Fault cleared.
[sensor_node-1] [INFO] [1789857125.494155664] [sensor_node]: SensorNode: Fault cleared.
[perception_node-2] [INFO] [1789857125.494166189] [perception_node]: PerceptionNode: Fault cleared.
[navigation_node-4] [INFO] [1789857125.494196600] [navigation_node]: NavigationNode: Fault cleared.
[monitor_node-5] [INFO] [1789857131.234425303] [diagnostic_monitor]: Anomaly window cleared. System operating nominally.
[sensor_node-1] [WARN] [1789857133.054154806] [sensor_node]: SensorNode: Injected fault "degradation" (param=0.0, duration=9.0s)
[sensor_node-1] [WARN] [1789857133.104679366] [sensor_node]: SensorNode: Injected fault "degradation" (param=0.0, duration=9.0s)
[perception_node-2] [WARN] [1789857133.142354384] [perception_node]: PerceptionNode: Input scan degraded (NaNs=60/60). Outputting degraded obstacles.
[sensor_node-1] [WARN] [1789857133.155386742] [sensor_node]: SensorNode: Injected fault "degradation" (param=0.0, duration=9.0s)
[sensor_node-1] [WARN] [1789857133.205947605] [sensor_node]: SensorNode: Injected fault "degradation" (param=0.0, duration=9.0s)
[perception_node-2] [WARN] [1789857133.241705419] [perception_node]: PerceptionNode: Input scan degraded (NaNs=60/60). Outputting degraded obstacles.
[monitor_node-5] [WARN] [1789857133.242243493] [diagnostic_monitor]: ANOMALY on [sensor_node] /sensor/scan:nan_ratio: Value 0.6500 deviated from baseline 0.0000±0.0001 (z=6500.0, confirmed x2) (sev=1.00)
[monitor_node-5] [WARN] [1789857133.243396802] [diagnostic_monitor]: ANOMALY on [perception_node] /perception/obstacles:obstacle_count: Value 0.0000 deviated from baseline 2.0000±0.0001 (z=20000.0, confirmed x2) (sev=1.00)
[perception_node-2] [WARN] [1789857133.342838248] [perception_node]: PerceptionNode: Input scan degraded (NaNs=60/60). Outputting degraded obstacles.
[monitor_node-5] [WARN] [1789857133.342866499] [diagnostic_monitor]: ANOMALY on [sensor_node] /sensor/scan:nan_ratio: Value 0.5667 deviated from baseline 0.0000±0.0001 (z=5666.7, confirmed x3) (sev=1.00)
[monitor_node-5] [WARN] [1789857133.344401677] [diagnostic_monitor]: ANOMALY on [perception_node] /perception/obstacles:obstacle_count: Value 0.0000 deviated from baseline 2.0000±0.0001 (z=20000.0, confirmed x3) (sev=1.00)
[localization_node-3] [WARN] [1789857133.346390937] [localization_node]: LocalizationNode: Upstream perception missing! Pose updates frozen.
[perception_node-2] [WARN] [1789857133.441820555] [perception_node]: PerceptionNode: Input scan degraded (NaNs=60/60). Outputting degraded obstacles.
[monitor_node-5] [WARN] [1789857133.442702447] [diagnostic_monitor]: ANOMALY on [sensor_node] /sensor/scan:nan_ratio: Value 0.5667 deviated from baseline 0.0000±0.0001 (z=5666.7, confirmed x4) (sev=1.00)
[localization_node-3] [WARN] [1789857133.443500940] [localization_node]: LocalizationNode: Upstream perception missing! Pose updates frozen.
[monitor_node-5] [WARN] [1789857133.444112381] [diagnostic_monitor]: ANOMALY on [perception_node] /perception/obstacles:obstacle_count: Value 0.0000 deviated from baseline 2.0000±0.0001 (z=20000.0, confirmed x4) (sev=1.00)
[perception_node-2] [WARN] [1789857133.541775984] [perception_node]: PerceptionNode: Input scan degraded (NaNs=60/60). Outputting degraded obstacles.
[monitor_node-5] [WARN] [1789857133.541928415] [diagnostic_monitor]: ANOMALY on [sensor_node] /sensor/scan:nan_ratio: Value 0.5833 deviated from baseline 0.0000±0.0001 (z=5833.3, confirmed x5) (sev=1.00)
[monitor_node-5] [WARN] [1789857133.543279089] [diagnostic_monitor]: ANOMALY on [perception_node] /perception/obstacles:obstacle_count: Value 0.0000 deviated from baseline 2.0000±0.0001 (z=20000.0, confirmed x5) (sev=1.00)
[localization_node-3] [WARN] [1789857133.543491893] [localization_node]: LocalizationNode: Upstream perception missing! Pose updates frozen.
[perception_node-2] [WARN] [1789857133.642233148] [perception_node]: PerceptionNode: Input scan degraded (NaNs=60/60). Outputting degraded obstacles.
[monitor_node-5] [WARN] [1789857133.642280851] [diagnostic_monitor]: ANOMALY on [sensor_node] /sensor/scan:nan_ratio: Value 0.6667 deviated from baseline 0.0000±0.0001 (z=6666.7, confirmed x6) (sev=1.00)
[monitor_node-5] [WARN] [1789857133.643803245] [diagnostic_monitor]: ANOMALY on [perception_node] /perception/obstacles:obstacle_count: Value 0.0000 deviated from baseline 2.0000±0.0001 (z=20000.0, confirmed x6) (sev=1.00)
[localization_node-3] [WARN] [1789857133.643874169] [localization_node]: LocalizationNode: Upstream perception missing! Pose updates frozen.
[monitor_node-5] [INFO] [1789857133.736767923] [diagnostic_monitor]: 
[monitor_node-5] ============================================================
[monitor_node-5] ROOT CAUSE DIAGNOSIS: sensor_node (Confidence: 1.000)
[monitor_node-5] ============================================================
[monitor_node-5] Score Breakdown  R(C) = wD*D + wT*T + wS*S + wA*A:
[monitor_node-5]   R(sensor_node) = 0.3·D(1.00) + 0.3·T(1.00) + 0.25·S(1.00) + 0.15·A(1.00) = 1.000
[monitor_node-5]   - Dependency D: 1.00 (reaches 1 downstream anomalous node(s); 0 anomalous upstream node(s))
[monitor_node-5]   - Temporal   T: 1.00 (first anomaly at t=1789857133.14s; earliest in window = supporting evidence, not proof of causality)
[monitor_node-5]   - Symptom    S: 1.00 (explains 2/2 anomalous nodes)
[monitor_node-5]   - Severity   A: 1.00 (max normalised severity on node, 5 direct anomaly event(s))
[monitor_node-5] 
[monitor_node-5] Propagation Chain (evidence-ordered, via discovered graph edges):
[monitor_node-5]   sensor_node (t=1789857133.14s: /sensor/scan:nan_ratio, sev=1.00)
[monitor_node-5]     └─→ perception_node via /sensor/scan (t=1789857133.14s, +0.00s after sensor_node: /perception/obstacles:obstacle_count)
[monitor_node-5] 
[monitor_node-5] Candidate Ranking & Evidence Comparison:
[monitor_node-5]   #2 perception_node      R=0.575 (Δ -0.425) [first anomaly 0.00s after sensor_node; downstream of sensor_node in discovered graph; lower symptom coverage (50% vs 100%)]
[monitor_node-5] ============================================================
[monitor_node-5] [WARN] [1789857133.742274345] [diagnostic_monitor]: ANOMALY on [sensor_node] /sensor/scan:nan_ratio: Value 0.4833 deviated from baseline 0.0000±0.0001 (z=4833.3, confirmed x7) (sev=1.00)
[perception_node-2] [WARN] [1789857133.742390348] [perception_node]: PerceptionNode: Input scan degraded (NaNs=60/60). Outputting degraded obstacles.
[monitor_node-5] [WARN] [1789857133.743764302] [diagnostic_monitor]: ANOMALY on [perception_node] /perception/obstacles:obstacle_count: Value 0.0000 deviated from baseline 2.0000±0.0001 (z=20000.0, confirmed x7) (sev=1.00)
[localization_node-3] [WARN] [1789857133.743973467] [localization_node]: LocalizationNode: Upstream perception missing! Pose updates frozen.
[perception_node-2] [WARN] [1789857133.842276361] [perception_node]: PerceptionNode: Input scan degraded (NaNs=60/60). Outputting degraded obstacles.
[monitor_node-5] [WARN] [1789857133.842415183] [diagnostic_monitor]: ANOMALY on [sensor_node] /sensor/scan:nan_ratio: Value 0.5500 deviated from baseline 0.0000±0.0001 (z=5500.0, confirmed x8) (sev=1.00)
[monitor_node-5] [WARN] [1789857133.843973097] [diagnostic_monitor]: ANOMALY on [perception_node] /perception/obstacles:obstacle_count: Value 0.0000 deviated from baseline 2.0000±0.0001 (z=20000.0, confirmed x8) (sev=1.00)
[localization_node-3] [WARN] [1789857133.844120162] [localization_node]: LocalizationNode: Upstream perception missing! Pose updates frozen.
[perception_node-2] [WARN] [1789857133.941998657] [perception_node]: PerceptionNode: Input scan degraded (NaNs=60/60). Outputting degraded obstacles.
[monitor_node-5] [WARN] [1789857133.942152711] [diagnostic_monitor]: ANOMALY on [sensor_node] /sensor/scan:nan_ratio: Value 0.5667 deviated from baseline 0.0000±0.0001 (z=5666.7, confirmed x9) (sev=1.00)
[monitor_node-5] [WARN] [1789857133.943296253] [diagnostic_monitor]: ANOMALY on [perception_node] /perception/obstacles:obstacle_count: Value 0.0000 deviated from baseline 2.0000±0.0001 (z=20000.0, confirmed x9) (sev=1.00)
[localization_node-3] [WARN] [1789857133.943381971] [localization_node]: LocalizationNode: Upstream perception missing! Pose updates frozen.
[perception_node-2] [WARN] [1789857134.042232596] [perception_node]: PerceptionNode: Input scan degraded (NaNs=60/60). Outputting degraded obstacles.
[monitor_node-5] [WARN] [1789857134.042266519] [diagnostic_monitor]: ANOMALY on [sensor_node] /sensor/scan:nan_ratio: Value 0.6000 deviated from baseline 0.0000±0.0001 (z=6000.0, confirmed x10) (sev=1.00)
[monitor_node-5] [WARN] [1789857134.043772355] [diagnostic_monitor]: ANOMALY on [perception_node] /perception/obstacles:obstacle_count: Value 0.0000 deviated from baseline 2.0000±0.0001 (z=20000.0, confirmed x10) (sev=1.00)
[localization_node-3] [WARN] [1789857134.043876749] [localization_node]: LocalizationNode: Upstream perception missing! Pose updates frozen.
[perception_node-2] [WARN] [1789857134.142712239] [perception_node]: PerceptionNode: Input scan degraded (NaNs=60/60). Outputting degraded obstacles.
[monitor_node-5] [WARN] [1789857134.142850179] [diagnostic_monitor]: ANOMALY on [sensor_node] /sensor/scan:nan_ratio: Value 0.7667 deviated from baseline 0.0000±0.0001 (z=7666.7, confirmed x11) (sev=1.00)
[monitor_node-5] [WARN] [1789857134.144294488] [diagnostic_monitor]: ANOMALY on [perception_node] /perception/obstacles:obstacle_count: Value 0.0000 deviated from baseline 2.0000±0.0001 (z=20000.0, confirmed x11) (sev=1.00)
[localization_node-3] [WARN] [1789857134.144405480] [localization_node]: LocalizationNode: Upstream perception missing! Pose updates frozen.
[perception_node-2] [WARN] [1789857134.242470120] [perception_node]: PerceptionNode: Input scan degraded (NaNs=60/60). Outputting degraded obstacles.
[monitor_node-5] [WARN] [1789857134.242728272] [diagnostic_monitor]: ANOMALY on [sensor_node] /sensor/scan:nan_ratio: Value 0.6167 deviated from baseline 0.0000±0.0001 (z=6166.7, confirmed x12) (sev=1.00)
[localization_node-3] [WARN] [1789857134.244914778] [localization_node]: LocalizationNode: Upstream perception missing! Pose updates frozen.
[monitor_node-5] [WARN] [1789857134.245117858] [diagnostic_monitor]: ANOMALY on [perception_node] /perception/obstacles:obstacle_count: Value 0.0000 deviated from baseline 2.0000±0.0001 (z=20000.0, confirmed x12) (sev=1.00)
[perception_node-2] [WARN] [1789857134.342016913] [perception_node]: PerceptionNode: Input scan degraded (NaNs=60/60). Outputting degraded obstacles.
[monitor_node-5] [WARN] [1789857134.342031337] [diagnostic_monitor]: ANOMALY on [sensor_node] /sensor/scan:nan_ratio: Value 0.5333 deviated from baseline 0.0000±0.0001 (z=5333.3, confirmed x13) (sev=1.00)
[localization_node-3] [WARN] [1789857134.343458465] [localization_node]: LocalizationNode: Upstream perception missing! Pose updates frozen.
[monitor_node-5] [WARN] [1789857134.343566370] [diagnostic_monitor]: ANOMALY on [perception_node] /perception/obstacles:obstacle_count: Value 0.0000 deviated from baseline 2.0000±0.0001 (z=20000.0, confirmed x13) (sev=1.00)
[perception_node-2] [WARN] [1789857134.441586608] [perception_node]: PerceptionNode: Input scan degraded (NaNs=60/60). Outputting degraded obstacles.
[monitor_node-5] [WARN] [1789857134.441995272] [diagnostic_monitor]: ANOMALY on [sensor_node] /sensor/scan:nan_ratio: Value 0.7000 deviated from baseline 0.0000±0.0001 (z=7000.0, confirmed x14) (sev=1.00)
[localization_node-3] [WARN] [1789857134.443093466] [localization_node]: LocalizationNode: Upstream perception missing! Pose updates frozen.
[monitor_node-5] [WARN] [1789857134.443645882] [diagnostic_monitor]: ANOMALY on [perception_node] /perception/obstacles:obstacle_count: Value 0.0000 deviated from baseline 2.0000±0.0001 (z=20000.0, confirmed x14) (sev=1.00)
[perception_node-2] [WARN] [1789857134.542357963] [perception_node]: PerceptionNode: Input scan degraded (NaNs=60/60). Outputting degraded obstacles.
[monitor_node-5] [WARN] [1789857134.542481229] [diagnostic_monitor]: ANOMALY on [sensor_node] /sensor/scan:nan_ratio: Value 0.6333 deviated from baseline 0.0000±0.0001 (z=6333.3, confirmed x15) (sev=1.00)
[monitor_node-5] [WARN] [1789857134.543902125] [diagnostic_monitor]: ANOMALY on [perception_node] /perception/obstacles:obstacle_count: Value 0.0000 deviated from baseline 2.0000±0.0001 (z=20000.0, confirmed x15) (sev=1.00)
[localization_node-3] [WARN] [1789857134.545536946] [localization_node]: LocalizationNode: Upstream perception missing! Pose updates frozen.
[perception_node-2] [WARN] [1789857134.642175577] [perception_node]: PerceptionNode: Input scan degraded (NaNs=60/60). Outputting degraded obstacles.
[monitor_node-5] [WARN] [1789857134.642723206] [diagnostic_monitor]: ANOMALY on [sensor_node] /sensor/scan:nan_ratio: Value 0.5833 deviated from baseline 0.0000±0.0001 (z=5833.3, confirmed x16) (sev=1.00)
[localization_node-3] [WARN] [1789857134.643819039] [localization_node]: LocalizationNode: Upstream perception missing! Pose updates frozen.
[monitor_node-5] [WARN] [1789857134.644498554] [diagnostic_monitor]: ANOMALY on [perception_node] /perception/obstacles:obstacle_count: Value 0.0000 deviated from baseline 2.0000±0.0001 (z=20000.0, confirmed x16) (sev=1.00)
[monitor_node-5] [WARN] [1789857134.742421327] [diagnostic_monitor]: ANOMALY on [sensor_node] /sensor/scan:nan_ratio: Value 0.6167 deviated from baseline 0.0000±0.0001 (z=6166.7, confirmed x17) (sev=1.00)
[perception_node-2] [WARN] [1789857134.742649125] [perception_node]: PerceptionNode: Input scan degraded (NaNs=60/60). Outputting degraded obstacles.
[monitor_node-5] [WARN] [1789857134.744079605] [diagnostic_monitor]: ANOMALY on [perception_node] /perception/obstacles:obstacle_count: Value 0.0000 deviated from baseline 2.0000±0.0001 (z=20000.0, confirmed x17) (sev=1.00)
[localization_node-3] [WARN] [1789857134.744392922] [localization_node]: LocalizationNode: Upstream perception missing! Pose updates frozen.
[monitor_node-5] [WARN] [1789857134.842165337] [diagnostic_monitor]: ANOMALY on [sensor_node] /sensor/scan:nan_ratio: Value 0.7167 deviated from baseline 0.0000±0.0001 (z=7166.7, confirmed x18) (sev=1.00)
[perception_node-2] [WARN] [1789857134.842199132] [perception_node]: PerceptionNode: Input scan degraded (NaNs=60/60). Outputting degraded obstacles.
[monitor_node-5] [WARN] [1789857134.843767499] [diagnostic_monitor]: ANOMALY on [perception_node] /perception/obstacles:obstacle_count: Value 0.0000 deviated from baseline 2.0000±0.0001 (z=20000.0, confirmed x18) (sev=1.00)
[localization_node-3] [WARN] [1789857134.843883738] [localization_node]: LocalizationNode: Upstream perception missing! Pose updates frozen.
[monitor_node-5] [WARN] [1789857134.941792370] [diagnostic_monitor]: ANOMALY on [sensor_node] /sensor/scan:nan_ratio: Value 0.6333 deviated from baseline 0.0000±0.0001 (z=6333.3, confirmed x19) (sev=1.00)
[perception_node-2] [WARN] [1789857134.942028606] [perception_node]: PerceptionNode: Input scan degraded (NaNs=60/60). Outputting degraded obstacles.
[monitor_node-5] [WARN] [1789857134.943274532] [diagnostic_monitor]: ANOMALY on [perception_node] /perception/obstacles:obstacle_count: Value 0.0000 deviated from baseline 2.0000±0.0001 (z=20000.0, confirmed x19) (sev=1.00)
[localization_node-3] [WARN] [1789857134.943393947] [localization_node]: LocalizationNode: Upstream perception missing! Pose updates frozen.
[monitor_node-5] [WARN] [1789857135.042340647] [diagnostic_monitor]: ANOMALY on [sensor_node] /sensor/scan:nan_ratio: Value 0.6000 deviated from baseline 0.0000±0.0001 (z=6000.0, confirmed x20) (sev=1.00)
[perception_node-2] [WARN] [1789857135.042340652] [perception_node]: PerceptionNode: Input scan degraded (NaNs=60/60). Outputting degraded obstacles.
[monitor_node-5] [WARN] [1789857135.043883138] [diagnostic_monitor]: ANOMALY on [perception_node] /perception/obstacles:obstacle_count: Value 0.0000 deviated from baseline 2.0000±0.0001 (z=20000.0, confirmed x20) (sev=1.00)
[localization_node-3] [WARN] [1789857135.043974151] [localization_node]: LocalizationNode: Upstream perception missing! Pose updates frozen.
[perception_node-2] [WARN] [1789857135.141955700] [perception_node]: PerceptionNode: Input scan degraded (NaNs=60/60). Outputting degraded obstacles.
[monitor_node-5] [WARN] [1789857135.142229616] [diagnostic_monitor]: ANOMALY on [sensor_node] /sensor/scan:nan_ratio: Value 0.6167 deviated from baseline 0.0000±0.0001 (z=6166.7, confirmed x21) (sev=1.00)
[localization_node-3] [WARN] [1789857135.143711829] [localization_node]: LocalizationNode: Upstream perception missing! Pose updates frozen.
[monitor_node-5] [WARN] [1789857135.143794479] [diagnostic_monitor]: ANOMALY on [perception_node] /perception/obstacles:obstacle_count: Value 0.0000 deviated from baseline 2.0000±0.0001 (z=20000.0, confirmed x21) (sev=1.00)
[monitor_node-5] [WARN] [1789857135.242351952] [diagnostic_monitor]: ANOMALY on [sensor_node] /sensor/scan:nan_ratio: Value 0.6333 deviated from baseline 0.0000±0.0001 (z=6333.3, confirmed x22) (sev=1.00)
[perception_node-2] [WARN] [1789857135.242368263] [perception_node]: PerceptionNode: Input scan degraded (NaNs=60/60). Outputting degraded obstacles.
[monitor_node-5] [WARN] [1789857135.243761010] [diagnostic_monitor]: ANOMALY on [perception_node] /perception/obstacles:obstacle_count: Value 0.0000 deviated from baseline 2.0000±0.0001 (z=20000.0, confirmed x22) (sev=1.00)
[localization_node-3] [WARN] [1789857135.243956598] [localization_node]: LocalizationNode: Upstream perception missing! Pose updates frozen.
[perception_node-2] [WARN] [1789857135.342268673] [perception_node]: PerceptionNode: Input scan degraded (NaNs=60/60). Outputting degraded obstacles.
[monitor_node-5] [WARN] [1789857135.342390721] [diagnostic_monitor]: ANOMALY on [sensor_node] /sensor/scan:nan_ratio: Value 0.6500 deviated from baseline 0.0000±0.0001 (z=6500.0, confirmed x23) (sev=1.00)
[monitor_node-5] [WARN] [1789857135.343720983] [diagnostic_monitor]: ANOMALY on [perception_node] /perception/obstacles:obstacle_count: Value 0.0000 deviated from baseline 2.0000±0.0001 (z=20000.0, confirmed x23) (sev=1.00)
[localization_node-3] [WARN] [1789857135.343949434] [localization_node]: LocalizationNode: Upstream perception missing! Pose updates frozen.
[perception_node-2] [WARN] [1789857135.441944662] [perception_node]: PerceptionNode: Input scan degraded (NaNs=60/60). Outputting degraded obstacles.
[monitor_node-5] [WARN] [1789857135.442066699] [diagnostic_monitor]: ANOMALY on [sensor_node] /sensor/scan:nan_ratio: Value 0.6667 deviated from baseline 0.0000±0.0001 (z=6666.7, confirmed x24) (sev=1.00)
[localization_node-3] [WARN] [1789857135.443146524] [localization_node]: LocalizationNode: Upstream perception missing! Pose updates frozen.
[monitor_node-5] [WARN] [1789857135.443221334] [diagnostic_monitor]: ANOMALY on [perception_node] /perception/obstacles:obstacle_count: Value 0.0000 deviated from baseline 2.0000±0.0001 (z=20000.0, confirmed x24) (sev=1.00)
[perception_node-2] [WARN] [1789857135.542119059] [perception_node]: PerceptionNode: Input scan degraded (NaNs=60/60). Outputting degraded obstacles.
[monitor_node-5] [WARN] [1789857135.542304942] [diagnostic_monitor]: ANOMALY on [sensor_node] /sensor/scan:nan_ratio: Value 0.6667 deviated from baseline 0.0000±0.0001 (z=6666.7, confirmed x25) (sev=1.00)
[monitor_node-5] [WARN] [1789857135.543781510] [diagnostic_monitor]: ANOMALY on [perception_node] /perception/obstacles:obstacle_count: Value 0.0000 deviated from baseline 2.0000±0.0001 (z=20000.0, confirmed x25) (sev=1.00)
[localization_node-3] [WARN] [1789857135.543812118] [localization_node]: LocalizationNode: Upstream perception missing! Pose updates frozen.
[perception_node-2] [WARN] [1789857135.642109654] [perception_node]: PerceptionNode: Input scan degraded (NaNs=60/60). Outputting degraded obstacles.
[monitor_node-5] [WARN] [1789857135.642326179] [diagnostic_monitor]: ANOMALY on [sensor_node] /sensor/scan:nan_ratio: Value 0.6833 deviated from baseline 0.0000±0.0001 (z=6833.3, confirmed x26) (sev=1.00)
[localization_node-3] [WARN] [1789857135.643743295] [localization_node]: LocalizationNode: Upstream perception missing! Pose updates frozen.
[monitor_node-5] [WARN] [1789857135.644398330] [diagnostic_monitor]: ANOMALY on [perception_node] /perception/obstacles:obstacle_count: Value 0.0000 deviated from baseline 2.0000±0.0001 (z=20000.0, confirmed x26) (sev=1.00)
[perception_node-2] [WARN] [1789857135.741933352] [perception_node]: PerceptionNode: Input scan degraded (NaNs=60/60). Outputting degraded obstacles.
[monitor_node-5] [WARN] [1789857135.742195276] [diagnostic_monitor]: ANOMALY on [sensor_node] /sensor/scan:nan_ratio: Value 0.7000 deviated from baseline 0.0000±0.0001 (z=7000.0, confirmed x27) (sev=1.00)
[localization_node-3] [WARN] [1789857135.743579896] [localization_node]: LocalizationNode: Upstream perception missing! Pose updates frozen.
[monitor_node-5] [WARN] [1789857135.743672060] [diagnostic_monitor]: ANOMALY on [perception_node] /perception/obstacles:obstacle_count: Value 0.0000 deviated from baseline 2.0000±0.0001 (z=20000.0, confirmed x27) (sev=1.00)
[perception_node-2] [WARN] [1789857135.841882539] [perception_node]: PerceptionNode: Input scan degraded (NaNs=60/60). Outputting degraded obstacles.
[monitor_node-5] [WARN] [1789857135.842198631] [diagnostic_monitor]: ANOMALY on [sensor_node] /sensor/scan:nan_ratio: Value 0.7000 deviated from baseline 0.0000±0.0001 (z=7000.0, confirmed x28) (sev=1.00)
[localization_node-3] [WARN] [1789857135.843342002] [localization_node]: LocalizationNode: Upstream perception missing! Pose updates frozen.
[monitor_node-5] [WARN] [1789857135.843570064] [diagnostic_monitor]: ANOMALY on [perception_node] /perception/obstacles:obstacle_count: Value 0.0000 deviated from baseline 2.0000±0.0001 (z=20000.0, confirmed x28) (sev=1.00)
[perception_node-2] [WARN] [1789857135.942005555] [perception_node]: PerceptionNode: Input scan degraded (NaNs=60/60). Outputting degraded obstacles.
[monitor_node-5] [WARN] [1789857135.942031764] [diagnostic_monitor]: ANOMALY on [sensor_node] /sensor/scan:nan_ratio: Value 0.6000 deviated from baseline 0.0000±0.0001 (z=6000.0, confirmed x29) (sev=1.00)
[monitor_node-5] [WARN] [1789857135.943447358] [diagnostic_monitor]: ANOMALY on [perception_node] /perception/obstacles:obstacle_count: Value 0.0000 deviated from baseline 2.0000±0.0001 (z=20000.0, confirmed x29) (sev=1.00)
[localization_node-3] [WARN] [1789857135.943486092] [localization_node]: LocalizationNode: Upstream perception missing! Pose updates frozen.
[perception_node-2] [WARN] [1789857136.042156772] [perception_node]: PerceptionNode: Input scan degraded (NaNs=60/60). Outputting degraded obstacles.
[localization_node-3] [WARN] [1789857136.043847333] [localization_node]: LocalizationNode: Upstream perception missing! Pose updates frozen.
[monitor_node-5] [WARN] [1789857136.043920465] [diagnostic_monitor]: ANOMALY on [sensor_node] /sensor/scan:nan_ratio: Value 0.5833 deviated from baseline 0.0000±0.0001 (z=5833.3, confirmed x30) (sev=1.00)
[monitor_node-5] [WARN] [1789857136.045698737] [diagnostic_monitor]: ANOMALY on [perception_node] /perception/obstacles:obstacle_count: Value 0.0000 deviated from baseline 2.0000±0.0001 (z=20000.0, confirmed x30) (sev=1.00)
[perception_node-2] [WARN] [1789857136.141998148] [perception_node]: PerceptionNode: Input scan degraded (NaNs=60/60). Outputting degraded obstacles.
[monitor_node-5] [WARN] [1789857136.142313631] [diagnostic_monitor]: ANOMALY on [sensor_node] /sensor/scan:nan_ratio: Value 0.6167 deviated from baseline 0.0000±0.0001 (z=6166.7, confirmed x31) (sev=1.00)
[monitor_node-5] [WARN] [1789857136.143490999] [diagnostic_monitor]: ANOMALY on [perception_node] /perception/obstacles:obstacle_count: Value 0.0000 deviated from baseline 2.0000±0.0001 (z=20000.0, confirmed x31) (sev=1.00)
[localization_node-3] [WARN] [1789857136.143604255] [localization_node]: LocalizationNode: Upstream perception missing! Pose updates frozen.
[perception_node-2] [WARN] [1789857136.241546717] [perception_node]: PerceptionNode: Input scan degraded (NaNs=60/60). Outputting degraded obstacles.
[monitor_node-5] [WARN] [1789857136.242038173] [diagnostic_monitor]: ANOMALY on [sensor_node] /sensor/scan:nan_ratio: Value 0.5833 deviated from baseline 0.0000±0.0001 (z=5833.3, confirmed x32) (sev=1.00)
[localization_node-3] [WARN] [1789857136.242937675] [localization_node]: LocalizationNode: Upstream perception missing! Pose updates frozen.
[monitor_node-5] [WARN] [1789857136.243429808] [diagnostic_monitor]: ANOMALY on [perception_node] /perception/obstacles:obstacle_count: Value 0.0000 deviated from baseline 2.0000±0.0001 (z=20000.0, confirmed x32) (sev=1.00)
[perception_node-2] [WARN] [1789857136.342379166] [perception_node]: PerceptionNode: Input scan degraded (NaNs=60/60). Outputting degraded obstacles.
[monitor_node-5] [WARN] [1789857136.342522492] [diagnostic_monitor]: ANOMALY on [sensor_node] /sensor/scan:nan_ratio: Value 0.6167 deviated from baseline 0.0000±0.0001 (z=6166.7, confirmed x33) (sev=1.00)
[localization_node-3] [WARN] [1789857136.344044776] [localization_node]: LocalizationNode: Upstream perception missing! Pose updates frozen.
[monitor_node-5] [WARN] [1789857136.344100022] [diagnostic_monitor]: ANOMALY on [perception_node] /perception/obstacles:obstacle_count: Value 0.0000 deviated from baseline 2.0000±0.0001 (z=20000.0, confirmed x33) (sev=1.00)
[perception_node-2] [WARN] [1789857136.442003748] [perception_node]: PerceptionNode: Input scan degraded (NaNs=60/60). Outputting degraded obstacles.
[monitor_node-5] [WARN] [1789857136.442456913] [diagnostic_monitor]: ANOMALY on [sensor_node] /sensor/scan:nan_ratio: Value 0.6000 deviated from baseline 0.0000±0.0001 (z=6000.0, confirmed x34) (sev=1.00)
[localization_node-3] [WARN] [1789857136.443584301] [localization_node]: LocalizationNode: Upstream perception missing! Pose updates frozen.
[monitor_node-5] [WARN] [1789857136.443919199] [diagnostic_monitor]: ANOMALY on [perception_node] /perception/obstacles:obstacle_count: Value 0.0000 deviated from baseline 2.0000±0.0001 (z=20000.0, confirmed x34) (sev=1.00)
[perception_node-2] [WARN] [1789857136.541962029] [perception_node]: PerceptionNode: Input scan degraded (NaNs=60/60). Outputting degraded obstacles.
[monitor_node-5] [WARN] [1789857136.542075560] [diagnostic_monitor]: ANOMALY on [sensor_node] /sensor/scan:nan_ratio: Value 0.5167 deviated from baseline 0.0000±0.0001 (z=5166.7, confirmed x35) (sev=1.00)
[monitor_node-5] [WARN] [1789857136.543325596] [diagnostic_monitor]: ANOMALY on [perception_node] /perception/obstacles:obstacle_count: Value 0.0000 deviated from baseline 2.0000±0.0001 (z=20000.0, confirmed x35) (sev=1.00)
[localization_node-3] [WARN] [1789857136.543379772] [localization_node]: LocalizationNode: Upstream perception missing! Pose updates frozen.
[perception_node-2] [WARN] [1789857136.642171999] [perception_node]: PerceptionNode: Input scan degraded (NaNs=60/60). Outputting degraded obstacles.
[monitor_node-5] [WARN] [1789857136.642296793] [diagnostic_monitor]: ANOMALY on [sensor_node] /sensor/scan:nan_ratio: Value 0.5667 deviated from baseline 0.0000±0.0001 (z=5666.7, confirmed x36) (sev=1.00)
[localization_node-3] [WARN] [1789857136.643691106] [localization_node]: LocalizationNode: Upstream perception missing! Pose updates frozen.
[monitor_node-5] [WARN] [1789857136.643811976] [diagnostic_monitor]: ANOMALY on [perception_node] /perception/obstacles:obstacle_count: Value 0.0000 deviated from baseline 2.0000±0.0001 (z=20000.0, confirmed x36) (sev=1.00)
[perception_node-2] [WARN] [1789857136.742176470] [perception_node]: PerceptionNode: Input scan degraded (NaNs=60/60). Outputting degraded obstacles.
[monitor_node-5] [WARN] [1789857136.742790052] [diagnostic_monitor]: ANOMALY on [sensor_node] /sensor/scan:nan_ratio: Value 0.6000 deviated from baseline 0.0000±0.0001 (z=6000.0, confirmed x37) (sev=1.00)
[localization_node-3] [WARN] [1789857136.743772895] [localization_node]: LocalizationNode: Upstream perception missing! Pose updates frozen.
[monitor_node-5] [WARN] [1789857136.744294946] [diagnostic_monitor]: ANOMALY on [perception_node] /perception/obstacles:obstacle_count: Value 0.0000 deviated from baseline 2.0000±0.0001 (z=20000.0, confirmed x37) (sev=1.00)
[perception_node-2] [WARN] [1789857136.842140347] [perception_node]: PerceptionNode: Input scan degraded (NaNs=60/60). Outputting degraded obstacles.
[localization_node-3] [WARN] [1789857136.843662970] [localization_node]: LocalizationNode: Upstream perception missing! Pose updates frozen.
[monitor_node-5] [WARN] [1789857136.847528710] [diagnostic_monitor]: ANOMALY on [sensor_node] /sensor/scan:nan_ratio: Value 0.6667 deviated from baseline 0.0000±0.0001 (z=6666.7, confirmed x38) (sev=1.00)
[monitor_node-5] [WARN] [1789857136.850704034] [diagnostic_monitor]: ANOMALY on [perception_node] /perception/obstacles:obstacle_count: Value 0.0000 deviated from baseline 2.0000±0.0001 (z=20000.0, confirmed x38) (sev=1.00)
[perception_node-2] [WARN] [1789857136.941976295] [perception_node]: PerceptionNode: Input scan degraded (NaNs=60/60). Outputting degraded obstacles.
[monitor_node-5] [WARN] [1789857136.942261800] [diagnostic_monitor]: ANOMALY on [sensor_node] /sensor/scan:nan_ratio: Value 0.7000 deviated from baseline 0.0000±0.0001 (z=7000.0, confirmed x39) (sev=1.00)
[localization_node-3] [WARN] [1789857136.943386663] [localization_node]: LocalizationNode: Upstream perception missing! Pose updates frozen.
[monitor_node-5] [WARN] [1789857136.943943623] [diagnostic_monitor]: ANOMALY on [perception_node] /perception/obstacles:obstacle_count: Value 0.0000 deviated from baseline 2.0000±0.0001 (z=20000.0, confirmed x39) (sev=1.00)
[monitor_node-5] [WARN] [1789857137.042054598] [diagnostic_monitor]: ANOMALY on [sensor_node] /sensor/scan:nan_ratio: Value 0.5167 deviated from baseline 0.0000±0.0001 (z=5166.7, confirmed x40) (sev=1.00)
[perception_node-2] [WARN] [1789857137.042154985] [perception_node]: PerceptionNode: Input scan degraded (NaNs=60/60). Outputting degraded obstacles.
[monitor_node-5] [WARN] [1789857137.043389670] [diagnostic_monitor]: ANOMALY on [perception_node] /perception/obstacles:obstacle_count: Value 0.0000 deviated from baseline 2.0000±0.0001 (z=20000.0, confirmed x40) (sev=1.00)
[localization_node-3] [WARN] [1789857137.043528323] [localization_node]: LocalizationNode: Upstream perception missing! Pose updates frozen.
[perception_node-2] [WARN] [1789857137.142145989] [perception_node]: PerceptionNode: Input scan degraded (NaNs=60/60). Outputting degraded obstacles.
[monitor_node-5] [WARN] [1789857137.142401702] [diagnostic_monitor]: ANOMALY on [sensor_node] /sensor/scan:nan_ratio: Value 0.6000 deviated from baseline 0.0000±0.0001 (z=6000.0, confirmed x41) (sev=1.00)
[localization_node-3] [WARN] [1789857137.143748387] [localization_node]: LocalizationNode: Upstream perception missing! Pose updates frozen.
[monitor_node-5] [WARN] [1789857137.143781144] [diagnostic_monitor]: ANOMALY on [perception_node] /perception/obstacles:obstacle_count: Value 0.0000 deviated from baseline 2.0000±0.0001 (z=20000.0, confirmed x41) (sev=1.00)
[perception_node-2] [WARN] [1789857137.241819659] [perception_node]: PerceptionNode: Input scan degraded (NaNs=60/60). Outputting degraded obstacles.
[monitor_node-5] [WARN] [1789857137.242283286] [diagnostic_monitor]: ANOMALY on [sensor_node] /sensor/scan:nan_ratio: Value 0.6333 deviated from baseline 0.0000±0.0001 (z=6333.3, confirmed x42) (sev=1.00)
[localization_node-3] [WARN] [1789857137.243339757] [localization_node]: LocalizationNode: Upstream perception missing! Pose updates frozen.
[monitor_node-5] [WARN] [1789857137.243888562] [diagnostic_monitor]: ANOMALY on [perception_node] /perception/obstacles:obstacle_count: Value 0.0000 deviated from baseline 2.0000±0.0001 (z=20000.0, confirmed x42) (sev=1.00)
[perception_node-2] [WARN] [1789857137.342081661] [perception_node]: PerceptionNode: Input scan degraded (NaNs=60/60). Outputting degraded obstacles.
[monitor_node-5] [WARN] [1789857137.342095496] [diagnostic_monitor]: ANOMALY on [sensor_node] /sensor/scan:nan_ratio: Value 0.6000 deviated from baseline 0.0000±0.0001 (z=6000.0, confirmed x43) (sev=1.00)
[monitor_node-5] [WARN] [1789857137.343222035] [diagnostic_monitor]: ANOMALY on [perception_node] /perception/obstacles:obstacle_count: Value 0.0000 deviated from baseline 2.0000±0.0001 (z=20000.0, confirmed x43) (sev=1.00)
[localization_node-3] [WARN] [1789857137.343549318] [localization_node]: LocalizationNode: Upstream perception missing! Pose updates frozen.
[perception_node-2] [WARN] [1789857137.441545426] [perception_node]: PerceptionNode: Input scan degraded (NaNs=60/60). Outputting degraded obstacles.
[monitor_node-5] [WARN] [1789857137.441876708] [diagnostic_monitor]: ANOMALY on [sensor_node] /sensor/scan:nan_ratio: Value 0.6000 deviated from baseline 0.0000±0.0001 (z=6000.0, confirmed x44) (sev=1.00)
[localization_node-3] [WARN] [1789857137.442944196] [localization_node]: LocalizationNode: Upstream perception missing! Pose updates frozen.
[monitor_node-5] [WARN] [1789857137.443181451] [diagnostic_monitor]: ANOMALY on [perception_node] /perception/obstacles:obstacle_count: Value 0.0000 deviated from baseline 2.0000±0.0001 (z=20000.0, confirmed x44) (sev=1.00)
[perception_node-2] [WARN] [1789857137.542098721] [perception_node]: PerceptionNode: Input scan degraded (NaNs=60/60). Outputting degraded obstacles.
[monitor_node-5] [WARN] [1789857137.542124234] [diagnostic_monitor]: ANOMALY on [sensor_node] /sensor/scan:nan_ratio: Value 0.5167 deviated from baseline 0.0000±0.0001 (z=5166.7, confirmed x45) (sev=1.00)
[localization_node-3] [WARN] [1789857137.543573039] [localization_node]: LocalizationNode: Upstream perception missing! Pose updates frozen.
[monitor_node-5] [WARN] [1789857137.543580001] [diagnostic_monitor]: ANOMALY on [perception_node] /perception/obstacles:obstacle_count: Value 0.0000 deviated from baseline 2.0000±0.0001 (z=20000.0, confirmed x45) (sev=1.00)
[perception_node-2] [WARN] [1789857137.641798818] [perception_node]: PerceptionNode: Input scan degraded (NaNs=60/60). Outputting degraded obstacles.
[monitor_node-5] [WARN] [1789857137.642127293] [diagnostic_monitor]: ANOMALY on [sensor_node] /sensor/scan:nan_ratio: Value 0.6000 deviated from baseline 0.0000±0.0001 (z=6000.0, confirmed x46) (sev=1.00)
[localization_node-3] [WARN] [1789857137.643338801] [localization_node]: LocalizationNode: Upstream perception missing! Pose updates frozen.
[monitor_node-5] [WARN] [1789857137.643456124] [diagnostic_monitor]: ANOMALY on [perception_node] /perception/obstacles:obstacle_count: Value 0.0000 deviated from baseline 2.0000±0.0001 (z=20000.0, confirmed x46) (sev=1.00)
[perception_node-2] [WARN] [1789857137.742060407] [perception_node]: PerceptionNode: Input scan degraded (NaNs=60/60). Outputting degraded obstacles.
[monitor_node-5] [WARN] [1789857137.742267279] [diagnostic_monitor]: ANOMALY on [sensor_node] /sensor/scan:nan_ratio: Value 0.6500 deviated from baseline 0.0000±0.0001 (z=6500.0, confirmed x47) (sev=1.00)
[monitor_node-5] [WARN] [1789857137.743714763] [diagnostic_monitor]: ANOMALY on [perception_node] /perception/obstacles:obstacle_count: Value 0.0000 deviated from baseline 2.0000±0.0001 (z=20000.0, confirmed x47) (sev=1.00)
[localization_node-3] [WARN] [1789857137.743838281] [localization_node]: LocalizationNode: Upstream perception missing! Pose updates frozen.
[perception_node-2] [WARN] [1789857137.842164608] [perception_node]: PerceptionNode: Input scan degraded (NaNs=60/60). Outputting degraded obstacles.
[monitor_node-5] [WARN] [1789857137.842629743] [diagnostic_monitor]: ANOMALY on [sensor_node] /sensor/scan:nan_ratio: Value 0.6167 deviated from baseline 0.0000±0.0001 (z=6166.7, confirmed x48) (sev=1.00)
[localization_node-3] [WARN] [1789857137.843715515] [localization_node]: LocalizationNode: Upstream perception missing! Pose updates frozen.
[monitor_node-5] [WARN] [1789857137.845679094] [diagnostic_monitor]: ANOMALY on [perception_node] /perception/obstacles:obstacle_count: Value 0.0000 deviated from baseline 2.0000±0.0001 (z=20000.0, confirmed x48) (sev=1.00)
[perception_node-2] [WARN] [1789857137.942323927] [perception_node]: PerceptionNode: Input scan degraded (NaNs=60/60). Outputting degraded obstacles.
[monitor_node-5] [WARN] [1789857137.942540819] [diagnostic_monitor]: ANOMALY on [sensor_node] /sensor/scan:nan_ratio: Value 0.5167 deviated from baseline 0.0000±0.0001 (z=5166.7, confirmed x49) (sev=1.00)
[localization_node-3] [WARN] [1789857137.943990380] [localization_node]: LocalizationNode: Upstream perception missing! Pose updates frozen.
[monitor_node-5] [WARN] [1789857137.945920569] [diagnostic_monitor]: ANOMALY on [perception_node] /perception/obstacles:obstacle_count: Value 0.0000 deviated from baseline 2.0000±0.0001 (z=20000.0, confirmed x49) (sev=1.00)
[perception_node-2] [WARN] [1789857138.041878529] [perception_node]: PerceptionNode: Input scan degraded (NaNs=60/60). Outputting degraded obstacles.
[monitor_node-5] [WARN] [1789857138.042321425] [diagnostic_monitor]: ANOMALY on [sensor_node] /sensor/scan:nan_ratio: Value 0.6667 deviated from baseline 0.0000±0.0001 (z=6666.7, confirmed x50) (sev=1.00)
[localization_node-3] [WARN] [1789857138.043373454] [localization_node]: LocalizationNode: Upstream perception missing! Pose updates frozen.
[monitor_node-5] [WARN] [1789857138.044311846] [diagnostic_monitor]: ANOMALY on [perception_node] /perception/obstacles:obstacle_count: Value 0.0000 deviated from baseline 2.0000±0.0001 (z=20000.0, confirmed x50) (sev=1.00)
[monitor_node-5] [WARN] [1789857138.142060530] [diagnostic_monitor]: ANOMALY on [sensor_node] /sensor/scan:nan_ratio: Value 0.5833 deviated from baseline 0.0000±0.0001 (z=5833.3, confirmed x51) (sev=1.00)
[perception_node-2] [WARN] [1789857138.142059980] [perception_node]: PerceptionNode: Input scan degraded (NaNs=60/60). Outputting degraded obstacles.
[localization_node-3] [WARN] [1789857138.143722856] [localization_node]: LocalizationNode: Upstream perception missing! Pose updates frozen.
[monitor_node-5] [WARN] [1789857138.143927245] [diagnostic_monitor]: ANOMALY on [perception_node] /perception/obstacles:obstacle_count: Value 0.0000 deviated from baseline 2.0000±0.0001 (z=20000.0, confirmed x51) (sev=1.00)
[perception_node-2] [WARN] [1789857138.241748438] [perception_node]: PerceptionNode: Input scan degraded (NaNs=60/60). Outputting degraded obstacles.
[monitor_node-5] [WARN] [1789857138.242226479] [diagnostic_monitor]: ANOMALY on [sensor_node] /sensor/scan:nan_ratio: Value 0.5667 deviated from baseline 0.0000±0.0001 (z=5666.7, confirmed x52) (sev=1.00)
[localization_node-3] [WARN] [1789857138.243030570] [localization_node]: LocalizationNode: Upstream perception missing! Pose updates frozen.
[monitor_node-5] [WARN] [1789857138.244182613] [diagnostic_monitor]: ANOMALY on [perception_node] /perception/obstacles:obstacle_count: Value 0.0000 deviated from baseline 2.0000±0.0001 (z=20000.0, confirmed x52) (sev=1.00)
[perception_node-2] [WARN] [1789857138.342190449] [perception_node]: PerceptionNode: Input scan degraded (NaNs=60/60). Outputting degraded obstacles.
[monitor_node-5] [WARN] [1789857138.342665023] [diagnostic_monitor]: ANOMALY on [sensor_node] /sensor/scan:nan_ratio: Value 0.6167 deviated from baseline 0.0000±0.0001 (z=6166.7, confirmed x53) (sev=1.00)
[localization_node-3] [WARN] [1789857138.343841972] [localization_node]: LocalizationNode: Upstream perception missing! Pose updates frozen.
[monitor_node-5] [WARN] [1789857138.344398926] [diagnostic_monitor]: ANOMALY on [perception_node] /perception/obstacles:obstacle_count: Value 0.0000 deviated from baseline 2.0000±0.0001 (z=20000.0, confirmed x53) (sev=1.00)
[perception_node-2] [WARN] [1789857138.441740960] [perception_node]: PerceptionNode: Input scan degraded (NaNs=60/60). Outputting degraded obstacles.
[monitor_node-5] [WARN] [1789857138.442209490] [diagnostic_monitor]: ANOMALY on [sensor_node] /sensor/scan:nan_ratio: Value 0.6167 deviated from baseline 0.0000±0.0001 (z=6166.7, confirmed x54) (sev=1.00)
[localization_node-3] [WARN] [1789857138.443049903] [localization_node]: LocalizationNode: Upstream perception missing! Pose updates frozen.
[monitor_node-5] [WARN] [1789857138.443673608] [diagnostic_monitor]: ANOMALY on [perception_node] /perception/obstacles:obstacle_count: Value 0.0000 deviated from baseline 2.0000±0.0001 (z=20000.0, confirmed x54) (sev=1.00)
[perception_node-2] [WARN] [1789857138.542079647] [perception_node]: PerceptionNode: Input scan degraded (NaNs=60/60). Outputting degraded obstacles.
[monitor_node-5] [WARN] [1789857138.542717965] [diagnostic_monitor]: ANOMALY on [sensor_node] /sensor/scan:nan_ratio: Value 0.5667 deviated from baseline 0.0000±0.0001 (z=5666.7, confirmed x55) (sev=1.00)
[localization_node-3] [WARN] [1789857138.543787764] [localization_node]: LocalizationNode: Upstream perception missing! Pose updates frozen.
[monitor_node-5] [WARN] [1789857138.545660607] [diagnostic_monitor]: ANOMALY on [perception_node] /perception/obstacles:obstacle_count: Value 0.0000 deviated from baseline 2.0000±0.0001 (z=20000.0, confirmed x55) (sev=1.00)
[perception_node-2] [WARN] [1789857138.642270563] [perception_node]: PerceptionNode: Input scan degraded (NaNs=60/60). Outputting degraded obstacles.
[monitor_node-5] [WARN] [1789857138.642393857] [diagnostic_monitor]: ANOMALY on [sensor_node] /sensor/scan:nan_ratio: Value 0.6500 deviated from baseline 0.0000±0.0001 (z=6500.0, confirmed x56) (sev=1.00)
[localization_node-3] [WARN] [1789857138.643622399] [localization_node]: LocalizationNode: Upstream perception missing! Pose updates frozen.
[monitor_node-5] [WARN] [1789857138.643818981] [diagnostic_monitor]: ANOMALY on [perception_node] /perception/obstacles:obstacle_count: Value 0.0000 deviated from baseline 2.0000±0.0001 (z=20000.0, confirmed x56) (sev=1.00)
[perception_node-2] [WARN] [1789857138.741933526] [perception_node]: PerceptionNode: Input scan degraded (NaNs=60/60). Outputting degraded obstacles.
[monitor_node-5] [WARN] [1789857138.742171931] [diagnostic_monitor]: ANOMALY on [sensor_node] /sensor/scan:nan_ratio: Value 0.6500 deviated from baseline 0.0000±0.0001 (z=6500.0, confirmed x57) (sev=1.00)
[localization_node-3] [WARN] [1789857138.743438011] [localization_node]: LocalizationNode: Upstream perception missing! Pose updates frozen.
[monitor_node-5] [WARN] [1789857138.743620108] [diagnostic_monitor]: ANOMALY on [perception_node] /perception/obstacles:obstacle_count: Value 0.0000 deviated from baseline 2.0000±0.0001 (z=20000.0, confirmed x57) (sev=1.00)
[perception_node-2] [WARN] [1789857138.842396894] [perception_node]: PerceptionNode: Input scan degraded (NaNs=60/60). Outputting degraded obstacles.
[monitor_node-5] [WARN] [1789857138.842621296] [diagnostic_monitor]: ANOMALY on [sensor_node] /sensor/scan:nan_ratio: Value 0.6167 deviated from baseline 0.0000±0.0001 (z=6166.7, confirmed x58) (sev=1.00)
[monitor_node-5] [WARN] [1789857138.844029548] [diagnostic_monitor]: ANOMALY on [perception_node] /perception/obstacles:obstacle_count: Value 0.0000 deviated from baseline 2.0000±0.0001 (z=20000.0, confirmed x58) (sev=1.00)
[localization_node-3] [WARN] [1789857138.844030824] [localization_node]: LocalizationNode: Upstream perception missing! Pose updates frozen.
[perception_node-2] [WARN] [1789857138.941597283] [perception_node]: PerceptionNode: Input scan degraded (NaNs=60/60). Outputting degraded obstacles.
[monitor_node-5] [WARN] [1789857138.941925899] [diagnostic_monitor]: ANOMALY on [sensor_node] /sensor/scan:nan_ratio: Value 0.6667 deviated from baseline 0.0000±0.0001 (z=6666.7, confirmed x59) (sev=1.00)
[localization_node-3] [WARN] [1789857138.943136984] [localization_node]: LocalizationNode: Upstream perception missing! Pose updates frozen.
[monitor_node-5] [WARN] [1789857138.943307066] [diagnostic_monitor]: ANOMALY on [perception_node] /perception/obstacles:obstacle_count: Value 0.0000 deviated from baseline 2.0000±0.0001 (z=20000.0, confirmed x59) (sev=1.00)
[perception_node-2] [WARN] [1789857139.041751612] [perception_node]: PerceptionNode: Input scan degraded (NaNs=60/60). Outputting degraded obstacles.
[monitor_node-5] [WARN] [1789857139.041948405] [diagnostic_monitor]: ANOMALY on [sensor_node] /sensor/scan:nan_ratio: Value 0.6000 deviated from baseline 0.0000±0.0001 (z=6000.0, confirmed x60) (sev=1.00)
[monitor_node-5] [WARN] [1789857139.043419713] [diagnostic_monitor]: ANOMALY on [perception_node] /perception/obstacles:obstacle_count: Value 0.0000 deviated from baseline 2.0000±0.0001 (z=20000.0, confirmed x60) (sev=1.00)
[localization_node-3] [WARN] [1789857139.043501706] [localization_node]: LocalizationNode: Upstream perception missing! Pose updates frozen.
[monitor_node-5] [WARN] [1789857139.142610402] [diagnostic_monitor]: ANOMALY on [sensor_node] /sensor/scan:nan_ratio: Value 0.6500 deviated from baseline 0.0000±0.0001 (z=6500.0, confirmed x61) (sev=1.00)
[perception_node-2] [WARN] [1789857139.142755177] [perception_node]: PerceptionNode: Input scan degraded (NaNs=60/60). Outputting degraded obstacles.
[localization_node-3] [WARN] [1789857139.144026920] [localization_node]: LocalizationNode: Upstream perception missing! Pose updates frozen.
[monitor_node-5] [WARN] [1789857139.144072224] [diagnostic_monitor]: ANOMALY on [perception_node] /perception/obstacles:obstacle_count: Value 0.0000 deviated from baseline 2.0000±0.0001 (z=20000.0, confirmed x61) (sev=1.00)
[perception_node-2] [WARN] [1789857139.241805178] [perception_node]: PerceptionNode: Input scan degraded (NaNs=60/60). Outputting degraded obstacles.
[monitor_node-5] [WARN] [1789857139.242383933] [diagnostic_monitor]: ANOMALY on [sensor_node] /sensor/scan:nan_ratio: Value 0.7000 deviated from baseline 0.0000±0.0001 (z=7000.0, confirmed x62) (sev=1.00)
[localization_node-3] [WARN] [1789857139.243368435] [localization_node]: LocalizationNode: Upstream perception missing! Pose updates frozen.
[monitor_node-5] [WARN] [1789857139.243843530] [diagnostic_monitor]: ANOMALY on [perception_node] /perception/obstacles:obstacle_count: Value 0.0000 deviated from baseline 2.0000±0.0001 (z=20000.0, confirmed x62) (sev=1.00)
[sensor_node-1] [INFO] [1789857139.260254149] [sensor_node]: SensorNode: Fault cleared.
[perception_node-2] [INFO] [1789857139.260318915] [perception_node]: PerceptionNode: Fault cleared.
[localization_node-3] [INFO] [1789857139.260430412] [localization_node]: LocalizationNode: Fault cleared.
[navigation_node-4] [INFO] [1789857139.260452865] [navigation_node]: NavigationNode: Fault cleared.
[navigation_node-4] [INFO] [1789857139.311005243] [navigation_node]: NavigationNode: Fault cleared.
[sensor_node-1] [INFO] [1789857139.311035026] [sensor_node]: SensorNode: Fault cleared.
[perception_node-2] [INFO] [1789857139.311056966] [perception_node]: PerceptionNode: Fault cleared.
[localization_node-3] [INFO] [1789857139.311084790] [localization_node]: LocalizationNode: Fault cleared.
[localization_node-3] [INFO] [1789857139.361600907] [localization_node]: LocalizationNode: Fault cleared.
[perception_node-2] [INFO] [1789857139.361598785] [perception_node]: PerceptionNode: Fault cleared.
[sensor_node-1] [INFO] [1789857139.361600733] [sensor_node]: SensorNode: Fault cleared.
[navigation_node-4] [INFO] [1789857139.361661379] [navigation_node]: NavigationNode: Fault cleared.
[perception_node-2] [INFO] [1789857139.412098793] [perception_node]: PerceptionNode: Fault cleared.
[localization_node-3] [INFO] [1789857139.412145846] [localization_node]: LocalizationNode: Fault cleared.
[navigation_node-4] [INFO] [1789857139.412152814] [navigation_node]: NavigationNode: Fault cleared.
[sensor_node-1] [INFO] [1789857139.412244573] [sensor_node]: SensorNode: Fault cleared.
[perception_node-2] [INFO] [1789857139.463498227] [perception_node]: PerceptionNode: Fault cleared.
[navigation_node-4] [INFO] [1789857139.463496772] [navigation_node]: NavigationNode: Fault cleared.
[localization_node-3] [INFO] [1789857139.463526631] [localization_node]: LocalizationNode: Fault cleared.
[sensor_node-1] [INFO] [1789857139.463550575] [sensor_node]: SensorNode: Fault cleared.
[navigation_node-4] [INFO] [1789857139.514071261] [navigation_node]: NavigationNode: Fault cleared.
[sensor_node-1] [INFO] [1789857139.514081546] [sensor_node]: SensorNode: Fault cleared.
[perception_node-2] [INFO] [1789857139.514096357] [perception_node]: PerceptionNode: Fault cleared.
[localization_node-3] [INFO] [1789857139.514133367] [localization_node]: LocalizationNode: Fault cleared.
[sensor_node-1] [INFO] [1789857139.564667743] [sensor_node]: SensorNode: Fault cleared.
[navigation_node-4] [INFO] [1789857139.564687878] [navigation_node]: NavigationNode: Fault cleared.
[localization_node-3] [INFO] [1789857139.564684173] [localization_node]: LocalizationNode: Fault cleared.
[perception_node-2] [INFO] [1789857139.564813054] [perception_node]: PerceptionNode: Fault cleared.
[navigation_node-4] [INFO] [1789857139.615288525] [navigation_node]: NavigationNode: Fault cleared.
[sensor_node-1] [INFO] [1789857139.615284097] [sensor_node]: SensorNode: Fault cleared.
[perception_node-2] [INFO] [1789857139.615288320] [perception_node]: PerceptionNode: Fault cleared.
[localization_node-3] [INFO] [1789857139.615303129] [localization_node]: LocalizationNode: Fault cleared.
[monitor_node-5] [INFO] [1789857145.736541969] [diagnostic_monitor]: Anomaly window cleared. System operating nominally.
[perception_node-2] [WARN] [1789857147.679833495] [perception_node]: PerceptionNode: Injected fault "processing_delay" (param=0.4, duration=9.0s)
[perception_node-2] [WARN] [1789857147.728788772] [perception_node]: PerceptionNode: Injected fault "processing_delay" (param=0.4, duration=9.0s)
[perception_node-2] [WARN] [1789857148.543798860] [perception_node]: PerceptionNode: Injected fault "processing_delay" (param=0.4, duration=9.0s)
[monitor_node-5] [WARN] [1789857148.544217896] [diagnostic_monitor]: ANOMALY on [perception_node] /perception/obstacles:inter_arrival: Value 0.4012 deviated from baseline 0.0999±0.0146 (z=20.7, confirmed x2) (sev=1.00)
[monitor_node-5] [WARN] [1789857148.544918212] [diagnostic_monitor]: ANOMALY on [perception_node] /perception/obstacles:latency: Value 0.7028 deviated from baseline 0.0018±0.0027 (z=259.9, confirmed x2) (sev=1.00)
[monitor_node-5] [WARN] [1789857148.546343014] [diagnostic_monitor]: ANOMALY on [localization_node] /localization/pose:inter_arrival: Value 0.4029 deviated from baseline 0.0999±0.0147 (z=20.7, confirmed x2) (sev=1.00)
[monitor_node-5] [WARN] [1789857148.547018215] [diagnostic_monitor]: ANOMALY on [localization_node] /localization/pose:latency: Value 0.7052 deviated from baseline 0.0026±0.0027 (z=263.1, confirmed x2) (sev=1.00)
[monitor_node-5] [WARN] [1789857148.548075714] [diagnostic_monitor]: ANOMALY on [navigation_node] /navigation/cmd_vel:inter_arrival: Value 0.4040 deviated from baseline 0.0999±0.0147 (z=20.7, confirmed x2) (sev=1.00)
[monitor_node-5] [WARN] [1789857148.548789682] [diagnostic_monitor]: ANOMALY on [navigation_node] /navigation/cmd_vel:latency: Value 0.7069 deviated from baseline 0.0033±0.0027 (z=260.9, confirmed x2) (sev=1.00)
[monitor_node-5] [INFO] [1789857148.736992593] [diagnostic_monitor]: 
[monitor_node-5] ============================================================
[monitor_node-5] ROOT CAUSE DIAGNOSIS: perception_node (Confidence: 1.000)
[monitor_node-5] ============================================================
[monitor_node-5] Score Breakdown  R(C) = wD*D + wT*T + wS*S + wA*A:
[monitor_node-5]   R(perception_node) = 0.3·D(1.00) + 0.3·T(1.00) + 0.25·S(1.00) + 0.15·A(1.00) = 1.000
[monitor_node-5]   - Dependency D: 1.00 (reaches 2 downstream anomalous node(s); 0 anomalous upstream node(s))
[monitor_node-5]   - Temporal   T: 1.00 (first anomaly at t=1789857148.14s; earliest in window = supporting evidence, not proof of causality)
[monitor_node-5]   - Symptom    S: 1.00 (explains 3/3 anomalous nodes)
[monitor_node-5]   - Severity   A: 1.00 (max normalised severity on node, 2 direct anomaly event(s))
[monitor_node-5] 
[monitor_node-5] Propagation Chain (evidence-ordered, via discovered graph edges):
[monitor_node-5]   perception_node (t=1789857148.14s: /perception/obstacles:inter_arrival, sev=1.00)
[monitor_node-5]     └─→ localization_node via /perception/obstacles (t=1789857148.14s, +0.00s after perception_node: /localization/pose:inter_arrival)
[monitor_node-5]       └─→ navigation_node via /localization/pose (t=1789857148.14s, +0.00s after localization_node: /navigation/cmd_vel:inter_arrival)
[monitor_node-5] 
[monitor_node-5] Candidate Ranking & Evidence Comparison:
[monitor_node-5]   #2 localization_node    R=0.717 (Δ -0.283) [first anomaly 0.00s after perception_node; downstream of perception_node in discovered graph; lower symptom coverage (67% vs 100%)]
[monitor_node-5]   #3 sensor_node          R=0.565 (Δ -0.435) [no direct anomaly observed]
[monitor_node-5]   #4 navigation_node      R=0.533 (Δ -0.467) [first anomaly 0.00s after perception_node; downstream of perception_node in discovered graph; lower symptom coverage (33% vs 100%)]
[monitor_node-5] ============================================================
[perception_node-2] [WARN] [1789857148.945938396] [perception_node]: PerceptionNode: Injected fault "processing_delay" (param=0.4, duration=9.0s)
[monitor_node-5] [WARN] [1789857148.946545012] [diagnostic_monitor]: ANOMALY on [perception_node] /perception/obstacles:inter_arrival: Value 0.4022 deviated from baseline 0.0999±0.0146 (z=20.8, confirmed x3) (sev=1.00)
[monitor_node-5] [WARN] [1789857148.947129048] [diagnostic_monitor]: ANOMALY on [perception_node] /perception/obstacles:latency: Value 1.0050 deviated from baseline 0.0018±0.0027 (z=371.9, confirmed x3) (sev=1.00)
[monitor_node-5] [WARN] [1789857148.948009171] [diagnostic_monitor]: ANOMALY on [localization_node] /localization/pose:inter_arrival: Value 0.4020 deviated from baseline 0.0999±0.0147 (z=20.6, confirmed x3) (sev=1.00)
[monitor_node-5] [WARN] [1789857148.948639864] [diagnostic_monitor]: ANOMALY on [localization_node] /localization/pose:latency: Value 1.0071 deviated from baseline 0.0026±0.0027 (z=376.1, confirmed x3) (sev=1.00)
[monitor_node-5] [WARN] [1789857148.949714892] [diagnostic_monitor]: ANOMALY on [navigation_node] /navigation/cmd_vel:inter_arrival: Value 0.4016 deviated from baseline 0.0999±0.0147 (z=20.5, confirmed x3) (sev=1.00)
[monitor_node-5] [WARN] [1789857148.950399632] [diagnostic_monitor]: ANOMALY on [navigation_node] /navigation/cmd_vel:latency: Value 1.0084 deviated from baseline 0.0033±0.0027 (z=372.8, confirmed x3) (sev=1.00)
[monitor_node-5] [WARN] [1789857149.348959956] [diagnostic_monitor]: ANOMALY on [perception_node] /perception/obstacles:inter_arrival: Value 0.4024 deviated from baseline 0.0999±0.0146 (z=20.8, confirmed x4) (sev=1.00)
[monitor_node-5] [WARN] [1789857149.349896316] [diagnostic_monitor]: ANOMALY on [perception_node] /perception/obstacles:latency: Value 1.3077 deviated from baseline 0.0018±0.0027 (z=484.1, confirmed x4) (sev=1.00)
[monitor_node-5] [WARN] [1789857149.351327067] [diagnostic_monitor]: ANOMALY on [localization_node] /localization/pose:inter_arrival: Value 0.4031 deviated from baseline 0.0999±0.0147 (z=20.7, confirmed x4) (sev=1.00)
[monitor_node-5] [WARN] [1789857149.352105744] [diagnostic_monitor]: ANOMALY on [localization_node] /localization/pose:latency: Value 1.3105 deviated from baseline 0.0026±0.0027 (z=489.7, confirmed x4) (sev=1.00)
[monitor_node-5] [WARN] [1789857149.353440351] [diagnostic_monitor]: ANOMALY on [navigation_node] /navigation/cmd_vel:inter_arrival: Value 0.4036 deviated from baseline 0.0999±0.0147 (z=20.6, confirmed x4) (sev=1.00)
[monitor_node-5] [WARN] [1789857149.354223579] [diagnostic_monitor]: ANOMALY on [navigation_node] /navigation/cmd_vel:latency: Value 1.3122 deviated from baseline 0.0033±0.0027 (z=485.4, confirmed x4) (sev=1.00)
[monitor_node-5] [WARN] [1789857149.750243681] [diagnostic_monitor]: ANOMALY on [perception_node] /perception/obstacles:inter_arrival: Value 0.4013 deviated from baseline 0.0999±0.0146 (z=20.7, confirmed x5) (sev=1.00)
[monitor_node-5] [WARN] [1789857149.751045590] [diagnostic_monitor]: ANOMALY on [perception_node] /perception/obstacles:latency: Value 1.3088 deviated from baseline 0.0018±0.0027 (z=484.5, confirmed x5) (sev=1.00)
[monitor_node-5] [WARN] [1789857149.752563014] [diagnostic_monitor]: ANOMALY on [localization_node] /localization/pose:inter_arrival: Value 0.4010 deviated from baseline 0.0999±0.0147 (z=20.5, confirmed x5) (sev=1.00)
[monitor_node-5] [WARN] [1789857149.753376367] [diagnostic_monitor]: ANOMALY on [localization_node] /localization/pose:latency: Value 1.3113 deviated from baseline 0.0026±0.0027 (z=490.0, confirmed x5) (sev=1.00)
[monitor_node-5] [WARN] [1789857149.754809961] [diagnostic_monitor]: ANOMALY on [navigation_node] /navigation/cmd_vel:inter_arrival: Value 0.4013 deviated from baseline 0.0999±0.0147 (z=20.5, confirmed x5) (sev=1.00)
[monitor_node-5] [WARN] [1789857149.755478960] [diagnostic_monitor]: ANOMALY on [navigation_node] /navigation/cmd_vel:latency: Value 1.3133 deviated from baseline 0.0033±0.0027 (z=485.8, confirmed x5) (sev=1.00)
[monitor_node-5] [WARN] [1789857150.151851180] [diagnostic_monitor]: ANOMALY on [perception_node] /perception/obstacles:inter_arrival: Value 0.4015 deviated from baseline 0.0999±0.0146 (z=20.7, confirmed x6) (sev=1.00)
[monitor_node-5] [WARN] [1789857150.152673453] [diagnostic_monitor]: ANOMALY on [perception_node] /perception/obstacles:latency: Value 1.3102 deviated from baseline 0.0018±0.0027 (z=485.0, confirmed x6) (sev=1.00)
[monitor_node-5] [WARN] [1789857150.154247978] [diagnostic_monitor]: ANOMALY on [localization_node] /localization/pose:inter_arrival: Value 0.4017 deviated from baseline 0.0999±0.0147 (z=20.6, confirmed x6) (sev=1.00)
[monitor_node-5] [WARN] [1789857150.154993509] [diagnostic_monitor]: ANOMALY on [localization_node] /localization/pose:latency: Value 1.3128 deviated from baseline 0.0026±0.0027 (z=490.6, confirmed x6) (sev=1.00)
[monitor_node-5] [WARN] [1789857150.156337240] [diagnostic_monitor]: ANOMALY on [navigation_node] /navigation/cmd_vel:inter_arrival: Value 0.4016 deviated from baseline 0.0999±0.0147 (z=20.5, confirmed x6) (sev=1.00)
[monitor_node-5] [WARN] [1789857150.157043560] [diagnostic_monitor]: ANOMALY on [navigation_node] /navigation/cmd_vel:latency: Value 1.3147 deviated from baseline 0.0033±0.0027 (z=486.4, confirmed x6) (sev=1.00)
[monitor_node-5] [WARN] [1789857150.553600265] [diagnostic_monitor]: ANOMALY on [perception_node] /perception/obstacles:inter_arrival: Value 0.4013 deviated from baseline 0.0999±0.0146 (z=20.7, confirmed x7) (sev=1.00)
[monitor_node-5] [WARN] [1789857150.554680491] [diagnostic_monitor]: ANOMALY on [perception_node] /perception/obstacles:latency: Value 1.3117 deviated from baseline 0.0018±0.0027 (z=485.5, confirmed x7) (sev=1.00)
[monitor_node-5] [WARN] [1789857150.556608940] [diagnostic_monitor]: ANOMALY on [localization_node] /localization/pose:inter_arrival: Value 0.4022 deviated from baseline 0.0999±0.0147 (z=20.6, confirmed x7) (sev=1.00)
[monitor_node-5] [WARN] [1789857150.557413582] [diagnostic_monitor]: ANOMALY on [localization_node] /localization/pose:latency: Value 1.3152 deviated from baseline 0.0026±0.0027 (z=491.5, confirmed x7) (sev=1.00)
[monitor_node-5] [WARN] [1789857150.561161743] [diagnostic_monitor]: ANOMALY on [navigation_node] /navigation/cmd_vel:inter_arrival: Value 0.4046 deviated from baseline 0.0999±0.0147 (z=20.7, confirmed x7) (sev=1.00)
[monitor_node-5] [WARN] [1789857150.562286077] [diagnostic_monitor]: ANOMALY on [navigation_node] /navigation/cmd_vel:latency: Value 1.3195 deviated from baseline 0.0033±0.0027 (z=488.1, confirmed x7) (sev=1.00)
[monitor_node-5] [WARN] [1789857150.954228158] [diagnostic_monitor]: ANOMALY on [perception_node] /perception/obstacles:inter_arrival: Value 0.4012 deviated from baseline 0.0999±0.0146 (z=20.7, confirmed x8) (sev=1.00)
[monitor_node-5] [WARN] [1789857150.956143793] [diagnostic_monitor]: ANOMALY on [perception_node] /perception/obstacles:latency: Value 1.3129 deviated from baseline 0.0018±0.0027 (z=486.0, confirmed x8) (sev=1.00)
[monitor_node-5] [WARN] [1789857150.957473492] [diagnostic_monitor]: ANOMALY on [localization_node] /localization/pose:inter_arrival: Value 0.4012 deviated from baseline 0.0999±0.0147 (z=20.5, confirmed x8) (sev=1.00)
[monitor_node-5] [WARN] [1789857150.958260234] [diagnostic_monitor]: ANOMALY on [localization_node] /localization/pose:latency: Value 1.3164 deviated from baseline 0.0026±0.0027 (z=491.9, confirmed x8) (sev=1.00)
[monitor_node-5] [WARN] [1789857150.959347638] [diagnostic_monitor]: ANOMALY on [navigation_node] /navigation/cmd_vel:inter_arrival: Value 0.3985 deviated from baseline 0.0999±0.0147 (z=20.3, confirmed x8) (sev=1.00)
[monitor_node-5] [WARN] [1789857150.959941251] [diagnostic_monitor]: ANOMALY on [navigation_node] /navigation/cmd_vel:latency: Value 1.3180 deviated from baseline 0.0033±0.0027 (z=487.6, confirmed x8) (sev=1.00)
[monitor_node-5] [WARN] [1789857151.355682046] [diagnostic_monitor]: ANOMALY on [perception_node] /perception/obstacles:inter_arrival: Value 0.4013 deviated from baseline 0.0999±0.0146 (z=20.7, confirmed x9) (sev=1.00)
[monitor_node-5] [WARN] [1789857151.356412555] [diagnostic_monitor]: ANOMALY on [perception_node] /perception/obstacles:latency: Value 1.3143 deviated from baseline 0.0018±0.0027 (z=486.5, confirmed x9) (sev=1.00)
[monitor_node-5] [WARN] [1789857151.357439226] [diagnostic_monitor]: ANOMALY on [localization_node] /localization/pose:inter_arrival: Value 0.4001 deviated from baseline 0.0999±0.0147 (z=20.5, confirmed x9) (sev=1.00)
[monitor_node-5] [WARN] [1789857151.358169215] [diagnostic_monitor]: ANOMALY on [localization_node] /localization/pose:latency: Value 1.3165 deviated from baseline 0.0026±0.0027 (z=492.0, confirmed x9) (sev=1.00)
[monitor_node-5] [WARN] [1789857151.359078178] [diagnostic_monitor]: ANOMALY on [navigation_node] /navigation/cmd_vel:inter_arrival: Value 0.3999 deviated from baseline 0.0999±0.0147 (z=20.4, confirmed x9) (sev=1.00)
[monitor_node-5] [WARN] [1789857151.359734962] [diagnostic_monitor]: ANOMALY on [navigation_node] /navigation/cmd_vel:latency: Value 1.3180 deviated from baseline 0.0033±0.0027 (z=487.6, confirmed x9) (sev=1.00)
[monitor_node-5] [WARN] [1789857151.756897784] [diagnostic_monitor]: ANOMALY on [perception_node] /perception/obstacles:inter_arrival: Value 0.4012 deviated from baseline 0.0999±0.0146 (z=20.7, confirmed x10) (sev=1.00)
[monitor_node-5] [WARN] [1789857151.757636719] [diagnostic_monitor]: ANOMALY on [perception_node] /perception/obstacles:latency: Value 1.3155 deviated from baseline 0.0018±0.0027 (z=486.9, confirmed x10) (sev=1.00)
[monitor_node-5] [WARN] [1789857151.759168226] [diagnostic_monitor]: ANOMALY on [localization_node] /localization/pose:inter_arrival: Value 0.4015 deviated from baseline 0.0999±0.0147 (z=20.6, confirmed x10) (sev=1.00)
[monitor_node-5] [WARN] [1789857151.759933323] [diagnostic_monitor]: ANOMALY on [localization_node] /localization/pose:latency: Value 1.3179 deviated from baseline 0.0026±0.0027 (z=492.5, confirmed x10) (sev=1.00)
[monitor_node-5] [WARN] [1789857151.761166399] [diagnostic_monitor]: ANOMALY on [navigation_node] /navigation/cmd_vel:inter_arrival: Value 0.4019 deviated from baseline 0.0999±0.0147 (z=20.5, confirmed x10) (sev=1.00)
[monitor_node-5] [WARN] [1789857151.761706915] [diagnostic_monitor]: ANOMALY on [navigation_node] /navigation/cmd_vel:latency: Value 1.3199 deviated from baseline 0.0033±0.0027 (z=488.3, confirmed x10) (sev=1.00)
[monitor_node-5] [WARN] [1789857152.158183263] [diagnostic_monitor]: ANOMALY on [perception_node] /perception/obstacles:inter_arrival: Value 0.4012 deviated from baseline 0.0999±0.0146 (z=20.7, confirmed x11) (sev=1.00)
[monitor_node-5] [WARN] [1789857152.159039228] [diagnostic_monitor]: ANOMALY on [perception_node] /perception/obstacles:latency: Value 1.3167 deviated from baseline 0.0018±0.0027 (z=487.4, confirmed x11) (sev=1.00)
[monitor_node-5] [WARN] [1789857152.160431460] [diagnostic_monitor]: ANOMALY on [localization_node] /localization/pose:inter_arrival: Value 0.4014 deviated from baseline 0.0999±0.0147 (z=20.6, confirmed x11) (sev=1.00)
[monitor_node-5] [WARN] [1789857152.161227787] [diagnostic_monitor]: ANOMALY on [localization_node] /localization/pose:latency: Value 1.3194 deviated from baseline 0.0026±0.0027 (z=493.1, confirmed x11) (sev=1.00)
[monitor_node-5] [WARN] [1789857152.162593130] [diagnostic_monitor]: ANOMALY on [navigation_node] /navigation/cmd_vel:inter_arrival: Value 0.4013 deviated from baseline 0.0999±0.0147 (z=20.5, confirmed x11) (sev=1.00)
[monitor_node-5] [WARN] [1789857152.163371042] [diagnostic_monitor]: ANOMALY on [navigation_node] /navigation/cmd_vel:latency: Value 1.3212 deviated from baseline 0.0033±0.0027 (z=488.8, confirmed x11) (sev=1.00)
[monitor_node-5] [WARN] [1789857152.559608591] [diagnostic_monitor]: ANOMALY on [perception_node] /perception/obstacles:inter_arrival: Value 0.4015 deviated from baseline 0.0999±0.0146 (z=20.7, confirmed x12) (sev=1.00)
[monitor_node-5] [WARN] [1789857152.560496997] [diagnostic_monitor]: ANOMALY on [perception_node] /perception/obstacles:latency: Value 1.3184 deviated from baseline 0.0018±0.0027 (z=488.0, confirmed x12) (sev=1.00)
[monitor_node-5] [WARN] [1789857152.562146458] [diagnostic_monitor]: ANOMALY on [localization_node] /localization/pose:inter_arrival: Value 0.4015 deviated from baseline 0.0999±0.0147 (z=20.6, confirmed x12) (sev=1.00)
[monitor_node-5] [WARN] [1789857152.562870067] [diagnostic_monitor]: ANOMALY on [localization_node] /localization/pose:latency: Value 1.3210 deviated from baseline 0.0026±0.0027 (z=493.7, confirmed x12) (sev=1.00)
[monitor_node-5] [WARN] [1789857152.563991878] [diagnostic_monitor]: ANOMALY on [navigation_node] /navigation/cmd_vel:inter_arrival: Value 0.4015 deviated from baseline 0.0999±0.0147 (z=20.5, confirmed x12) (sev=1.00)
[monitor_node-5] [WARN] [1789857152.564579705] [diagnostic_monitor]: ANOMALY on [navigation_node] /navigation/cmd_vel:latency: Value 1.3229 deviated from baseline 0.0033±0.0027 (z=489.4, confirmed x12) (sev=1.00)
[monitor_node-5] [WARN] [1789857152.960721440] [diagnostic_monitor]: ANOMALY on [perception_node] /perception/obstacles:inter_arrival: Value 0.4011 deviated from baseline 0.0999±0.0146 (z=20.7, confirmed x13) (sev=1.00)
[monitor_node-5] [WARN] [1789857152.961522954] [diagnostic_monitor]: ANOMALY on [perception_node] /perception/obstacles:latency: Value 1.3194 deviated from baseline 0.0018±0.0027 (z=488.4, confirmed x13) (sev=1.00)
[monitor_node-5] [WARN] [1789857152.962980290] [diagnostic_monitor]: ANOMALY on [localization_node] /localization/pose:inter_arrival: Value 0.4010 deviated from baseline 0.0999±0.0147 (z=20.5, confirmed x13) (sev=1.00)
[monitor_node-5] [WARN] [1789857152.963430791] [diagnostic_monitor]: ANOMALY on [localization_node] /localization/pose:latency: Value 1.3219 deviated from baseline 0.0026±0.0027 (z=494.0, confirmed x13) (sev=1.00)
[monitor_node-5] [WARN] [1789857152.964556570] [diagnostic_monitor]: ANOMALY on [navigation_node] /navigation/cmd_vel:inter_arrival: Value 0.4006 deviated from baseline 0.0999±0.0147 (z=20.4, confirmed x13) (sev=1.00)
[monitor_node-5] [WARN] [1789857152.965277962] [diagnostic_monitor]: ANOMALY on [navigation_node] /navigation/cmd_vel:latency: Value 1.3234 deviated from baseline 0.0033±0.0027 (z=489.6, confirmed x13) (sev=1.00)
[monitor_node-5] [WARN] [1789857153.361624871] [diagnostic_monitor]: ANOMALY on [perception_node] /perception/obstacles:inter_arrival: Value 0.4011 deviated from baseline 0.0999±0.0146 (z=20.7, confirmed x14) (sev=1.00)
[monitor_node-5] [WARN] [1789857153.362266805] [diagnostic_monitor]: ANOMALY on [perception_node] /perception/obstacles:latency: Value 1.3203 deviated from baseline 0.0018±0.0027 (z=488.7, confirmed x14) (sev=1.00)
[monitor_node-5] [WARN] [1789857153.363219701] [diagnostic_monitor]: ANOMALY on [localization_node] /localization/pose:inter_arrival: Value 0.4005 deviated from baseline 0.0999±0.0147 (z=20.5, confirmed x14) (sev=1.00)
[monitor_node-5] [WARN] [1789857153.363851596] [diagnostic_monitor]: ANOMALY on [localization_node] /localization/pose:latency: Value 1.3222 deviated from baseline 0.0026±0.0027 (z=494.1, confirmed x14) (sev=1.00)
[monitor_node-5] [WARN] [1789857153.364782296] [diagnostic_monitor]: ANOMALY on [navigation_node] /navigation/cmd_vel:inter_arrival: Value 0.4004 deviated from baseline 0.0999±0.0147 (z=20.4, confirmed x14) (sev=1.00)
[monitor_node-5] [WARN] [1789857153.365372473] [diagnostic_monitor]: ANOMALY on [navigation_node] /navigation/cmd_vel:latency: Value 1.3236 deviated from baseline 0.0033±0.0027 (z=489.7, confirmed x14) (sev=1.00)
[monitor_node-5] [WARN] [1789857153.763018971] [diagnostic_monitor]: ANOMALY on [perception_node] /perception/obstacles:inter_arrival: Value 0.4012 deviated from baseline 0.0999±0.0146 (z=20.7, confirmed x15) (sev=1.00)
[monitor_node-5] [WARN] [1789857153.763868606] [diagnostic_monitor]: ANOMALY on [perception_node] /perception/obstacles:latency: Value 1.3216 deviated from baseline 0.0018±0.0027 (z=489.2, confirmed x15) (sev=1.00)
[monitor_node-5] [WARN] [1789857153.765361246] [diagnostic_monitor]: ANOMALY on [localization_node] /localization/pose:inter_arrival: Value 0.4019 deviated from baseline 0.0999±0.0147 (z=20.6, confirmed x15) (sev=1.00)
[monitor_node-5] [WARN] [1789857153.766195662] [diagnostic_monitor]: ANOMALY on [localization_node] /localization/pose:latency: Value 1.3242 deviated from baseline 0.0026±0.0027 (z=494.9, confirmed x15) (sev=1.00)
[monitor_node-5] [WARN] [1789857153.767424199] [diagnostic_monitor]: ANOMALY on [navigation_node] /navigation/cmd_vel:inter_arrival: Value 0.4024 deviated from baseline 0.0999±0.0147 (z=20.5, confirmed x15) (sev=1.00)
[monitor_node-5] [WARN] [1789857153.768112049] [diagnostic_monitor]: ANOMALY on [navigation_node] /navigation/cmd_vel:latency: Value 1.3262 deviated from baseline 0.0033±0.0027 (z=490.6, confirmed x15) (sev=1.00)
[sensor_node-1] [INFO] [1789857153.886957145] [sensor_node]: SensorNode: Fault cleared.
[navigation_node-4] [INFO] [1789857153.887158901] [navigation_node]: NavigationNode: Fault cleared.
[localization_node-3] [INFO] [1789857153.888394258] [localization_node]: LocalizationNode: Fault cleared.
[localization_node-3] [INFO] [1789857153.937242281] [localization_node]: LocalizationNode: Fault cleared.
[sensor_node-1] [INFO] [1789857153.937255930] [sensor_node]: SensorNode: Fault cleared.
[navigation_node-4] [INFO] [1789857153.937256397] [navigation_node]: NavigationNode: Fault cleared.
[localization_node-3] [INFO] [1789857153.987781581] [localization_node]: LocalizationNode: Fault cleared.
[navigation_node-4] [INFO] [1789857153.987826532] [navigation_node]: NavigationNode: Fault cleared.
[sensor_node-1] [INFO] [1789857153.987859300] [sensor_node]: SensorNode: Fault cleared.
[localization_node-3] [INFO] [1789857154.038413146] [localization_node]: LocalizationNode: Fault cleared.
[sensor_node-1] [INFO] [1789857154.038416796] [sensor_node]: SensorNode: Fault cleared.
[navigation_node-4] [INFO] [1789857154.038414030] [navigation_node]: NavigationNode: Fault cleared.
[navigation_node-4] [INFO] [1789857154.089744251] [navigation_node]: NavigationNode: Fault cleared.
[localization_node-3] [INFO] [1789857154.089748714] [localization_node]: LocalizationNode: Fault cleared.
[sensor_node-1] [INFO] [1789857154.091069704] [sensor_node]: SensorNode: Fault cleared.
[localization_node-3] [INFO] [1789857154.140315948] [localization_node]: LocalizationNode: Fault cleared.
[sensor_node-1] [INFO] [1789857154.140342828] [sensor_node]: SensorNode: Fault cleared.
[navigation_node-4] [INFO] [1789857154.140353211] [navigation_node]: NavigationNode: Fault cleared.
[monitor_node-5] [WARN] [1789857154.164437280] [diagnostic_monitor]: ANOMALY on [perception_node] /perception/obstacles:inter_arrival: Value 0.4013 deviated from baseline 0.0999±0.0146 (z=20.7, confirmed x16) (sev=1.00)
[monitor_node-5] [WARN] [1789857154.167034579] [diagnostic_monitor]: ANOMALY on [perception_node] /perception/obstacles:latency: Value 1.3230 deviated from baseline 0.0018±0.0027 (z=489.7, confirmed x16) (sev=1.00)
[monitor_node-5] [WARN] [1789857154.169154423] [diagnostic_monitor]: ANOMALY on [localization_node] /localization/pose:inter_arrival: Value 0.4035 deviated from baseline 0.0999±0.0147 (z=20.7, confirmed x16) (sev=1.00)
[monitor_node-5] [WARN] [1789857154.170070611] [diagnostic_monitor]: ANOMALY on [localization_node] /localization/pose:latency: Value 1.3278 deviated from baseline 0.0026±0.0027 (z=496.2, confirmed x16) (sev=1.00)
[monitor_node-5] [WARN] [1789857154.171127210] [diagnostic_monitor]: ANOMALY on [navigation_node] /navigation/cmd_vel:inter_arrival: Value 0.4040 deviated from baseline 0.0999±0.0147 (z=20.7, confirmed x16) (sev=1.00)
[monitor_node-5] [WARN] [1789857154.171926368] [diagnostic_monitor]: ANOMALY on [navigation_node] /navigation/cmd_vel:latency: Value 1.3302 deviated from baseline 0.0033±0.0027 (z=492.1, confirmed x16) (sev=1.00)
[navigation_node-4] [INFO] [1789857154.190771714] [navigation_node]: NavigationNode: Fault cleared.
[localization_node-3] [INFO] [1789857154.190810377] [localization_node]: LocalizationNode: Fault cleared.
[sensor_node-1] [INFO] [1789857154.191226725] [sensor_node]: SensorNode: Fault cleared.
[localization_node-3] [INFO] [1789857154.241629549] [localization_node]: LocalizationNode: Fault cleared.
[sensor_node-1] [INFO] [1789857154.241743178] [sensor_node]: SensorNode: Fault cleared.
[navigation_node-4] [INFO] [1789857154.242441367] [navigation_node]: NavigationNode: Fault cleared.
[perception_node-2] [INFO] [1789857154.564929352] [perception_node]: PerceptionNode: Fault cleared.
[monitor_node-5] [WARN] [1789857154.565526441] [diagnostic_monitor]: ANOMALY on [perception_node] /perception/obstacles:inter_arrival: Value 0.4013 deviated from baseline 0.0999±0.0146 (z=20.7, confirmed x17) (sev=1.00)
[monitor_node-5] [WARN] [1789857154.566343463] [diagnostic_monitor]: ANOMALY on [perception_node] /perception/obstacles:latency: Value 1.3234 deviated from baseline 0.0018±0.0027 (z=489.9, confirmed x17) (sev=1.00)
[perception_node-2] [INFO] [1789857154.566498514] [perception_node]: PerceptionNode: Fault cleared.
[monitor_node-5] [WARN] [1789857154.567796981] [diagnostic_monitor]: ANOMALY on [localization_node] /localization/pose:inter_arrival: Value 0.3989 deviated from baseline 0.0999±0.0147 (z=20.4, confirmed x17) (sev=1.00)
[perception_node-2] [INFO] [1789857154.567825856] [perception_node]: PerceptionNode: Fault cleared.
[monitor_node-5] [WARN] [1789857154.568529996] [diagnostic_monitor]: ANOMALY on [localization_node] /localization/pose:latency: Value 1.3258 deviated from baseline 0.0026±0.0027 (z=495.5, confirmed x17) (sev=1.00)
[perception_node-2] [INFO] [1789857154.568975645] [perception_node]: PerceptionNode: Fault cleared.
[monitor_node-5] [WARN] [1789857154.569765462] [diagnostic_monitor]: ANOMALY on [navigation_node] /navigation/cmd_vel:inter_arrival: Value 0.3983 deviated from baseline 0.0999±0.0147 (z=20.3, confirmed x17) (sev=1.00)
[perception_node-2] [INFO] [1789857154.570094079] [perception_node]: PerceptionNode: Fault cleared.
[monitor_node-5] [WARN] [1789857154.570583291] [diagnostic_monitor]: ANOMALY on [navigation_node] /navigation/cmd_vel:latency: Value 1.3276 deviated from baseline 0.0033±0.0027 (z=491.1, confirmed x17) (sev=1.00)
[perception_node-2] [INFO] [1789857154.571254995] [perception_node]: PerceptionNode: Fault cleared.
[monitor_node-5] [WARN] [1789857154.571594783] [diagnostic_monitor]: ANOMALY on [perception_node] /perception/obstacles:latency: Value 0.9305 deviated from baseline 0.0018±0.0027 (z=344.2, confirmed x18) (sev=1.00)
[perception_node-2] [INFO] [1789857154.572464629] [perception_node]: PerceptionNode: Fault cleared.
[monitor_node-5] [WARN] [1789857154.572911730] [diagnostic_monitor]: ANOMALY on [localization_node] /localization/pose:latency: Value 0.9318 deviated from baseline 0.0026±0.0027 (z=347.9, confirmed x18) (sev=1.00)
[perception_node-2] [INFO] [1789857154.573657906] [perception_node]: PerceptionNode: Fault cleared.
[monitor_node-5] [WARN] [1789857154.574118681] [diagnostic_monitor]: ANOMALY on [navigation_node] /navigation/cmd_vel:latency: Value 0.9327 deviated from baseline 0.0033±0.0027 (z=344.7, confirmed x18) (sev=1.00)
[monitor_node-5] [WARN] [1789857154.575120244] [diagnostic_monitor]: ANOMALY on [perception_node] /perception/obstacles:latency: Value 0.8342 deviated from baseline 0.0018±0.0027 (z=308.5, confirmed x19) (sev=1.00)
[monitor_node-5] [WARN] [1789857154.576465080] [diagnostic_monitor]: ANOMALY on [localization_node] /localization/pose:latency: Value 0.8354 deviated from baseline 0.0026±0.0027 (z=311.8, confirmed x19) (sev=1.00)
[monitor_node-5] [WARN] [1789857154.577657281] [diagnostic_monitor]: ANOMALY on [navigation_node] /navigation/cmd_vel:latency: Value 0.8364 deviated from baseline 0.0033±0.0027 (z=309.0, confirmed x19) (sev=1.00)
[monitor_node-5] [WARN] [1789857154.578748557] [diagnostic_monitor]: ANOMALY on [perception_node] /perception/obstacles:latency: Value 0.7375 deviated from baseline 0.0018±0.0027 (z=272.7, confirmed x20) (sev=1.00)
[monitor_node-5] [WARN] [1789857154.579864504] [diagnostic_monitor]: ANOMALY on [localization_node] /localization/pose:latency: Value 0.7389 deviated from baseline 0.0026±0.0027 (z=275.7, confirmed x20) (sev=1.00)
[monitor_node-5] [WARN] [1789857154.581954813] [diagnostic_monitor]: ANOMALY on [navigation_node] /navigation/cmd_vel:latency: Value 0.7396 deviated from baseline 0.0033±0.0027 (z=273.1, confirmed x20) (sev=1.00)
[monitor_node-5] [WARN] [1789857154.584668810] [diagnostic_monitor]: ANOMALY on [perception_node] /perception/obstacles:latency: Value 0.6426 deviated from baseline 0.0018±0.0027 (z=237.5, confirmed x21) (sev=1.00)
[monitor_node-5] [WARN] [1789857154.587155085] [diagnostic_monitor]: ANOMALY on [localization_node] /localization/pose:latency: Value 0.6463 deviated from baseline 0.0026±0.0027 (z=241.0, confirmed x21) (sev=1.00)
[monitor_node-5] [WARN] [1789857154.588805702] [diagnostic_monitor]: ANOMALY on [navigation_node] /navigation/cmd_vel:latency: Value 0.6475 deviated from baseline 0.0033±0.0027 (z=238.9, confirmed x21) (sev=1.00)
[monitor_node-5] [WARN] [1789857154.589879261] [diagnostic_monitor]: ANOMALY on [perception_node] /perception/obstacles:latency: Value 0.5490 deviated from baseline 0.0018±0.0027 (z=202.8, confirmed x22) (sev=1.00)
[monitor_node-5] [WARN] [1789857154.591289999] [diagnostic_monitor]: ANOMALY on [localization_node] /localization/pose:latency: Value 0.5504 deviated from baseline 0.0026±0.0027 (z=205.1, confirmed x22) (sev=1.00)
[monitor_node-5] [WARN] [1789857154.592490986] [diagnostic_monitor]: ANOMALY on [navigation_node] /navigation/cmd_vel:latency: Value 0.5514 deviated from baseline 0.0033±0.0027 (z=203.3, confirmed x22) (sev=1.00)
[monitor_node-5] [WARN] [1789857154.593535082] [diagnostic_monitor]: ANOMALY on [perception_node] /perception/obstacles:latency: Value 0.4519 deviated from baseline 0.0018±0.0027 (z=166.8, confirmed x23) (sev=1.00)
[monitor_node-5] [WARN] [1789857154.594971697] [diagnostic_monitor]: ANOMALY on [localization_node] /localization/pose:latency: Value 0.4534 deviated from baseline 0.0026±0.0027 (z=168.8, confirmed x23) (sev=1.00)
[monitor_node-5] [WARN] [1789857154.596031515] [diagnostic_monitor]: ANOMALY on [navigation_node] /navigation/cmd_vel:latency: Value 0.4544 deviated from baseline 0.0033±0.0027 (z=167.3, confirmed x23) (sev=1.00)
[monitor_node-5] [WARN] [1789857154.596922947] [diagnostic_monitor]: ANOMALY on [perception_node] /perception/obstacles:latency: Value 0.3559 deviated from baseline 0.0018±0.0027 (z=131.3, confirmed x24) (sev=1.00)
[monitor_node-5] [WARN] [1789857154.600328590] [diagnostic_monitor]: ANOMALY on [localization_node] /localization/pose:latency: Value 0.3582 deviated from baseline 0.0026±0.0027 (z=133.2, confirmed x24) (sev=1.00)
[monitor_node-5] [WARN] [1789857154.601588386] [diagnostic_monitor]: ANOMALY on [navigation_node] /navigation/cmd_vel:latency: Value 0.3602 deviated from baseline 0.0033±0.0027 (z=132.4, confirmed x24) (sev=1.00)
[monitor_node-5] [WARN] [1789857154.602341771] [diagnostic_monitor]: ANOMALY on [perception_node] /perception/obstacles:latency: Value 0.2615 deviated from baseline 0.0018±0.0027 (z=96.3, confirmed x25) (sev=1.00)
[monitor_node-5] [WARN] [1789857154.604902560] [diagnostic_monitor]: ANOMALY on [localization_node] /localization/pose:latency: Value 0.2624 deviated from baseline 0.0026±0.0027 (z=97.3, confirmed x25) (sev=1.00)
[monitor_node-5] [WARN] [1789857154.606424062] [diagnostic_monitor]: ANOMALY on [navigation_node] /navigation/cmd_vel:latency: Value 0.2648 deviated from baseline 0.0033±0.0027 (z=97.0, confirmed x25) (sev=1.00)
[monitor_node-5] [INFO] [1789857160.733271883] [diagnostic_monitor]: Anomaly window cleared. System operating nominally.
[perception_node-2] [WARN] [1789857162.302576723] [perception_node]: PerceptionNode: Injected fault "crash" (param=0.0, duration=9.0s)
[perception_node-2] [FATAL] [1789857162.303121416] [perception_node]: PerceptionNode: CRASH fault triggered - exiting process now.
[ERROR] [perception_node-2]: process has died [pid 11656, exit code 1, cmd '/home/lynx/ros2_rca_ws/install/rca_test_system/lib/rca_test_system/perception_node --ros-args -r __node:=perception_node --params-file /home/lynx/ros2_rca_ws/install/rca_test_system/share/rca_test_system/config/rca_params.yaml'].
[monitor_node-5] [WARN] [1789857162.733398437] [diagnostic_monitor]: ANOMALY on [localization_node] message_timeout: Message timeout on /localization/pose: no message for 0.49s (expected ~0.099s, threshold 0.45s, last seen t=1789857162.24) (sev=0.77)
[monitor_node-5] [WARN] [1789857162.734344301] [diagnostic_monitor]: ANOMALY on [navigation_node] message_timeout: Message timeout on /navigation/cmd_vel: no message for 0.49s (expected ~0.099s, threshold 0.45s, last seen t=1789857162.24) (sev=0.77)
[monitor_node-5] [WARN] [1789857162.734808662] [diagnostic_monitor]: ANOMALY on [perception_node] message_timeout: Message timeout on /perception/obstacles: no message for 0.49s (expected ~0.099s, threshold 0.45s, last seen t=1789857162.24) (sev=0.77)
[monitor_node-5] [INFO] [1789857162.736108376] [diagnostic_monitor]: 
[monitor_node-5] ============================================================
[monitor_node-5] ROOT CAUSE DIAGNOSIS: perception_node (Confidence: 0.966)
[monitor_node-5] ============================================================
[monitor_node-5] Score Breakdown  R(C) = wD*D + wT*T + wS*S + wA*A:
[monitor_node-5]   R(perception_node) = 0.3·D(1.00) + 0.3·T(1.00) + 0.25·S(1.00) + 0.15·A(0.77) = 0.966
[monitor_node-5]   - Dependency D: 1.00 (reaches 2 downstream anomalous node(s); 0 anomalous upstream node(s))
[monitor_node-5]   - Temporal   T: 1.00 (first anomaly at t=1789857162.69s; earliest in window = supporting evidence, not proof of causality)
[monitor_node-5]   - Symptom    S: 1.00 (explains 3/3 anomalous nodes)
[monitor_node-5]   - Severity   A: 0.77 (max normalised severity on node, 1 direct anomaly event(s))
[monitor_node-5] 
[monitor_node-5] Propagation Chain (evidence-ordered, via discovered graph edges):
[monitor_node-5]   perception_node (t=1789857162.69s: message_timeout, sev=0.77)
[monitor_node-5]     └─→ localization_node via /perception/obstacles (t=1789857162.69s, +0.00s after perception_node: message_timeout)
[monitor_node-5]       └─→ navigation_node via /localization/pose (t=1789857162.69s, +0.00s after localization_node: message_timeout)
[monitor_node-5] 
[monitor_node-5] Candidate Ranking & Evidence Comparison:
[monitor_node-5]   #2 localization_node    R=0.682 (Δ -0.283) [first anomaly 0.00s after perception_node; downstream of perception_node in discovered graph; lower symptom coverage (67% vs 100%)]
[monitor_node-5]   #3 sensor_node          R=0.565 (Δ -0.401) [no direct anomaly observed]
[monitor_node-5]   #4 navigation_node      R=0.499 (Δ -0.467) [first anomaly 0.00s after perception_node; downstream of perception_node in discovered graph; lower symptom coverage (33% vs 100%)]
[monitor_node-5] ============================================================
[monitor_node-5] [WARN] [1789857163.234420825] [diagnostic_monitor]: ANOMALY on [localization_node] message_timeout: Message timeout on /localization/pose: no message for 0.99s (expected ~0.099s, threshold 0.45s, last seen t=1789857162.24) (sev=1.00)
[monitor_node-5] [WARN] [1789857163.234962461] [diagnostic_monitor]: ANOMALY on [navigation_node] message_timeout: Message timeout on /navigation/cmd_vel: no message for 0.99s (expected ~0.099s, threshold 0.45s, last seen t=1789857162.24) (sev=1.00)
[monitor_node-5] [WARN] [1789857163.235447673] [diagnostic_monitor]: ANOMALY on [perception_node] message_timeout: Message timeout on /perception/obstacles: no message for 0.99s (expected ~0.099s, threshold 0.45s, last seen t=1789857162.24) (sev=1.00)
[monitor_node-5] [WARN] [1789857163.733225780] [diagnostic_monitor]: ANOMALY on [localization_node] message_timeout: Message timeout on /localization/pose: no message for 1.49s (expected ~0.099s, threshold 0.45s, last seen t=1789857162.24) (sev=1.00)
[monitor_node-5] [WARN] [1789857163.733983513] [diagnostic_monitor]: ANOMALY on [navigation_node] message_timeout: Message timeout on /navigation/cmd_vel: no message for 1.49s (expected ~0.099s, threshold 0.45s, last seen t=1789857162.24) (sev=1.00)
[monitor_node-5] [WARN] [1789857163.734542080] [diagnostic_monitor]: ANOMALY on [perception_node] message_timeout: Message timeout on /perception/obstacles: no message for 1.49s (expected ~0.099s, threshold 0.45s, last seen t=1789857162.24) (sev=1.00)
[monitor_node-5] [WARN] [1789857164.234011453] [diagnostic_monitor]: ANOMALY on [localization_node] message_timeout: Message timeout on /localization/pose: no message for 1.99s (expected ~0.099s, threshold 0.45s, last seen t=1789857162.24) (sev=1.00)
[monitor_node-5] [WARN] [1789857164.234846510] [diagnostic_monitor]: ANOMALY on [navigation_node] message_timeout: Message timeout on /navigation/cmd_vel: no message for 1.99s (expected ~0.099s, threshold 0.45s, last seen t=1789857162.24) (sev=1.00)
[monitor_node-5] [WARN] [1789857164.235624750] [diagnostic_monitor]: ANOMALY on [perception_node] message_timeout: Message timeout on /perception/obstacles: no message for 1.99s (expected ~0.099s, threshold 0.45s, last seen t=1789857162.24) (sev=1.00)
[monitor_node-5] [WARN] [1789857164.733013892] [diagnostic_monitor]: ANOMALY on [localization_node] message_timeout: Message timeout on /localization/pose: no message for 2.49s (expected ~0.099s, threshold 0.45s, last seen t=1789857162.24) (sev=1.00)
[monitor_node-5] [WARN] [1789857164.733604155] [diagnostic_monitor]: ANOMALY on [navigation_node] message_timeout: Message timeout on /navigation/cmd_vel: no message for 2.49s (expected ~0.099s, threshold 0.45s, last seen t=1789857162.24) (sev=1.00)
[monitor_node-5] [WARN] [1789857164.734112748] [diagnostic_monitor]: ANOMALY on [perception_node] message_timeout: Message timeout on /perception/obstacles: no message for 2.49s (expected ~0.099s, threshold 0.45s, last seen t=1789857162.24) (sev=1.00)
[monitor_node-5] [WARN] [1789857165.234312682] [diagnostic_monitor]: ANOMALY on [localization_node] message_timeout: Message timeout on /localization/pose: no message for 2.99s (expected ~0.099s, threshold 0.45s, last seen t=1789857162.24) (sev=1.00)
[monitor_node-5] [WARN] [1789857165.235063494] [diagnostic_monitor]: ANOMALY on [navigation_node] message_timeout: Message timeout on /navigation/cmd_vel: no message for 2.99s (expected ~0.099s, threshold 0.45s, last seen t=1789857162.24) (sev=1.00)
[monitor_node-5] [WARN] [1789857165.235722588] [diagnostic_monitor]: ANOMALY on [perception_node] message_timeout: Message timeout on /perception/obstacles: no message for 2.99s (expected ~0.099s, threshold 0.45s, last seen t=1789857162.24) (sev=1.00)
[monitor_node-5] [WARN] [1789857165.733396832] [diagnostic_monitor]: ANOMALY on [localization_node] message_timeout: Message timeout on /localization/pose: no message for 3.49s (expected ~0.099s, threshold 0.45s, last seen t=1789857162.24) (sev=1.00)
[monitor_node-5] [WARN] [1789857165.734416807] [diagnostic_monitor]: ANOMALY on [navigation_node] message_timeout: Message timeout on /navigation/cmd_vel: no message for 3.49s (expected ~0.099s, threshold 0.45s, last seen t=1789857162.24) (sev=1.00)
[monitor_node-5] [WARN] [1789857165.735172614] [diagnostic_monitor]: ANOMALY on [perception_node] message_timeout: Message timeout on /perception/obstacles: no message for 3.49s (expected ~0.099s, threshold 0.45s, last seen t=1789857162.24) (sev=1.00)
[monitor_node-5] [WARN] [1789857166.241320128] [diagnostic_monitor]: ANOMALY on [localization_node] message_timeout: Message timeout on /localization/pose: no message for 3.99s (expected ~0.099s, threshold 0.45s, last seen t=1789857162.24) (sev=1.00)
[monitor_node-5] [WARN] [1789857166.242022004] [diagnostic_monitor]: ANOMALY on [navigation_node] message_timeout: Message timeout on /navigation/cmd_vel: no message for 3.99s (expected ~0.099s, threshold 0.45s, last seen t=1789857162.24) (sev=1.00)
[monitor_node-5] [WARN] [1789857166.242751648] [diagnostic_monitor]: ANOMALY on [perception_node] message_timeout: Message timeout on /perception/obstacles: no message for 3.99s (expected ~0.099s, threshold 0.45s, last seen t=1789857162.24) (sev=1.00)
[monitor_node-5] [WARN] [1789857166.733294535] [diagnostic_monitor]: ANOMALY on [localization_node] message_timeout: Message timeout on /localization/pose: no message for 4.49s (expected ~0.099s, threshold 0.45s, last seen t=1789857162.24) (sev=1.00)
[monitor_node-5] [WARN] [1789857166.734111449] [diagnostic_monitor]: ANOMALY on [navigation_node] message_timeout: Message timeout on /navigation/cmd_vel: no message for 4.49s (expected ~0.099s, threshold 0.45s, last seen t=1789857162.24) (sev=1.00)
[monitor_node-5] [WARN] [1789857166.734925651] [diagnostic_monitor]: ANOMALY on [perception_node] message_timeout: Message timeout on /perception/obstacles: no message for 4.49s (expected ~0.099s, threshold 0.45s, last seen t=1789857162.24) (sev=1.00)
[monitor_node-5] [WARN] [1789857167.234454379] [diagnostic_monitor]: ANOMALY on [localization_node] message_timeout: Message timeout on /localization/pose: no message for 4.99s (expected ~0.099s, threshold 0.45s, last seen t=1789857162.24) (sev=1.00)
[monitor_node-5] [WARN] [1789857167.235260505] [diagnostic_monitor]: ANOMALY on [navigation_node] message_timeout: Message timeout on /navigation/cmd_vel: no message for 4.99s (expected ~0.099s, threshold 0.45s, last seen t=1789857162.24) (sev=1.00)
[monitor_node-5] [WARN] [1789857167.235960929] [diagnostic_monitor]: ANOMALY on [perception_node] message_timeout: Message timeout on /perception/obstacles: no message for 4.99s (expected ~0.099s, threshold 0.45s, last seen t=1789857162.24) (sev=1.00)
[monitor_node-5] [WARN] [1789857167.733054405] [diagnostic_monitor]: ANOMALY on [localization_node] message_timeout: Message timeout on /localization/pose: no message for 5.49s (expected ~0.099s, threshold 0.45s, last seen t=1789857162.24) (sev=1.00)
[monitor_node-5] [WARN] [1789857167.733928372] [diagnostic_monitor]: ANOMALY on [navigation_node] message_timeout: Message timeout on /navigation/cmd_vel: no message for 5.49s (expected ~0.099s, threshold 0.45s, last seen t=1789857162.24) (sev=1.00)
[monitor_node-5] [WARN] [1789857167.734418862] [diagnostic_monitor]: ANOMALY on [perception_node] message_timeout: Message timeout on /perception/obstacles: no message for 5.49s (expected ~0.099s, threshold 0.45s, last seen t=1789857162.24) (sev=1.00)
[monitor_node-5] [WARN] [1789857168.234077272] [diagnostic_monitor]: ANOMALY on [localization_node] message_timeout: Message timeout on /localization/pose: no message for 5.99s (expected ~0.099s, threshold 0.45s, last seen t=1789857162.24) (sev=1.00)
[monitor_node-5] [WARN] [1789857168.234727436] [diagnostic_monitor]: ANOMALY on [navigation_node] message_timeout: Message timeout on /navigation/cmd_vel: no message for 5.99s (expected ~0.099s, threshold 0.45s, last seen t=1789857162.24) (sev=1.00)
[monitor_node-5] [WARN] [1789857168.235182546] [diagnostic_monitor]: ANOMALY on [perception_node] message_timeout: Message timeout on /perception/obstacles: no message for 5.99s (expected ~0.099s, threshold 0.45s, last seen t=1789857162.24) (sev=1.00)
[sensor_node-1] [INFO] [1789857168.508259928] [sensor_node]: SensorNode: Fault cleared.
[localization_node-3] [INFO] [1789857168.508261154] [localization_node]: LocalizationNode: Fault cleared.
[navigation_node-4] [INFO] [1789857168.508408884] [navigation_node]: NavigationNode: Fault cleared.
[localization_node-3] [INFO] [1789857168.559140366] [localization_node]: LocalizationNode: Fault cleared.
[navigation_node-4] [INFO] [1789857168.559178665] [navigation_node]: NavigationNode: Fault cleared.
[sensor_node-1] [INFO] [1789857168.559429602] [sensor_node]: SensorNode: Fault cleared.
[localization_node-3] [INFO] [1789857168.610035265] [localization_node]: LocalizationNode: Fault cleared.
[sensor_node-1] [INFO] [1789857168.610061763] [sensor_node]: SensorNode: Fault cleared.
[navigation_node-4] [INFO] [1789857168.610087393] [navigation_node]: NavigationNode: Fault cleared.
[localization_node-3] [INFO] [1789857168.660801863] [localization_node]: LocalizationNode: Fault cleared.
[sensor_node-1] [INFO] [1789857168.660813011] [sensor_node]: SensorNode: Fault cleared.
[navigation_node-4] [INFO] [1789857168.660982471] [navigation_node]: NavigationNode: Fault cleared.
[monitor_node-5] [WARN] [1789857168.733173639] [diagnostic_monitor]: ANOMALY on [localization_node] message_timeout: Message timeout on /localization/pose: no message for 6.49s (expected ~0.099s, threshold 0.45s, last seen t=1789857162.24) (sev=1.00)
[monitor_node-5] [WARN] [1789857168.734021169] [diagnostic_monitor]: ANOMALY on [navigation_node] message_timeout: Message timeout on /navigation/cmd_vel: no message for 6.49s (expected ~0.099s, threshold 0.45s, last seen t=1789857162.24) (sev=1.00)
[monitor_node-5] [WARN] [1789857168.734736780] [diagnostic_monitor]: ANOMALY on [perception_node] message_timeout: Message timeout on /perception/obstacles: no message for 6.49s (expected ~0.099s, threshold 0.45s, last seen t=1789857162.24) (sev=1.00)
[monitor_node-5] [WARN] [1789857169.233736939] [diagnostic_monitor]: ANOMALY on [localization_node] message_timeout: Message timeout on /localization/pose: no message for 6.99s (expected ~0.099s, threshold 0.45s, last seen t=1789857162.24) (sev=1.00)
[monitor_node-5] [WARN] [1789857169.234589169] [diagnostic_monitor]: ANOMALY on [navigation_node] message_timeout: Message timeout on /navigation/cmd_vel: no message for 6.99s (expected ~0.099s, threshold 0.45s, last seen t=1789857162.24) (sev=1.00)
[monitor_node-5] [WARN] [1789857169.235376185] [diagnostic_monitor]: ANOMALY on [perception_node] message_timeout: Message timeout on /perception/obstacles: no message for 6.99s (expected ~0.099s, threshold 0.45s, last seen t=1789857162.24) (sev=1.00)
[monitor_node-5] [WARN] [1789857169.733542990] [diagnostic_monitor]: ANOMALY on [localization_node] message_timeout: Message timeout on /localization/pose: no message for 7.49s (expected ~0.099s, threshold 0.45s, last seen t=1789857162.24) (sev=1.00)
[monitor_node-5] [WARN] [1789857169.734378396] [diagnostic_monitor]: ANOMALY on [navigation_node] message_timeout: Message timeout on /navigation/cmd_vel: no message for 7.49s (expected ~0.099s, threshold 0.45s, last seen t=1789857162.24) (sev=1.00)
[monitor_node-5] [WARN] [1789857169.734867210] [diagnostic_monitor]: ANOMALY on [perception_node] message_timeout: Message timeout on /perception/obstacles: no message for 7.49s (expected ~0.099s, threshold 0.45s, last seen t=1789857162.24) (sev=1.00)
[monitor_node-5] [WARN] [1789857170.234228029] [diagnostic_monitor]: ANOMALY on [localization_node] message_timeout: Message timeout on /localization/pose: no message for 7.99s (expected ~0.099s, threshold 0.45s, last seen t=1789857162.24) (sev=1.00)
[monitor_node-5] [WARN] [1789857170.235039319] [diagnostic_monitor]: ANOMALY on [navigation_node] message_timeout: Message timeout on /navigation/cmd_vel: no message for 7.99s (expected ~0.099s, threshold 0.45s, last seen t=1789857162.24) (sev=1.00)
[monitor_node-5] [WARN] [1789857170.235780988] [diagnostic_monitor]: ANOMALY on [perception_node] message_timeout: Message timeout on /perception/obstacles: no message for 7.99s (expected ~0.099s, threshold 0.45s, last seen t=1789857162.24) (sev=1.00)
