[INFO] [launch]: All log files can be found below /home/lynx/.ros/log/2026-09-19-21-39-37-706639-WINDOWS-FIRE-9020
[INFO] [launch]: Default logging verbosity is set to INFO
[INFO] [sensor_node-1]: process started with pid [9025]
[INFO] [perception_node-2]: process started with pid [9026]
[INFO] [localization_node-3]: process started with pid [9027]
[INFO] [navigation_node-4]: process started with pid [9028]
[INFO] [monitor_node-5]: process started with pid [9029]
[localization_node-3] [INFO] [1789853980.060198138] [localization_node]: LocalizationNode initialized, listening to /perception/obstacles
[monitor_node-5] [INFO] [1789853980.105575908] [diagnostic_monitor]: DiagnosticMonitorNode started. DB: events.db, Weights: (wD=0.3, wT=0.3, wS=0.25, wA=0.15), z>3.0 confirmed x2, warmup 4.0s
[navigation_node-4] [INFO] [1789853980.146863517] [navigation_node]: NavigationNode initialized, listening to /localization/pose
[sensor_node-1] [INFO] [1789853980.164759809] [sensor_node]: SensorNode initialized at 10.0 Hz
[perception_node-2] [INFO] [1789853980.271407392] [perception_node]: PerceptionNode initialized, listening to /sensor/scan
[monitor_node-5] [INFO] [1789853981.048493633] [diagnostic_monitor]: Discovered graph: nodes=['localization_node', 'navigation_node', 'perception_node', 'sensor_node'] edges=[localization_node->navigation_node, perception_node->localization_node, sensor_node->perception_node]
[monitor_node-5] [INFO] [1789853981.173198641] [diagnostic_monitor]: Dynamically subscribed to monitor topic: /localization/pose [geometry_msgs/msg/PoseStamped]
[monitor_node-5] [INFO] [1789853981.177477210] [diagnostic_monitor]: Dynamically subscribed to monitor topic: /navigation/cmd_vel [geometry_msgs/msg/TwistStamped]
[monitor_node-5] [INFO] [1789853981.180014312] [diagnostic_monitor]: Dynamically subscribed to monitor topic: /perception/obstacles [geometry_msgs/msg/PoseArray]
[monitor_node-5] [INFO] [1789853981.326432422] [diagnostic_monitor]: Dynamically subscribed to monitor topic: /sensor/scan [sensor_msgs/msg/LaserScan]
[navigation_node-4] [INFO] [1789854015.494997937] [navigation_node]: NavigationNode: Fault cleared.
[perception_node-2] [INFO] [1789854015.495050488] [perception_node]: PerceptionNode: Fault cleared.
[sensor_node-1] [INFO] [1789854015.495060166] [sensor_node]: SensorNode: Fault cleared.
[localization_node-3] [INFO] [1789854015.495360495] [localization_node]: LocalizationNode: Fault cleared.
[perception_node-2] [INFO] [1789854015.545462923] [perception_node]: PerceptionNode: Fault cleared.
[sensor_node-1] [INFO] [1789854015.545482060] [sensor_node]: SensorNode: Fault cleared.
[navigation_node-4] [INFO] [1789854015.545493437] [navigation_node]: NavigationNode: Fault cleared.
[localization_node-3] [INFO] [1789854015.545507913] [localization_node]: LocalizationNode: Fault cleared.
[navigation_node-4] [INFO] [1789854015.595981458] [navigation_node]: NavigationNode: Fault cleared.
[localization_node-3] [INFO] [1789854015.596031872] [localization_node]: LocalizationNode: Fault cleared.
[sensor_node-1] [INFO] [1789854015.596034352] [sensor_node]: SensorNode: Fault cleared.
[perception_node-2] [INFO] [1789854015.596405053] [perception_node]: PerceptionNode: Fault cleared.
[perception_node-2] [INFO] [1789854015.646498087] [perception_node]: PerceptionNode: Fault cleared.
[localization_node-3] [INFO] [1789854015.646501810] [localization_node]: LocalizationNode: Fault cleared.
[navigation_node-4] [INFO] [1789854015.646540826] [navigation_node]: NavigationNode: Fault cleared.
[sensor_node-1] [INFO] [1789854015.646544241] [sensor_node]: SensorNode: Fault cleared.
[sensor_node-1] [WARN] [1789854017.699998386] [sensor_node]: SensorNode: Injected fault "latency" (param=0.4, duration=9.0s)
[sensor_node-1] [WARN] [1789854017.750541129] [sensor_node]: SensorNode: Injected fault "latency" (param=0.4, duration=9.0s)
[sensor_node-1] [WARN] [1789854017.800794515] [sensor_node]: SensorNode: Injected fault "latency" (param=0.4, duration=9.0s)
[sensor_node-1] [WARN] [1789854017.851388985] [sensor_node]: SensorNode: Injected fault "latency" (param=0.4, duration=9.0s)
[monitor_node-5] [WARN] [1789854018.310861174] [diagnostic_monitor]: ANOMALY on [sensor_node] /sensor/scan:latency: Value 0.5014 deviated from baseline 0.0010±0.0002 (z=2287.5, confirmed x2) (sev=1.00)
[monitor_node-5] [WARN] [1789854018.312400775] [diagnostic_monitor]: ANOMALY on [localization_node] /localization/pose:latency: Value 0.5032 deviated from baseline 0.0028±0.0063 (z=79.0, confirmed x2) (sev=1.00)
[monitor_node-5] [WARN] [1789854018.313424332] [diagnostic_monitor]: ANOMALY on [perception_node] /perception/obstacles:latency: Value 0.5043 deviated from baseline 0.0021±0.0064 (z=78.2, confirmed x2) (sev=1.00)
[monitor_node-5] [WARN] [1789854018.314455278] [diagnostic_monitor]: ANOMALY on [sensor_node] /sensor/scan:latency: Value 0.4055 deviated from baseline 0.0010±0.0002 (z=1848.9, confirmed x3) (sev=1.00)
[monitor_node-5] [WARN] [1789854018.315665844] [diagnostic_monitor]: ANOMALY on [localization_node] /localization/pose:latency: Value 0.4068 deviated from baseline 0.0028±0.0063 (z=63.8, confirmed x3) (sev=1.00)
[monitor_node-5] [WARN] [1789854018.316850803] [diagnostic_monitor]: ANOMALY on [navigation_node] /navigation/cmd_vel:latency: Value 0.5076 deviated from baseline 0.0034±0.0063 (z=79.8, confirmed x2) (sev=1.00)
[monitor_node-5] [WARN] [1789854018.317976308] [diagnostic_monitor]: ANOMALY on [perception_node] /perception/obstacles:latency: Value 0.4090 deviated from baseline 0.0021±0.0064 (z=63.3, confirmed x3) (sev=1.00)
[monitor_node-5] [WARN] [1789854018.319674127] [diagnostic_monitor]: ANOMALY on [navigation_node] /navigation/cmd_vel:latency: Value 0.4104 deviated from baseline 0.0034±0.0063 (z=64.4, confirmed x3) (sev=1.00)
[monitor_node-5] [WARN] [1789854018.410313032] [diagnostic_monitor]: ANOMALY on [sensor_node] /sensor/scan:latency: Value 0.4010 deviated from baseline 0.0010±0.0002 (z=1828.3, confirmed x4) (sev=1.00)
[monitor_node-5] [WARN] [1789854018.411780856] [diagnostic_monitor]: ANOMALY on [localization_node] /localization/pose:latency: Value 0.4028 deviated from baseline 0.0028±0.0063 (z=63.1, confirmed x4) (sev=1.00)
[monitor_node-5] [WARN] [1789854018.412828125] [diagnostic_monitor]: ANOMALY on [perception_node] /perception/obstacles:latency: Value 0.4038 deviated from baseline 0.0021±0.0064 (z=62.5, confirmed x4) (sev=1.00)
[monitor_node-5] [WARN] [1789854018.414352427] [diagnostic_monitor]: ANOMALY on [navigation_node] /navigation/cmd_vel:latency: Value 0.4052 deviated from baseline 0.0034±0.0063 (z=63.6, confirmed x4) (sev=1.00)
[monitor_node-5] [INFO] [1789854018.549655077] [diagnostic_monitor]: 
[monitor_node-5] ============================================================
[monitor_node-5] ROOT CAUSE DIAGNOSIS: sensor_node (Confidence: 1.000)
[monitor_node-5] ============================================================
[monitor_node-5] Score Breakdown  R(C) = wD*D + wT*T + wS*S + wA*A:
[monitor_node-5]   R(sensor_node) = 0.3·D(1.00) + 0.3·T(1.00) + 0.25·S(1.00) + 0.15·A(1.00) = 1.000
[monitor_node-5]   - Dependency D: 1.00 (reaches 3 downstream anomalous node(s); 0 anomalous upstream node(s))
[monitor_node-5]   - Temporal   T: 1.00 (first anomaly at t=1789854018.11s; earliest in window = supporting evidence, not proof of causality)
[monitor_node-5]   - Symptom    S: 1.00 (explains 4/4 anomalous nodes)
[monitor_node-5]   - Severity   A: 1.00 (max normalised severity on node, 3 direct anomaly event(s))
[monitor_node-5] 
[monitor_node-5] Propagation Chain (evidence-ordered, via discovered graph edges):
[monitor_node-5]   sensor_node (t=1789854018.11s: /sensor/scan:latency, sev=1.00)
[monitor_node-5]     └─→ perception_node via /sensor/scan (t=1789854018.11s, +0.00s after sensor_node: /perception/obstacles:latency)
[monitor_node-5]       └─→ localization_node via /perception/obstacles (t=1789854018.11s, +0.00s after perception_node: /localization/pose:latency)
[monitor_node-5]         └─→ navigation_node via /localization/pose (t=1789854018.11s, +0.00s after localization_node: /navigation/cmd_vel:latency)
[monitor_node-5] 
[monitor_node-5] Candidate Ranking & Evidence Comparison:
[monitor_node-5]   #2 perception_node      R=0.787 (Δ -0.213) [first anomaly 0.00s after sensor_node; downstream of sensor_node in discovered graph; lower symptom coverage (75% vs 100%)]
[monitor_node-5]   #3 localization_node    R=0.625 (Δ -0.375) [first anomaly 0.00s after sensor_node; downstream of sensor_node in discovered graph; lower symptom coverage (50% vs 100%)]
[monitor_node-5]   #4 navigation_node      R=0.512 (Δ -0.488) [first anomaly 0.00s after sensor_node; downstream of sensor_node in discovered graph; lower symptom coverage (25% vs 100%)]
[monitor_node-5] ============================================================
[monitor_node-5] [WARN] [1789854018.610277580] [diagnostic_monitor]: ANOMALY on [sensor_node] /sensor/scan:latency: Value 0.5009 deviated from baseline 0.0010±0.0002 (z=2285.1, confirmed x5) (sev=1.00)
[monitor_node-5] [WARN] [1789854018.611775697] [diagnostic_monitor]: ANOMALY on [localization_node] /localization/pose:latency: Value 0.5026 deviated from baseline 0.0028±0.0063 (z=78.9, confirmed x5) (sev=1.00)
[monitor_node-5] [WARN] [1789854018.612938580] [diagnostic_monitor]: ANOMALY on [perception_node] /perception/obstacles:latency: Value 0.5038 deviated from baseline 0.0021±0.0064 (z=78.1, confirmed x5) (sev=1.00)
[monitor_node-5] [WARN] [1789854018.613946708] [diagnostic_monitor]: ANOMALY on [sensor_node] /sensor/scan:latency: Value 0.4049 deviated from baseline 0.0010±0.0002 (z=1846.4, confirmed x6) (sev=1.00)
[monitor_node-5] [WARN] [1789854018.615214508] [diagnostic_monitor]: ANOMALY on [localization_node] /localization/pose:latency: Value 0.4063 deviated from baseline 0.0028±0.0063 (z=63.7, confirmed x6) (sev=1.00)
[monitor_node-5] [WARN] [1789854018.616270161] [diagnostic_monitor]: ANOMALY on [navigation_node] /navigation/cmd_vel:latency: Value 0.5071 deviated from baseline 0.0034±0.0063 (z=79.7, confirmed x5) (sev=1.00)
[monitor_node-5] [WARN] [1789854018.617122816] [diagnostic_monitor]: ANOMALY on [perception_node] /perception/obstacles:latency: Value 0.4082 deviated from baseline 0.0021±0.0064 (z=63.2, confirmed x6) (sev=1.00)
[monitor_node-5] [WARN] [1789854018.618595855] [diagnostic_monitor]: ANOMALY on [navigation_node] /navigation/cmd_vel:latency: Value 0.4094 deviated from baseline 0.0034±0.0063 (z=64.3, confirmed x6) (sev=1.00)
[monitor_node-5] [WARN] [1789854018.810926253] [diagnostic_monitor]: ANOMALY on [sensor_node] /sensor/scan:latency: Value 0.5007 deviated from baseline 0.0010±0.0002 (z=2284.0, confirmed x7) (sev=1.00)
[monitor_node-5] [WARN] [1789854018.812387064] [diagnostic_monitor]: ANOMALY on [localization_node] /localization/pose:latency: Value 0.5028 deviated from baseline 0.0028±0.0063 (z=78.9, confirmed x7) (sev=1.00)
[monitor_node-5] [WARN] [1789854018.813274951] [diagnostic_monitor]: ANOMALY on [navigation_node] /navigation/cmd_vel:latency: Value 0.5037 deviated from baseline 0.0034±0.0063 (z=79.2, confirmed x7) (sev=1.00)
[monitor_node-5] [WARN] [1789854018.814432895] [diagnostic_monitor]: ANOMALY on [perception_node] /perception/obstacles:latency: Value 0.5047 deviated from baseline 0.0021±0.0064 (z=78.2, confirmed x7) (sev=1.00)
[monitor_node-5] [WARN] [1789854018.910191066] [diagnostic_monitor]: ANOMALY on [sensor_node] /sensor/scan:latency: Value 0.5009 deviated from baseline 0.0010±0.0002 (z=2285.3, confirmed x8) (sev=1.00)
[monitor_node-5] [WARN] [1789854018.911716564] [diagnostic_monitor]: ANOMALY on [localization_node] /localization/pose:latency: Value 0.5026 deviated from baseline 0.0028±0.0063 (z=78.9, confirmed x8) (sev=1.00)
[monitor_node-5] [WARN] [1789854018.912802721] [diagnostic_monitor]: ANOMALY on [perception_node] /perception/obstacles:latency: Value 0.5037 deviated from baseline 0.0021±0.0064 (z=78.1, confirmed x8) (sev=1.00)
[monitor_node-5] [WARN] [1789854018.914465233] [diagnostic_monitor]: ANOMALY on [navigation_node] /navigation/cmd_vel:latency: Value 0.5051 deviated from baseline 0.0034±0.0063 (z=79.4, confirmed x8) (sev=1.00)
[monitor_node-5] [WARN] [1789854019.010219654] [diagnostic_monitor]: ANOMALY on [sensor_node] /sensor/scan:latency: Value 0.5009 deviated from baseline 0.0010±0.0002 (z=2285.2, confirmed x9) (sev=1.00)
[monitor_node-5] [WARN] [1789854019.011786515] [diagnostic_monitor]: ANOMALY on [localization_node] /localization/pose:latency: Value 0.5027 deviated from baseline 0.0028±0.0063 (z=78.9, confirmed x9) (sev=1.00)
[monitor_node-5] [WARN] [1789854019.012861839] [diagnostic_monitor]: ANOMALY on [perception_node] /perception/obstacles:latency: Value 0.5038 deviated from baseline 0.0021±0.0064 (z=78.1, confirmed x9) (sev=1.00)
[monitor_node-5] [WARN] [1789854019.014450407] [diagnostic_monitor]: ANOMALY on [navigation_node] /navigation/cmd_vel:latency: Value 0.5052 deviated from baseline 0.0034±0.0063 (z=79.4, confirmed x9) (sev=1.00)
[monitor_node-5] [WARN] [1789854019.110324816] [diagnostic_monitor]: ANOMALY on [sensor_node] /sensor/scan:latency: Value 0.5010 deviated from baseline 0.0010±0.0002 (z=2285.5, confirmed x10) (sev=1.00)
[monitor_node-5] [WARN] [1789854019.111877867] [diagnostic_monitor]: ANOMALY on [localization_node] /localization/pose:latency: Value 0.5028 deviated from baseline 0.0028±0.0063 (z=78.9, confirmed x10) (sev=1.00)
[monitor_node-5] [WARN] [1789854019.112750315] [diagnostic_monitor]: ANOMALY on [perception_node] /perception/obstacles:latency: Value 0.5038 deviated from baseline 0.0021±0.0064 (z=78.1, confirmed x10) (sev=1.00)
[monitor_node-5] [WARN] [1789854019.113609022] [diagnostic_monitor]: ANOMALY on [sensor_node] /sensor/scan:latency: Value 0.4047 deviated from baseline 0.0010±0.0002 (z=1845.3, confirmed x11) (sev=1.00)
[monitor_node-5] [WARN] [1789854019.114865103] [diagnostic_monitor]: ANOMALY on [localization_node] /localization/pose:latency: Value 0.4059 deviated from baseline 0.0028±0.0063 (z=63.6, confirmed x11) (sev=1.00)
[monitor_node-5] [WARN] [1789854019.117910821] [diagnostic_monitor]: ANOMALY on [navigation_node] /navigation/cmd_vel:latency: Value 0.5068 deviated from baseline 0.0034±0.0063 (z=79.7, confirmed x10) (sev=1.00)
[monitor_node-5] [WARN] [1789854019.125626804] [diagnostic_monitor]: ANOMALY on [perception_node] /perception/obstacles:latency: Value 0.4139 deviated from baseline 0.0021±0.0064 (z=64.1, confirmed x11) (sev=1.00)
[monitor_node-5] [WARN] [1789854019.127700674] [diagnostic_monitor]: ANOMALY on [navigation_node] /navigation/cmd_vel:latency: Value 0.4183 deviated from baseline 0.0034±0.0063 (z=65.7, confirmed x11) (sev=1.00)
[monitor_node-5] [WARN] [1789854019.310240747] [diagnostic_monitor]: ANOMALY on [sensor_node] /sensor/scan:latency: Value 0.5008 deviated from baseline 0.0010±0.0002 (z=2284.8, confirmed x12) (sev=1.00)
[monitor_node-5] [WARN] [1789854019.311715916] [diagnostic_monitor]: ANOMALY on [localization_node] /localization/pose:latency: Value 0.5026 deviated from baseline 0.0028±0.0063 (z=78.9, confirmed x12) (sev=1.00)
[monitor_node-5] [WARN] [1789854019.312585482] [diagnostic_monitor]: ANOMALY on [perception_node] /perception/obstacles:latency: Value 0.5036 deviated from baseline 0.0021±0.0064 (z=78.1, confirmed x12) (sev=1.00)
[monitor_node-5] [WARN] [1789854019.313559665] [diagnostic_monitor]: ANOMALY on [sensor_node] /sensor/scan:latency: Value 0.4046 deviated from baseline 0.0010±0.0002 (z=1845.0, confirmed x13) (sev=1.00)
[monitor_node-5] [WARN] [1789854019.315081706] [diagnostic_monitor]: ANOMALY on [localization_node] /localization/pose:latency: Value 0.4061 deviated from baseline 0.0028±0.0063 (z=63.7, confirmed x13) (sev=1.00)
[monitor_node-5] [WARN] [1789854019.316378317] [diagnostic_monitor]: ANOMALY on [navigation_node] /navigation/cmd_vel:latency: Value 0.5071 deviated from baseline 0.0034±0.0063 (z=79.7, confirmed x12) (sev=1.00)
[monitor_node-5] [WARN] [1789854019.319789462] [diagnostic_monitor]: ANOMALY on [perception_node] /perception/obstacles:latency: Value 0.4085 deviated from baseline 0.0021±0.0064 (z=63.2, confirmed x13) (sev=1.00)
[monitor_node-5] [WARN] [1789854019.322797743] [diagnostic_monitor]: ANOMALY on [navigation_node] /navigation/cmd_vel:latency: Value 0.4128 deviated from baseline 0.0034±0.0063 (z=64.8, confirmed x13) (sev=1.00)
[monitor_node-5] [WARN] [1789854019.410472187] [diagnostic_monitor]: ANOMALY on [sensor_node] /sensor/scan:latency: Value 0.4011 deviated from baseline 0.0010±0.0002 (z=1828.8, confirmed x14) (sev=1.00)
[monitor_node-5] [WARN] [1789854019.414016626] [diagnostic_monitor]: ANOMALY on [localization_node] /localization/pose:latency: Value 0.4041 deviated from baseline 0.0028±0.0063 (z=63.4, confirmed x14) (sev=1.00)
[monitor_node-5] [WARN] [1789854019.415791579] [diagnostic_monitor]: ANOMALY on [navigation_node] /navigation/cmd_vel:latency: Value 0.4062 deviated from baseline 0.0034±0.0063 (z=63.8, confirmed x14) (sev=1.00)
[monitor_node-5] [WARN] [1789854019.417128717] [diagnostic_monitor]: ANOMALY on [perception_node] /perception/obstacles:latency: Value 0.4080 deviated from baseline 0.0021±0.0064 (z=63.2, confirmed x14) (sev=1.00)
[monitor_node-5] [WARN] [1789854019.610281816] [diagnostic_monitor]: ANOMALY on [sensor_node] /sensor/scan:latency: Value 0.5010 deviated from baseline 0.0010±0.0002 (z=2285.6, confirmed x15) (sev=1.00)
[monitor_node-5] [WARN] [1789854019.611762761] [diagnostic_monitor]: ANOMALY on [localization_node] /localization/pose:latency: Value 0.5026 deviated from baseline 0.0028±0.0063 (z=78.9, confirmed x15) (sev=1.00)
[monitor_node-5] [WARN] [1789854019.612905471] [diagnostic_monitor]: ANOMALY on [perception_node] /perception/obstacles:latency: Value 0.5038 deviated from baseline 0.0021±0.0064 (z=78.1, confirmed x15) (sev=1.00)
[monitor_node-5] [WARN] [1789854019.614612270] [diagnostic_monitor]: ANOMALY on [navigation_node] /navigation/cmd_vel:latency: Value 0.5052 deviated from baseline 0.0034±0.0063 (z=79.4, confirmed x15) (sev=1.00)
[monitor_node-5] [WARN] [1789854019.710454258] [diagnostic_monitor]: ANOMALY on [sensor_node] /sensor/scan:latency: Value 0.5010 deviated from baseline 0.0010±0.0002 (z=2285.7, confirmed x16) (sev=1.00)
[monitor_node-5] [WARN] [1789854019.711893653] [diagnostic_monitor]: ANOMALY on [localization_node] /localization/pose:latency: Value 0.5029 deviated from baseline 0.0028±0.0063 (z=78.9, confirmed x16) (sev=1.00)
[monitor_node-5] [WARN] [1789854019.712713876] [diagnostic_monitor]: ANOMALY on [perception_node] /perception/obstacles:latency: Value 0.5038 deviated from baseline 0.0021±0.0064 (z=78.1, confirmed x16) (sev=1.00)
[monitor_node-5] [WARN] [1789854019.713534377] [diagnostic_monitor]: ANOMALY on [sensor_node] /sensor/scan:latency: Value 0.4047 deviated from baseline 0.0010±0.0002 (z=1845.4, confirmed x17) (sev=1.00)
[monitor_node-5] [WARN] [1789854019.715074317] [diagnostic_monitor]: ANOMALY on [localization_node] /localization/pose:latency: Value 0.4060 deviated from baseline 0.0028±0.0063 (z=63.6, confirmed x17) (sev=1.00)
[monitor_node-5] [WARN] [1789854019.716304750] [diagnostic_monitor]: ANOMALY on [navigation_node] /navigation/cmd_vel:latency: Value 0.5071 deviated from baseline 0.0034±0.0063 (z=79.7, confirmed x16) (sev=1.00)
[monitor_node-5] [WARN] [1789854019.725144029] [diagnostic_monitor]: ANOMALY on [perception_node] /perception/obstacles:latency: Value 0.4084 deviated from baseline 0.0021±0.0064 (z=63.2, confirmed x17) (sev=1.00)
[monitor_node-5] [WARN] [1789854019.727607976] [diagnostic_monitor]: ANOMALY on [navigation_node] /navigation/cmd_vel:latency: Value 0.4182 deviated from baseline 0.0034±0.0063 (z=65.7, confirmed x17) (sev=1.00)
[monitor_node-5] [WARN] [1789854019.910477617] [diagnostic_monitor]: ANOMALY on [sensor_node] /sensor/scan:latency: Value 0.5010 deviated from baseline 0.0010±0.0002 (z=2285.7, confirmed x18) (sev=1.00)
[monitor_node-5] [WARN] [1789854019.912376001] [diagnostic_monitor]: ANOMALY on [localization_node] /localization/pose:latency: Value 0.5029 deviated from baseline 0.0028±0.0063 (z=78.9, confirmed x18) (sev=1.00)
[monitor_node-5] [WARN] [1789854019.913465093] [diagnostic_monitor]: ANOMALY on [perception_node] /perception/obstacles:latency: Value 0.5044 deviated from baseline 0.0021±0.0064 (z=78.2, confirmed x18) (sev=1.00)
[monitor_node-5] [WARN] [1789854019.914490846] [diagnostic_monitor]: ANOMALY on [sensor_node] /sensor/scan:latency: Value 0.4055 deviated from baseline 0.0010±0.0002 (z=1848.9, confirmed x19) (sev=1.00)
[monitor_node-5] [WARN] [1789854019.915868131] [diagnostic_monitor]: ANOMALY on [localization_node] /localization/pose:latency: Value 0.4068 deviated from baseline 0.0028±0.0063 (z=63.8, confirmed x19) (sev=1.00)
[monitor_node-5] [WARN] [1789854019.917143801] [diagnostic_monitor]: ANOMALY on [navigation_node] /navigation/cmd_vel:latency: Value 0.5079 deviated from baseline 0.0034±0.0063 (z=79.8, confirmed x18) (sev=1.00)
[monitor_node-5] [WARN] [1789854019.918210778] [diagnostic_monitor]: ANOMALY on [perception_node] /perception/obstacles:latency: Value 0.4091 deviated from baseline 0.0021±0.0064 (z=63.4, confirmed x19) (sev=1.00)
[monitor_node-5] [WARN] [1789854019.921166421] [diagnostic_monitor]: ANOMALY on [navigation_node] /navigation/cmd_vel:latency: Value 0.4112 deviated from baseline 0.0034±0.0063 (z=64.6, confirmed x19) (sev=1.00)
[monitor_node-5] [WARN] [1789854020.011490626] [diagnostic_monitor]: ANOMALY on [sensor_node] /sensor/scan:latency: Value 0.4010 deviated from baseline 0.0010±0.0002 (z=1828.3, confirmed x20) (sev=1.00)
[monitor_node-5] [WARN] [1789854020.014035099] [diagnostic_monitor]: ANOMALY on [localization_node] /localization/pose:latency: Value 0.4046 deviated from baseline 0.0028±0.0063 (z=63.4, confirmed x20) (sev=1.00)
[monitor_node-5] [WARN] [1789854020.015378457] [diagnostic_monitor]: ANOMALY on [navigation_node] /navigation/cmd_vel:latency: Value 0.4061 deviated from baseline 0.0034±0.0063 (z=63.7, confirmed x20) (sev=1.00)
[monitor_node-5] [WARN] [1789854020.016423474] [diagnostic_monitor]: ANOMALY on [perception_node] /perception/obstacles:latency: Value 0.4074 deviated from baseline 0.0021±0.0064 (z=63.1, confirmed x20) (sev=1.00)
[monitor_node-5] [WARN] [1789854020.210405996] [diagnostic_monitor]: ANOMALY on [sensor_node] /sensor/scan:latency: Value 0.5009 deviated from baseline 0.0010±0.0002 (z=2285.0, confirmed x21) (sev=1.00)
[monitor_node-5] [WARN] [1789854020.211905276] [diagnostic_monitor]: ANOMALY on [localization_node] /localization/pose:latency: Value 0.5028 deviated from baseline 0.0028±0.0063 (z=78.9, confirmed x21) (sev=1.00)
[monitor_node-5] [WARN] [1789854020.212950914] [diagnostic_monitor]: ANOMALY on [perception_node] /perception/obstacles:latency: Value 0.5039 deviated from baseline 0.0021±0.0064 (z=78.1, confirmed x21) (sev=1.00)
[monitor_node-5] [WARN] [1789854020.213986974] [diagnostic_monitor]: ANOMALY on [sensor_node] /sensor/scan:latency: Value 0.4049 deviated from baseline 0.0010±0.0002 (z=1846.3, confirmed x22) (sev=1.00)
[monitor_node-5] [WARN] [1789854020.215057360] [diagnostic_monitor]: ANOMALY on [localization_node] /localization/pose:latency: Value 0.4061 deviated from baseline 0.0028±0.0063 (z=63.7, confirmed x22) (sev=1.00)
[monitor_node-5] [WARN] [1789854020.216257217] [diagnostic_monitor]: ANOMALY on [navigation_node] /navigation/cmd_vel:latency: Value 0.5070 deviated from baseline 0.0034±0.0063 (z=79.7, confirmed x21) (sev=1.00)
[monitor_node-5] [WARN] [1789854020.218241615] [diagnostic_monitor]: ANOMALY on [perception_node] /perception/obstacles:latency: Value 0.4082 deviated from baseline 0.0021±0.0064 (z=63.2, confirmed x22) (sev=1.00)
[monitor_node-5] [WARN] [1789854020.222955966] [diagnostic_monitor]: ANOMALY on [navigation_node] /navigation/cmd_vel:latency: Value 0.4128 deviated from baseline 0.0034±0.0063 (z=64.8, confirmed x22) (sev=1.00)
[monitor_node-5] [WARN] [1789854020.410381307] [diagnostic_monitor]: ANOMALY on [sensor_node] /sensor/scan:latency: Value 0.5010 deviated from baseline 0.0010±0.0002 (z=2285.7, confirmed x23) (sev=1.00)
[monitor_node-5] [WARN] [1789854020.411887847] [diagnostic_monitor]: ANOMALY on [localization_node] /localization/pose:latency: Value 0.5028 deviated from baseline 0.0028±0.0063 (z=78.9, confirmed x23) (sev=1.00)
[monitor_node-5] [WARN] [1789854020.412693253] [diagnostic_monitor]: ANOMALY on [perception_node] /perception/obstacles:latency: Value 0.5038 deviated from baseline 0.0021±0.0064 (z=78.1, confirmed x23) (sev=1.00)
[monitor_node-5] [WARN] [1789854020.413585929] [diagnostic_monitor]: ANOMALY on [sensor_node] /sensor/scan:latency: Value 0.4046 deviated from baseline 0.0010±0.0002 (z=1845.0, confirmed x24) (sev=1.00)
[monitor_node-5] [WARN] [1789854020.414793307] [diagnostic_monitor]: ANOMALY on [localization_node] /localization/pose:latency: Value 0.4059 deviated from baseline 0.0028±0.0063 (z=63.6, confirmed x24) (sev=1.00)
[monitor_node-5] [WARN] [1789854020.415799827] [diagnostic_monitor]: ANOMALY on [navigation_node] /navigation/cmd_vel:latency: Value 0.5067 deviated from baseline 0.0034±0.0063 (z=79.7, confirmed x23) (sev=1.00)
[monitor_node-5] [WARN] [1789854020.416716247] [diagnostic_monitor]: ANOMALY on [perception_node] /perception/obstacles:latency: Value 0.4077 deviated from baseline 0.0021±0.0064 (z=63.1, confirmed x24) (sev=1.00)
[monitor_node-5] [WARN] [1789854020.418182053] [diagnostic_monitor]: ANOMALY on [navigation_node] /navigation/cmd_vel:latency: Value 0.4089 deviated from baseline 0.0034±0.0063 (z=64.2, confirmed x24) (sev=1.00)
[monitor_node-5] [WARN] [1789854020.609930762] [diagnostic_monitor]: ANOMALY on [sensor_node] /sensor/scan:latency: Value 0.5006 deviated from baseline 0.0010±0.0002 (z=2283.9, confirmed x25) (sev=1.00)
[monitor_node-5] [WARN] [1789854020.611388270] [diagnostic_monitor]: ANOMALY on [localization_node] /localization/pose:latency: Value 0.5023 deviated from baseline 0.0028±0.0063 (z=78.8, confirmed x25) (sev=1.00)
[monitor_node-5] [WARN] [1789854020.612225549] [diagnostic_monitor]: ANOMALY on [perception_node] /perception/obstacles:latency: Value 0.5033 deviated from baseline 0.0021±0.0064 (z=78.0, confirmed x25) (sev=1.00)
[monitor_node-5] [WARN] [1789854020.613328395] [diagnostic_monitor]: ANOMALY on [navigation_node] /navigation/cmd_vel:latency: Value 0.5042 deviated from baseline 0.0034±0.0063 (z=79.3, confirmed x25) (sev=1.00)
[monitor_node-5] [WARN] [1789854020.710129201] [diagnostic_monitor]: ANOMALY on [sensor_node] /sensor/scan:latency: Value 0.5008 deviated from baseline 0.0010±0.0002 (z=2284.6, confirmed x26) (sev=1.00)
[monitor_node-5] [WARN] [1789854020.711677508] [diagnostic_monitor]: ANOMALY on [localization_node] /localization/pose:latency: Value 0.5026 deviated from baseline 0.0028±0.0063 (z=78.9, confirmed x26) (sev=1.00)
[monitor_node-5] [WARN] [1789854020.712822315] [diagnostic_monitor]: ANOMALY on [perception_node] /perception/obstacles:latency: Value 0.5037 deviated from baseline 0.0021±0.0064 (z=78.1, confirmed x26) (sev=1.00)
[monitor_node-5] [WARN] [1789854020.714526136] [diagnostic_monitor]: ANOMALY on [navigation_node] /navigation/cmd_vel:latency: Value 0.5051 deviated from baseline 0.0034±0.0063 (z=79.4, confirmed x26) (sev=1.00)
[monitor_node-5] [WARN] [1789854020.810308917] [diagnostic_monitor]: ANOMALY on [sensor_node] /sensor/scan:latency: Value 0.5009 deviated from baseline 0.0010±0.0002 (z=2285.2, confirmed x27) (sev=1.00)
[monitor_node-5] [WARN] [1789854020.811675041] [diagnostic_monitor]: ANOMALY on [localization_node] /localization/pose:latency: Value 0.5027 deviated from baseline 0.0028±0.0063 (z=78.9, confirmed x27) (sev=1.00)
[monitor_node-5] [WARN] [1789854020.812621656] [diagnostic_monitor]: ANOMALY on [perception_node] /perception/obstacles:latency: Value 0.5036 deviated from baseline 0.0021±0.0064 (z=78.1, confirmed x27) (sev=1.00)
[monitor_node-5] [WARN] [1789854020.814212746] [diagnostic_monitor]: ANOMALY on [navigation_node] /navigation/cmd_vel:latency: Value 0.5049 deviated from baseline 0.0034±0.0063 (z=79.4, confirmed x27) (sev=1.00)
[monitor_node-5] [WARN] [1789854020.910432989] [diagnostic_monitor]: ANOMALY on [sensor_node] /sensor/scan:latency: Value 0.5010 deviated from baseline 0.0010±0.0002 (z=2285.5, confirmed x28) (sev=1.00)
[monitor_node-5] [WARN] [1789854020.912101503] [diagnostic_monitor]: ANOMALY on [localization_node] /localization/pose:latency: Value 0.5029 deviated from baseline 0.0028±0.0063 (z=78.9, confirmed x28) (sev=1.00)
[monitor_node-5] [WARN] [1789854020.913117950] [diagnostic_monitor]: ANOMALY on [perception_node] /perception/obstacles:latency: Value 0.5041 deviated from baseline 0.0021±0.0064 (z=78.1, confirmed x28) (sev=1.00)
[monitor_node-5] [WARN] [1789854020.914198040] [diagnostic_monitor]: ANOMALY on [sensor_node] /sensor/scan:latency: Value 0.4052 deviated from baseline 0.0010±0.0002 (z=1847.6, confirmed x29) (sev=1.00)
[monitor_node-5] [WARN] [1789854020.915458798] [diagnostic_monitor]: ANOMALY on [localization_node] /localization/pose:latency: Value 0.4066 deviated from baseline 0.0028±0.0063 (z=63.7, confirmed x29) (sev=1.00)
[monitor_node-5] [WARN] [1789854020.916611271] [diagnostic_monitor]: ANOMALY on [navigation_node] /navigation/cmd_vel:latency: Value 0.5074 deviated from baseline 0.0034±0.0063 (z=79.8, confirmed x28) (sev=1.00)
[monitor_node-5] [WARN] [1789854020.918625082] [diagnostic_monitor]: ANOMALY on [perception_node] /perception/obstacles:latency: Value 0.4087 deviated from baseline 0.0021±0.0064 (z=63.3, confirmed x29) (sev=1.00)
[monitor_node-5] [WARN] [1789854020.922783459] [diagnostic_monitor]: ANOMALY on [navigation_node] /navigation/cmd_vel:latency: Value 0.4123 deviated from baseline 0.0034±0.0063 (z=64.7, confirmed x29) (sev=1.00)
[monitor_node-5] [WARN] [1789854021.011318536] [diagnostic_monitor]: ANOMALY on [sensor_node] /sensor/scan:latency: Value 0.4021 deviated from baseline 0.0010±0.0002 (z=1833.5, confirmed x30) (sev=1.00)
[monitor_node-5] [WARN] [1789854021.012823963] [diagnostic_monitor]: ANOMALY on [localization_node] /localization/pose:latency: Value 0.4038 deviated from baseline 0.0028±0.0063 (z=63.3, confirmed x30) (sev=1.00)
[monitor_node-5] [WARN] [1789854021.013805938] [diagnostic_monitor]: ANOMALY on [perception_node] /perception/obstacles:latency: Value 0.4049 deviated from baseline 0.0021±0.0064 (z=62.7, confirmed x30) (sev=1.00)
[monitor_node-5] [WARN] [1789854021.015497167] [diagnostic_monitor]: ANOMALY on [navigation_node] /navigation/cmd_vel:latency: Value 0.4063 deviated from baseline 0.0034±0.0063 (z=63.8, confirmed x30) (sev=1.00)
[monitor_node-5] [WARN] [1789854021.110419708] [diagnostic_monitor]: ANOMALY on [sensor_node] /sensor/scan:latency: Value 0.4010 deviated from baseline 0.0010±0.0002 (z=1828.6, confirmed x31) (sev=1.00)
[monitor_node-5] [WARN] [1789854021.111884999] [diagnostic_monitor]: ANOMALY on [localization_node] /localization/pose:latency: Value 0.4029 deviated from baseline 0.0028±0.0063 (z=63.2, confirmed x31) (sev=1.00)
[monitor_node-5] [WARN] [1789854021.112864581] [diagnostic_monitor]: ANOMALY on [perception_node] /perception/obstacles:latency: Value 0.4039 deviated from baseline 0.0021±0.0064 (z=62.5, confirmed x31) (sev=1.00)
[monitor_node-5] [WARN] [1789854021.114490624] [diagnostic_monitor]: ANOMALY on [navigation_node] /navigation/cmd_vel:latency: Value 0.4052 deviated from baseline 0.0034±0.0063 (z=63.6, confirmed x31) (sev=1.00)
[monitor_node-5] [WARN] [1789854021.210380588] [diagnostic_monitor]: ANOMALY on [sensor_node] /sensor/scan:latency: Value 0.4010 deviated from baseline 0.0010±0.0002 (z=1828.4, confirmed x32) (sev=1.00)
[monitor_node-5] [WARN] [1789854021.211918023] [diagnostic_monitor]: ANOMALY on [localization_node] /localization/pose:latency: Value 0.4028 deviated from baseline 0.0028±0.0063 (z=63.1, confirmed x32) (sev=1.00)
[monitor_node-5] [WARN] [1789854021.213102013] [diagnostic_monitor]: ANOMALY on [perception_node] /perception/obstacles:latency: Value 0.4040 deviated from baseline 0.0021±0.0064 (z=62.6, confirmed x32) (sev=1.00)
[monitor_node-5] [WARN] [1789854021.214865489] [diagnostic_monitor]: ANOMALY on [navigation_node] /navigation/cmd_vel:latency: Value 0.4054 deviated from baseline 0.0034±0.0063 (z=63.6, confirmed x32) (sev=1.00)
[monitor_node-5] [WARN] [1789854021.310376302] [diagnostic_monitor]: ANOMALY on [sensor_node] /sensor/scan:latency: Value 0.4011 deviated from baseline 0.0010±0.0002 (z=1828.7, confirmed x33) (sev=1.00)
[monitor_node-5] [WARN] [1789854021.311904872] [diagnostic_monitor]: ANOMALY on [localization_node] /localization/pose:latency: Value 0.4028 deviated from baseline 0.0028±0.0063 (z=63.1, confirmed x33) (sev=1.00)
[monitor_node-5] [WARN] [1789854021.312836242] [diagnostic_monitor]: ANOMALY on [perception_node] /perception/obstacles:latency: Value 0.4038 deviated from baseline 0.0021±0.0064 (z=62.5, confirmed x33) (sev=1.00)
[monitor_node-5] [WARN] [1789854021.314377784] [diagnostic_monitor]: ANOMALY on [navigation_node] /navigation/cmd_vel:latency: Value 0.4051 deviated from baseline 0.0034±0.0063 (z=63.6, confirmed x33) (sev=1.00)
[monitor_node-5] [WARN] [1789854021.510275470] [diagnostic_monitor]: ANOMALY on [sensor_node] /sensor/scan:latency: Value 0.5006 deviated from baseline 0.0010±0.0002 (z=2283.7, confirmed x34) (sev=1.00)
[monitor_node-5] [WARN] [1789854021.511495348] [diagnostic_monitor]: ANOMALY on [localization_node] /localization/pose:latency: Value 0.5024 deviated from baseline 0.0028±0.0063 (z=78.9, confirmed x34) (sev=1.00)
[monitor_node-5] [WARN] [1789854021.512341610] [diagnostic_monitor]: ANOMALY on [perception_node] /perception/obstacles:latency: Value 0.5031 deviated from baseline 0.0021±0.0064 (z=78.0, confirmed x34) (sev=1.00)
[monitor_node-5] [WARN] [1789854021.513666054] [diagnostic_monitor]: ANOMALY on [navigation_node] /navigation/cmd_vel:latency: Value 0.5043 deviated from baseline 0.0034±0.0063 (z=79.3, confirmed x34) (sev=1.00)
[monitor_node-5] [WARN] [1789854021.610577473] [diagnostic_monitor]: ANOMALY on [sensor_node] /sensor/scan:latency: Value 0.5010 deviated from baseline 0.0010±0.0002 (z=2285.4, confirmed x35) (sev=1.00)
[monitor_node-5] [WARN] [1789854021.612231502] [diagnostic_monitor]: ANOMALY on [localization_node] /localization/pose:latency: Value 0.5030 deviated from baseline 0.0028±0.0063 (z=79.0, confirmed x35) (sev=1.00)
[monitor_node-5] [WARN] [1789854021.613340639] [diagnostic_monitor]: ANOMALY on [perception_node] /perception/obstacles:latency: Value 0.5042 deviated from baseline 0.0021±0.0064 (z=78.2, confirmed x35) (sev=1.00)
[monitor_node-5] [WARN] [1789854021.615460048] [diagnostic_monitor]: ANOMALY on [navigation_node] /navigation/cmd_vel:latency: Value 0.5058 deviated from baseline 0.0034±0.0063 (z=79.5, confirmed x35) (sev=1.00)
[monitor_node-5] [WARN] [1789854021.710353868] [diagnostic_monitor]: ANOMALY on [sensor_node] /sensor/scan:latency: Value 0.5008 deviated from baseline 0.0010±0.0002 (z=2284.8, confirmed x36) (sev=1.00)
[monitor_node-5] [WARN] [1789854021.712062914] [diagnostic_monitor]: ANOMALY on [localization_node] /localization/pose:latency: Value 0.5028 deviated from baseline 0.0028±0.0063 (z=78.9, confirmed x36) (sev=1.00)
[monitor_node-5] [WARN] [1789854021.713281905] [diagnostic_monitor]: ANOMALY on [perception_node] /perception/obstacles:latency: Value 0.5041 deviated from baseline 0.0021±0.0064 (z=78.1, confirmed x36) (sev=1.00)
[monitor_node-5] [WARN] [1789854021.714832985] [diagnostic_monitor]: ANOMALY on [navigation_node] /navigation/cmd_vel:latency: Value 0.5055 deviated from baseline 0.0034±0.0063 (z=79.5, confirmed x36) (sev=1.00)
[monitor_node-5] [WARN] [1789854021.810221372] [diagnostic_monitor]: ANOMALY on [sensor_node] /sensor/scan:latency: Value 0.5008 deviated from baseline 0.0010±0.0002 (z=2284.4, confirmed x37) (sev=1.00)
[monitor_node-5] [WARN] [1789854021.819366031] [diagnostic_monitor]: ANOMALY on [localization_node] /localization/pose:latency: Value 0.5026 deviated from baseline 0.0028±0.0063 (z=78.9, confirmed x37) (sev=1.00)
[monitor_node-5] [WARN] [1789854021.821512796] [diagnostic_monitor]: ANOMALY on [perception_node] /perception/obstacles:latency: Value 0.5116 deviated from baseline 0.0021±0.0064 (z=79.3, confirmed x37) (sev=1.00)
[monitor_node-5] [WARN] [1789854021.823226430] [diagnostic_monitor]: ANOMALY on [navigation_node] /navigation/cmd_vel:latency: Value 0.5140 deviated from baseline 0.0034±0.0063 (z=80.8, confirmed x37) (sev=1.00)
[monitor_node-5] [WARN] [1789854021.910719910] [diagnostic_monitor]: ANOMALY on [sensor_node] /sensor/scan:latency: Value 0.5010 deviated from baseline 0.0010±0.0002 (z=2285.5, confirmed x38) (sev=1.00)
[monitor_node-5] [WARN] [1789854021.912471085] [diagnostic_monitor]: ANOMALY on [localization_node] /localization/pose:latency: Value 0.5032 deviated from baseline 0.0028±0.0063 (z=79.0, confirmed x38) (sev=1.00)
[monitor_node-5] [WARN] [1789854021.913722576] [diagnostic_monitor]: ANOMALY on [navigation_node] /navigation/cmd_vel:latency: Value 0.5046 deviated from baseline 0.0034±0.0063 (z=79.3, confirmed x38) (sev=1.00)
[monitor_node-5] [WARN] [1789854021.915221966] [diagnostic_monitor]: ANOMALY on [perception_node] /perception/obstacles:latency: Value 0.5059 deviated from baseline 0.0021±0.0064 (z=78.4, confirmed x38) (sev=1.00)
[monitor_node-5] [WARN] [1789854021.916358107] [diagnostic_monitor]: ANOMALY on [sensor_node] /sensor/scan:latency: Value 0.4073 deviated from baseline 0.0010±0.0002 (z=1857.2, confirmed x39) (sev=1.00)
[monitor_node-5] [WARN] [1789854021.917503941] [diagnostic_monitor]: ANOMALY on [localization_node] /localization/pose:latency: Value 0.4088 deviated from baseline 0.0028±0.0063 (z=64.1, confirmed x39) (sev=1.00)
[monitor_node-5] [WARN] [1789854021.919162430] [diagnostic_monitor]: ANOMALY on [navigation_node] /navigation/cmd_vel:latency: Value 0.4095 deviated from baseline 0.0034±0.0063 (z=64.3, confirmed x39) (sev=1.00)
[monitor_node-5] [WARN] [1789854021.923335679] [diagnostic_monitor]: ANOMALY on [perception_node] /perception/obstacles:latency: Value 0.4138 deviated from baseline 0.0021±0.0064 (z=64.1, confirmed x39) (sev=1.00)
[monitor_node-5] [WARN] [1789854022.010299449] [diagnostic_monitor]: ANOMALY on [sensor_node] /sensor/scan:latency: Value 0.4010 deviated from baseline 0.0010±0.0002 (z=1828.3, confirmed x40) (sev=1.00)
[monitor_node-5] [WARN] [1789854022.011775628] [diagnostic_monitor]: ANOMALY on [localization_node] /localization/pose:latency: Value 0.4027 deviated from baseline 0.0028±0.0063 (z=63.1, confirmed x40) (sev=1.00)
[monitor_node-5] [WARN] [1789854022.012611959] [diagnostic_monitor]: ANOMALY on [perception_node] /perception/obstacles:latency: Value 0.4038 deviated from baseline 0.0021±0.0064 (z=62.5, confirmed x40) (sev=1.00)
[monitor_node-5] [WARN] [1789854022.014449796] [diagnostic_monitor]: ANOMALY on [navigation_node] /navigation/cmd_vel:latency: Value 0.4049 deviated from baseline 0.0034±0.0063 (z=63.5, confirmed x40) (sev=1.00)
[monitor_node-5] [WARN] [1789854022.110424372] [diagnostic_monitor]: ANOMALY on [sensor_node] /sensor/scan:latency: Value 0.4010 deviated from baseline 0.0010±0.0002 (z=1828.5, confirmed x41) (sev=1.00)
[monitor_node-5] [WARN] [1789854022.111869130] [diagnostic_monitor]: ANOMALY on [localization_node] /localization/pose:latency: Value 0.4029 deviated from baseline 0.0028±0.0063 (z=63.2, confirmed x41) (sev=1.00)
[monitor_node-5] [WARN] [1789854022.112842160] [diagnostic_monitor]: ANOMALY on [perception_node] /perception/obstacles:latency: Value 0.4039 deviated from baseline 0.0021±0.0064 (z=62.5, confirmed x41) (sev=1.00)
[monitor_node-5] [WARN] [1789854022.114210894] [diagnostic_monitor]: ANOMALY on [navigation_node] /navigation/cmd_vel:latency: Value 0.4051 deviated from baseline 0.0034±0.0063 (z=63.6, confirmed x41) (sev=1.00)
[monitor_node-5] [WARN] [1789854022.210873230] [diagnostic_monitor]: ANOMALY on [sensor_node] /sensor/scan:latency: Value 0.4010 deviated from baseline 0.0010±0.0002 (z=1828.3, confirmed x42) (sev=1.00)
[monitor_node-5] [WARN] [1789854022.212938294] [diagnostic_monitor]: ANOMALY on [localization_node] /localization/pose:latency: Value 0.4036 deviated from baseline 0.0028±0.0063 (z=63.3, confirmed x42) (sev=1.00)
[monitor_node-5] [WARN] [1789854022.214513582] [diagnostic_monitor]: ANOMALY on [navigation_node] /navigation/cmd_vel:latency: Value 0.4052 deviated from baseline 0.0034±0.0063 (z=63.6, confirmed x42) (sev=1.00)
[monitor_node-5] [WARN] [1789854022.215868958] [diagnostic_monitor]: ANOMALY on [perception_node] /perception/obstacles:latency: Value 0.4067 deviated from baseline 0.0021±0.0064 (z=63.0, confirmed x42) (sev=1.00)
[monitor_node-5] [WARN] [1789854022.410508461] [diagnostic_monitor]: ANOMALY on [sensor_node] /sensor/scan:latency: Value 0.5011 deviated from baseline 0.0010±0.0002 (z=2286.1, confirmed x43) (sev=1.00)
[monitor_node-5] [WARN] [1789854022.411835762] [diagnostic_monitor]: ANOMALY on [localization_node] /localization/pose:latency: Value 0.5029 deviated from baseline 0.0028±0.0063 (z=78.9, confirmed x43) (sev=1.00)
[monitor_node-5] [WARN] [1789854022.412810430] [diagnostic_monitor]: ANOMALY on [perception_node] /perception/obstacles:latency: Value 0.5038 deviated from baseline 0.0021±0.0064 (z=78.1, confirmed x43) (sev=1.00)
[monitor_node-5] [WARN] [1789854022.413738462] [diagnostic_monitor]: ANOMALY on [sensor_node] /sensor/scan:latency: Value 0.4048 deviated from baseline 0.0010±0.0002 (z=1845.7, confirmed x44) (sev=1.00)
[monitor_node-5] [WARN] [1789854022.415163244] [diagnostic_monitor]: ANOMALY on [localization_node] /localization/pose:latency: Value 0.4061 deviated from baseline 0.0028±0.0063 (z=63.7, confirmed x44) (sev=1.00)
[monitor_node-5] [WARN] [1789854022.416361118] [diagnostic_monitor]: ANOMALY on [navigation_node] /navigation/cmd_vel:latency: Value 0.5071 deviated from baseline 0.0034±0.0063 (z=79.7, confirmed x43) (sev=1.00)
[monitor_node-5] [WARN] [1789854022.417327475] [diagnostic_monitor]: ANOMALY on [perception_node] /perception/obstacles:latency: Value 0.4083 deviated from baseline 0.0021±0.0064 (z=63.2, confirmed x44) (sev=1.00)
[monitor_node-5] [WARN] [1789854022.420818315] [diagnostic_monitor]: ANOMALY on [navigation_node] /navigation/cmd_vel:latency: Value 0.4098 deviated from baseline 0.0034±0.0063 (z=64.3, confirmed x44) (sev=1.00)
[monitor_node-5] [WARN] [1789854022.510418506] [diagnostic_monitor]: ANOMALY on [sensor_node] /sensor/scan:latency: Value 0.4010 deviated from baseline 0.0010±0.0002 (z=1828.5, confirmed x45) (sev=1.00)
[monitor_node-5] [WARN] [1789854022.511967103] [diagnostic_monitor]: ANOMALY on [localization_node] /localization/pose:latency: Value 0.4028 deviated from baseline 0.0028±0.0063 (z=63.1, confirmed x45) (sev=1.00)
[monitor_node-5] [WARN] [1789854022.513097828] [diagnostic_monitor]: ANOMALY on [perception_node] /perception/obstacles:latency: Value 0.4040 deviated from baseline 0.0021±0.0064 (z=62.6, confirmed x45) (sev=1.00)
[monitor_node-5] [WARN] [1789854022.514878541] [diagnostic_monitor]: ANOMALY on [navigation_node] /navigation/cmd_vel:latency: Value 0.4054 deviated from baseline 0.0034±0.0063 (z=63.6, confirmed x45) (sev=1.00)
[monitor_node-5] [WARN] [1789854022.710406480] [diagnostic_monitor]: ANOMALY on [sensor_node] /sensor/scan:latency: Value 0.5009 deviated from baseline 0.0010±0.0002 (z=2285.1, confirmed x46) (sev=1.00)
[monitor_node-5] [WARN] [1789854022.712744037] [diagnostic_monitor]: ANOMALY on [localization_node] /localization/pose:latency: Value 0.5031 deviated from baseline 0.0028±0.0063 (z=79.0, confirmed x46) (sev=1.00)
[monitor_node-5] [WARN] [1789854022.714345700] [diagnostic_monitor]: ANOMALY on [navigation_node] /navigation/cmd_vel:latency: Value 0.5048 deviated from baseline 0.0034±0.0063 (z=79.4, confirmed x46) (sev=1.00)
[monitor_node-5] [WARN] [1789854022.715502081] [diagnostic_monitor]: ANOMALY on [perception_node] /perception/obstacles:latency: Value 0.5063 deviated from baseline 0.0021±0.0064 (z=78.5, confirmed x46) (sev=1.00)
[monitor_node-5] [WARN] [1789854022.810387697] [diagnostic_monitor]: ANOMALY on [sensor_node] /sensor/scan:latency: Value 0.5009 deviated from baseline 0.0010±0.0002 (z=2285.3, confirmed x47) (sev=1.00)
[monitor_node-5] [WARN] [1789854022.811825119] [diagnostic_monitor]: ANOMALY on [localization_node] /localization/pose:latency: Value 0.5028 deviated from baseline 0.0028±0.0063 (z=78.9, confirmed x47) (sev=1.00)
[monitor_node-5] [WARN] [1789854022.812902740] [diagnostic_monitor]: ANOMALY on [perception_node] /perception/obstacles:latency: Value 0.5038 deviated from baseline 0.0021±0.0064 (z=78.1, confirmed x47) (sev=1.00)
[monitor_node-5] [WARN] [1789854022.814589710] [diagnostic_monitor]: ANOMALY on [navigation_node] /navigation/cmd_vel:latency: Value 0.5053 deviated from baseline 0.0034±0.0063 (z=79.4, confirmed x47) (sev=1.00)
[monitor_node-5] [WARN] [1789854022.910154068] [diagnostic_monitor]: ANOMALY on [sensor_node] /sensor/scan:latency: Value 0.5007 deviated from baseline 0.0010±0.0002 (z=2284.3, confirmed x48) (sev=1.00)
[monitor_node-5] [WARN] [1789854022.911706388] [diagnostic_monitor]: ANOMALY on [localization_node] /localization/pose:latency: Value 0.5025 deviated from baseline 0.0028±0.0063 (z=78.9, confirmed x48) (sev=1.00)
[monitor_node-5] [WARN] [1789854022.912728333] [diagnostic_monitor]: ANOMALY on [perception_node] /perception/obstacles:latency: Value 0.5036 deviated from baseline 0.0021±0.0064 (z=78.1, confirmed x48) (sev=1.00)
[monitor_node-5] [WARN] [1789854022.914465598] [diagnostic_monitor]: ANOMALY on [navigation_node] /navigation/cmd_vel:latency: Value 0.5049 deviated from baseline 0.0034±0.0063 (z=79.4, confirmed x48) (sev=1.00)
[monitor_node-5] [WARN] [1789854023.010419011] [diagnostic_monitor]: ANOMALY on [sensor_node] /sensor/scan:latency: Value 0.5009 deviated from baseline 0.0010±0.0002 (z=2285.1, confirmed x49) (sev=1.00)
[monitor_node-5] [WARN] [1789854023.011942063] [diagnostic_monitor]: ANOMALY on [localization_node] /localization/pose:latency: Value 0.5027 deviated from baseline 0.0028±0.0063 (z=78.9, confirmed x49) (sev=1.00)
[monitor_node-5] [WARN] [1789854023.012962460] [diagnostic_monitor]: ANOMALY on [perception_node] /perception/obstacles:latency: Value 0.5038 deviated from baseline 0.0021±0.0064 (z=78.1, confirmed x49) (sev=1.00)
[monitor_node-5] [WARN] [1789854023.013600234] [diagnostic_monitor]: ANOMALY on [sensor_node] /sensor/scan:latency: Value 0.4049 deviated from baseline 0.0010±0.0002 (z=1846.2, confirmed x50) (sev=1.00)
[monitor_node-5] [WARN] [1789854023.014795850] [diagnostic_monitor]: ANOMALY on [localization_node] /localization/pose:latency: Value 0.4059 deviated from baseline 0.0028±0.0063 (z=63.6, confirmed x50) (sev=1.00)
[monitor_node-5] [WARN] [1789854023.015813001] [diagnostic_monitor]: ANOMALY on [navigation_node] /navigation/cmd_vel:latency: Value 0.5065 deviated from baseline 0.0034±0.0063 (z=79.6, confirmed x49) (sev=1.00)
[monitor_node-5] [WARN] [1789854023.016706411] [diagnostic_monitor]: ANOMALY on [perception_node] /perception/obstacles:latency: Value 0.4078 deviated from baseline 0.0021±0.0064 (z=63.1, confirmed x50) (sev=1.00)
[monitor_node-5] [WARN] [1789854023.018110297] [diagnostic_monitor]: ANOMALY on [navigation_node] /navigation/cmd_vel:latency: Value 0.4090 deviated from baseline 0.0034±0.0063 (z=64.2, confirmed x50) (sev=1.00)
[monitor_node-5] [WARN] [1789854023.210388371] [diagnostic_monitor]: ANOMALY on [sensor_node] /sensor/scan:latency: Value 0.5011 deviated from baseline 0.0010±0.0002 (z=2286.0, confirmed x51) (sev=1.00)
[monitor_node-5] [WARN] [1789854023.211941836] [diagnostic_monitor]: ANOMALY on [localization_node] /localization/pose:latency: Value 0.5029 deviated from baseline 0.0028±0.0063 (z=78.9, confirmed x51) (sev=1.00)
[monitor_node-5] [WARN] [1789854023.212979120] [diagnostic_monitor]: ANOMALY on [perception_node] /perception/obstacles:latency: Value 0.5040 deviated from baseline 0.0021±0.0064 (z=78.1, confirmed x51) (sev=1.00)
[monitor_node-5] [WARN] [1789854023.214116813] [diagnostic_monitor]: ANOMALY on [sensor_node] /sensor/scan:latency: Value 0.4049 deviated from baseline 0.0010±0.0002 (z=1846.4, confirmed x52) (sev=1.00)
[monitor_node-5] [WARN] [1789854023.215414240] [diagnostic_monitor]: ANOMALY on [localization_node] /localization/pose:latency: Value 0.4064 deviated from baseline 0.0028±0.0063 (z=63.7, confirmed x52) (sev=1.00)
[monitor_node-5] [WARN] [1789854023.216782198] [diagnostic_monitor]: ANOMALY on [navigation_node] /navigation/cmd_vel:latency: Value 0.5074 deviated from baseline 0.0034±0.0063 (z=79.8, confirmed x51) (sev=1.00)
[monitor_node-5] [WARN] [1789854023.219335408] [diagnostic_monitor]: ANOMALY on [perception_node] /perception/obstacles:latency: Value 0.4102 deviated from baseline 0.0021±0.0064 (z=63.5, confirmed x52) (sev=1.00)
[monitor_node-5] [WARN] [1789854023.223990613] [diagnostic_monitor]: ANOMALY on [navigation_node] /navigation/cmd_vel:latency: Value 0.4123 deviated from baseline 0.0034±0.0063 (z=64.7, confirmed x52) (sev=1.00)
[monitor_node-5] [WARN] [1789854023.310366426] [diagnostic_monitor]: ANOMALY on [sensor_node] /sensor/scan:latency: Value 0.4011 deviated from baseline 0.0010±0.0002 (z=1828.9, confirmed x53) (sev=1.00)
[monitor_node-5] [WARN] [1789854023.311856207] [diagnostic_monitor]: ANOMALY on [perception_node] /perception/obstacles:latency: Value 0.4029 deviated from baseline 0.0021±0.0064 (z=62.4, confirmed x53) (sev=1.00)
[monitor_node-5] [WARN] [1789854023.313183314] [diagnostic_monitor]: ANOMALY on [localization_node] /localization/pose:latency: Value 0.4043 deviated from baseline 0.0028±0.0063 (z=63.4, confirmed x53) (sev=1.00)
[monitor_node-5] [WARN] [1789854023.314249651] [diagnostic_monitor]: ANOMALY on [navigation_node] /navigation/cmd_vel:latency: Value 0.4053 deviated from baseline 0.0034±0.0063 (z=63.6, confirmed x53) (sev=1.00)
[monitor_node-5] [WARN] [1789854023.510400186] [diagnostic_monitor]: ANOMALY on [sensor_node] /sensor/scan:latency: Value 0.5010 deviated from baseline 0.0010±0.0002 (z=2285.6, confirmed x54) (sev=1.00)
[monitor_node-5] [WARN] [1789854023.512018602] [diagnostic_monitor]: ANOMALY on [localization_node] /localization/pose:latency: Value 0.5028 deviated from baseline 0.0028±0.0063 (z=78.9, confirmed x54) (sev=1.00)
[monitor_node-5] [WARN] [1789854023.513196613] [diagnostic_monitor]: ANOMALY on [perception_node] /perception/obstacles:latency: Value 0.5040 deviated from baseline 0.0021±0.0064 (z=78.1, confirmed x54) (sev=1.00)
[monitor_node-5] [WARN] [1789854023.514358496] [diagnostic_monitor]: ANOMALY on [sensor_node] /sensor/scan:latency: Value 0.4053 deviated from baseline 0.0010±0.0002 (z=1848.1, confirmed x55) (sev=1.00)
[monitor_node-5] [WARN] [1789854023.515807140] [diagnostic_monitor]: ANOMALY on [localization_node] /localization/pose:latency: Value 0.4069 deviated from baseline 0.0028±0.0063 (z=63.8, confirmed x55) (sev=1.00)
[monitor_node-5] [WARN] [1789854023.517115502] [diagnostic_monitor]: ANOMALY on [navigation_node] /navigation/cmd_vel:latency: Value 0.5078 deviated from baseline 0.0034±0.0063 (z=79.8, confirmed x54) (sev=1.00)
[monitor_node-5] [WARN] [1789854023.518283379] [diagnostic_monitor]: ANOMALY on [perception_node] /perception/obstacles:latency: Value 0.4093 deviated from baseline 0.0021±0.0064 (z=63.4, confirmed x55) (sev=1.00)
[monitor_node-5] [WARN] [1789854023.519838463] [diagnostic_monitor]: ANOMALY on [navigation_node] /navigation/cmd_vel:latency: Value 0.4107 deviated from baseline 0.0034±0.0063 (z=64.5, confirmed x55) (sev=1.00)
[monitor_node-5] [WARN] [1789854023.710261994] [diagnostic_monitor]: ANOMALY on [sensor_node] /sensor/scan:latency: Value 0.5009 deviated from baseline 0.0010±0.0002 (z=2285.1, confirmed x56) (sev=1.00)
[monitor_node-5] [WARN] [1789854023.711801286] [diagnostic_monitor]: ANOMALY on [localization_node] /localization/pose:latency: Value 0.5026 deviated from baseline 0.0028±0.0063 (z=78.9, confirmed x56) (sev=1.00)
[monitor_node-5] [WARN] [1789854023.712967237] [diagnostic_monitor]: ANOMALY on [perception_node] /perception/obstacles:latency: Value 0.5038 deviated from baseline 0.0021±0.0064 (z=78.1, confirmed x56) (sev=1.00)
[monitor_node-5] [WARN] [1789854023.714822895] [diagnostic_monitor]: ANOMALY on [navigation_node] /navigation/cmd_vel:latency: Value 0.5053 deviated from baseline 0.0034±0.0063 (z=79.4, confirmed x56) (sev=1.00)
[monitor_node-5] [WARN] [1789854023.810347384] [diagnostic_monitor]: ANOMALY on [sensor_node] /sensor/scan:latency: Value 0.5009 deviated from baseline 0.0010±0.0002 (z=2285.0, confirmed x57) (sev=1.00)
[monitor_node-5] [WARN] [1789854023.811832501] [diagnostic_monitor]: ANOMALY on [localization_node] /localization/pose:latency: Value 0.5027 deviated from baseline 0.0028±0.0063 (z=78.9, confirmed x57) (sev=1.00)
[monitor_node-5] [WARN] [1789854023.812920748] [diagnostic_monitor]: ANOMALY on [perception_node] /perception/obstacles:latency: Value 0.5038 deviated from baseline 0.0021±0.0064 (z=78.1, confirmed x57) (sev=1.00)
[monitor_node-5] [WARN] [1789854023.813785700] [diagnostic_monitor]: ANOMALY on [sensor_node] /sensor/scan:latency: Value 0.4049 deviated from baseline 0.0010±0.0002 (z=1846.1, confirmed x58) (sev=1.00)
[monitor_node-5] [WARN] [1789854023.814936937] [diagnostic_monitor]: ANOMALY on [localization_node] /localization/pose:latency: Value 0.4061 deviated from baseline 0.0028±0.0063 (z=63.7, confirmed x58) (sev=1.00)
[monitor_node-5] [WARN] [1789854023.816105553] [diagnostic_monitor]: ANOMALY on [navigation_node] /navigation/cmd_vel:latency: Value 0.5069 deviated from baseline 0.0034±0.0063 (z=79.7, confirmed x57) (sev=1.00)
[monitor_node-5] [WARN] [1789854023.817087384] [diagnostic_monitor]: ANOMALY on [perception_node] /perception/obstacles:latency: Value 0.4081 deviated from baseline 0.0021±0.0064 (z=63.2, confirmed x58) (sev=1.00)
[monitor_node-5] [WARN] [1789854023.819650041] [diagnostic_monitor]: ANOMALY on [navigation_node] /navigation/cmd_vel:latency: Value 0.4094 deviated from baseline 0.0034±0.0063 (z=64.3, confirmed x58) (sev=1.00)
[perception_node-2] [INFO] [1789854023.907758952] [perception_node]: PerceptionNode: Fault cleared.
[navigation_node-4] [INFO] [1789854023.907771219] [navigation_node]: NavigationNode: Fault cleared.
[localization_node-3] [INFO] [1789854023.907771464] [localization_node]: LocalizationNode: Fault cleared.
[sensor_node-1] [INFO] [1789854023.908049618] [sensor_node]: SensorNode: Fault cleared.
[localization_node-3] [INFO] [1789854023.958307611] [localization_node]: LocalizationNode: Fault cleared.
[navigation_node-4] [INFO] [1789854023.958352661] [navigation_node]: NavigationNode: Fault cleared.
[sensor_node-1] [INFO] [1789854023.958352572] [sensor_node]: SensorNode: Fault cleared.
[perception_node-2] [INFO] [1789854023.958377349] [perception_node]: PerceptionNode: Fault cleared.
[perception_node-2] [INFO] [1789854024.008738147] [perception_node]: PerceptionNode: Fault cleared.
[localization_node-3] [INFO] [1789854024.008769914] [localization_node]: LocalizationNode: Fault cleared.
[navigation_node-4] [INFO] [1789854024.008941200] [navigation_node]: NavigationNode: Fault cleared.
[sensor_node-1] [INFO] [1789854024.009573694] [sensor_node]: SensorNode: Fault cleared.
[perception_node-2] [INFO] [1789854024.062321429] [perception_node]: PerceptionNode: Fault cleared.
[sensor_node-1] [INFO] [1789854024.063408662] [sensor_node]: SensorNode: Fault cleared.
[localization_node-3] [INFO] [1789854024.064080177] [localization_node]: LocalizationNode: Fault cleared.
[navigation_node-4] [INFO] [1789854024.071662496] [navigation_node]: NavigationNode: Fault cleared.
[navigation_node-4] [INFO] [1789854024.115435850] [navigation_node]: NavigationNode: Fault cleared.
[perception_node-2] [INFO] [1789854024.115430562] [perception_node]: PerceptionNode: Fault cleared.
[localization_node-3] [INFO] [1789854024.115487785] [localization_node]: LocalizationNode: Fault cleared.
[sensor_node-1] [INFO] [1789854024.117958143] [sensor_node]: SensorNode: Fault cleared.
[navigation_node-4] [INFO] [1789854024.166022760] [navigation_node]: NavigationNode: Fault cleared.
[localization_node-3] [INFO] [1789854024.166113526] [localization_node]: LocalizationNode: Fault cleared.
[sensor_node-1] [INFO] [1789854024.166117304] [sensor_node]: SensorNode: Fault cleared.
[perception_node-2] [INFO] [1789854024.166151900] [perception_node]: PerceptionNode: Fault cleared.
[navigation_node-4] [INFO] [1789854024.216359093] [navigation_node]: NavigationNode: Fault cleared.
[perception_node-2] [INFO] [1789854024.216359027] [perception_node]: PerceptionNode: Fault cleared.
[sensor_node-1] [INFO] [1789854024.216374587] [sensor_node]: SensorNode: Fault cleared.
[localization_node-3] [INFO] [1789854024.216395659] [localization_node]: LocalizationNode: Fault cleared.
[localization_node-3] [INFO] [1789854024.266820735] [localization_node]: LocalizationNode: Fault cleared.
[sensor_node-1] [INFO] [1789854024.266841054] [sensor_node]: SensorNode: Fault cleared.
[navigation_node-4] [INFO] [1789854024.266854182] [navigation_node]: NavigationNode: Fault cleared.
[perception_node-2] [INFO] [1789854024.267101250] [perception_node]: PerceptionNode: Fault cleared.
[monitor_node-5] [INFO] [1789854030.048595866] [diagnostic_monitor]: Anomaly window cleared. System operating nominally.
[localization_node-3] [WARN] [1789854031.827295671] [localization_node]: LocalizationNode: Injected fault "localization_failure" (param=50.0, duration=9.0s)
[localization_node-3] [WARN] [1789854031.878054456] [localization_node]: LocalizationNode: Injected fault "localization_failure" (param=50.0, duration=9.0s)
[localization_node-3] [WARN] [1789854031.911116332] [localization_node]: LocalizationNode: Emitting FAULT pose with jump 50.0m
[navigation_node-4] [WARN] [1789854031.912703646] [navigation_node]: NavigationNode: Detected invalid pose (jump=70.75m, z=99.90)! Emergency stop triggered.
[localization_node-3] [WARN] [1789854031.928461068] [localization_node]: LocalizationNode: Injected fault "localization_failure" (param=50.0, duration=9.0s)
[localization_node-3] [WARN] [1789854031.978894733] [localization_node]: LocalizationNode: Injected fault "localization_failure" (param=50.0, duration=9.0s)
[localization_node-3] [WARN] [1789854032.010952697] [localization_node]: LocalizationNode: Emitting FAULT pose with jump 50.0m
[monitor_node-5] [WARN] [1789854032.012225590] [diagnostic_monitor]: ANOMALY on [localization_node] /localization/pose:z_pos: Value 99.9000 deviated from baseline 0.0000±0.0001 (z=999000.0, confirmed x2) (sev=1.00)
[navigation_node-4] [WARN] [1789854032.012261531] [navigation_node]: NavigationNode: Detected invalid pose (jump=0.05m, z=99.90)! Emergency stop triggered.
[monitor_node-5] [WARN] [1789854032.013611502] [diagnostic_monitor]: ANOMALY on [navigation_node] /navigation/cmd_vel:linear_vel: Value 0.0000 deviated from baseline 0.5000±0.0001 (z=5000.0, confirmed x2) (sev=1.00)
[monitor_node-5] [INFO] [1789854032.050224987] [diagnostic_monitor]: 
[monitor_node-5] ============================================================
[monitor_node-5] ROOT CAUSE DIAGNOSIS: localization_node (Confidence: 1.000)
[monitor_node-5] ============================================================
[monitor_node-5] Score Breakdown  R(C) = wD*D + wT*T + wS*S + wA*A:
[monitor_node-5]   R(localization_node) = 0.3·D(1.00) + 0.3·T(1.00) + 0.25·S(1.00) + 0.15·A(1.00) = 1.000
[monitor_node-5]   - Dependency D: 1.00 (reaches 1 downstream anomalous node(s); 0 anomalous upstream node(s))
[monitor_node-5]   - Temporal   T: 1.00 (first anomaly at t=1789854031.91s; earliest in window = supporting evidence, not proof of causality)
[monitor_node-5]   - Symptom    S: 1.00 (explains 2/2 anomalous nodes)
[monitor_node-5]   - Severity   A: 1.00 (max normalised severity on node, 1 direct anomaly event(s))
[monitor_node-5] 
[monitor_node-5] Propagation Chain (evidence-ordered, via discovered graph edges):
[monitor_node-5]   localization_node (t=1789854031.91s: /localization/pose:z_pos, sev=1.00)
[monitor_node-5]     └─→ navigation_node via /localization/pose (t=1789854031.91s, +0.00s after localization_node: /navigation/cmd_vel:linear_vel)
[monitor_node-5] 
[monitor_node-5] Candidate Ranking & Evidence Comparison:
[monitor_node-5]   #2 navigation_node      R=0.575 (Δ -0.425) [first anomaly 0.00s after localization_node; downstream of localization_node in discovered graph; lower symptom coverage (50% vs 100%)]
[monitor_node-5]   #3 perception_node      R=0.565 (Δ -0.435) [no direct anomaly observed]
[monitor_node-5]   #4 sensor_node          R=0.565 (Δ -0.435) [no direct anomaly observed]
[monitor_node-5] ============================================================
[localization_node-3] [WARN] [1789854032.110930066] [localization_node]: LocalizationNode: Emitting FAULT pose with jump 50.0m
[monitor_node-5] [WARN] [1789854032.112623557] [diagnostic_monitor]: ANOMALY on [localization_node] /localization/pose:z_pos: Value 99.9000 deviated from baseline 0.0000±0.0001 (z=999000.0, confirmed x3) (sev=1.00)
[navigation_node-4] [WARN] [1789854032.112635654] [navigation_node]: NavigationNode: Detected invalid pose (jump=0.05m, z=99.90)! Emergency stop triggered.
[monitor_node-5] [WARN] [1789854032.114227730] [diagnostic_monitor]: ANOMALY on [navigation_node] /navigation/cmd_vel:linear_vel: Value 0.0000 deviated from baseline 0.5000±0.0001 (z=5000.0, confirmed x3) (sev=1.00)
[localization_node-3] [WARN] [1789854032.210910714] [localization_node]: LocalizationNode: Emitting FAULT pose with jump 50.0m
[monitor_node-5] [WARN] [1789854032.212474804] [diagnostic_monitor]: ANOMALY on [localization_node] /localization/pose:z_pos: Value 99.9000 deviated from baseline 0.0000±0.0001 (z=999000.0, confirmed x4) (sev=1.00)
[navigation_node-4] [WARN] [1789854032.212644661] [navigation_node]: NavigationNode: Detected invalid pose (jump=0.05m, z=99.90)! Emergency stop triggered.
[monitor_node-5] [WARN] [1789854032.214320690] [diagnostic_monitor]: ANOMALY on [navigation_node] /navigation/cmd_vel:linear_vel: Value 0.0000 deviated from baseline 0.5000±0.0001 (z=5000.0, confirmed x4) (sev=1.00)
[localization_node-3] [WARN] [1789854032.311055765] [localization_node]: LocalizationNode: Emitting FAULT pose with jump 50.0m
[navigation_node-4] [WARN] [1789854032.312587495] [navigation_node]: NavigationNode: Detected invalid pose (jump=0.05m, z=99.90)! Emergency stop triggered.
[monitor_node-5] [WARN] [1789854032.312629147] [diagnostic_monitor]: ANOMALY on [localization_node] /localization/pose:z_pos: Value 99.9000 deviated from baseline 0.0000±0.0001 (z=999000.0, confirmed x5) (sev=1.00)
[monitor_node-5] [WARN] [1789854032.314298748] [diagnostic_monitor]: ANOMALY on [navigation_node] /navigation/cmd_vel:linear_vel: Value 0.0000 deviated from baseline 0.5000±0.0001 (z=5000.0, confirmed x5) (sev=1.00)
[localization_node-3] [WARN] [1789854032.411033109] [localization_node]: LocalizationNode: Emitting FAULT pose with jump 50.0m
[monitor_node-5] [WARN] [1789854032.412650745] [diagnostic_monitor]: ANOMALY on [localization_node] /localization/pose:z_pos: Value 99.9000 deviated from baseline 0.0000±0.0001 (z=999000.0, confirmed x6) (sev=1.00)
[navigation_node-4] [WARN] [1789854032.412767135] [navigation_node]: NavigationNode: Detected invalid pose (jump=0.05m, z=99.90)! Emergency stop triggered.
[monitor_node-5] [WARN] [1789854032.414663969] [diagnostic_monitor]: ANOMALY on [navigation_node] /navigation/cmd_vel:linear_vel: Value 0.0000 deviated from baseline 0.5000±0.0001 (z=5000.0, confirmed x6) (sev=1.00)
[localization_node-3] [WARN] [1789854032.511060683] [localization_node]: LocalizationNode: Emitting FAULT pose with jump 50.0m
[monitor_node-5] [WARN] [1789854032.512289228] [diagnostic_monitor]: ANOMALY on [localization_node] /localization/pose:z_pos: Value 99.9000 deviated from baseline 0.0000±0.0001 (z=999000.0, confirmed x7) (sev=1.00)
[navigation_node-4] [WARN] [1789854032.512436057] [navigation_node]: NavigationNode: Detected invalid pose (jump=0.05m, z=99.90)! Emergency stop triggered.
[monitor_node-5] [WARN] [1789854032.513733240] [diagnostic_monitor]: ANOMALY on [navigation_node] /navigation/cmd_vel:linear_vel: Value 0.0000 deviated from baseline 0.5000±0.0001 (z=5000.0, confirmed x7) (sev=1.00)
[localization_node-3] [WARN] [1789854032.610758725] [localization_node]: LocalizationNode: Emitting FAULT pose with jump 50.0m
[monitor_node-5] [WARN] [1789854032.612466575] [diagnostic_monitor]: ANOMALY on [localization_node] /localization/pose:z_pos: Value 99.9000 deviated from baseline 0.0000±0.0001 (z=999000.0, confirmed x8) (sev=1.00)
[navigation_node-4] [WARN] [1789854032.612597399] [navigation_node]: NavigationNode: Detected invalid pose (jump=0.05m, z=99.90)! Emergency stop triggered.
[monitor_node-5] [WARN] [1789854032.614070502] [diagnostic_monitor]: ANOMALY on [navigation_node] /navigation/cmd_vel:linear_vel: Value 0.0000 deviated from baseline 0.5000±0.0001 (z=5000.0, confirmed x8) (sev=1.00)
[localization_node-3] [WARN] [1789854032.710579712] [localization_node]: LocalizationNode: Emitting FAULT pose with jump 50.0m
[monitor_node-5] [WARN] [1789854032.712206355] [diagnostic_monitor]: ANOMALY on [localization_node] /localization/pose:z_pos: Value 99.9000 deviated from baseline 0.0000±0.0001 (z=999000.0, confirmed x9) (sev=1.00)
[navigation_node-4] [WARN] [1789854032.712372875] [navigation_node]: NavigationNode: Detected invalid pose (jump=0.05m, z=99.90)! Emergency stop triggered.
[monitor_node-5] [WARN] [1789854032.713669199] [diagnostic_monitor]: ANOMALY on [navigation_node] /navigation/cmd_vel:linear_vel: Value 0.0000 deviated from baseline 0.5000±0.0001 (z=5000.0, confirmed x9) (sev=1.00)
[localization_node-3] [WARN] [1789854032.810551978] [localization_node]: LocalizationNode: Emitting FAULT pose with jump 50.0m
[monitor_node-5] [WARN] [1789854032.811910582] [diagnostic_monitor]: ANOMALY on [localization_node] /localization/pose:z_pos: Value 99.9000 deviated from baseline 0.0000±0.0001 (z=999000.0, confirmed x10) (sev=1.00)
[navigation_node-4] [WARN] [1789854032.811980247] [navigation_node]: NavigationNode: Detected invalid pose (jump=0.05m, z=99.90)! Emergency stop triggered.
[monitor_node-5] [WARN] [1789854032.813442923] [diagnostic_monitor]: ANOMALY on [navigation_node] /navigation/cmd_vel:linear_vel: Value 0.0000 deviated from baseline 0.5000±0.0001 (z=5000.0, confirmed x10) (sev=1.00)
[localization_node-3] [WARN] [1789854032.911283707] [localization_node]: LocalizationNode: Emitting FAULT pose with jump 50.0m
[monitor_node-5] [WARN] [1789854032.912833691] [diagnostic_monitor]: ANOMALY on [localization_node] /localization/pose:z_pos: Value 99.9000 deviated from baseline 0.0000±0.0001 (z=999000.0, confirmed x11) (sev=1.00)
[navigation_node-4] [WARN] [1789854032.912966408] [navigation_node]: NavigationNode: Detected invalid pose (jump=0.05m, z=99.90)! Emergency stop triggered.
[monitor_node-5] [WARN] [1789854032.914711173] [diagnostic_monitor]: ANOMALY on [navigation_node] /navigation/cmd_vel:linear_vel: Value 0.0000 deviated from baseline 0.5000±0.0001 (z=5000.0, confirmed x11) (sev=1.00)
[localization_node-3] [WARN] [1789854033.010973938] [localization_node]: LocalizationNode: Emitting FAULT pose with jump 50.0m
[monitor_node-5] [WARN] [1789854033.012668905] [diagnostic_monitor]: ANOMALY on [localization_node] /localization/pose:z_pos: Value 99.9000 deviated from baseline 0.0000±0.0001 (z=999000.0, confirmed x12) (sev=1.00)
[navigation_node-4] [WARN] [1789854033.012726011] [navigation_node]: NavigationNode: Detected invalid pose (jump=0.05m, z=99.90)! Emergency stop triggered.
[monitor_node-5] [WARN] [1789854033.013991229] [diagnostic_monitor]: ANOMALY on [navigation_node] /navigation/cmd_vel:linear_vel: Value 0.0000 deviated from baseline 0.5000±0.0001 (z=5000.0, confirmed x12) (sev=1.00)
[localization_node-3] [WARN] [1789854033.110693539] [localization_node]: LocalizationNode: Emitting FAULT pose with jump 50.0m
[monitor_node-5] [WARN] [1789854033.112466590] [diagnostic_monitor]: ANOMALY on [localization_node] /localization/pose:z_pos: Value 99.9000 deviated from baseline 0.0000±0.0001 (z=999000.0, confirmed x13) (sev=1.00)
[navigation_node-4] [WARN] [1789854033.112489785] [navigation_node]: NavigationNode: Detected invalid pose (jump=0.05m, z=99.90)! Emergency stop triggered.
[monitor_node-5] [WARN] [1789854033.114168532] [diagnostic_monitor]: ANOMALY on [navigation_node] /navigation/cmd_vel:linear_vel: Value 0.0000 deviated from baseline 0.5000±0.0001 (z=5000.0, confirmed x13) (sev=1.00)
[localization_node-3] [WARN] [1789854033.211034475] [localization_node]: LocalizationNode: Emitting FAULT pose with jump 50.0m
[monitor_node-5] [WARN] [1789854033.212642773] [diagnostic_monitor]: ANOMALY on [localization_node] /localization/pose:z_pos: Value 99.9000 deviated from baseline 0.0000±0.0001 (z=999000.0, confirmed x14) (sev=1.00)
[navigation_node-4] [WARN] [1789854033.212782912] [navigation_node]: NavigationNode: Detected invalid pose (jump=0.05m, z=99.90)! Emergency stop triggered.
[monitor_node-5] [WARN] [1789854033.214363641] [diagnostic_monitor]: ANOMALY on [navigation_node] /navigation/cmd_vel:linear_vel: Value 0.0000 deviated from baseline 0.5000±0.0001 (z=5000.0, confirmed x14) (sev=1.00)
[localization_node-3] [WARN] [1789854033.310372159] [localization_node]: LocalizationNode: Emitting FAULT pose with jump 50.0m
[navigation_node-4] [WARN] [1789854033.311727524] [navigation_node]: NavigationNode: Detected invalid pose (jump=0.05m, z=99.90)! Emergency stop triggered.
[monitor_node-5] [WARN] [1789854033.311750567] [diagnostic_monitor]: ANOMALY on [localization_node] /localization/pose:z_pos: Value 99.9000 deviated from baseline 0.0000±0.0001 (z=999000.0, confirmed x15) (sev=1.00)
[monitor_node-5] [WARN] [1789854033.329986012] [diagnostic_monitor]: ANOMALY on [navigation_node] /navigation/cmd_vel:linear_vel: Value 0.0000 deviated from baseline 0.5000±0.0001 (z=5000.0, confirmed x15) (sev=1.00)
[localization_node-3] [WARN] [1789854033.410915605] [localization_node]: LocalizationNode: Emitting FAULT pose with jump 50.0m
[navigation_node-4] [WARN] [1789854033.412529237] [navigation_node]: NavigationNode: Detected invalid pose (jump=0.05m, z=99.90)! Emergency stop triggered.
[monitor_node-5] [WARN] [1789854033.414123235] [diagnostic_monitor]: ANOMALY on [localization_node] /localization/pose:z_pos: Value 99.9000 deviated from baseline 0.0000±0.0001 (z=999000.0, confirmed x16) (sev=1.00)
[monitor_node-5] [WARN] [1789854033.415792508] [diagnostic_monitor]: ANOMALY on [navigation_node] /navigation/cmd_vel:linear_vel: Value 0.0000 deviated from baseline 0.5000±0.0001 (z=5000.0, confirmed x16) (sev=1.00)
[localization_node-3] [WARN] [1789854033.511009729] [localization_node]: LocalizationNode: Emitting FAULT pose with jump 50.0m
[navigation_node-4] [WARN] [1789854033.512343238] [navigation_node]: NavigationNode: Detected invalid pose (jump=0.05m, z=99.90)! Emergency stop triggered.
[monitor_node-5] [WARN] [1789854033.512352630] [diagnostic_monitor]: ANOMALY on [localization_node] /localization/pose:z_pos: Value 99.9000 deviated from baseline 0.0000±0.0001 (z=999000.0, confirmed x17) (sev=1.00)
[monitor_node-5] [WARN] [1789854033.513606548] [diagnostic_monitor]: ANOMALY on [navigation_node] /navigation/cmd_vel:linear_vel: Value 0.0000 deviated from baseline 0.5000±0.0001 (z=5000.0, confirmed x17) (sev=1.00)
[localization_node-3] [WARN] [1789854033.610815552] [localization_node]: LocalizationNode: Emitting FAULT pose with jump 50.0m
[monitor_node-5] [WARN] [1789854033.612452472] [diagnostic_monitor]: ANOMALY on [localization_node] /localization/pose:z_pos: Value 99.9000 deviated from baseline 0.0000±0.0001 (z=999000.0, confirmed x18) (sev=1.00)
[navigation_node-4] [WARN] [1789854033.612527986] [navigation_node]: NavigationNode: Detected invalid pose (jump=0.05m, z=99.90)! Emergency stop triggered.
[monitor_node-5] [WARN] [1789854033.614350689] [diagnostic_monitor]: ANOMALY on [navigation_node] /navigation/cmd_vel:linear_vel: Value 0.0000 deviated from baseline 0.5000±0.0001 (z=5000.0, confirmed x18) (sev=1.00)
[localization_node-3] [WARN] [1789854033.711104244] [localization_node]: LocalizationNode: Emitting FAULT pose with jump 50.0m
[monitor_node-5] [WARN] [1789854033.712663204] [diagnostic_monitor]: ANOMALY on [localization_node] /localization/pose:z_pos: Value 99.9000 deviated from baseline 0.0000±0.0001 (z=999000.0, confirmed x19) (sev=1.00)
[navigation_node-4] [WARN] [1789854033.712790326] [navigation_node]: NavigationNode: Detected invalid pose (jump=0.05m, z=99.90)! Emergency stop triggered.
[monitor_node-5] [WARN] [1789854033.714562827] [diagnostic_monitor]: ANOMALY on [navigation_node] /navigation/cmd_vel:linear_vel: Value 0.0000 deviated from baseline 0.5000±0.0001 (z=5000.0, confirmed x19) (sev=1.00)
[localization_node-3] [WARN] [1789854033.810423383] [localization_node]: LocalizationNode: Emitting FAULT pose with jump 50.0m
[monitor_node-5] [WARN] [1789854033.811742831] [diagnostic_monitor]: ANOMALY on [localization_node] /localization/pose:z_pos: Value 99.9000 deviated from baseline 0.0000±0.0001 (z=999000.0, confirmed x20) (sev=1.00)
[navigation_node-4] [WARN] [1789854033.811863470] [navigation_node]: NavigationNode: Detected invalid pose (jump=0.05m, z=99.90)! Emergency stop triggered.
[monitor_node-5] [WARN] [1789854033.813420807] [diagnostic_monitor]: ANOMALY on [navigation_node] /navigation/cmd_vel:linear_vel: Value 0.0000 deviated from baseline 0.5000±0.0001 (z=5000.0, confirmed x20) (sev=1.00)
[localization_node-3] [WARN] [1789854033.910930166] [localization_node]: LocalizationNode: Emitting FAULT pose with jump 50.0m
[monitor_node-5] [WARN] [1789854033.912559033] [diagnostic_monitor]: ANOMALY on [localization_node] /localization/pose:z_pos: Value 99.9000 deviated from baseline 0.0000±0.0001 (z=999000.0, confirmed x21) (sev=1.00)
[navigation_node-4] [WARN] [1789854033.912669461] [navigation_node]: NavigationNode: Detected invalid pose (jump=0.05m, z=99.90)! Emergency stop triggered.
[monitor_node-5] [WARN] [1789854033.914347377] [diagnostic_monitor]: ANOMALY on [navigation_node] /navigation/cmd_vel:linear_vel: Value 0.0000 deviated from baseline 0.5000±0.0001 (z=5000.0, confirmed x21) (sev=1.00)
[localization_node-3] [WARN] [1789854034.010378404] [localization_node]: LocalizationNode: Emitting FAULT pose with jump 50.0m
[monitor_node-5] [WARN] [1789854034.011608656] [diagnostic_monitor]: ANOMALY on [localization_node] /localization/pose:z_pos: Value 99.9000 deviated from baseline 0.0000±0.0001 (z=999000.0, confirmed x22) (sev=1.00)
[navigation_node-4] [WARN] [1789854034.011643693] [navigation_node]: NavigationNode: Detected invalid pose (jump=0.05m, z=99.90)! Emergency stop triggered.
[monitor_node-5] [WARN] [1789854034.012620098] [diagnostic_monitor]: ANOMALY on [navigation_node] /navigation/cmd_vel:linear_vel: Value 0.0000 deviated from baseline 0.5000±0.0001 (z=5000.0, confirmed x22) (sev=1.00)
[localization_node-3] [WARN] [1789854034.111333250] [localization_node]: LocalizationNode: Emitting FAULT pose with jump 50.0m
[navigation_node-4] [WARN] [1789854034.113272098] [navigation_node]: NavigationNode: Detected invalid pose (jump=0.05m, z=99.90)! Emergency stop triggered.
[monitor_node-5] [WARN] [1789854034.113301686] [diagnostic_monitor]: ANOMALY on [localization_node] /localization/pose:z_pos: Value 99.9000 deviated from baseline 0.0000±0.0001 (z=999000.0, confirmed x23) (sev=1.00)
[monitor_node-5] [WARN] [1789854034.115304211] [diagnostic_monitor]: ANOMALY on [navigation_node] /navigation/cmd_vel:linear_vel: Value 0.0000 deviated from baseline 0.5000±0.0001 (z=5000.0, confirmed x23) (sev=1.00)
[localization_node-3] [WARN] [1789854034.211223283] [localization_node]: LocalizationNode: Emitting FAULT pose with jump 50.0m
[monitor_node-5] [WARN] [1789854034.213064954] [diagnostic_monitor]: ANOMALY on [localization_node] /localization/pose:z_pos: Value 99.9000 deviated from baseline 0.0000±0.0001 (z=999000.0, confirmed x24) (sev=1.00)
[navigation_node-4] [WARN] [1789854034.213101814] [navigation_node]: NavigationNode: Detected invalid pose (jump=0.05m, z=99.90)! Emergency stop triggered.
[monitor_node-5] [WARN] [1789854034.214985004] [diagnostic_monitor]: ANOMALY on [navigation_node] /navigation/cmd_vel:linear_vel: Value 0.0000 deviated from baseline 0.5000±0.0001 (z=5000.0, confirmed x24) (sev=1.00)
[localization_node-3] [WARN] [1789854034.310708689] [localization_node]: LocalizationNode: Emitting FAULT pose with jump 50.0m
[monitor_node-5] [WARN] [1789854034.312343535] [diagnostic_monitor]: ANOMALY on [localization_node] /localization/pose:z_pos: Value 99.9000 deviated from baseline 0.0000±0.0001 (z=999000.0, confirmed x25) (sev=1.00)
[navigation_node-4] [WARN] [1789854034.312548475] [navigation_node]: NavigationNode: Detected invalid pose (jump=0.05m, z=99.90)! Emergency stop triggered.
[monitor_node-5] [WARN] [1789854034.314355726] [diagnostic_monitor]: ANOMALY on [navigation_node] /navigation/cmd_vel:linear_vel: Value 0.0000 deviated from baseline 0.5000±0.0001 (z=5000.0, confirmed x25) (sev=1.00)
[localization_node-3] [WARN] [1789854034.410806521] [localization_node]: LocalizationNode: Emitting FAULT pose with jump 50.0m
[monitor_node-5] [WARN] [1789854034.412499341] [diagnostic_monitor]: ANOMALY on [localization_node] /localization/pose:z_pos: Value 99.9000 deviated from baseline 0.0000±0.0001 (z=999000.0, confirmed x26) (sev=1.00)
[navigation_node-4] [WARN] [1789854034.412576274] [navigation_node]: NavigationNode: Detected invalid pose (jump=0.05m, z=99.90)! Emergency stop triggered.
[monitor_node-5] [WARN] [1789854034.414330025] [diagnostic_monitor]: ANOMALY on [navigation_node] /navigation/cmd_vel:linear_vel: Value 0.0000 deviated from baseline 0.5000±0.0001 (z=5000.0, confirmed x26) (sev=1.00)
[localization_node-3] [WARN] [1789854034.510560072] [localization_node]: LocalizationNode: Emitting FAULT pose with jump 50.0m
[monitor_node-5] [WARN] [1789854034.512203701] [diagnostic_monitor]: ANOMALY on [localization_node] /localization/pose:z_pos: Value 99.9000 deviated from baseline 0.0000±0.0001 (z=999000.0, confirmed x27) (sev=1.00)
[navigation_node-4] [WARN] [1789854034.512284838] [navigation_node]: NavigationNode: Detected invalid pose (jump=0.05m, z=99.90)! Emergency stop triggered.
[monitor_node-5] [WARN] [1789854034.513902314] [diagnostic_monitor]: ANOMALY on [navigation_node] /navigation/cmd_vel:linear_vel: Value 0.0000 deviated from baseline 0.5000±0.0001 (z=5000.0, confirmed x27) (sev=1.00)
[localization_node-3] [WARN] [1789854034.610908833] [localization_node]: LocalizationNode: Emitting FAULT pose with jump 50.0m
[monitor_node-5] [WARN] [1789854034.612667050] [diagnostic_monitor]: ANOMALY on [localization_node] /localization/pose:z_pos: Value 99.9000 deviated from baseline 0.0000±0.0001 (z=999000.0, confirmed x28) (sev=1.00)
[navigation_node-4] [WARN] [1789854034.614642177] [navigation_node]: NavigationNode: Detected invalid pose (jump=0.05m, z=99.90)! Emergency stop triggered.
[monitor_node-5] [WARN] [1789854034.616580492] [diagnostic_monitor]: ANOMALY on [navigation_node] /navigation/cmd_vel:linear_vel: Value 0.0000 deviated from baseline 0.5000±0.0001 (z=5000.0, confirmed x28) (sev=1.00)
[localization_node-3] [WARN] [1789854034.711335755] [localization_node]: LocalizationNode: Emitting FAULT pose with jump 50.0m
[navigation_node-4] [WARN] [1789854034.713065088] [navigation_node]: NavigationNode: Detected invalid pose (jump=0.05m, z=99.90)! Emergency stop triggered.
[monitor_node-5] [WARN] [1789854034.713128871] [diagnostic_monitor]: ANOMALY on [localization_node] /localization/pose:z_pos: Value 99.9000 deviated from baseline 0.0000±0.0001 (z=999000.0, confirmed x29) (sev=1.00)
[monitor_node-5] [WARN] [1789854034.714673020] [diagnostic_monitor]: ANOMALY on [navigation_node] /navigation/cmd_vel:linear_vel: Value 0.0000 deviated from baseline 0.5000±0.0001 (z=5000.0, confirmed x29) (sev=1.00)
[localization_node-3] [WARN] [1789854034.810584855] [localization_node]: LocalizationNode: Emitting FAULT pose with jump 50.0m
[monitor_node-5] [WARN] [1789854034.811926742] [diagnostic_monitor]: ANOMALY on [localization_node] /localization/pose:z_pos: Value 99.9000 deviated from baseline 0.0000±0.0001 (z=999000.0, confirmed x30) (sev=1.00)
[navigation_node-4] [WARN] [1789854034.812007539] [navigation_node]: NavigationNode: Detected invalid pose (jump=0.05m, z=99.90)! Emergency stop triggered.
[monitor_node-5] [WARN] [1789854034.813272962] [diagnostic_monitor]: ANOMALY on [navigation_node] /navigation/cmd_vel:linear_vel: Value 0.0000 deviated from baseline 0.5000±0.0001 (z=5000.0, confirmed x30) (sev=1.00)
[localization_node-3] [WARN] [1789854034.910972938] [localization_node]: LocalizationNode: Emitting FAULT pose with jump 50.0m
[navigation_node-4] [WARN] [1789854034.912923424] [navigation_node]: NavigationNode: Detected invalid pose (jump=0.05m, z=99.90)! Emergency stop triggered.
[monitor_node-5] [WARN] [1789854034.912937429] [diagnostic_monitor]: ANOMALY on [localization_node] /localization/pose:z_pos: Value 99.9000 deviated from baseline 0.0000±0.0001 (z=999000.0, confirmed x31) (sev=1.00)
[monitor_node-5] [WARN] [1789854034.914755976] [diagnostic_monitor]: ANOMALY on [navigation_node] /navigation/cmd_vel:linear_vel: Value 0.0000 deviated from baseline 0.5000±0.0001 (z=5000.0, confirmed x31) (sev=1.00)
[localization_node-3] [WARN] [1789854035.011611545] [localization_node]: LocalizationNode: Emitting FAULT pose with jump 50.0m
[navigation_node-4] [WARN] [1789854035.013082247] [navigation_node]: NavigationNode: Detected invalid pose (jump=0.05m, z=99.90)! Emergency stop triggered.
[monitor_node-5] [WARN] [1789854035.013277691] [diagnostic_monitor]: ANOMALY on [localization_node] /localization/pose:z_pos: Value 99.9000 deviated from baseline 0.0000±0.0001 (z=999000.0, confirmed x32) (sev=1.00)
[monitor_node-5] [WARN] [1789854035.014900558] [diagnostic_monitor]: ANOMALY on [navigation_node] /navigation/cmd_vel:linear_vel: Value 0.0000 deviated from baseline 0.5000±0.0001 (z=5000.0, confirmed x32) (sev=1.00)
[localization_node-3] [WARN] [1789854035.110939350] [localization_node]: LocalizationNode: Emitting FAULT pose with jump 50.0m
[monitor_node-5] [WARN] [1789854035.112453403] [diagnostic_monitor]: ANOMALY on [localization_node] /localization/pose:z_pos: Value 99.9000 deviated from baseline 0.0000±0.0001 (z=999000.0, confirmed x33) (sev=1.00)
[navigation_node-4] [WARN] [1789854035.113203180] [navigation_node]: NavigationNode: Detected invalid pose (jump=0.05m, z=99.90)! Emergency stop triggered.
[monitor_node-5] [WARN] [1789854035.115160622] [diagnostic_monitor]: ANOMALY on [navigation_node] /navigation/cmd_vel:linear_vel: Value 0.0000 deviated from baseline 0.5000±0.0001 (z=5000.0, confirmed x33) (sev=1.00)
[localization_node-3] [WARN] [1789854035.211107082] [localization_node]: LocalizationNode: Emitting FAULT pose with jump 50.0m
[monitor_node-5] [WARN] [1789854035.212635125] [diagnostic_monitor]: ANOMALY on [localization_node] /localization/pose:z_pos: Value 99.9000 deviated from baseline 0.0000±0.0001 (z=999000.0, confirmed x34) (sev=1.00)
[navigation_node-4] [WARN] [1789854035.212749837] [navigation_node]: NavigationNode: Detected invalid pose (jump=0.05m, z=99.90)! Emergency stop triggered.
[monitor_node-5] [WARN] [1789854035.214426930] [diagnostic_monitor]: ANOMALY on [navigation_node] /navigation/cmd_vel:linear_vel: Value 0.0000 deviated from baseline 0.5000±0.0001 (z=5000.0, confirmed x34) (sev=1.00)
[localization_node-3] [WARN] [1789854035.311024907] [localization_node]: LocalizationNode: Emitting FAULT pose with jump 50.0m
[navigation_node-4] [WARN] [1789854035.312671690] [navigation_node]: NavigationNode: Detected invalid pose (jump=0.05m, z=99.90)! Emergency stop triggered.
[monitor_node-5] [WARN] [1789854035.312673147] [diagnostic_monitor]: ANOMALY on [localization_node] /localization/pose:z_pos: Value 99.9000 deviated from baseline 0.0000±0.0001 (z=999000.0, confirmed x35) (sev=1.00)
[monitor_node-5] [WARN] [1789854035.314332813] [diagnostic_monitor]: ANOMALY on [navigation_node] /navigation/cmd_vel:linear_vel: Value 0.0000 deviated from baseline 0.5000±0.0001 (z=5000.0, confirmed x35) (sev=1.00)
[localization_node-3] [WARN] [1789854035.411065787] [localization_node]: LocalizationNode: Emitting FAULT pose with jump 50.0m
[monitor_node-5] [WARN] [1789854035.412653749] [diagnostic_monitor]: ANOMALY on [localization_node] /localization/pose:z_pos: Value 99.9000 deviated from baseline 0.0000±0.0001 (z=999000.0, confirmed x36) (sev=1.00)
[navigation_node-4] [WARN] [1789854035.412821456] [navigation_node]: NavigationNode: Detected invalid pose (jump=0.05m, z=99.90)! Emergency stop triggered.
[monitor_node-5] [WARN] [1789854035.414365311] [diagnostic_monitor]: ANOMALY on [navigation_node] /navigation/cmd_vel:linear_vel: Value 0.0000 deviated from baseline 0.5000±0.0001 (z=5000.0, confirmed x36) (sev=1.00)
[localization_node-3] [WARN] [1789854035.511185156] [localization_node]: LocalizationNode: Emitting FAULT pose with jump 50.0m
[navigation_node-4] [WARN] [1789854035.512809505] [navigation_node]: NavigationNode: Detected invalid pose (jump=0.05m, z=99.90)! Emergency stop triggered.
[monitor_node-5] [WARN] [1789854035.512813209] [diagnostic_monitor]: ANOMALY on [localization_node] /localization/pose:z_pos: Value 99.9000 deviated from baseline 0.0000±0.0001 (z=999000.0, confirmed x37) (sev=1.00)
[monitor_node-5] [WARN] [1789854035.514470543] [diagnostic_monitor]: ANOMALY on [navigation_node] /navigation/cmd_vel:linear_vel: Value 0.0000 deviated from baseline 0.5000±0.0001 (z=5000.0, confirmed x37) (sev=1.00)
[localization_node-3] [WARN] [1789854035.611099088] [localization_node]: LocalizationNode: Emitting FAULT pose with jump 50.0m
[monitor_node-5] [WARN] [1789854035.612519233] [diagnostic_monitor]: ANOMALY on [localization_node] /localization/pose:z_pos: Value 99.9000 deviated from baseline 0.0000±0.0001 (z=999000.0, confirmed x38) (sev=1.00)
[navigation_node-4] [WARN] [1789854035.612845141] [navigation_node]: NavigationNode: Detected invalid pose (jump=0.05m, z=99.90)! Emergency stop triggered.
[monitor_node-5] [WARN] [1789854035.614484239] [diagnostic_monitor]: ANOMALY on [navigation_node] /navigation/cmd_vel:linear_vel: Value 0.0000 deviated from baseline 0.5000±0.0001 (z=5000.0, confirmed x38) (sev=1.00)
[localization_node-3] [WARN] [1789854035.710908533] [localization_node]: LocalizationNode: Emitting FAULT pose with jump 50.0m
[monitor_node-5] [WARN] [1789854035.712338847] [diagnostic_monitor]: ANOMALY on [localization_node] /localization/pose:z_pos: Value 99.9000 deviated from baseline 0.0000±0.0001 (z=999000.0, confirmed x39) (sev=1.00)
[navigation_node-4] [WARN] [1789854035.712431637] [navigation_node]: NavigationNode: Detected invalid pose (jump=0.05m, z=99.90)! Emergency stop triggered.
[monitor_node-5] [WARN] [1789854035.714056534] [diagnostic_monitor]: ANOMALY on [navigation_node] /navigation/cmd_vel:linear_vel: Value 0.0000 deviated from baseline 0.5000±0.0001 (z=5000.0, confirmed x39) (sev=1.00)
[localization_node-3] [WARN] [1789854035.810789514] [localization_node]: LocalizationNode: Emitting FAULT pose with jump 50.0m
[monitor_node-5] [WARN] [1789854035.812159783] [diagnostic_monitor]: ANOMALY on [localization_node] /localization/pose:z_pos: Value 99.9000 deviated from baseline 0.0000±0.0001 (z=999000.0, confirmed x40) (sev=1.00)
[navigation_node-4] [WARN] [1789854035.812419559] [navigation_node]: NavigationNode: Detected invalid pose (jump=0.05m, z=99.90)! Emergency stop triggered.
[monitor_node-5] [WARN] [1789854035.814471505] [diagnostic_monitor]: ANOMALY on [navigation_node] /navigation/cmd_vel:linear_vel: Value 0.0000 deviated from baseline 0.5000±0.0001 (z=5000.0, confirmed x40) (sev=1.00)
[localization_node-3] [WARN] [1789854035.910781263] [localization_node]: LocalizationNode: Emitting FAULT pose with jump 50.0m
[monitor_node-5] [WARN] [1789854035.912442872] [diagnostic_monitor]: ANOMALY on [localization_node] /localization/pose:z_pos: Value 99.9000 deviated from baseline 0.0000±0.0001 (z=999000.0, confirmed x41) (sev=1.00)
[navigation_node-4] [WARN] [1789854035.912499107] [navigation_node]: NavigationNode: Detected invalid pose (jump=0.05m, z=99.90)! Emergency stop triggered.
[monitor_node-5] [WARN] [1789854035.914877865] [diagnostic_monitor]: ANOMALY on [navigation_node] /navigation/cmd_vel:linear_vel: Value 0.0000 deviated from baseline 0.5000±0.0001 (z=5000.0, confirmed x41) (sev=1.00)
[localization_node-3] [WARN] [1789854036.010854298] [localization_node]: LocalizationNode: Emitting FAULT pose with jump 50.0m
[navigation_node-4] [WARN] [1789854036.012472316] [navigation_node]: NavigationNode: Detected invalid pose (jump=0.05m, z=99.90)! Emergency stop triggered.
[monitor_node-5] [WARN] [1789854036.012877479] [diagnostic_monitor]: ANOMALY on [localization_node] /localization/pose:z_pos: Value 99.9000 deviated from baseline 0.0000±0.0001 (z=999000.0, confirmed x42) (sev=1.00)
[monitor_node-5] [WARN] [1789854036.014755539] [diagnostic_monitor]: ANOMALY on [navigation_node] /navigation/cmd_vel:linear_vel: Value 0.0000 deviated from baseline 0.5000±0.0001 (z=5000.0, confirmed x42) (sev=1.00)
[localization_node-3] [WARN] [1789854036.111428143] [localization_node]: LocalizationNode: Emitting FAULT pose with jump 50.0m
[navigation_node-4] [WARN] [1789854036.113181729] [navigation_node]: NavigationNode: Detected invalid pose (jump=0.05m, z=99.90)! Emergency stop triggered.
[monitor_node-5] [WARN] [1789854036.113209275] [diagnostic_monitor]: ANOMALY on [localization_node] /localization/pose:z_pos: Value 99.9000 deviated from baseline 0.0000±0.0001 (z=999000.0, confirmed x43) (sev=1.00)
[monitor_node-5] [WARN] [1789854036.115011570] [diagnostic_monitor]: ANOMALY on [navigation_node] /navigation/cmd_vel:linear_vel: Value 0.0000 deviated from baseline 0.5000±0.0001 (z=5000.0, confirmed x43) (sev=1.00)
[localization_node-3] [WARN] [1789854036.211295109] [localization_node]: LocalizationNode: Emitting FAULT pose with jump 50.0m
[monitor_node-5] [WARN] [1789854036.212952342] [diagnostic_monitor]: ANOMALY on [localization_node] /localization/pose:z_pos: Value 99.9000 deviated from baseline 0.0000±0.0001 (z=999000.0, confirmed x44) (sev=1.00)
[navigation_node-4] [WARN] [1789854036.213045842] [navigation_node]: NavigationNode: Detected invalid pose (jump=0.05m, z=99.90)! Emergency stop triggered.
[monitor_node-5] [WARN] [1789854036.214570401] [diagnostic_monitor]: ANOMALY on [navigation_node] /navigation/cmd_vel:linear_vel: Value 0.0000 deviated from baseline 0.5000±0.0001 (z=5000.0, confirmed x44) (sev=1.00)
[localization_node-3] [WARN] [1789854036.310910857] [localization_node]: LocalizationNode: Emitting FAULT pose with jump 50.0m
[monitor_node-5] [WARN] [1789854036.312501436] [diagnostic_monitor]: ANOMALY on [localization_node] /localization/pose:z_pos: Value 99.9000 deviated from baseline 0.0000±0.0001 (z=999000.0, confirmed x45) (sev=1.00)
[navigation_node-4] [WARN] [1789854036.312573840] [navigation_node]: NavigationNode: Detected invalid pose (jump=0.05m, z=99.90)! Emergency stop triggered.
[monitor_node-5] [WARN] [1789854036.314162305] [diagnostic_monitor]: ANOMALY on [navigation_node] /navigation/cmd_vel:linear_vel: Value 0.0000 deviated from baseline 0.5000±0.0001 (z=5000.0, confirmed x45) (sev=1.00)
[localization_node-3] [WARN] [1789854036.410508381] [localization_node]: LocalizationNode: Emitting FAULT pose with jump 50.0m
[navigation_node-4] [WARN] [1789854036.411722540] [navigation_node]: NavigationNode: Detected invalid pose (jump=0.05m, z=99.90)! Emergency stop triggered.
[monitor_node-5] [WARN] [1789854036.412021870] [diagnostic_monitor]: ANOMALY on [localization_node] /localization/pose:z_pos: Value 99.9000 deviated from baseline 0.0000±0.0001 (z=999000.0, confirmed x46) (sev=1.00)
[monitor_node-5] [WARN] [1789854036.413611823] [diagnostic_monitor]: ANOMALY on [navigation_node] /navigation/cmd_vel:linear_vel: Value 0.0000 deviated from baseline 0.5000±0.0001 (z=5000.0, confirmed x46) (sev=1.00)
[localization_node-3] [WARN] [1789854036.510753876] [localization_node]: LocalizationNode: Emitting FAULT pose with jump 50.0m
[monitor_node-5] [WARN] [1789854036.512352301] [diagnostic_monitor]: ANOMALY on [localization_node] /localization/pose:z_pos: Value 99.9000 deviated from baseline 0.0000±0.0001 (z=999000.0, confirmed x47) (sev=1.00)
[navigation_node-4] [WARN] [1789854036.512416256] [navigation_node]: NavigationNode: Detected invalid pose (jump=0.05m, z=99.90)! Emergency stop triggered.
[monitor_node-5] [WARN] [1789854036.514169325] [diagnostic_monitor]: ANOMALY on [navigation_node] /navigation/cmd_vel:linear_vel: Value 0.0000 deviated from baseline 0.5000±0.0001 (z=5000.0, confirmed x47) (sev=1.00)
[localization_node-3] [WARN] [1789854036.611153433] [localization_node]: LocalizationNode: Emitting FAULT pose with jump 50.0m
[navigation_node-4] [WARN] [1789854036.612851443] [navigation_node]: NavigationNode: Detected invalid pose (jump=0.05m, z=99.90)! Emergency stop triggered.
[monitor_node-5] [WARN] [1789854036.613047082] [diagnostic_monitor]: ANOMALY on [localization_node] /localization/pose:z_pos: Value 99.9000 deviated from baseline 0.0000±0.0001 (z=999000.0, confirmed x48) (sev=1.00)
[monitor_node-5] [WARN] [1789854036.615265672] [diagnostic_monitor]: ANOMALY on [navigation_node] /navigation/cmd_vel:linear_vel: Value 0.0000 deviated from baseline 0.5000±0.0001 (z=5000.0, confirmed x48) (sev=1.00)
[localization_node-3] [WARN] [1789854036.710977252] [localization_node]: LocalizationNode: Emitting FAULT pose with jump 50.0m
[monitor_node-5] [WARN] [1789854036.712549899] [diagnostic_monitor]: ANOMALY on [localization_node] /localization/pose:z_pos: Value 99.9000 deviated from baseline 0.0000±0.0001 (z=999000.0, confirmed x49) (sev=1.00)
[navigation_node-4] [WARN] [1789854036.712638743] [navigation_node]: NavigationNode: Detected invalid pose (jump=0.05m, z=99.90)! Emergency stop triggered.
[monitor_node-5] [WARN] [1789854036.713921291] [diagnostic_monitor]: ANOMALY on [navigation_node] /navigation/cmd_vel:linear_vel: Value 0.0000 deviated from baseline 0.5000±0.0001 (z=5000.0, confirmed x49) (sev=1.00)
[localization_node-3] [WARN] [1789854036.810928240] [localization_node]: LocalizationNode: Emitting FAULT pose with jump 50.0m
[monitor_node-5] [WARN] [1789854036.812321166] [diagnostic_monitor]: ANOMALY on [localization_node] /localization/pose:z_pos: Value 99.9000 deviated from baseline 0.0000±0.0001 (z=999000.0, confirmed x50) (sev=1.00)
[navigation_node-4] [WARN] [1789854036.812329801] [navigation_node]: NavigationNode: Detected invalid pose (jump=0.05m, z=99.90)! Emergency stop triggered.
[monitor_node-5] [WARN] [1789854036.813822622] [diagnostic_monitor]: ANOMALY on [navigation_node] /navigation/cmd_vel:linear_vel: Value 0.0000 deviated from baseline 0.5000±0.0001 (z=5000.0, confirmed x50) (sev=1.00)
[localization_node-3] [WARN] [1789854036.910866253] [localization_node]: LocalizationNode: Emitting FAULT pose with jump 50.0m
[monitor_node-5] [WARN] [1789854036.912454841] [diagnostic_monitor]: ANOMALY on [localization_node] /localization/pose:z_pos: Value 99.9000 deviated from baseline 0.0000±0.0001 (z=999000.0, confirmed x51) (sev=1.00)
[navigation_node-4] [WARN] [1789854036.912580042] [navigation_node]: NavigationNode: Detected invalid pose (jump=0.05m, z=99.90)! Emergency stop triggered.
[monitor_node-5] [WARN] [1789854036.914470428] [diagnostic_monitor]: ANOMALY on [navigation_node] /navigation/cmd_vel:linear_vel: Value 0.0000 deviated from baseline 0.5000±0.0001 (z=5000.0, confirmed x51) (sev=1.00)
[localization_node-3] [WARN] [1789854037.011603357] [localization_node]: LocalizationNode: Emitting FAULT pose with jump 50.0m
[navigation_node-4] [WARN] [1789854037.013301269] [navigation_node]: NavigationNode: Detected invalid pose (jump=0.05m, z=99.90)! Emergency stop triggered.
[monitor_node-5] [WARN] [1789854037.013388663] [diagnostic_monitor]: ANOMALY on [localization_node] /localization/pose:z_pos: Value 99.9000 deviated from baseline 0.0000±0.0001 (z=999000.0, confirmed x52) (sev=1.00)
[monitor_node-5] [WARN] [1789854037.015170047] [diagnostic_monitor]: ANOMALY on [navigation_node] /navigation/cmd_vel:linear_vel: Value 0.0000 deviated from baseline 0.5000±0.0001 (z=5000.0, confirmed x52) (sev=1.00)
[localization_node-3] [WARN] [1789854037.111471840] [localization_node]: LocalizationNode: Emitting FAULT pose with jump 50.0m
[monitor_node-5] [WARN] [1789854037.113331017] [diagnostic_monitor]: ANOMALY on [localization_node] /localization/pose:z_pos: Value 99.9000 deviated from baseline 0.0000±0.0001 (z=999000.0, confirmed x53) (sev=1.00)
[navigation_node-4] [WARN] [1789854037.113407031] [navigation_node]: NavigationNode: Detected invalid pose (jump=0.05m, z=99.90)! Emergency stop triggered.
[monitor_node-5] [WARN] [1789854037.115266297] [diagnostic_monitor]: ANOMALY on [navigation_node] /navigation/cmd_vel:linear_vel: Value 0.0000 deviated from baseline 0.5000±0.0001 (z=5000.0, confirmed x53) (sev=1.00)
[localization_node-3] [WARN] [1789854037.211142435] [localization_node]: LocalizationNode: Emitting FAULT pose with jump 50.0m
[navigation_node-4] [WARN] [1789854037.212771657] [navigation_node]: NavigationNode: Detected invalid pose (jump=0.05m, z=99.90)! Emergency stop triggered.
[monitor_node-5] [WARN] [1789854037.212771935] [diagnostic_monitor]: ANOMALY on [localization_node] /localization/pose:z_pos: Value 99.9000 deviated from baseline 0.0000±0.0001 (z=999000.0, confirmed x54) (sev=1.00)
[monitor_node-5] [WARN] [1789854037.214904995] [diagnostic_monitor]: ANOMALY on [navigation_node] /navigation/cmd_vel:linear_vel: Value 0.0000 deviated from baseline 0.5000±0.0001 (z=5000.0, confirmed x54) (sev=1.00)
[localization_node-3] [WARN] [1789854037.311536793] [localization_node]: LocalizationNode: Emitting FAULT pose with jump 50.0m
[monitor_node-5] [WARN] [1789854037.313221354] [diagnostic_monitor]: ANOMALY on [localization_node] /localization/pose:z_pos: Value 99.9000 deviated from baseline 0.0000±0.0001 (z=999000.0, confirmed x55) (sev=1.00)
[navigation_node-4] [WARN] [1789854037.313308821] [navigation_node]: NavigationNode: Detected invalid pose (jump=0.05m, z=99.90)! Emergency stop triggered.
[monitor_node-5] [WARN] [1789854037.315070835] [diagnostic_monitor]: ANOMALY on [navigation_node] /navigation/cmd_vel:linear_vel: Value 0.0000 deviated from baseline 0.5000±0.0001 (z=5000.0, confirmed x55) (sev=1.00)
[localization_node-3] [WARN] [1789854037.410616585] [localization_node]: LocalizationNode: Emitting FAULT pose with jump 50.0m
[monitor_node-5] [WARN] [1789854037.412063823] [diagnostic_monitor]: ANOMALY on [localization_node] /localization/pose:z_pos: Value 99.9000 deviated from baseline 0.0000±0.0001 (z=999000.0, confirmed x56) (sev=1.00)
[navigation_node-4] [WARN] [1789854037.412117248] [navigation_node]: NavigationNode: Detected invalid pose (jump=0.05m, z=99.90)! Emergency stop triggered.
[monitor_node-5] [WARN] [1789854037.413708640] [diagnostic_monitor]: ANOMALY on [navigation_node] /navigation/cmd_vel:linear_vel: Value 0.0000 deviated from baseline 0.5000±0.0001 (z=5000.0, confirmed x56) (sev=1.00)
[localization_node-3] [WARN] [1789854037.511066117] [localization_node]: LocalizationNode: Emitting FAULT pose with jump 50.0m
[navigation_node-4] [WARN] [1789854037.512854555] [navigation_node]: NavigationNode: Detected invalid pose (jump=0.05m, z=99.90)! Emergency stop triggered.
[monitor_node-5] [WARN] [1789854037.513050070] [diagnostic_monitor]: ANOMALY on [localization_node] /localization/pose:z_pos: Value 99.9000 deviated from baseline 0.0000±0.0001 (z=999000.0, confirmed x57) (sev=1.00)
[monitor_node-5] [WARN] [1789854037.514671601] [diagnostic_monitor]: ANOMALY on [navigation_node] /navigation/cmd_vel:linear_vel: Value 0.0000 deviated from baseline 0.5000±0.0001 (z=5000.0, confirmed x57) (sev=1.00)
[localization_node-3] [WARN] [1789854037.611086451] [localization_node]: LocalizationNode: Emitting FAULT pose with jump 50.0m
[navigation_node-4] [WARN] [1789854037.612609333] [navigation_node]: NavigationNode: Detected invalid pose (jump=0.05m, z=99.90)! Emergency stop triggered.
[monitor_node-5] [WARN] [1789854037.612791029] [diagnostic_monitor]: ANOMALY on [localization_node] /localization/pose:z_pos: Value 99.9000 deviated from baseline 0.0000±0.0001 (z=999000.0, confirmed x58) (sev=1.00)
[monitor_node-5] [WARN] [1789854037.614559859] [diagnostic_monitor]: ANOMALY on [navigation_node] /navigation/cmd_vel:linear_vel: Value 0.0000 deviated from baseline 0.5000±0.0001 (z=5000.0, confirmed x58) (sev=1.00)
[localization_node-3] [WARN] [1789854037.710427787] [localization_node]: LocalizationNode: Emitting FAULT pose with jump 50.0m
[monitor_node-5] [WARN] [1789854037.711924489] [diagnostic_monitor]: ANOMALY on [localization_node] /localization/pose:z_pos: Value 99.9000 deviated from baseline 0.0000±0.0001 (z=999000.0, confirmed x59) (sev=1.00)
[navigation_node-4] [WARN] [1789854037.711960310] [navigation_node]: NavigationNode: Detected invalid pose (jump=0.05m, z=99.90)! Emergency stop triggered.
[monitor_node-5] [WARN] [1789854037.713450427] [diagnostic_monitor]: ANOMALY on [navigation_node] /navigation/cmd_vel:linear_vel: Value 0.0000 deviated from baseline 0.5000±0.0001 (z=5000.0, confirmed x59) (sev=1.00)
[localization_node-3] [WARN] [1789854037.812056044] [localization_node]: LocalizationNode: Emitting FAULT pose with jump 50.0m
[monitor_node-5] [WARN] [1789854037.813525664] [diagnostic_monitor]: ANOMALY on [localization_node] /localization/pose:z_pos: Value 99.9000 deviated from baseline 0.0000±0.0001 (z=999000.0, confirmed x60) (sev=1.00)
[navigation_node-4] [WARN] [1789854037.813626654] [navigation_node]: NavigationNode: Detected invalid pose (jump=0.05m, z=99.90)! Emergency stop triggered.
[monitor_node-5] [WARN] [1789854037.815685731] [diagnostic_monitor]: ANOMALY on [navigation_node] /navigation/cmd_vel:linear_vel: Value 0.0000 deviated from baseline 0.5000±0.0001 (z=5000.0, confirmed x60) (sev=1.00)
[localization_node-3] [WARN] [1789854037.911655894] [localization_node]: LocalizationNode: Emitting FAULT pose with jump 50.0m
[navigation_node-4] [WARN] [1789854037.913055658] [navigation_node]: NavigationNode: Detected invalid pose (jump=0.05m, z=99.90)! Emergency stop triggered.
[monitor_node-5] [WARN] [1789854037.913099316] [diagnostic_monitor]: ANOMALY on [localization_node] /localization/pose:z_pos: Value 99.9000 deviated from baseline 0.0000±0.0001 (z=999000.0, confirmed x61) (sev=1.00)
[monitor_node-5] [WARN] [1789854037.914305745] [diagnostic_monitor]: ANOMALY on [navigation_node] /navigation/cmd_vel:linear_vel: Value 0.0000 deviated from baseline 0.5000±0.0001 (z=5000.0, confirmed x61) (sev=1.00)
[localization_node-3] [WARN] [1789854038.010828379] [localization_node]: LocalizationNode: Emitting FAULT pose with jump 50.0m
[navigation_node-4] [WARN] [1789854038.012314026] [navigation_node]: NavigationNode: Detected invalid pose (jump=0.05m, z=99.90)! Emergency stop triggered.
[monitor_node-5] [WARN] [1789854038.012377280] [diagnostic_monitor]: ANOMALY on [localization_node] /localization/pose:z_pos: Value 99.9000 deviated from baseline 0.0000±0.0001 (z=999000.0, confirmed x62) (sev=1.00)
[monitor_node-5] [WARN] [1789854038.013748865] [diagnostic_monitor]: ANOMALY on [navigation_node] /navigation/cmd_vel:linear_vel: Value 0.0000 deviated from baseline 0.5000±0.0001 (z=5000.0, confirmed x62) (sev=1.00)
[sensor_node-1] [INFO] [1789854038.033330695] [sensor_node]: SensorNode: Fault cleared.
[localization_node-3] [INFO] [1789854038.033327356] [localization_node]: LocalizationNode: Fault cleared.
[perception_node-2] [INFO] [1789854038.033562903] [perception_node]: PerceptionNode: Fault cleared.
[navigation_node-4] [INFO] [1789854038.034894830] [navigation_node]: NavigationNode: Fault cleared.
[navigation_node-4] [INFO] [1789854038.083749348] [navigation_node]: NavigationNode: Fault cleared.
[localization_node-3] [INFO] [1789854038.083891690] [localization_node]: LocalizationNode: Fault cleared.
[perception_node-2] [INFO] [1789854038.083980100] [perception_node]: PerceptionNode: Fault cleared.
[sensor_node-1] [INFO] [1789854038.085178228] [sensor_node]: SensorNode: Fault cleared.
[navigation_node-4] [WARN] [1789854038.111732361] [navigation_node]: NavigationNode: Detected invalid pose (jump=70.67m, z=0.00)! Emergency stop triggered.
[monitor_node-5] [WARN] [1789854038.113637870] [diagnostic_monitor]: ANOMALY on [navigation_node] /navigation/cmd_vel:linear_vel: Value 0.0000 deviated from baseline 0.5000±0.0001 (z=5000.0, confirmed x63) (sev=1.00)
[perception_node-2] [INFO] [1789854038.134457607] [perception_node]: PerceptionNode: Fault cleared.
[navigation_node-4] [INFO] [1789854038.134482830] [navigation_node]: NavigationNode: Fault cleared.
[localization_node-3] [INFO] [1789854038.134504978] [localization_node]: LocalizationNode: Fault cleared.
[sensor_node-1] [INFO] [1789854038.134721437] [sensor_node]: SensorNode: Fault cleared.
[perception_node-2] [INFO] [1789854038.184950190] [perception_node]: PerceptionNode: Fault cleared.
[sensor_node-1] [INFO] [1789854038.184973209] [sensor_node]: SensorNode: Fault cleared.
[localization_node-3] [INFO] [1789854038.184976691] [localization_node]: LocalizationNode: Fault cleared.
[navigation_node-4] [INFO] [1789854038.185014376] [navigation_node]: NavigationNode: Fault cleared.
[navigation_node-4] [INFO] [1789854038.236272538] [navigation_node]: NavigationNode: Fault cleared.
[perception_node-2] [INFO] [1789854038.236298362] [perception_node]: PerceptionNode: Fault cleared.
[sensor_node-1] [INFO] [1789854038.236305297] [sensor_node]: SensorNode: Fault cleared.
[localization_node-3] [INFO] [1789854038.236305119] [localization_node]: LocalizationNode: Fault cleared.
[sensor_node-1] [INFO] [1789854038.286717499] [sensor_node]: SensorNode: Fault cleared.
[navigation_node-4] [INFO] [1789854038.286745091] [navigation_node]: NavigationNode: Fault cleared.
[localization_node-3] [INFO] [1789854038.286969833] [localization_node]: LocalizationNode: Fault cleared.
[perception_node-2] [INFO] [1789854038.286985866] [perception_node]: PerceptionNode: Fault cleared.
[sensor_node-1] [INFO] [1789854038.337492466] [sensor_node]: SensorNode: Fault cleared.
[localization_node-3] [INFO] [1789854038.337575225] [localization_node]: LocalizationNode: Fault cleared.
[navigation_node-4] [INFO] [1789854038.337575791] [navigation_node]: NavigationNode: Fault cleared.
[perception_node-2] [INFO] [1789854038.337768488] [perception_node]: PerceptionNode: Fault cleared.
[sensor_node-1] [INFO] [1789854038.387912925] [sensor_node]: SensorNode: Fault cleared.
[localization_node-3] [INFO] [1789854038.387933968] [localization_node]: LocalizationNode: Fault cleared.
[perception_node-2] [INFO] [1789854038.388019199] [perception_node]: PerceptionNode: Fault cleared.
[navigation_node-4] [INFO] [1789854038.388018935] [navigation_node]: NavigationNode: Fault cleared.
[monitor_node-5] [INFO] [1789854044.049161029] [diagnostic_monitor]: 
[monitor_node-5] ============================================================
[monitor_node-5] ROOT CAUSE DIAGNOSIS: navigation_node (Confidence: 1.000)
[monitor_node-5] ============================================================
[monitor_node-5] Score Breakdown  R(C) = wD*D + wT*T + wS*S + wA*A:
[monitor_node-5]   R(navigation_node) = 0.3·D(1.00) + 0.3·T(1.00) + 0.25·S(1.00) + 0.15·A(1.00) = 1.000
[monitor_node-5]   - Dependency D: 1.00 (reaches 0 downstream anomalous node(s); 0 anomalous upstream node(s))
[monitor_node-5]   - Temporal   T: 1.00 (first anomaly at t=1789854031.91s; earliest in window = supporting evidence, not proof of causality)
[monitor_node-5]   - Symptom    S: 1.00 (explains 1/1 anomalous nodes)
[monitor_node-5]   - Severity   A: 1.00 (max normalised severity on node, 1 direct anomaly event(s))
[monitor_node-5] 
[monitor_node-5] Propagation Chain (evidence-ordered, via discovered graph edges):
[monitor_node-5]   navigation_node (t=1789854031.91s: /navigation/cmd_vel:linear_vel, sev=1.00)
[monitor_node-5] 
[monitor_node-5] Candidate Ranking & Evidence Comparison:
[monitor_node-5]   #2 localization_node    R=0.415 (Δ -0.585) [no direct anomaly observed; does not reach observed symptoms via dependency edges]
[monitor_node-5]   #3 perception_node      R=0.415 (Δ -0.585) [no direct anomaly observed; does not reach observed symptoms via dependency edges]
[monitor_node-5]   #4 sensor_node          R=0.415 (Δ -0.585) [no direct anomaly observed; does not reach observed symptoms via dependency edges]
[monitor_node-5] ============================================================
[monitor_node-5] [INFO] [1789854044.548218650] [diagnostic_monitor]: Anomaly window cleared. System operating nominally.
[sensor_node-1] [WARN] [1789854046.449293823] [sensor_node]: SensorNode: Injected fault "dropout" (param=1.0, duration=9.0s)
[sensor_node-1] [WARN] [1789854046.499879234] [sensor_node]: SensorNode: Injected fault "dropout" (param=1.0, duration=9.0s)
[sensor_node-1] [WARN] [1789854046.550365322] [sensor_node]: SensorNode: Injected fault "dropout" (param=1.0, duration=9.0s)
[sensor_node-1] [WARN] [1789854046.600961585] [sensor_node]: SensorNode: Injected fault "dropout" (param=1.0, duration=9.0s)
[monitor_node-5] [WARN] [1789854047.051165985] [diagnostic_monitor]: ANOMALY on [localization_node] message_timeout: Message timeout on /localization/pose: no message for 0.64s (expected ~0.100s, threshold 0.45s, last seen t=1789854046.41) (sev=0.85)
[monitor_node-5] [WARN] [1789854047.052116163] [diagnostic_monitor]: ANOMALY on [navigation_node] message_timeout: Message timeout on /navigation/cmd_vel: no message for 0.64s (expected ~0.100s, threshold 0.45s, last seen t=1789854046.41) (sev=0.85)
[monitor_node-5] [WARN] [1789854047.052878373] [diagnostic_monitor]: ANOMALY on [perception_node] message_timeout: Message timeout on /perception/obstacles: no message for 0.64s (expected ~0.100s, threshold 0.45s, last seen t=1789854046.41) (sev=0.85)
[monitor_node-5] [WARN] [1789854047.053618824] [diagnostic_monitor]: ANOMALY on [sensor_node] message_timeout: Message timeout on /sensor/scan: no message for 0.64s (expected ~0.100s, threshold 0.45s, last seen t=1789854046.41) (sev=0.85)
[monitor_node-5] [INFO] [1789854047.055108473] [diagnostic_monitor]: 
[monitor_node-5] ============================================================
[monitor_node-5] ROOT CAUSE DIAGNOSIS: sensor_node (Confidence: 0.978)
[monitor_node-5] ============================================================
[monitor_node-5] Score Breakdown  R(C) = wD*D + wT*T + wS*S + wA*A:
[monitor_node-5]   R(sensor_node) = 0.3·D(1.00) + 0.3·T(1.00) + 0.25·S(1.00) + 0.15·A(0.85) = 0.978
[monitor_node-5]   - Dependency D: 1.00 (reaches 3 downstream anomalous node(s); 0 anomalous upstream node(s))
[monitor_node-5]   - Temporal   T: 1.00 (first anomaly at t=1789854046.86s; earliest in window = supporting evidence, not proof of causality)
[monitor_node-5]   - Symptom    S: 1.00 (explains 4/4 anomalous nodes)
[monitor_node-5]   - Severity   A: 0.85 (max normalised severity on node, 1 direct anomaly event(s))
[monitor_node-5] 
[monitor_node-5] Propagation Chain (evidence-ordered, via discovered graph edges):
[monitor_node-5]   sensor_node (t=1789854046.86s: message_timeout, sev=0.85)
[monitor_node-5]     └─→ perception_node via /sensor/scan (t=1789854046.86s, +0.00s after sensor_node: message_timeout)
[monitor_node-5]       └─→ localization_node via /perception/obstacles (t=1789854046.86s, +0.00s after perception_node: message_timeout)
[monitor_node-5]         └─→ navigation_node via /localization/pose (t=1789854046.86s, +0.00s after localization_node: message_timeout)
[monitor_node-5] 
[monitor_node-5] Candidate Ranking & Evidence Comparison:
[monitor_node-5]   #2 perception_node      R=0.766 (Δ -0.213) [first anomaly 0.00s after sensor_node; downstream of sensor_node in discovered graph; lower symptom coverage (75% vs 100%)]
[monitor_node-5]   #3 localization_node    R=0.603 (Δ -0.375) [first anomaly 0.00s after sensor_node; downstream of sensor_node in discovered graph; lower symptom coverage (50% vs 100%)]
[monitor_node-5]   #4 navigation_node      R=0.490 (Δ -0.488) [first anomaly 0.00s after sensor_node; downstream of sensor_node in discovered graph; lower symptom coverage (25% vs 100%)]
[monitor_node-5] ============================================================
[monitor_node-5] [WARN] [1789854047.547611183] [diagnostic_monitor]: ANOMALY on [localization_node] message_timeout: Message timeout on /localization/pose: no message for 1.14s (expected ~0.100s, threshold 0.45s, last seen t=1789854046.41) (sev=1.00)
[monitor_node-5] [WARN] [1789854047.548375997] [diagnostic_monitor]: ANOMALY on [navigation_node] message_timeout: Message timeout on /navigation/cmd_vel: no message for 1.14s (expected ~0.100s, threshold 0.45s, last seen t=1789854046.41) (sev=1.00)
[monitor_node-5] [WARN] [1789854047.548989719] [diagnostic_monitor]: ANOMALY on [perception_node] message_timeout: Message timeout on /perception/obstacles: no message for 1.14s (expected ~0.100s, threshold 0.45s, last seen t=1789854046.41) (sev=1.00)
[monitor_node-5] [WARN] [1789854047.549724228] [diagnostic_monitor]: ANOMALY on [sensor_node] message_timeout: Message timeout on /sensor/scan: no message for 1.14s (expected ~0.100s, threshold 0.45s, last seen t=1789854046.41) (sev=1.00)
[monitor_node-5] [WARN] [1789854048.049047864] [diagnostic_monitor]: ANOMALY on [localization_node] message_timeout: Message timeout on /localization/pose: no message for 1.64s (expected ~0.100s, threshold 0.45s, last seen t=1789854046.41) (sev=1.00)
[monitor_node-5] [WARN] [1789854048.050092987] [diagnostic_monitor]: ANOMALY on [navigation_node] message_timeout: Message timeout on /navigation/cmd_vel: no message for 1.64s (expected ~0.100s, threshold 0.45s, last seen t=1789854046.41) (sev=1.00)
[monitor_node-5] [WARN] [1789854048.050831928] [diagnostic_monitor]: ANOMALY on [perception_node] message_timeout: Message timeout on /perception/obstacles: no message for 1.64s (expected ~0.100s, threshold 0.45s, last seen t=1789854046.41) (sev=1.00)
[monitor_node-5] [WARN] [1789854048.051623911] [diagnostic_monitor]: ANOMALY on [sensor_node] message_timeout: Message timeout on /sensor/scan: no message for 1.64s (expected ~0.100s, threshold 0.45s, last seen t=1789854046.41) (sev=1.00)
[monitor_node-5] [WARN] [1789854048.547625820] [diagnostic_monitor]: ANOMALY on [localization_node] message_timeout: Message timeout on /localization/pose: no message for 2.14s (expected ~0.100s, threshold 0.45s, last seen t=1789854046.41) (sev=1.00)
[monitor_node-5] [WARN] [1789854048.548394567] [diagnostic_monitor]: ANOMALY on [navigation_node] message_timeout: Message timeout on /navigation/cmd_vel: no message for 2.14s (expected ~0.100s, threshold 0.45s, last seen t=1789854046.41) (sev=1.00)
[monitor_node-5] [WARN] [1789854048.548860860] [diagnostic_monitor]: ANOMALY on [perception_node] message_timeout: Message timeout on /perception/obstacles: no message for 2.14s (expected ~0.100s, threshold 0.45s, last seen t=1789854046.41) (sev=1.00)
[monitor_node-5] [WARN] [1789854048.549499609] [diagnostic_monitor]: ANOMALY on [sensor_node] message_timeout: Message timeout on /sensor/scan: no message for 2.14s (expected ~0.100s, threshold 0.45s, last seen t=1789854046.41) (sev=1.00)
[monitor_node-5] [WARN] [1789854049.048753973] [diagnostic_monitor]: ANOMALY on [localization_node] message_timeout: Message timeout on /localization/pose: no message for 2.64s (expected ~0.100s, threshold 0.45s, last seen t=1789854046.41) (sev=1.00)
[monitor_node-5] [WARN] [1789854049.049657365] [diagnostic_monitor]: ANOMALY on [navigation_node] message_timeout: Message timeout on /navigation/cmd_vel: no message for 2.64s (expected ~0.100s, threshold 0.45s, last seen t=1789854046.41) (sev=1.00)
[monitor_node-5] [WARN] [1789854049.050428717] [diagnostic_monitor]: ANOMALY on [perception_node] message_timeout: Message timeout on /perception/obstacles: no message for 2.64s (expected ~0.100s, threshold 0.45s, last seen t=1789854046.41) (sev=1.00)
[monitor_node-5] [WARN] [1789854049.051066971] [diagnostic_monitor]: ANOMALY on [sensor_node] message_timeout: Message timeout on /sensor/scan: no message for 2.64s (expected ~0.100s, threshold 0.45s, last seen t=1789854046.41) (sev=1.00)
[monitor_node-5] [WARN] [1789854049.547622510] [diagnostic_monitor]: ANOMALY on [localization_node] message_timeout: Message timeout on /localization/pose: no message for 3.14s (expected ~0.100s, threshold 0.45s, last seen t=1789854046.41) (sev=1.00)
[monitor_node-5] [WARN] [1789854049.548372694] [diagnostic_monitor]: ANOMALY on [navigation_node] message_timeout: Message timeout on /navigation/cmd_vel: no message for 3.14s (expected ~0.100s, threshold 0.45s, last seen t=1789854046.41) (sev=1.00)
[monitor_node-5] [WARN] [1789854049.549004642] [diagnostic_monitor]: ANOMALY on [perception_node] message_timeout: Message timeout on /perception/obstacles: no message for 3.14s (expected ~0.100s, threshold 0.45s, last seen t=1789854046.41) (sev=1.00)
[monitor_node-5] [WARN] [1789854049.549679285] [diagnostic_monitor]: ANOMALY on [sensor_node] message_timeout: Message timeout on /sensor/scan: no message for 3.14s (expected ~0.100s, threshold 0.45s, last seen t=1789854046.41) (sev=1.00)
[monitor_node-5] [WARN] [1789854050.048830070] [diagnostic_monitor]: ANOMALY on [localization_node] message_timeout: Message timeout on /localization/pose: no message for 3.64s (expected ~0.100s, threshold 0.45s, last seen t=1789854046.41) (sev=1.00)
[monitor_node-5] [WARN] [1789854050.049717286] [diagnostic_monitor]: ANOMALY on [navigation_node] message_timeout: Message timeout on /navigation/cmd_vel: no message for 3.64s (expected ~0.100s, threshold 0.45s, last seen t=1789854046.41) (sev=1.00)
[monitor_node-5] [WARN] [1789854050.050422870] [diagnostic_monitor]: ANOMALY on [perception_node] message_timeout: Message timeout on /perception/obstacles: no message for 3.64s (expected ~0.100s, threshold 0.45s, last seen t=1789854046.41) (sev=1.00)
[monitor_node-5] [WARN] [1789854050.050884985] [diagnostic_monitor]: ANOMALY on [sensor_node] message_timeout: Message timeout on /sensor/scan: no message for 3.64s (expected ~0.100s, threshold 0.45s, last seen t=1789854046.41) (sev=1.00)
[monitor_node-5] [WARN] [1789854050.547470463] [diagnostic_monitor]: ANOMALY on [localization_node] message_timeout: Message timeout on /localization/pose: no message for 4.14s (expected ~0.100s, threshold 0.45s, last seen t=1789854046.41) (sev=1.00)
[monitor_node-5] [WARN] [1789854050.548216391] [diagnostic_monitor]: ANOMALY on [navigation_node] message_timeout: Message timeout on /navigation/cmd_vel: no message for 4.14s (expected ~0.100s, threshold 0.45s, last seen t=1789854046.41) (sev=1.00)
[monitor_node-5] [WARN] [1789854050.548809249] [diagnostic_monitor]: ANOMALY on [perception_node] message_timeout: Message timeout on /perception/obstacles: no message for 4.14s (expected ~0.100s, threshold 0.45s, last seen t=1789854046.41) (sev=1.00)
[monitor_node-5] [WARN] [1789854050.549441608] [diagnostic_monitor]: ANOMALY on [sensor_node] message_timeout: Message timeout on /sensor/scan: no message for 4.14s (expected ~0.100s, threshold 0.45s, last seen t=1789854046.41) (sev=1.00)
[monitor_node-5] [WARN] [1789854051.049150912] [diagnostic_monitor]: ANOMALY on [localization_node] message_timeout: Message timeout on /localization/pose: no message for 4.64s (expected ~0.100s, threshold 0.45s, last seen t=1789854046.41) (sev=1.00)
[monitor_node-5] [WARN] [1789854051.050142472] [diagnostic_monitor]: ANOMALY on [navigation_node] message_timeout: Message timeout on /navigation/cmd_vel: no message for 4.64s (expected ~0.100s, threshold 0.45s, last seen t=1789854046.41) (sev=1.00)
[monitor_node-5] [WARN] [1789854051.050840712] [diagnostic_monitor]: ANOMALY on [perception_node] message_timeout: Message timeout on /perception/obstacles: no message for 4.64s (expected ~0.100s, threshold 0.45s, last seen t=1789854046.41) (sev=1.00)
[monitor_node-5] [WARN] [1789854051.051429115] [diagnostic_monitor]: ANOMALY on [sensor_node] message_timeout: Message timeout on /sensor/scan: no message for 4.64s (expected ~0.100s, threshold 0.45s, last seen t=1789854046.41) (sev=1.00)
[monitor_node-5] [WARN] [1789854051.547725821] [diagnostic_monitor]: ANOMALY on [localization_node] message_timeout: Message timeout on /localization/pose: no message for 5.14s (expected ~0.100s, threshold 0.45s, last seen t=1789854046.41) (sev=1.00)
[monitor_node-5] [WARN] [1789854051.548325165] [diagnostic_monitor]: ANOMALY on [navigation_node] message_timeout: Message timeout on /navigation/cmd_vel: no message for 5.14s (expected ~0.100s, threshold 0.45s, last seen t=1789854046.41) (sev=1.00)
[monitor_node-5] [WARN] [1789854051.548783200] [diagnostic_monitor]: ANOMALY on [perception_node] message_timeout: Message timeout on /perception/obstacles: no message for 5.14s (expected ~0.100s, threshold 0.45s, last seen t=1789854046.41) (sev=1.00)
[monitor_node-5] [WARN] [1789854051.549503148] [diagnostic_monitor]: ANOMALY on [sensor_node] message_timeout: Message timeout on /sensor/scan: no message for 5.14s (expected ~0.100s, threshold 0.45s, last seen t=1789854046.41) (sev=1.00)
[monitor_node-5] [WARN] [1789854052.048640414] [diagnostic_monitor]: ANOMALY on [localization_node] message_timeout: Message timeout on /localization/pose: no message for 5.64s (expected ~0.100s, threshold 0.45s, last seen t=1789854046.41) (sev=1.00)
[monitor_node-5] [WARN] [1789854052.049347207] [diagnostic_monitor]: ANOMALY on [navigation_node] message_timeout: Message timeout on /navigation/cmd_vel: no message for 5.64s (expected ~0.100s, threshold 0.45s, last seen t=1789854046.41) (sev=1.00)
[monitor_node-5] [WARN] [1789854052.050252296] [diagnostic_monitor]: ANOMALY on [perception_node] message_timeout: Message timeout on /perception/obstacles: no message for 5.64s (expected ~0.100s, threshold 0.45s, last seen t=1789854046.41) (sev=1.00)
[monitor_node-5] [WARN] [1789854052.050967233] [diagnostic_monitor]: ANOMALY on [sensor_node] message_timeout: Message timeout on /sensor/scan: no message for 5.64s (expected ~0.100s, threshold 0.45s, last seen t=1789854046.41) (sev=1.00)
[monitor_node-5] [WARN] [1789854052.547426797] [diagnostic_monitor]: ANOMALY on [localization_node] message_timeout: Message timeout on /localization/pose: no message for 6.14s (expected ~0.100s, threshold 0.45s, last seen t=1789854046.41) (sev=1.00)
[monitor_node-5] [WARN] [1789854052.548435179] [diagnostic_monitor]: ANOMALY on [navigation_node] message_timeout: Message timeout on /navigation/cmd_vel: no message for 6.14s (expected ~0.100s, threshold 0.45s, last seen t=1789854046.41) (sev=1.00)
[monitor_node-5] [WARN] [1789854052.549143184] [diagnostic_monitor]: ANOMALY on [perception_node] message_timeout: Message timeout on /perception/obstacles: no message for 6.14s (expected ~0.100s, threshold 0.45s, last seen t=1789854046.41) (sev=1.00)
[monitor_node-5] [WARN] [1789854052.549911744] [diagnostic_monitor]: ANOMALY on [sensor_node] message_timeout: Message timeout on /sensor/scan: no message for 6.14s (expected ~0.100s, threshold 0.45s, last seen t=1789854046.41) (sev=1.00)
[sensor_node-1] [INFO] [1789854052.654684970] [sensor_node]: SensorNode: Fault cleared.
[localization_node-3] [INFO] [1789854052.654692405] [localization_node]: LocalizationNode: Fault cleared.
[perception_node-2] [INFO] [1789854052.654735111] [perception_node]: PerceptionNode: Fault cleared.
[navigation_node-4] [INFO] [1789854052.654869868] [navigation_node]: NavigationNode: Fault cleared.
[navigation_node-4] [INFO] [1789854052.705232350] [navigation_node]: NavigationNode: Fault cleared.
[localization_node-3] [INFO] [1789854052.705254091] [localization_node]: LocalizationNode: Fault cleared.
[perception_node-2] [INFO] [1789854052.705281138] [perception_node]: PerceptionNode: Fault cleared.
[sensor_node-1] [INFO] [1789854052.705635531] [sensor_node]: SensorNode: Fault cleared.
[perception_node-2] [INFO] [1789854052.755792815] [perception_node]: PerceptionNode: Fault cleared.
[sensor_node-1] [INFO] [1789854052.755825422] [sensor_node]: SensorNode: Fault cleared.
[localization_node-3] [INFO] [1789854052.755842709] [localization_node]: LocalizationNode: Fault cleared.
[navigation_node-4] [INFO] [1789854052.755864069] [navigation_node]: NavigationNode: Fault cleared.
[perception_node-2] [INFO] [1789854052.806253161] [perception_node]: PerceptionNode: Fault cleared.
[sensor_node-1] [INFO] [1789854052.806264002] [sensor_node]: SensorNode: Fault cleared.
[navigation_node-4] [INFO] [1789854052.806486371] [navigation_node]: NavigationNode: Fault cleared.
[localization_node-3] [INFO] [1789854052.806684957] [localization_node]: LocalizationNode: Fault cleared.
[sensor_node-1] [INFO] [1789854052.857206508] [sensor_node]: SensorNode: Fault cleared.
[navigation_node-4] [INFO] [1789854052.857264604] [navigation_node]: NavigationNode: Fault cleared.
[perception_node-2] [INFO] [1789854052.857355239] [perception_node]: PerceptionNode: Fault cleared.
[localization_node-3] [INFO] [1789854052.857765197] [localization_node]: LocalizationNode: Fault cleared.
[sensor_node-1] [INFO] [1789854052.908023301] [sensor_node]: SensorNode: Fault cleared.
[navigation_node-4] [INFO] [1789854052.908027561] [navigation_node]: NavigationNode: Fault cleared.
[perception_node-2] [INFO] [1789854052.908117084] [perception_node]: PerceptionNode: Fault cleared.
[localization_node-3] [INFO] [1789854052.908245204] [localization_node]: LocalizationNode: Fault cleared.
[perception_node-2] [INFO] [1789854052.958462135] [perception_node]: PerceptionNode: Fault cleared.
[sensor_node-1] [INFO] [1789854052.958478327] [sensor_node]: SensorNode: Fault cleared.
[navigation_node-4] [INFO] [1789854052.958522787] [navigation_node]: NavigationNode: Fault cleared.
[localization_node-3] [INFO] [1789854052.958533441] [localization_node]: LocalizationNode: Fault cleared.
[localization_node-3] [INFO] [1789854053.008883946] [localization_node]: LocalizationNode: Fault cleared.
[perception_node-2] [INFO] [1789854053.009018834] [perception_node]: PerceptionNode: Fault cleared.
[navigation_node-4] [INFO] [1789854053.009121778] [navigation_node]: NavigationNode: Fault cleared.
[sensor_node-1] [INFO] [1789854053.009363228] [sensor_node]: SensorNode: Fault cleared.
[monitor_node-5] [INFO] [1789854058.548220060] [diagnostic_monitor]: Anomaly window cleared. System operating nominally.
[navigation_node-4] [WARN] [1789854060.069932059] [navigation_node]: NavigationNode: Injected fault "navigation_failure" (param=1.0, duration=9.0s)
[navigation_node-4] [WARN] [1789854060.111461247] [navigation_node]: NavigationNode: Emitting erratic velocity due to navigation_failure!
[navigation_node-4] [WARN] [1789854060.120467605] [navigation_node]: NavigationNode: Injected fault "navigation_failure" (param=1.0, duration=9.0s)
[navigation_node-4] [WARN] [1789854060.170996557] [navigation_node]: NavigationNode: Injected fault "navigation_failure" (param=1.0, duration=9.0s)
[navigation_node-4] [WARN] [1789854060.211923095] [navigation_node]: NavigationNode: Emitting erratic velocity due to navigation_failure!
[monitor_node-5] [WARN] [1789854060.213764395] [diagnostic_monitor]: ANOMALY on [navigation_node] /navigation/cmd_vel:linear_vel: Value 9.9900 deviated from baseline 0.5000±0.0001 (z=94900.0, confirmed x2) (sev=1.00)
[navigation_node-4] [WARN] [1789854060.221381964] [navigation_node]: NavigationNode: Injected fault "navigation_failure" (param=1.0, duration=9.0s)
[navigation_node-4] [WARN] [1789854060.311927972] [navigation_node]: NavigationNode: Emitting erratic velocity due to navigation_failure!
[monitor_node-5] [WARN] [1789854060.313815742] [diagnostic_monitor]: ANOMALY on [navigation_node] /navigation/cmd_vel:linear_vel: Value 9.9900 deviated from baseline 0.5000±0.0001 (z=94900.0, confirmed x3) (sev=1.00)
[navigation_node-4] [WARN] [1789854060.413580949] [navigation_node]: NavigationNode: Emitting erratic velocity due to navigation_failure!
[monitor_node-5] [WARN] [1789854060.415847440] [diagnostic_monitor]: ANOMALY on [navigation_node] /navigation/cmd_vel:linear_vel: Value 9.9900 deviated from baseline 0.5000±0.0001 (z=94900.0, confirmed x4) (sev=1.00)
[navigation_node-4] [WARN] [1789854060.511661593] [navigation_node]: NavigationNode: Emitting erratic velocity due to navigation_failure!
[monitor_node-5] [WARN] [1789854060.513505357] [diagnostic_monitor]: ANOMALY on [navigation_node] /navigation/cmd_vel:linear_vel: Value 9.9900 deviated from baseline 0.5000±0.0001 (z=94900.0, confirmed x5) (sev=1.00)
[monitor_node-5] [INFO] [1789854060.548615664] [diagnostic_monitor]: 
[monitor_node-5] ============================================================
[monitor_node-5] ROOT CAUSE DIAGNOSIS: navigation_node (Confidence: 1.000)
[monitor_node-5] ============================================================
[monitor_node-5] Score Breakdown  R(C) = wD*D + wT*T + wS*S + wA*A:
[monitor_node-5]   R(navigation_node) = 0.3·D(1.00) + 0.3·T(1.00) + 0.25·S(1.00) + 0.15·A(1.00) = 1.000
[monitor_node-5]   - Dependency D: 1.00 (reaches 0 downstream anomalous node(s); 0 anomalous upstream node(s))
[monitor_node-5]   - Temporal   T: 1.00 (first anomaly at t=1789854060.11s; earliest in window = supporting evidence, not proof of causality)
[monitor_node-5]   - Symptom    S: 1.00 (explains 1/1 anomalous nodes)
[monitor_node-5]   - Severity   A: 1.00 (max normalised severity on node, 4 direct anomaly event(s))
[monitor_node-5] 
[monitor_node-5] Propagation Chain (evidence-ordered, via discovered graph edges):
[monitor_node-5]   navigation_node (t=1789854060.11s: /navigation/cmd_vel:linear_vel, sev=1.00)
[monitor_node-5] 
[monitor_node-5] Candidate Ranking & Evidence Comparison:
[monitor_node-5]   #2 localization_node    R=0.415 (Δ -0.585) [no direct anomaly observed; does not reach observed symptoms via dependency edges]
[monitor_node-5]   #3 perception_node      R=0.415 (Δ -0.585) [no direct anomaly observed; does not reach observed symptoms via dependency edges]
[monitor_node-5]   #4 sensor_node          R=0.415 (Δ -0.585) [no direct anomaly observed; does not reach observed symptoms via dependency edges]
[monitor_node-5] ============================================================
[navigation_node-4] [WARN] [1789854060.611768944] [navigation_node]: NavigationNode: Emitting erratic velocity due to navigation_failure!
[monitor_node-5] [WARN] [1789854060.613531239] [diagnostic_monitor]: ANOMALY on [navigation_node] /navigation/cmd_vel:linear_vel: Value 9.9900 deviated from baseline 0.5000±0.0001 (z=94900.0, confirmed x6) (sev=1.00)
[navigation_node-4] [WARN] [1789854060.711499427] [navigation_node]: NavigationNode: Emitting erratic velocity due to navigation_failure!
[monitor_node-5] [WARN] [1789854060.713551318] [diagnostic_monitor]: ANOMALY on [navigation_node] /navigation/cmd_vel:linear_vel: Value 9.9900 deviated from baseline 0.5000±0.0001 (z=94900.0, confirmed x7) (sev=1.00)
[navigation_node-4] [WARN] [1789854060.811827705] [navigation_node]: NavigationNode: Emitting erratic velocity due to navigation_failure!
[monitor_node-5] [WARN] [1789854060.814200079] [diagnostic_monitor]: ANOMALY on [navigation_node] /navigation/cmd_vel:linear_vel: Value 9.9900 deviated from baseline 0.5000±0.0001 (z=94900.0, confirmed x8) (sev=1.00)
[navigation_node-4] [WARN] [1789854060.911501942] [navigation_node]: NavigationNode: Emitting erratic velocity due to navigation_failure!
[monitor_node-5] [WARN] [1789854060.915734921] [diagnostic_monitor]: ANOMALY on [navigation_node] /navigation/cmd_vel:linear_vel: Value 9.9900 deviated from baseline 0.5000±0.0001 (z=94900.0, confirmed x9) (sev=1.00)
[navigation_node-4] [WARN] [1789854061.012452758] [navigation_node]: NavigationNode: Emitting erratic velocity due to navigation_failure!
[monitor_node-5] [WARN] [1789854061.016604102] [diagnostic_monitor]: ANOMALY on [navigation_node] /navigation/cmd_vel:linear_vel: Value 9.9900 deviated from baseline 0.5000±0.0001 (z=94900.0, confirmed x10) (sev=1.00)
[navigation_node-4] [WARN] [1789854061.112016173] [navigation_node]: NavigationNode: Emitting erratic velocity due to navigation_failure!
[monitor_node-5] [WARN] [1789854061.113979883] [diagnostic_monitor]: ANOMALY on [navigation_node] /navigation/cmd_vel:linear_vel: Value 9.9900 deviated from baseline 0.5000±0.0001 (z=94900.0, confirmed x11) (sev=1.00)
[navigation_node-4] [WARN] [1789854061.212307933] [navigation_node]: NavigationNode: Emitting erratic velocity due to navigation_failure!
[monitor_node-5] [WARN] [1789854061.216526220] [diagnostic_monitor]: ANOMALY on [navigation_node] /navigation/cmd_vel:linear_vel: Value 9.9900 deviated from baseline 0.5000±0.0001 (z=94900.0, confirmed x12) (sev=1.00)
[navigation_node-4] [WARN] [1789854061.311604063] [navigation_node]: NavigationNode: Emitting erratic velocity due to navigation_failure!
[monitor_node-5] [WARN] [1789854061.313673355] [diagnostic_monitor]: ANOMALY on [navigation_node] /navigation/cmd_vel:linear_vel: Value 9.9900 deviated from baseline 0.5000±0.0001 (z=94900.0, confirmed x13) (sev=1.00)
[navigation_node-4] [WARN] [1789854061.411612091] [navigation_node]: NavigationNode: Emitting erratic velocity due to navigation_failure!
[monitor_node-5] [WARN] [1789854061.413136904] [diagnostic_monitor]: ANOMALY on [navigation_node] /navigation/cmd_vel:linear_vel: Value 9.9900 deviated from baseline 0.5000±0.0001 (z=94900.0, confirmed x14) (sev=1.00)
[navigation_node-4] [WARN] [1789854061.511562307] [navigation_node]: NavigationNode: Emitting erratic velocity due to navigation_failure!
[monitor_node-5] [WARN] [1789854061.513107165] [diagnostic_monitor]: ANOMALY on [navigation_node] /navigation/cmd_vel:linear_vel: Value 9.9900 deviated from baseline 0.5000±0.0001 (z=94900.0, confirmed x15) (sev=1.00)
[navigation_node-4] [WARN] [1789854061.612824643] [navigation_node]: NavigationNode: Emitting erratic velocity due to navigation_failure!
[monitor_node-5] [WARN] [1789854061.615555740] [diagnostic_monitor]: ANOMALY on [navigation_node] /navigation/cmd_vel:linear_vel: Value 9.9900 deviated from baseline 0.5000±0.0001 (z=94900.0, confirmed x16) (sev=1.00)
[navigation_node-4] [WARN] [1789854061.711486353] [navigation_node]: NavigationNode: Emitting erratic velocity due to navigation_failure!
[monitor_node-5] [WARN] [1789854061.713256562] [diagnostic_monitor]: ANOMALY on [navigation_node] /navigation/cmd_vel:linear_vel: Value 9.9900 deviated from baseline 0.5000±0.0001 (z=94900.0, confirmed x17) (sev=1.00)
[navigation_node-4] [WARN] [1789854061.811513360] [navigation_node]: NavigationNode: Emitting erratic velocity due to navigation_failure!
[monitor_node-5] [WARN] [1789854061.813123676] [diagnostic_monitor]: ANOMALY on [navigation_node] /navigation/cmd_vel:linear_vel: Value 9.9900 deviated from baseline 0.5000±0.0001 (z=94900.0, confirmed x18) (sev=1.00)
[navigation_node-4] [WARN] [1789854061.911381466] [navigation_node]: NavigationNode: Emitting erratic velocity due to navigation_failure!
[monitor_node-5] [WARN] [1789854061.913127827] [diagnostic_monitor]: ANOMALY on [navigation_node] /navigation/cmd_vel:linear_vel: Value 9.9900 deviated from baseline 0.5000±0.0001 (z=94900.0, confirmed x19) (sev=1.00)
[navigation_node-4] [WARN] [1789854062.011427008] [navigation_node]: NavigationNode: Emitting erratic velocity due to navigation_failure!
[monitor_node-5] [WARN] [1789854062.012909694] [diagnostic_monitor]: ANOMALY on [navigation_node] /navigation/cmd_vel:linear_vel: Value 9.9900 deviated from baseline 0.5000±0.0001 (z=94900.0, confirmed x20) (sev=1.00)
[navigation_node-4] [WARN] [1789854062.112389262] [navigation_node]: NavigationNode: Emitting erratic velocity due to navigation_failure!
[monitor_node-5] [WARN] [1789854062.114803635] [diagnostic_monitor]: ANOMALY on [navigation_node] /navigation/cmd_vel:linear_vel: Value 9.9900 deviated from baseline 0.5000±0.0001 (z=94900.0, confirmed x21) (sev=1.00)
[navigation_node-4] [WARN] [1789854062.212003473] [navigation_node]: NavigationNode: Emitting erratic velocity due to navigation_failure!
[monitor_node-5] [WARN] [1789854062.214004801] [diagnostic_monitor]: ANOMALY on [navigation_node] /navigation/cmd_vel:linear_vel: Value 9.9900 deviated from baseline 0.5000±0.0001 (z=94900.0, confirmed x22) (sev=1.00)
[navigation_node-4] [WARN] [1789854062.311670703] [navigation_node]: NavigationNode: Emitting erratic velocity due to navigation_failure!
[monitor_node-5] [WARN] [1789854062.313553362] [diagnostic_monitor]: ANOMALY on [navigation_node] /navigation/cmd_vel:linear_vel: Value 9.9900 deviated from baseline 0.5000±0.0001 (z=94900.0, confirmed x23) (sev=1.00)
[navigation_node-4] [WARN] [1789854062.412822370] [navigation_node]: NavigationNode: Emitting erratic velocity due to navigation_failure!
[monitor_node-5] [WARN] [1789854062.414956655] [diagnostic_monitor]: ANOMALY on [navigation_node] /navigation/cmd_vel:linear_vel: Value 9.9900 deviated from baseline 0.5000±0.0001 (z=94900.0, confirmed x24) (sev=1.00)
[navigation_node-4] [WARN] [1789854062.511315299] [navigation_node]: NavigationNode: Emitting erratic velocity due to navigation_failure!
[monitor_node-5] [WARN] [1789854062.512747766] [diagnostic_monitor]: ANOMALY on [navigation_node] /navigation/cmd_vel:linear_vel: Value 9.9900 deviated from baseline 0.5000±0.0001 (z=94900.0, confirmed x25) (sev=1.00)
[navigation_node-4] [WARN] [1789854062.611733721] [navigation_node]: NavigationNode: Emitting erratic velocity due to navigation_failure!
[monitor_node-5] [WARN] [1789854062.613353070] [diagnostic_monitor]: ANOMALY on [navigation_node] /navigation/cmd_vel:linear_vel: Value 9.9900 deviated from baseline 0.5000±0.0001 (z=94900.0, confirmed x26) (sev=1.00)
[navigation_node-4] [WARN] [1789854062.711563734] [navigation_node]: NavigationNode: Emitting erratic velocity due to navigation_failure!
[monitor_node-5] [WARN] [1789854062.713013897] [diagnostic_monitor]: ANOMALY on [navigation_node] /navigation/cmd_vel:linear_vel: Value 9.9900 deviated from baseline 0.5000±0.0001 (z=94900.0, confirmed x27) (sev=1.00)
[navigation_node-4] [WARN] [1789854062.811580451] [navigation_node]: NavigationNode: Emitting erratic velocity due to navigation_failure!
[monitor_node-5] [WARN] [1789854062.813332355] [diagnostic_monitor]: ANOMALY on [navigation_node] /navigation/cmd_vel:linear_vel: Value 9.9900 deviated from baseline 0.5000±0.0001 (z=94900.0, confirmed x28) (sev=1.00)
[navigation_node-4] [WARN] [1789854062.911550668] [navigation_node]: NavigationNode: Emitting erratic velocity due to navigation_failure!
[monitor_node-5] [WARN] [1789854062.913611471] [diagnostic_monitor]: ANOMALY on [navigation_node] /navigation/cmd_vel:linear_vel: Value 9.9900 deviated from baseline 0.5000±0.0001 (z=94900.0, confirmed x29) (sev=1.00)
[navigation_node-4] [WARN] [1789854063.011311829] [navigation_node]: NavigationNode: Emitting erratic velocity due to navigation_failure!
[monitor_node-5] [WARN] [1789854063.013095318] [diagnostic_monitor]: ANOMALY on [navigation_node] /navigation/cmd_vel:linear_vel: Value 9.9900 deviated from baseline 0.5000±0.0001 (z=94900.0, confirmed x30) (sev=1.00)
[navigation_node-4] [WARN] [1789854063.111808344] [navigation_node]: NavigationNode: Emitting erratic velocity due to navigation_failure!
[monitor_node-5] [WARN] [1789854063.113790692] [diagnostic_monitor]: ANOMALY on [navigation_node] /navigation/cmd_vel:linear_vel: Value 9.9900 deviated from baseline 0.5000±0.0001 (z=94900.0, confirmed x31) (sev=1.00)
[navigation_node-4] [WARN] [1789854063.212168079] [navigation_node]: NavigationNode: Emitting erratic velocity due to navigation_failure!
[monitor_node-5] [WARN] [1789854063.215028636] [diagnostic_monitor]: ANOMALY on [navigation_node] /navigation/cmd_vel:linear_vel: Value 9.9900 deviated from baseline 0.5000±0.0001 (z=94900.0, confirmed x32) (sev=1.00)
[navigation_node-4] [WARN] [1789854063.311481039] [navigation_node]: NavigationNode: Emitting erratic velocity due to navigation_failure!
[monitor_node-5] [WARN] [1789854063.313281026] [diagnostic_monitor]: ANOMALY on [navigation_node] /navigation/cmd_vel:linear_vel: Value 9.9900 deviated from baseline 0.5000±0.0001 (z=94900.0, confirmed x33) (sev=1.00)
[navigation_node-4] [WARN] [1789854063.412424926] [navigation_node]: NavigationNode: Emitting erratic velocity due to navigation_failure!
[monitor_node-5] [WARN] [1789854063.414238519] [diagnostic_monitor]: ANOMALY on [navigation_node] /navigation/cmd_vel:linear_vel: Value 9.9900 deviated from baseline 0.5000±0.0001 (z=94900.0, confirmed x34) (sev=1.00)
[navigation_node-4] [WARN] [1789854063.511669039] [navigation_node]: NavigationNode: Emitting erratic velocity due to navigation_failure!
[monitor_node-5] [WARN] [1789854063.513435422] [diagnostic_monitor]: ANOMALY on [navigation_node] /navigation/cmd_vel:linear_vel: Value 9.9900 deviated from baseline 0.5000±0.0001 (z=94900.0, confirmed x35) (sev=1.00)
[navigation_node-4] [WARN] [1789854063.611124943] [navigation_node]: NavigationNode: Emitting erratic velocity due to navigation_failure!
[monitor_node-5] [WARN] [1789854063.612691957] [diagnostic_monitor]: ANOMALY on [navigation_node] /navigation/cmd_vel:linear_vel: Value 9.9900 deviated from baseline 0.5000±0.0001 (z=94900.0, confirmed x36) (sev=1.00)
[navigation_node-4] [WARN] [1789854063.711549379] [navigation_node]: NavigationNode: Emitting erratic velocity due to navigation_failure!
[monitor_node-5] [WARN] [1789854063.713124208] [diagnostic_monitor]: ANOMALY on [navigation_node] /navigation/cmd_vel:linear_vel: Value 9.9900 deviated from baseline 0.5000±0.0001 (z=94900.0, confirmed x37) (sev=1.00)
[navigation_node-4] [WARN] [1789854063.811274018] [navigation_node]: NavigationNode: Emitting erratic velocity due to navigation_failure!
[monitor_node-5] [WARN] [1789854063.812591320] [diagnostic_monitor]: ANOMALY on [navigation_node] /navigation/cmd_vel:linear_vel: Value 9.9900 deviated from baseline 0.5000±0.0001 (z=94900.0, confirmed x38) (sev=1.00)
[navigation_node-4] [WARN] [1789854063.911287299] [navigation_node]: NavigationNode: Emitting erratic velocity due to navigation_failure!
[monitor_node-5] [WARN] [1789854063.912995237] [diagnostic_monitor]: ANOMALY on [navigation_node] /navigation/cmd_vel:linear_vel: Value 9.9900 deviated from baseline 0.5000±0.0001 (z=94900.0, confirmed x39) (sev=1.00)
[navigation_node-4] [WARN] [1789854064.011464217] [navigation_node]: NavigationNode: Emitting erratic velocity due to navigation_failure!
[monitor_node-5] [WARN] [1789854064.013579218] [diagnostic_monitor]: ANOMALY on [navigation_node] /navigation/cmd_vel:linear_vel: Value 9.9900 deviated from baseline 0.5000±0.0001 (z=94900.0, confirmed x40) (sev=1.00)
[navigation_node-4] [WARN] [1789854064.111867631] [navigation_node]: NavigationNode: Emitting erratic velocity due to navigation_failure!
[monitor_node-5] [WARN] [1789854064.113790826] [diagnostic_monitor]: ANOMALY on [navigation_node] /navigation/cmd_vel:linear_vel: Value 9.9900 deviated from baseline 0.5000±0.0001 (z=94900.0, confirmed x41) (sev=1.00)
[navigation_node-4] [WARN] [1789854064.211542724] [navigation_node]: NavigationNode: Emitting erratic velocity due to navigation_failure!
[monitor_node-5] [WARN] [1789854064.213368572] [diagnostic_monitor]: ANOMALY on [navigation_node] /navigation/cmd_vel:linear_vel: Value 9.9900 deviated from baseline 0.5000±0.0001 (z=94900.0, confirmed x42) (sev=1.00)
[navigation_node-4] [WARN] [1789854064.311735935] [navigation_node]: NavigationNode: Emitting erratic velocity due to navigation_failure!
[monitor_node-5] [WARN] [1789854064.313487999] [diagnostic_monitor]: ANOMALY on [navigation_node] /navigation/cmd_vel:linear_vel: Value 9.9900 deviated from baseline 0.5000±0.0001 (z=94900.0, confirmed x43) (sev=1.00)
[navigation_node-4] [WARN] [1789854064.411515691] [navigation_node]: NavigationNode: Emitting erratic velocity due to navigation_failure!
[monitor_node-5] [WARN] [1789854064.413334866] [diagnostic_monitor]: ANOMALY on [navigation_node] /navigation/cmd_vel:linear_vel: Value 9.9900 deviated from baseline 0.5000±0.0001 (z=94900.0, confirmed x44) (sev=1.00)
[navigation_node-4] [WARN] [1789854064.511633643] [navigation_node]: NavigationNode: Emitting erratic velocity due to navigation_failure!
[monitor_node-5] [WARN] [1789854064.513366944] [diagnostic_monitor]: ANOMALY on [navigation_node] /navigation/cmd_vel:linear_vel: Value 9.9900 deviated from baseline 0.5000±0.0001 (z=94900.0, confirmed x45) (sev=1.00)
[navigation_node-4] [WARN] [1789854064.611329448] [navigation_node]: NavigationNode: Emitting erratic velocity due to navigation_failure!
[monitor_node-5] [WARN] [1789854064.620752099] [diagnostic_monitor]: ANOMALY on [navigation_node] /navigation/cmd_vel:linear_vel: Value 9.9900 deviated from baseline 0.5000±0.0001 (z=94900.0, confirmed x46) (sev=1.00)
[navigation_node-4] [WARN] [1789854064.711165376] [navigation_node]: NavigationNode: Emitting erratic velocity due to navigation_failure!
[monitor_node-5] [WARN] [1789854064.714020772] [diagnostic_monitor]: ANOMALY on [navigation_node] /navigation/cmd_vel:linear_vel: Value 9.9900 deviated from baseline 0.5000±0.0001 (z=94900.0, confirmed x47) (sev=1.00)
[navigation_node-4] [WARN] [1789854064.811398249] [navigation_node]: NavigationNode: Emitting erratic velocity due to navigation_failure!
[monitor_node-5] [WARN] [1789854064.812921298] [diagnostic_monitor]: ANOMALY on [navigation_node] /navigation/cmd_vel:linear_vel: Value 9.9900 deviated from baseline 0.5000±0.0001 (z=94900.0, confirmed x48) (sev=1.00)
[navigation_node-4] [WARN] [1789854064.911181426] [navigation_node]: NavigationNode: Emitting erratic velocity due to navigation_failure!
[monitor_node-5] [WARN] [1789854064.912985543] [diagnostic_monitor]: ANOMALY on [navigation_node] /navigation/cmd_vel:linear_vel: Value 9.9900 deviated from baseline 0.5000±0.0001 (z=94900.0, confirmed x49) (sev=1.00)
[navigation_node-4] [WARN] [1789854065.011522851] [navigation_node]: NavigationNode: Emitting erratic velocity due to navigation_failure!
[monitor_node-5] [WARN] [1789854065.013309608] [diagnostic_monitor]: ANOMALY on [navigation_node] /navigation/cmd_vel:linear_vel: Value 9.9900 deviated from baseline 0.5000±0.0001 (z=94900.0, confirmed x50) (sev=1.00)
[navigation_node-4] [WARN] [1789854065.111617189] [navigation_node]: NavigationNode: Emitting erratic velocity due to navigation_failure!
[monitor_node-5] [WARN] [1789854065.113497443] [diagnostic_monitor]: ANOMALY on [navigation_node] /navigation/cmd_vel:linear_vel: Value 9.9900 deviated from baseline 0.5000±0.0001 (z=94900.0, confirmed x51) (sev=1.00)
[navigation_node-4] [WARN] [1789854065.211863922] [navigation_node]: NavigationNode: Emitting erratic velocity due to navigation_failure!
[monitor_node-5] [WARN] [1789854065.213999485] [diagnostic_monitor]: ANOMALY on [navigation_node] /navigation/cmd_vel:linear_vel: Value 9.9900 deviated from baseline 0.5000±0.0001 (z=94900.0, confirmed x52) (sev=1.00)
[navigation_node-4] [WARN] [1789854065.312519582] [navigation_node]: NavigationNode: Emitting erratic velocity due to navigation_failure!
[monitor_node-5] [WARN] [1789854065.314227067] [diagnostic_monitor]: ANOMALY on [navigation_node] /navigation/cmd_vel:linear_vel: Value 9.9900 deviated from baseline 0.5000±0.0001 (z=94900.0, confirmed x53) (sev=1.00)
[navigation_node-4] [WARN] [1789854065.412104837] [navigation_node]: NavigationNode: Emitting erratic velocity due to navigation_failure!
[monitor_node-5] [WARN] [1789854065.414508423] [diagnostic_monitor]: ANOMALY on [navigation_node] /navigation/cmd_vel:linear_vel: Value 9.9900 deviated from baseline 0.5000±0.0001 (z=94900.0, confirmed x54) (sev=1.00)
[navigation_node-4] [WARN] [1789854065.511202765] [navigation_node]: NavigationNode: Emitting erratic velocity due to navigation_failure!
[monitor_node-5] [WARN] [1789854065.512786472] [diagnostic_monitor]: ANOMALY on [navigation_node] /navigation/cmd_vel:linear_vel: Value 9.9900 deviated from baseline 0.5000±0.0001 (z=94900.0, confirmed x55) (sev=1.00)
[navigation_node-4] [WARN] [1789854065.611268128] [navigation_node]: NavigationNode: Emitting erratic velocity due to navigation_failure!
[monitor_node-5] [WARN] [1789854065.612770118] [diagnostic_monitor]: ANOMALY on [navigation_node] /navigation/cmd_vel:linear_vel: Value 9.9900 deviated from baseline 0.5000±0.0001 (z=94900.0, confirmed x56) (sev=1.00)
[navigation_node-4] [WARN] [1789854065.711495041] [navigation_node]: NavigationNode: Emitting erratic velocity due to navigation_failure!
[monitor_node-5] [WARN] [1789854065.713211038] [diagnostic_monitor]: ANOMALY on [navigation_node] /navigation/cmd_vel:linear_vel: Value 9.9900 deviated from baseline 0.5000±0.0001 (z=94900.0, confirmed x57) (sev=1.00)
[navigation_node-4] [WARN] [1789854065.811960395] [navigation_node]: NavigationNode: Emitting erratic velocity due to navigation_failure!
[monitor_node-5] [WARN] [1789854065.813622732] [diagnostic_monitor]: ANOMALY on [navigation_node] /navigation/cmd_vel:linear_vel: Value 9.9900 deviated from baseline 0.5000±0.0001 (z=94900.0, confirmed x58) (sev=1.00)
[navigation_node-4] [WARN] [1789854065.911604305] [navigation_node]: NavigationNode: Emitting erratic velocity due to navigation_failure!
[monitor_node-5] [WARN] [1789854065.913355016] [diagnostic_monitor]: ANOMALY on [navigation_node] /navigation/cmd_vel:linear_vel: Value 9.9900 deviated from baseline 0.5000±0.0001 (z=94900.0, confirmed x59) (sev=1.00)
[navigation_node-4] [WARN] [1789854066.011499974] [navigation_node]: NavigationNode: Emitting erratic velocity due to navigation_failure!
[monitor_node-5] [WARN] [1789854066.013419837] [diagnostic_monitor]: ANOMALY on [navigation_node] /navigation/cmd_vel:linear_vel: Value 9.9900 deviated from baseline 0.5000±0.0001 (z=94900.0, confirmed x60) (sev=1.00)
[navigation_node-4] [WARN] [1789854066.111646835] [navigation_node]: NavigationNode: Emitting erratic velocity due to navigation_failure!
[monitor_node-5] [WARN] [1789854066.113540832] [diagnostic_monitor]: ANOMALY on [navigation_node] /navigation/cmd_vel:linear_vel: Value 9.9900 deviated from baseline 0.5000±0.0001 (z=94900.0, confirmed x61) (sev=1.00)
[navigation_node-4] [WARN] [1789854066.211626922] [navigation_node]: NavigationNode: Emitting erratic velocity due to navigation_failure!
[monitor_node-5] [WARN] [1789854066.213431648] [diagnostic_monitor]: ANOMALY on [navigation_node] /navigation/cmd_vel:linear_vel: Value 9.9900 deviated from baseline 0.5000±0.0001 (z=94900.0, confirmed x62) (sev=1.00)
[perception_node-2] [INFO] [1789854066.275275445] [perception_node]: PerceptionNode: Fault cleared.
[localization_node-3] [INFO] [1789854066.275277393] [localization_node]: LocalizationNode: Fault cleared.
[sensor_node-1] [INFO] [1789854066.275279900] [sensor_node]: SensorNode: Fault cleared.
[navigation_node-4] [INFO] [1789854066.275323571] [navigation_node]: NavigationNode: Fault cleared.
[localization_node-3] [INFO] [1789854066.325754296] [localization_node]: LocalizationNode: Fault cleared.
[perception_node-2] [INFO] [1789854066.325768900] [perception_node]: PerceptionNode: Fault cleared.
[sensor_node-1] [INFO] [1789854066.325771498] [sensor_node]: SensorNode: Fault cleared.
[navigation_node-4] [INFO] [1789854066.325772757] [navigation_node]: NavigationNode: Fault cleared.
[sensor_node-1] [INFO] [1789854066.376229890] [sensor_node]: SensorNode: Fault cleared.
[navigation_node-4] [INFO] [1789854066.376255334] [navigation_node]: NavigationNode: Fault cleared.
[perception_node-2] [INFO] [1789854066.376287837] [perception_node]: PerceptionNode: Fault cleared.
[localization_node-3] [INFO] [1789854066.376287477] [localization_node]: LocalizationNode: Fault cleared.
[navigation_node-4] [INFO] [1789854066.426739101] [navigation_node]: NavigationNode: Fault cleared.
[localization_node-3] [INFO] [1789854066.426785975] [localization_node]: LocalizationNode: Fault cleared.
[perception_node-2] [INFO] [1789854066.426815418] [perception_node]: PerceptionNode: Fault cleared.
[sensor_node-1] [INFO] [1789854066.426815050] [sensor_node]: SensorNode: Fault cleared.
[localization_node-3] [INFO] [1789854066.478286601] [localization_node]: LocalizationNode: Fault cleared.
[sensor_node-1] [INFO] [1789854066.478295353] [sensor_node]: SensorNode: Fault cleared.
[perception_node-2] [INFO] [1789854066.478301702] [perception_node]: PerceptionNode: Fault cleared.
[navigation_node-4] [INFO] [1789854066.478701537] [navigation_node]: NavigationNode: Fault cleared.
[sensor_node-1] [INFO] [1789854066.528646481] [sensor_node]: SensorNode: Fault cleared.
[perception_node-2] [INFO] [1789854066.528709552] [perception_node]: PerceptionNode: Fault cleared.
[navigation_node-4] [INFO] [1789854066.528764523] [navigation_node]: NavigationNode: Fault cleared.
[localization_node-3] [INFO] [1789854066.528764734] [localization_node]: LocalizationNode: Fault cleared.
[localization_node-3] [INFO] [1789854066.579420043] [localization_node]: LocalizationNode: Fault cleared.
[sensor_node-1] [INFO] [1789854066.579464478] [sensor_node]: SensorNode: Fault cleared.
[perception_node-2] [INFO] [1789854066.579695780] [perception_node]: PerceptionNode: Fault cleared.
[navigation_node-4] [INFO] [1789854066.580121231] [navigation_node]: NavigationNode: Fault cleared.
[sensor_node-1] [INFO] [1789854066.629917307] [sensor_node]: SensorNode: Fault cleared.
[navigation_node-4] [INFO] [1789854066.629997031] [navigation_node]: NavigationNode: Fault cleared.
[localization_node-3] [INFO] [1789854066.630040431] [localization_node]: LocalizationNode: Fault cleared.
[perception_node-2] [INFO] [1789854066.630043054] [perception_node]: PerceptionNode: Fault cleared.
[monitor_node-5] [INFO] [1789854072.547752663] [diagnostic_monitor]: Anomaly window cleared. System operating nominally.
[sensor_node-1] [WARN] [1789854074.190073510] [sensor_node]: SensorNode: Injected fault "degradation" (param=0.0, duration=9.0s)
[perception_node-2] [WARN] [1789854074.210187219] [perception_node]: PerceptionNode: Input scan degraded (NaNs=60/60). Outputting degraded obstacles.
[sensor_node-1] [WARN] [1789854074.240456404] [sensor_node]: SensorNode: Injected fault "degradation" (param=0.0, duration=9.0s)
[sensor_node-1] [WARN] [1789854074.290973202] [sensor_node]: SensorNode: Injected fault "degradation" (param=0.0, duration=9.0s)
[perception_node-2] [WARN] [1789854074.310163567] [perception_node]: PerceptionNode: Input scan degraded (NaNs=60/60). Outputting degraded obstacles.
[monitor_node-5] [WARN] [1789854074.310276905] [diagnostic_monitor]: ANOMALY on [sensor_node] /sensor/scan:nan_ratio: Value 0.6667 deviated from baseline 0.0000±0.0001 (z=6666.7, confirmed x2) (sev=1.00)
[monitor_node-5] [WARN] [1789854074.311769478] [diagnostic_monitor]: ANOMALY on [perception_node] /perception/obstacles:obstacle_count: Value 0.0000 deviated from baseline 2.0000±0.0001 (z=20000.0, confirmed x2) (sev=1.00)
[sensor_node-1] [WARN] [1789854074.341478693] [sensor_node]: SensorNode: Injected fault "degradation" (param=0.0, duration=9.0s)
[perception_node-2] [WARN] [1789854074.410147163] [perception_node]: PerceptionNode: Input scan degraded (NaNs=60/60). Outputting degraded obstacles.
[monitor_node-5] [WARN] [1789854074.410498293] [diagnostic_monitor]: ANOMALY on [sensor_node] /sensor/scan:nan_ratio: Value 0.6500 deviated from baseline 0.0000±0.0001 (z=6500.0, confirmed x3) (sev=1.00)
[localization_node-3] [WARN] [1789854074.411768296] [localization_node]: LocalizationNode: Upstream perception missing! Pose updates frozen.
[monitor_node-5] [WARN] [1789854074.411943779] [diagnostic_monitor]: ANOMALY on [perception_node] /perception/obstacles:obstacle_count: Value 0.0000 deviated from baseline 2.0000±0.0001 (z=20000.0, confirmed x3) (sev=1.00)
[monitor_node-5] [WARN] [1789854074.510393627] [diagnostic_monitor]: ANOMALY on [sensor_node] /sensor/scan:nan_ratio: Value 0.5833 deviated from baseline 0.0000±0.0001 (z=5833.3, confirmed x4) (sev=1.00)
[perception_node-2] [WARN] [1789854074.512232535] [perception_node]: PerceptionNode: Input scan degraded (NaNs=60/60). Outputting degraded obstacles.
[monitor_node-5] [WARN] [1789854074.514048426] [diagnostic_monitor]: ANOMALY on [perception_node] /perception/obstacles:obstacle_count: Value 0.0000 deviated from baseline 2.0000±0.0001 (z=20000.0, confirmed x4) (sev=1.00)
[localization_node-3] [WARN] [1789854074.514131088] [localization_node]: LocalizationNode: Upstream perception missing! Pose updates frozen.
[monitor_node-5] [INFO] [1789854074.548625753] [diagnostic_monitor]: 
[monitor_node-5] ============================================================
[monitor_node-5] ROOT CAUSE DIAGNOSIS: sensor_node (Confidence: 1.000)
[monitor_node-5] ============================================================
[monitor_node-5] Score Breakdown  R(C) = wD*D + wT*T + wS*S + wA*A:
[monitor_node-5]   R(sensor_node) = 0.3·D(1.00) + 0.3·T(1.00) + 0.25·S(1.00) + 0.15·A(1.00) = 1.000
[monitor_node-5]   - Dependency D: 1.00 (reaches 1 downstream anomalous node(s); 0 anomalous upstream node(s))
[monitor_node-5]   - Temporal   T: 1.00 (first anomaly at t=1789854074.21s; earliest in window = supporting evidence, not proof of causality)
[monitor_node-5]   - Symptom    S: 1.00 (explains 2/2 anomalous nodes)
[monitor_node-5]   - Severity   A: 1.00 (max normalised severity on node, 3 direct anomaly event(s))
[monitor_node-5] 
[monitor_node-5] Propagation Chain (evidence-ordered, via discovered graph edges):
[monitor_node-5]   sensor_node (t=1789854074.21s: /sensor/scan:nan_ratio, sev=1.00)
[monitor_node-5]     └─→ perception_node via /sensor/scan (t=1789854074.21s, +0.00s after sensor_node: /perception/obstacles:obstacle_count)
[monitor_node-5] 
[monitor_node-5] Candidate Ranking & Evidence Comparison:
[monitor_node-5]   #2 perception_node      R=0.575 (Δ -0.425) [first anomaly 0.00s after sensor_node; downstream of sensor_node in discovered graph; lower symptom coverage (50% vs 100%)]
[monitor_node-5] ============================================================
[perception_node-2] [WARN] [1789854074.610284354] [perception_node]: PerceptionNode: Input scan degraded (NaNs=60/60). Outputting degraded obstacles.
[monitor_node-5] [WARN] [1789854074.610536800] [diagnostic_monitor]: ANOMALY on [sensor_node] /sensor/scan:nan_ratio: Value 0.6333 deviated from baseline 0.0000±0.0001 (z=6333.3, confirmed x5) (sev=1.00)
[monitor_node-5] [WARN] [1789854074.611684050] [diagnostic_monitor]: ANOMALY on [perception_node] /perception/obstacles:obstacle_count: Value 0.0000 deviated from baseline 2.0000±0.0001 (z=20000.0, confirmed x5) (sev=1.00)
[localization_node-3] [WARN] [1789854074.611826426] [localization_node]: LocalizationNode: Upstream perception missing! Pose updates frozen.
[monitor_node-5] [WARN] [1789854074.710060723] [diagnostic_monitor]: ANOMALY on [sensor_node] /sensor/scan:nan_ratio: Value 0.5833 deviated from baseline 0.0000±0.0001 (z=5833.3, confirmed x6) (sev=1.00)
[perception_node-2] [WARN] [1789854074.710361010] [perception_node]: PerceptionNode: Input scan degraded (NaNs=60/60). Outputting degraded obstacles.
[monitor_node-5] [WARN] [1789854074.711807524] [diagnostic_monitor]: ANOMALY on [perception_node] /perception/obstacles:obstacle_count: Value 0.0000 deviated from baseline 2.0000±0.0001 (z=20000.0, confirmed x6) (sev=1.00)
[localization_node-3] [WARN] [1789854074.711919444] [localization_node]: LocalizationNode: Upstream perception missing! Pose updates frozen.
[perception_node-2] [WARN] [1789854074.810048387] [perception_node]: PerceptionNode: Input scan degraded (NaNs=60/60). Outputting degraded obstacles.
[monitor_node-5] [WARN] [1789854074.810135477] [diagnostic_monitor]: ANOMALY on [sensor_node] /sensor/scan:nan_ratio: Value 0.5500 deviated from baseline 0.0000±0.0001 (z=5500.0, confirmed x7) (sev=1.00)
[monitor_node-5] [WARN] [1789854074.811429044] [diagnostic_monitor]: ANOMALY on [perception_node] /perception/obstacles:obstacle_count: Value 0.0000 deviated from baseline 2.0000±0.0001 (z=20000.0, confirmed x7) (sev=1.00)
[localization_node-3] [WARN] [1789854074.811477740] [localization_node]: LocalizationNode: Upstream perception missing! Pose updates frozen.
[perception_node-2] [WARN] [1789854074.909937700] [perception_node]: PerceptionNode: Input scan degraded (NaNs=60/60). Outputting degraded obstacles.
[monitor_node-5] [WARN] [1789854074.910368589] [diagnostic_monitor]: ANOMALY on [sensor_node] /sensor/scan:nan_ratio: Value 0.5833 deviated from baseline 0.0000±0.0001 (z=5833.3, confirmed x8) (sev=1.00)
[localization_node-3] [WARN] [1789854074.911546699] [localization_node]: LocalizationNode: Upstream perception missing! Pose updates frozen.
[monitor_node-5] [WARN] [1789854074.911570288] [diagnostic_monitor]: ANOMALY on [perception_node] /perception/obstacles:obstacle_count: Value 0.0000 deviated from baseline 2.0000±0.0001 (z=20000.0, confirmed x8) (sev=1.00)
[monitor_node-5] [WARN] [1789854075.010197781] [diagnostic_monitor]: ANOMALY on [sensor_node] /sensor/scan:nan_ratio: Value 0.6500 deviated from baseline 0.0000±0.0001 (z=6500.0, confirmed x9) (sev=1.00)
[perception_node-2] [WARN] [1789854075.010416967] [perception_node]: PerceptionNode: Input scan degraded (NaNs=60/60). Outputting degraded obstacles.
[monitor_node-5] [WARN] [1789854075.011620848] [diagnostic_monitor]: ANOMALY on [perception_node] /perception/obstacles:obstacle_count: Value 0.0000 deviated from baseline 2.0000±0.0001 (z=20000.0, confirmed x9) (sev=1.00)
[localization_node-3] [WARN] [1789854075.011858456] [localization_node]: LocalizationNode: Upstream perception missing! Pose updates frozen.
[perception_node-2] [WARN] [1789854075.110176039] [perception_node]: PerceptionNode: Input scan degraded (NaNs=60/60). Outputting degraded obstacles.
[monitor_node-5] [WARN] [1789854075.110436943] [diagnostic_monitor]: ANOMALY on [sensor_node] /sensor/scan:nan_ratio: Value 0.6000 deviated from baseline 0.0000±0.0001 (z=6000.0, confirmed x10) (sev=1.00)
[localization_node-3] [WARN] [1789854075.111822558] [localization_node]: LocalizationNode: Upstream perception missing! Pose updates frozen.
[monitor_node-5] [WARN] [1789854075.111881817] [diagnostic_monitor]: ANOMALY on [perception_node] /perception/obstacles:obstacle_count: Value 0.0000 deviated from baseline 2.0000±0.0001 (z=20000.0, confirmed x10) (sev=1.00)
[perception_node-2] [WARN] [1789854075.210131666] [perception_node]: PerceptionNode: Input scan degraded (NaNs=60/60). Outputting degraded obstacles.
[monitor_node-5] [WARN] [1789854075.210262645] [diagnostic_monitor]: ANOMALY on [sensor_node] /sensor/scan:nan_ratio: Value 0.6500 deviated from baseline 0.0000±0.0001 (z=6500.0, confirmed x11) (sev=1.00)
[monitor_node-5] [WARN] [1789854075.211729332] [diagnostic_monitor]: ANOMALY on [perception_node] /perception/obstacles:obstacle_count: Value 0.0000 deviated from baseline 2.0000±0.0001 (z=20000.0, confirmed x11) (sev=1.00)
[localization_node-3] [WARN] [1789854075.211890221] [localization_node]: LocalizationNode: Upstream perception missing! Pose updates frozen.
[monitor_node-5] [WARN] [1789854075.310138115] [diagnostic_monitor]: ANOMALY on [sensor_node] /sensor/scan:nan_ratio: Value 0.6333 deviated from baseline 0.0000±0.0001 (z=6333.3, confirmed x12) (sev=1.00)
[perception_node-2] [WARN] [1789854075.310173567] [perception_node]: PerceptionNode: Input scan degraded (NaNs=60/60). Outputting degraded obstacles.
[localization_node-3] [WARN] [1789854075.311785530] [localization_node]: LocalizationNode: Upstream perception missing! Pose updates frozen.
[monitor_node-5] [WARN] [1789854075.311816738] [diagnostic_monitor]: ANOMALY on [perception_node] /perception/obstacles:obstacle_count: Value 0.0000 deviated from baseline 2.0000±0.0001 (z=20000.0, confirmed x12) (sev=1.00)
[monitor_node-5] [WARN] [1789854075.410166588] [diagnostic_monitor]: ANOMALY on [sensor_node] /sensor/scan:nan_ratio: Value 0.6000 deviated from baseline 0.0000±0.0001 (z=6000.0, confirmed x13) (sev=1.00)
[perception_node-2] [WARN] [1789854075.410406857] [perception_node]: PerceptionNode: Input scan degraded (NaNs=60/60). Outputting degraded obstacles.
[monitor_node-5] [WARN] [1789854075.411696152] [diagnostic_monitor]: ANOMALY on [perception_node] /perception/obstacles:obstacle_count: Value 0.0000 deviated from baseline 2.0000±0.0001 (z=20000.0, confirmed x13) (sev=1.00)
[localization_node-3] [WARN] [1789854075.411956099] [localization_node]: LocalizationNode: Upstream perception missing! Pose updates frozen.
[perception_node-2] [WARN] [1789854075.509813480] [perception_node]: PerceptionNode: Input scan degraded (NaNs=60/60). Outputting degraded obstacles.
[monitor_node-5] [WARN] [1789854075.510112819] [diagnostic_monitor]: ANOMALY on [sensor_node] /sensor/scan:nan_ratio: Value 0.5833 deviated from baseline 0.0000±0.0001 (z=5833.3, confirmed x14) (sev=1.00)
[localization_node-3] [WARN] [1789854075.511484184] [localization_node]: LocalizationNode: Upstream perception missing! Pose updates frozen.
[monitor_node-5] [WARN] [1789854075.511489992] [diagnostic_monitor]: ANOMALY on [perception_node] /perception/obstacles:obstacle_count: Value 0.0000 deviated from baseline 2.0000±0.0001 (z=20000.0, confirmed x14) (sev=1.00)
[perception_node-2] [WARN] [1789854075.610061448] [perception_node]: PerceptionNode: Input scan degraded (NaNs=60/60). Outputting degraded obstacles.
[monitor_node-5] [WARN] [1789854075.610078725] [diagnostic_monitor]: ANOMALY on [sensor_node] /sensor/scan:nan_ratio: Value 0.5667 deviated from baseline 0.0000±0.0001 (z=5666.7, confirmed x15) (sev=1.00)
[monitor_node-5] [WARN] [1789854075.611480400] [diagnostic_monitor]: ANOMALY on [perception_node] /perception/obstacles:obstacle_count: Value 0.0000 deviated from baseline 2.0000±0.0001 (z=20000.0, confirmed x15) (sev=1.00)
[localization_node-3] [WARN] [1789854075.611740829] [localization_node]: LocalizationNode: Upstream perception missing! Pose updates frozen.
[perception_node-2] [WARN] [1789854075.709565804] [perception_node]: PerceptionNode: Input scan degraded (NaNs=60/60). Outputting degraded obstacles.
[monitor_node-5] [WARN] [1789854075.709822805] [diagnostic_monitor]: ANOMALY on [sensor_node] /sensor/scan:nan_ratio: Value 0.6333 deviated from baseline 0.0000±0.0001 (z=6333.3, confirmed x16) (sev=1.00)
[monitor_node-5] [WARN] [1789854075.711191140] [diagnostic_monitor]: ANOMALY on [perception_node] /perception/obstacles:obstacle_count: Value 0.0000 deviated from baseline 2.0000±0.0001 (z=20000.0, confirmed x16) (sev=1.00)
[localization_node-3] [WARN] [1789854075.711199438] [localization_node]: LocalizationNode: Upstream perception missing! Pose updates frozen.
[perception_node-2] [WARN] [1789854075.810150538] [perception_node]: PerceptionNode: Input scan degraded (NaNs=60/60). Outputting degraded obstacles.
[monitor_node-5] [WARN] [1789854075.810312209] [diagnostic_monitor]: ANOMALY on [sensor_node] /sensor/scan:nan_ratio: Value 0.5333 deviated from baseline 0.0000±0.0001 (z=5333.3, confirmed x17) (sev=1.00)
[monitor_node-5] [WARN] [1789854075.811625071] [diagnostic_monitor]: ANOMALY on [perception_node] /perception/obstacles:obstacle_count: Value 0.0000 deviated from baseline 2.0000±0.0001 (z=20000.0, confirmed x17) (sev=1.00)
[localization_node-3] [WARN] [1789854075.811829268] [localization_node]: LocalizationNode: Upstream perception missing! Pose updates frozen.
[perception_node-2] [WARN] [1789854075.909667553] [perception_node]: PerceptionNode: Input scan degraded (NaNs=60/60). Outputting degraded obstacles.
[monitor_node-5] [WARN] [1789854075.910004631] [diagnostic_monitor]: ANOMALY on [sensor_node] /sensor/scan:nan_ratio: Value 0.4500 deviated from baseline 0.0000±0.0001 (z=4500.0, confirmed x18) (sev=1.00)
[localization_node-3] [WARN] [1789854075.911493483] [localization_node]: LocalizationNode: Upstream perception missing! Pose updates frozen.
[monitor_node-5] [WARN] [1789854075.911511068] [diagnostic_monitor]: ANOMALY on [perception_node] /perception/obstacles:obstacle_count: Value 0.0000 deviated from baseline 2.0000±0.0001 (z=20000.0, confirmed x18) (sev=1.00)
[perception_node-2] [WARN] [1789854076.010122046] [perception_node]: PerceptionNode: Input scan degraded (NaNs=60/60). Outputting degraded obstacles.
[monitor_node-5] [WARN] [1789854076.010193536] [diagnostic_monitor]: ANOMALY on [sensor_node] /sensor/scan:nan_ratio: Value 0.6667 deviated from baseline 0.0000±0.0001 (z=6666.7, confirmed x19) (sev=1.00)
[monitor_node-5] [WARN] [1789854076.011566130] [diagnostic_monitor]: ANOMALY on [perception_node] /perception/obstacles:obstacle_count: Value 0.0000 deviated from baseline 2.0000±0.0001 (z=20000.0, confirmed x19) (sev=1.00)
[localization_node-3] [WARN] [1789854076.011669703] [localization_node]: LocalizationNode: Upstream perception missing! Pose updates frozen.
[perception_node-2] [WARN] [1789854076.110257456] [perception_node]: PerceptionNode: Input scan degraded (NaNs=60/60). Outputting degraded obstacles.
[monitor_node-5] [WARN] [1789854076.110344229] [diagnostic_monitor]: ANOMALY on [sensor_node] /sensor/scan:nan_ratio: Value 0.6000 deviated from baseline 0.0000±0.0001 (z=6000.0, confirmed x20) (sev=1.00)
[monitor_node-5] [WARN] [1789854076.111802699] [diagnostic_monitor]: ANOMALY on [perception_node] /perception/obstacles:obstacle_count: Value 0.0000 deviated from baseline 2.0000±0.0001 (z=20000.0, confirmed x20) (sev=1.00)
[localization_node-3] [WARN] [1789854076.111928081] [localization_node]: LocalizationNode: Upstream perception missing! Pose updates frozen.
[perception_node-2] [WARN] [1789854076.210346805] [perception_node]: PerceptionNode: Input scan degraded (NaNs=60/60). Outputting degraded obstacles.
[monitor_node-5] [WARN] [1789854076.210410100] [diagnostic_monitor]: ANOMALY on [sensor_node] /sensor/scan:nan_ratio: Value 0.6333 deviated from baseline 0.0000±0.0001 (z=6333.3, confirmed x21) (sev=1.00)
[monitor_node-5] [WARN] [1789854076.211830546] [diagnostic_monitor]: ANOMALY on [perception_node] /perception/obstacles:obstacle_count: Value 0.0000 deviated from baseline 2.0000±0.0001 (z=20000.0, confirmed x21) (sev=1.00)
[localization_node-3] [WARN] [1789854076.211998857] [localization_node]: LocalizationNode: Upstream perception missing! Pose updates frozen.
[perception_node-2] [WARN] [1789854076.310130371] [perception_node]: PerceptionNode: Input scan degraded (NaNs=60/60). Outputting degraded obstacles.
[monitor_node-5] [WARN] [1789854076.310313169] [diagnostic_monitor]: ANOMALY on [sensor_node] /sensor/scan:nan_ratio: Value 0.6167 deviated from baseline 0.0000±0.0001 (z=6166.7, confirmed x22) (sev=1.00)
[monitor_node-5] [WARN] [1789854076.311692211] [diagnostic_monitor]: ANOMALY on [perception_node] /perception/obstacles:obstacle_count: Value 0.0000 deviated from baseline 2.0000±0.0001 (z=20000.0, confirmed x22) (sev=1.00)
[localization_node-3] [WARN] [1789854076.311820329] [localization_node]: LocalizationNode: Upstream perception missing! Pose updates frozen.
[perception_node-2] [WARN] [1789854076.409990370] [perception_node]: PerceptionNode: Input scan degraded (NaNs=60/60). Outputting degraded obstacles.
[monitor_node-5] [WARN] [1789854076.410068537] [diagnostic_monitor]: ANOMALY on [sensor_node] /sensor/scan:nan_ratio: Value 0.5000 deviated from baseline 0.0000±0.0001 (z=5000.0, confirmed x23) (sev=1.00)
[monitor_node-5] [WARN] [1789854076.411534170] [diagnostic_monitor]: ANOMALY on [perception_node] /perception/obstacles:obstacle_count: Value 0.0000 deviated from baseline 2.0000±0.0001 (z=20000.0, confirmed x23) (sev=1.00)
[localization_node-3] [WARN] [1789854076.411643014] [localization_node]: LocalizationNode: Upstream perception missing! Pose updates frozen.
[perception_node-2] [WARN] [1789854076.509998290] [perception_node]: PerceptionNode: Input scan degraded (NaNs=60/60). Outputting degraded obstacles.
[monitor_node-5] [WARN] [1789854076.510174599] [diagnostic_monitor]: ANOMALY on [sensor_node] /sensor/scan:nan_ratio: Value 0.5833 deviated from baseline 0.0000±0.0001 (z=5833.3, confirmed x24) (sev=1.00)
[monitor_node-5] [WARN] [1789854076.511574326] [diagnostic_monitor]: ANOMALY on [perception_node] /perception/obstacles:obstacle_count: Value 0.0000 deviated from baseline 2.0000±0.0001 (z=20000.0, confirmed x24) (sev=1.00)
[localization_node-3] [WARN] [1789854076.511700135] [localization_node]: LocalizationNode: Upstream perception missing! Pose updates frozen.
[perception_node-2] [WARN] [1789854076.610189748] [perception_node]: PerceptionNode: Input scan degraded (NaNs=60/60). Outputting degraded obstacles.
[monitor_node-5] [WARN] [1789854076.610226484] [diagnostic_monitor]: ANOMALY on [sensor_node] /sensor/scan:nan_ratio: Value 0.6333 deviated from baseline 0.0000±0.0001 (z=6333.3, confirmed x25) (sev=1.00)
[monitor_node-5] [WARN] [1789854076.611707933] [diagnostic_monitor]: ANOMALY on [perception_node] /perception/obstacles:obstacle_count: Value 0.0000 deviated from baseline 2.0000±0.0001 (z=20000.0, confirmed x25) (sev=1.00)
[localization_node-3] [WARN] [1789854076.611837170] [localization_node]: LocalizationNode: Upstream perception missing! Pose updates frozen.
[monitor_node-5] [WARN] [1789854076.710434480] [diagnostic_monitor]: ANOMALY on [sensor_node] /sensor/scan:nan_ratio: Value 0.5833 deviated from baseline 0.0000±0.0001 (z=5833.3, confirmed x26) (sev=1.00)
[perception_node-2] [WARN] [1789854076.710464328] [perception_node]: PerceptionNode: Input scan degraded (NaNs=60/60). Outputting degraded obstacles.
[monitor_node-5] [WARN] [1789854076.711952544] [diagnostic_monitor]: ANOMALY on [perception_node] /perception/obstacles:obstacle_count: Value 0.0000 deviated from baseline 2.0000±0.0001 (z=20000.0, confirmed x26) (sev=1.00)
[localization_node-3] [WARN] [1789854076.712066453] [localization_node]: LocalizationNode: Upstream perception missing! Pose updates frozen.
[perception_node-2] [WARN] [1789854076.810237873] [perception_node]: PerceptionNode: Input scan degraded (NaNs=60/60). Outputting degraded obstacles.
[monitor_node-5] [WARN] [1789854076.810442948] [diagnostic_monitor]: ANOMALY on [sensor_node] /sensor/scan:nan_ratio: Value 0.5667 deviated from baseline 0.0000±0.0001 (z=5666.7, confirmed x27) (sev=1.00)
[monitor_node-5] [WARN] [1789854076.811808482] [diagnostic_monitor]: ANOMALY on [perception_node] /perception/obstacles:obstacle_count: Value 0.0000 deviated from baseline 2.0000±0.0001 (z=20000.0, confirmed x27) (sev=1.00)
[localization_node-3] [WARN] [1789854076.811858029] [localization_node]: LocalizationNode: Upstream perception missing! Pose updates frozen.
[perception_node-2] [WARN] [1789854076.909795771] [perception_node]: PerceptionNode: Input scan degraded (NaNs=60/60). Outputting degraded obstacles.
[monitor_node-5] [WARN] [1789854076.909939798] [diagnostic_monitor]: ANOMALY on [sensor_node] /sensor/scan:nan_ratio: Value 0.5167 deviated from baseline 0.0000±0.0001 (z=5166.7, confirmed x28) (sev=1.00)
[localization_node-3] [WARN] [1789854076.911114829] [localization_node]: LocalizationNode: Upstream perception missing! Pose updates frozen.
[monitor_node-5] [WARN] [1789854076.911263906] [diagnostic_monitor]: ANOMALY on [perception_node] /perception/obstacles:obstacle_count: Value 0.0000 deviated from baseline 2.0000±0.0001 (z=20000.0, confirmed x28) (sev=1.00)
[monitor_node-5] [WARN] [1789854077.010352955] [diagnostic_monitor]: ANOMALY on [sensor_node] /sensor/scan:nan_ratio: Value 0.6833 deviated from baseline 0.0000±0.0001 (z=6833.3, confirmed x29) (sev=1.00)
[perception_node-2] [WARN] [1789854077.011142188] [perception_node]: PerceptionNode: Input scan degraded (NaNs=60/60). Outputting degraded obstacles.
[monitor_node-5] [WARN] [1789854077.012834051] [diagnostic_monitor]: ANOMALY on [perception_node] /perception/obstacles:obstacle_count: Value 0.0000 deviated from baseline 2.0000±0.0001 (z=20000.0, confirmed x29) (sev=1.00)
[localization_node-3] [WARN] [1789854077.012889186] [localization_node]: LocalizationNode: Upstream perception missing! Pose updates frozen.
[perception_node-2] [WARN] [1789854077.110144540] [perception_node]: PerceptionNode: Input scan degraded (NaNs=60/60). Outputting degraded obstacles.
[monitor_node-5] [WARN] [1789854077.110392024] [diagnostic_monitor]: ANOMALY on [sensor_node] /sensor/scan:nan_ratio: Value 0.6167 deviated from baseline 0.0000±0.0001 (z=6166.7, confirmed x30) (sev=1.00)
[localization_node-3] [WARN] [1789854077.111849438] [localization_node]: LocalizationNode: Upstream perception missing! Pose updates frozen.
[monitor_node-5] [WARN] [1789854077.111889646] [diagnostic_monitor]: ANOMALY on [perception_node] /perception/obstacles:obstacle_count: Value 0.0000 deviated from baseline 2.0000±0.0001 (z=20000.0, confirmed x30) (sev=1.00)
[perception_node-2] [WARN] [1789854077.210159634] [perception_node]: PerceptionNode: Input scan degraded (NaNs=60/60). Outputting degraded obstacles.
[monitor_node-5] [WARN] [1789854077.210372621] [diagnostic_monitor]: ANOMALY on [sensor_node] /sensor/scan:nan_ratio: Value 0.6667 deviated from baseline 0.0000±0.0001 (z=6666.7, confirmed x31) (sev=1.00)
[monitor_node-5] [WARN] [1789854077.211806695] [diagnostic_monitor]: ANOMALY on [perception_node] /perception/obstacles:obstacle_count: Value 0.0000 deviated from baseline 2.0000±0.0001 (z=20000.0, confirmed x31) (sev=1.00)
[localization_node-3] [WARN] [1789854077.211857816] [localization_node]: LocalizationNode: Upstream perception missing! Pose updates frozen.
[perception_node-2] [WARN] [1789854077.310311931] [perception_node]: PerceptionNode: Input scan degraded (NaNs=60/60). Outputting degraded obstacles.
[monitor_node-5] [WARN] [1789854077.310387844] [diagnostic_monitor]: ANOMALY on [sensor_node] /sensor/scan:nan_ratio: Value 0.5500 deviated from baseline 0.0000±0.0001 (z=5500.0, confirmed x32) (sev=1.00)
[monitor_node-5] [WARN] [1789854077.311635363] [diagnostic_monitor]: ANOMALY on [perception_node] /perception/obstacles:obstacle_count: Value 0.0000 deviated from baseline 2.0000±0.0001 (z=20000.0, confirmed x32) (sev=1.00)
[localization_node-3] [WARN] [1789854077.311830407] [localization_node]: LocalizationNode: Upstream perception missing! Pose updates frozen.
[perception_node-2] [WARN] [1789854077.410122230] [perception_node]: PerceptionNode: Input scan degraded (NaNs=60/60). Outputting degraded obstacles.
[monitor_node-5] [WARN] [1789854077.410261964] [diagnostic_monitor]: ANOMALY on [sensor_node] /sensor/scan:nan_ratio: Value 0.5500 deviated from baseline 0.0000±0.0001 (z=5500.0, confirmed x33) (sev=1.00)
[monitor_node-5] [WARN] [1789854077.411384241] [diagnostic_monitor]: ANOMALY on [perception_node] /perception/obstacles:obstacle_count: Value 0.0000 deviated from baseline 2.0000±0.0001 (z=20000.0, confirmed x33) (sev=1.00)
[localization_node-3] [WARN] [1789854077.411480184] [localization_node]: LocalizationNode: Upstream perception missing! Pose updates frozen.
[monitor_node-5] [WARN] [1789854077.509795151] [diagnostic_monitor]: ANOMALY on [sensor_node] /sensor/scan:nan_ratio: Value 0.5667 deviated from baseline 0.0000±0.0001 (z=5666.7, confirmed x34) (sev=1.00)
[perception_node-2] [WARN] [1789854077.509810544] [perception_node]: PerceptionNode: Input scan degraded (NaNs=60/60). Outputting degraded obstacles.
[monitor_node-5] [WARN] [1789854077.511328578] [diagnostic_monitor]: ANOMALY on [perception_node] /perception/obstacles:obstacle_count: Value 0.0000 deviated from baseline 2.0000±0.0001 (z=20000.0, confirmed x34) (sev=1.00)
[localization_node-3] [WARN] [1789854077.511437774] [localization_node]: LocalizationNode: Upstream perception missing! Pose updates frozen.
[monitor_node-5] [WARN] [1789854077.610366705] [diagnostic_monitor]: ANOMALY on [sensor_node] /sensor/scan:nan_ratio: Value 0.5667 deviated from baseline 0.0000±0.0001 (z=5666.7, confirmed x35) (sev=1.00)
[perception_node-2] [WARN] [1789854077.610393866] [perception_node]: PerceptionNode: Input scan degraded (NaNs=60/60). Outputting degraded obstacles.
[monitor_node-5] [WARN] [1789854077.611792517] [diagnostic_monitor]: ANOMALY on [perception_node] /perception/obstacles:obstacle_count: Value 0.0000 deviated from baseline 2.0000±0.0001 (z=20000.0, confirmed x35) (sev=1.00)
[localization_node-3] [WARN] [1789854077.611979503] [localization_node]: LocalizationNode: Upstream perception missing! Pose updates frozen.
[perception_node-2] [WARN] [1789854077.710065490] [perception_node]: PerceptionNode: Input scan degraded (NaNs=60/60). Outputting degraded obstacles.
[monitor_node-5] [WARN] [1789854077.710196339] [diagnostic_monitor]: ANOMALY on [sensor_node] /sensor/scan:nan_ratio: Value 0.6500 deviated from baseline 0.0000±0.0001 (z=6500.0, confirmed x36) (sev=1.00)
[localization_node-3] [WARN] [1789854077.711487209] [localization_node]: LocalizationNode: Upstream perception missing! Pose updates frozen.
[monitor_node-5] [WARN] [1789854077.711611444] [diagnostic_monitor]: ANOMALY on [perception_node] /perception/obstacles:obstacle_count: Value 0.0000 deviated from baseline 2.0000±0.0001 (z=20000.0, confirmed x36) (sev=1.00)
[monitor_node-5] [WARN] [1789854077.810241931] [diagnostic_monitor]: ANOMALY on [sensor_node] /sensor/scan:nan_ratio: Value 0.6500 deviated from baseline 0.0000±0.0001 (z=6500.0, confirmed x37) (sev=1.00)
[perception_node-2] [WARN] [1789854077.810293527] [perception_node]: PerceptionNode: Input scan degraded (NaNs=60/60). Outputting degraded obstacles.
[monitor_node-5] [WARN] [1789854077.811599561] [diagnostic_monitor]: ANOMALY on [perception_node] /perception/obstacles:obstacle_count: Value 0.0000 deviated from baseline 2.0000±0.0001 (z=20000.0, confirmed x37) (sev=1.00)
[localization_node-3] [WARN] [1789854077.811897456] [localization_node]: LocalizationNode: Upstream perception missing! Pose updates frozen.
[perception_node-2] [WARN] [1789854077.910181496] [perception_node]: PerceptionNode: Input scan degraded (NaNs=60/60). Outputting degraded obstacles.
[monitor_node-5] [WARN] [1789854077.910322091] [diagnostic_monitor]: ANOMALY on [sensor_node] /sensor/scan:nan_ratio: Value 0.5333 deviated from baseline 0.0000±0.0001 (z=5333.3, confirmed x38) (sev=1.00)
[monitor_node-5] [WARN] [1789854077.911817980] [diagnostic_monitor]: ANOMALY on [perception_node] /perception/obstacles:obstacle_count: Value 0.0000 deviated from baseline 2.0000±0.0001 (z=20000.0, confirmed x38) (sev=1.00)
[localization_node-3] [WARN] [1789854077.911980058] [localization_node]: LocalizationNode: Upstream perception missing! Pose updates frozen.
[perception_node-2] [WARN] [1789854078.010223395] [perception_node]: PerceptionNode: Input scan degraded (NaNs=60/60). Outputting degraded obstacles.
[monitor_node-5] [WARN] [1789854078.010259163] [diagnostic_monitor]: ANOMALY on [sensor_node] /sensor/scan:nan_ratio: Value 0.5667 deviated from baseline 0.0000±0.0001 (z=5666.7, confirmed x39) (sev=1.00)
[monitor_node-5] [WARN] [1789854078.011698160] [diagnostic_monitor]: ANOMALY on [perception_node] /perception/obstacles:obstacle_count: Value 0.0000 deviated from baseline 2.0000±0.0001 (z=20000.0, confirmed x39) (sev=1.00)
[localization_node-3] [WARN] [1789854078.011913529] [localization_node]: LocalizationNode: Upstream perception missing! Pose updates frozen.
[perception_node-2] [WARN] [1789854078.110105734] [perception_node]: PerceptionNode: Input scan degraded (NaNs=60/60). Outputting degraded obstacles.
[monitor_node-5] [WARN] [1789854078.110608546] [diagnostic_monitor]: ANOMALY on [sensor_node] /sensor/scan:nan_ratio: Value 0.6000 deviated from baseline 0.0000±0.0001 (z=6000.0, confirmed x40) (sev=1.00)
[localization_node-3] [WARN] [1789854078.111806335] [localization_node]: LocalizationNode: Upstream perception missing! Pose updates frozen.
[monitor_node-5] [WARN] [1789854078.112044939] [diagnostic_monitor]: ANOMALY on [perception_node] /perception/obstacles:obstacle_count: Value 0.0000 deviated from baseline 2.0000±0.0001 (z=20000.0, confirmed x40) (sev=1.00)
[perception_node-2] [WARN] [1789854078.210196766] [perception_node]: PerceptionNode: Input scan degraded (NaNs=60/60). Outputting degraded obstacles.
[monitor_node-5] [WARN] [1789854078.210267829] [diagnostic_monitor]: ANOMALY on [sensor_node] /sensor/scan:nan_ratio: Value 0.6833 deviated from baseline 0.0000±0.0001 (z=6833.3, confirmed x41) (sev=1.00)
[monitor_node-5] [WARN] [1789854078.211718476] [diagnostic_monitor]: ANOMALY on [perception_node] /perception/obstacles:obstacle_count: Value 0.0000 deviated from baseline 2.0000±0.0001 (z=20000.0, confirmed x41) (sev=1.00)
[localization_node-3] [WARN] [1789854078.211829300] [localization_node]: LocalizationNode: Upstream perception missing! Pose updates frozen.
[perception_node-2] [WARN] [1789854078.309680563] [perception_node]: PerceptionNode: Input scan degraded (NaNs=60/60). Outputting degraded obstacles.
[monitor_node-5] [WARN] [1789854078.310080659] [diagnostic_monitor]: ANOMALY on [sensor_node] /sensor/scan:nan_ratio: Value 0.5500 deviated from baseline 0.0000±0.0001 (z=5500.0, confirmed x42) (sev=1.00)
[localization_node-3] [WARN] [1789854078.311278200] [localization_node]: LocalizationNode: Upstream perception missing! Pose updates frozen.
[monitor_node-5] [WARN] [1789854078.311371352] [diagnostic_monitor]: ANOMALY on [perception_node] /perception/obstacles:obstacle_count: Value 0.0000 deviated from baseline 2.0000±0.0001 (z=20000.0, confirmed x42) (sev=1.00)
[perception_node-2] [WARN] [1789854078.410040511] [perception_node]: PerceptionNode: Input scan degraded (NaNs=60/60). Outputting degraded obstacles.
[monitor_node-5] [WARN] [1789854078.410222767] [diagnostic_monitor]: ANOMALY on [sensor_node] /sensor/scan:nan_ratio: Value 0.7333 deviated from baseline 0.0000±0.0001 (z=7333.3, confirmed x43) (sev=1.00)
[localization_node-3] [WARN] [1789854078.411581204] [localization_node]: LocalizationNode: Upstream perception missing! Pose updates frozen.
[monitor_node-5] [WARN] [1789854078.411595205] [diagnostic_monitor]: ANOMALY on [perception_node] /perception/obstacles:obstacle_count: Value 0.0000 deviated from baseline 2.0000±0.0001 (z=20000.0, confirmed x43) (sev=1.00)
[monitor_node-5] [WARN] [1789854078.510163152] [diagnostic_monitor]: ANOMALY on [sensor_node] /sensor/scan:nan_ratio: Value 0.6000 deviated from baseline 0.0000±0.0001 (z=6000.0, confirmed x44) (sev=1.00)
[perception_node-2] [WARN] [1789854078.510517854] [perception_node]: PerceptionNode: Input scan degraded (NaNs=60/60). Outputting degraded obstacles.
[monitor_node-5] [WARN] [1789854078.511888527] [diagnostic_monitor]: ANOMALY on [perception_node] /perception/obstacles:obstacle_count: Value 0.0000 deviated from baseline 2.0000±0.0001 (z=20000.0, confirmed x44) (sev=1.00)
[localization_node-3] [WARN] [1789854078.512211952] [localization_node]: LocalizationNode: Upstream perception missing! Pose updates frozen.
[perception_node-2] [WARN] [1789854078.610138184] [perception_node]: PerceptionNode: Input scan degraded (NaNs=60/60). Outputting degraded obstacles.
[monitor_node-5] [WARN] [1789854078.610415692] [diagnostic_monitor]: ANOMALY on [sensor_node] /sensor/scan:nan_ratio: Value 0.6000 deviated from baseline 0.0000±0.0001 (z=6000.0, confirmed x45) (sev=1.00)
[monitor_node-5] [WARN] [1789854078.611717957] [diagnostic_monitor]: ANOMALY on [perception_node] /perception/obstacles:obstacle_count: Value 0.0000 deviated from baseline 2.0000±0.0001 (z=20000.0, confirmed x45) (sev=1.00)
[localization_node-3] [WARN] [1789854078.612072963] [localization_node]: LocalizationNode: Upstream perception missing! Pose updates frozen.
[monitor_node-5] [WARN] [1789854078.709694732] [diagnostic_monitor]: ANOMALY on [sensor_node] /sensor/scan:nan_ratio: Value 0.5833 deviated from baseline 0.0000±0.0001 (z=5833.3, confirmed x46) (sev=1.00)
[perception_node-2] [WARN] [1789854078.709793965] [perception_node]: PerceptionNode: Input scan degraded (NaNs=60/60). Outputting degraded obstacles.
[monitor_node-5] [WARN] [1789854078.711112848] [diagnostic_monitor]: ANOMALY on [perception_node] /perception/obstacles:obstacle_count: Value 0.0000 deviated from baseline 2.0000±0.0001 (z=20000.0, confirmed x46) (sev=1.00)
[localization_node-3] [WARN] [1789854078.711254289] [localization_node]: LocalizationNode: Upstream perception missing! Pose updates frozen.
[perception_node-2] [WARN] [1789854078.810117286] [perception_node]: PerceptionNode: Input scan degraded (NaNs=60/60). Outputting degraded obstacles.
[monitor_node-5] [WARN] [1789854078.810317248] [diagnostic_monitor]: ANOMALY on [sensor_node] /sensor/scan:nan_ratio: Value 0.5667 deviated from baseline 0.0000±0.0001 (z=5666.7, confirmed x47) (sev=1.00)
[localization_node-3] [WARN] [1789854078.811727062] [localization_node]: LocalizationNode: Upstream perception missing! Pose updates frozen.
[monitor_node-5] [WARN] [1789854078.811758339] [diagnostic_monitor]: ANOMALY on [perception_node] /perception/obstacles:obstacle_count: Value 0.0000 deviated from baseline 2.0000±0.0001 (z=20000.0, confirmed x47) (sev=1.00)
[perception_node-2] [WARN] [1789854078.910063174] [perception_node]: PerceptionNode: Input scan degraded (NaNs=60/60). Outputting degraded obstacles.
[monitor_node-5] [WARN] [1789854078.911033538] [diagnostic_monitor]: ANOMALY on [sensor_node] /sensor/scan:nan_ratio: Value 0.6000 deviated from baseline 0.0000±0.0001 (z=6000.0, confirmed x48) (sev=1.00)
[localization_node-3] [WARN] [1789854078.911664088] [localization_node]: LocalizationNode: Upstream perception missing! Pose updates frozen.
[monitor_node-5] [WARN] [1789854078.912448885] [diagnostic_monitor]: ANOMALY on [perception_node] /perception/obstacles:obstacle_count: Value 0.0000 deviated from baseline 2.0000±0.0001 (z=20000.0, confirmed x48) (sev=1.00)
[perception_node-2] [WARN] [1789854079.010117904] [perception_node]: PerceptionNode: Input scan degraded (NaNs=60/60). Outputting degraded obstacles.
[monitor_node-5] [WARN] [1789854079.010281946] [diagnostic_monitor]: ANOMALY on [sensor_node] /sensor/scan:nan_ratio: Value 0.5833 deviated from baseline 0.0000±0.0001 (z=5833.3, confirmed x49) (sev=1.00)
[monitor_node-5] [WARN] [1789854079.011667744] [diagnostic_monitor]: ANOMALY on [perception_node] /perception/obstacles:obstacle_count: Value 0.0000 deviated from baseline 2.0000±0.0001 (z=20000.0, confirmed x49) (sev=1.00)
[localization_node-3] [WARN] [1789854079.011767720] [localization_node]: LocalizationNode: Upstream perception missing! Pose updates frozen.
[perception_node-2] [WARN] [1789854079.109923862] [perception_node]: PerceptionNode: Input scan degraded (NaNs=60/60). Outputting degraded obstacles.
[monitor_node-5] [WARN] [1789854079.110228549] [diagnostic_monitor]: ANOMALY on [sensor_node] /sensor/scan:nan_ratio: Value 0.5500 deviated from baseline 0.0000±0.0001 (z=5500.0, confirmed x50) (sev=1.00)
[localization_node-3] [WARN] [1789854079.111542470] [localization_node]: LocalizationNode: Upstream perception missing! Pose updates frozen.
[monitor_node-5] [WARN] [1789854079.111623181] [diagnostic_monitor]: ANOMALY on [perception_node] /perception/obstacles:obstacle_count: Value 0.0000 deviated from baseline 2.0000±0.0001 (z=20000.0, confirmed x50) (sev=1.00)
[perception_node-2] [WARN] [1789854079.209896696] [perception_node]: PerceptionNode: Input scan degraded (NaNs=60/60). Outputting degraded obstacles.
[monitor_node-5] [WARN] [1789854079.210013905] [diagnostic_monitor]: ANOMALY on [sensor_node] /sensor/scan:nan_ratio: Value 0.4167 deviated from baseline 0.0000±0.0001 (z=4166.7, confirmed x51) (sev=1.00)
[monitor_node-5] [WARN] [1789854079.211475630] [diagnostic_monitor]: ANOMALY on [perception_node] /perception/obstacles:obstacle_count: Value 0.0000 deviated from baseline 2.0000±0.0001 (z=20000.0, confirmed x51) (sev=1.00)
[localization_node-3] [WARN] [1789854079.211621889] [localization_node]: LocalizationNode: Upstream perception missing! Pose updates frozen.
[perception_node-2] [WARN] [1789854079.310279201] [perception_node]: PerceptionNode: Input scan degraded (NaNs=60/60). Outputting degraded obstacles.
[monitor_node-5] [WARN] [1789854079.310339008] [diagnostic_monitor]: ANOMALY on [sensor_node] /sensor/scan:nan_ratio: Value 0.7000 deviated from baseline 0.0000±0.0001 (z=7000.0, confirmed x52) (sev=1.00)
[monitor_node-5] [WARN] [1789854079.311699359] [diagnostic_monitor]: ANOMALY on [perception_node] /perception/obstacles:obstacle_count: Value 0.0000 deviated from baseline 2.0000±0.0001 (z=20000.0, confirmed x52) (sev=1.00)
[localization_node-3] [WARN] [1789854079.311867326] [localization_node]: LocalizationNode: Upstream perception missing! Pose updates frozen.
[perception_node-2] [WARN] [1789854079.409975624] [perception_node]: PerceptionNode: Input scan degraded (NaNs=60/60). Outputting degraded obstacles.
[monitor_node-5] [WARN] [1789854079.410037697] [diagnostic_monitor]: ANOMALY on [sensor_node] /sensor/scan:nan_ratio: Value 0.5500 deviated from baseline 0.0000±0.0001 (z=5500.0, confirmed x53) (sev=1.00)
[monitor_node-5] [WARN] [1789854079.411394138] [diagnostic_monitor]: ANOMALY on [perception_node] /perception/obstacles:obstacle_count: Value 0.0000 deviated from baseline 2.0000±0.0001 (z=20000.0, confirmed x53) (sev=1.00)
[localization_node-3] [WARN] [1789854079.411528114] [localization_node]: LocalizationNode: Upstream perception missing! Pose updates frozen.
[perception_node-2] [WARN] [1789854079.510039378] [perception_node]: PerceptionNode: Input scan degraded (NaNs=60/60). Outputting degraded obstacles.
[monitor_node-5] [WARN] [1789854079.510227139] [diagnostic_monitor]: ANOMALY on [sensor_node] /sensor/scan:nan_ratio: Value 0.6167 deviated from baseline 0.0000±0.0001 (z=6166.7, confirmed x54) (sev=1.00)
[monitor_node-5] [WARN] [1789854079.511650120] [diagnostic_monitor]: ANOMALY on [perception_node] /perception/obstacles:obstacle_count: Value 0.0000 deviated from baseline 2.0000±0.0001 (z=20000.0, confirmed x54) (sev=1.00)
[localization_node-3] [WARN] [1789854079.511690621] [localization_node]: LocalizationNode: Upstream perception missing! Pose updates frozen.
[monitor_node-5] [WARN] [1789854079.610242375] [diagnostic_monitor]: ANOMALY on [sensor_node] /sensor/scan:nan_ratio: Value 0.6667 deviated from baseline 0.0000±0.0001 (z=6666.7, confirmed x55) (sev=1.00)
[perception_node-2] [WARN] [1789854079.610382614] [perception_node]: PerceptionNode: Input scan degraded (NaNs=60/60). Outputting degraded obstacles.
[monitor_node-5] [WARN] [1789854079.611852464] [diagnostic_monitor]: ANOMALY on [perception_node] /perception/obstacles:obstacle_count: Value 0.0000 deviated from baseline 2.0000±0.0001 (z=20000.0, confirmed x55) (sev=1.00)
[localization_node-3] [WARN] [1789854079.612040247] [localization_node]: LocalizationNode: Upstream perception missing! Pose updates frozen.
[perception_node-2] [WARN] [1789854079.710196498] [perception_node]: PerceptionNode: Input scan degraded (NaNs=60/60). Outputting degraded obstacles.
[monitor_node-5] [WARN] [1789854079.710272674] [diagnostic_monitor]: ANOMALY on [sensor_node] /sensor/scan:nan_ratio: Value 0.6000 deviated from baseline 0.0000±0.0001 (z=6000.0, confirmed x56) (sev=1.00)
[monitor_node-5] [WARN] [1789854079.711696082] [diagnostic_monitor]: ANOMALY on [perception_node] /perception/obstacles:obstacle_count: Value 0.0000 deviated from baseline 2.0000±0.0001 (z=20000.0, confirmed x56) (sev=1.00)
[localization_node-3] [WARN] [1789854079.711872792] [localization_node]: LocalizationNode: Upstream perception missing! Pose updates frozen.
[monitor_node-5] [WARN] [1789854079.810153096] [diagnostic_monitor]: ANOMALY on [sensor_node] /sensor/scan:nan_ratio: Value 0.6333 deviated from baseline 0.0000±0.0001 (z=6333.3, confirmed x57) (sev=1.00)
[perception_node-2] [WARN] [1789854079.810322831] [perception_node]: PerceptionNode: Input scan degraded (NaNs=60/60). Outputting degraded obstacles.
[monitor_node-5] [WARN] [1789854079.811582941] [diagnostic_monitor]: ANOMALY on [perception_node] /perception/obstacles:obstacle_count: Value 0.0000 deviated from baseline 2.0000±0.0001 (z=20000.0, confirmed x57) (sev=1.00)
[localization_node-3] [WARN] [1789854079.811788291] [localization_node]: LocalizationNode: Upstream perception missing! Pose updates frozen.
[perception_node-2] [WARN] [1789854079.909988695] [perception_node]: PerceptionNode: Input scan degraded (NaNs=60/60). Outputting degraded obstacles.
[monitor_node-5] [WARN] [1789854079.910363364] [diagnostic_monitor]: ANOMALY on [sensor_node] /sensor/scan:nan_ratio: Value 0.6667 deviated from baseline 0.0000±0.0001 (z=6666.7, confirmed x58) (sev=1.00)
[monitor_node-5] [WARN] [1789854079.911312355] [diagnostic_monitor]: ANOMALY on [perception_node] /perception/obstacles:obstacle_count: Value 0.0000 deviated from baseline 2.0000±0.0001 (z=20000.0, confirmed x58) (sev=1.00)
[localization_node-3] [WARN] [1789854079.911521268] [localization_node]: LocalizationNode: Upstream perception missing! Pose updates frozen.
[perception_node-2] [WARN] [1789854080.010155144] [perception_node]: PerceptionNode: Input scan degraded (NaNs=60/60). Outputting degraded obstacles.
[monitor_node-5] [WARN] [1789854080.010295518] [diagnostic_monitor]: ANOMALY on [sensor_node] /sensor/scan:nan_ratio: Value 0.7167 deviated from baseline 0.0000±0.0001 (z=7166.7, confirmed x59) (sev=1.00)
[monitor_node-5] [WARN] [1789854080.011706059] [diagnostic_monitor]: ANOMALY on [perception_node] /perception/obstacles:obstacle_count: Value 0.0000 deviated from baseline 2.0000±0.0001 (z=20000.0, confirmed x59) (sev=1.00)
[localization_node-3] [WARN] [1789854080.011769222] [localization_node]: LocalizationNode: Upstream perception missing! Pose updates frozen.
[perception_node-2] [WARN] [1789854080.110194604] [perception_node]: PerceptionNode: Input scan degraded (NaNs=60/60). Outputting degraded obstacles.
[monitor_node-5] [WARN] [1789854080.110227792] [diagnostic_monitor]: ANOMALY on [sensor_node] /sensor/scan:nan_ratio: Value 0.6833 deviated from baseline 0.0000±0.0001 (z=6833.3, confirmed x60) (sev=1.00)
[localization_node-3] [WARN] [1789854080.111717824] [localization_node]: LocalizationNode: Upstream perception missing! Pose updates frozen.
[monitor_node-5] [WARN] [1789854080.111766322] [diagnostic_monitor]: ANOMALY on [perception_node] /perception/obstacles:obstacle_count: Value 0.0000 deviated from baseline 2.0000±0.0001 (z=20000.0, confirmed x60) (sev=1.00)
[perception_node-2] [WARN] [1789854080.210141812] [perception_node]: PerceptionNode: Input scan degraded (NaNs=60/60). Outputting degraded obstacles.
[monitor_node-5] [WARN] [1789854080.210286275] [diagnostic_monitor]: ANOMALY on [sensor_node] /sensor/scan:nan_ratio: Value 0.6167 deviated from baseline 0.0000±0.0001 (z=6166.7, confirmed x61) (sev=1.00)
[monitor_node-5] [WARN] [1789854080.211579676] [diagnostic_monitor]: ANOMALY on [perception_node] /perception/obstacles:obstacle_count: Value 0.0000 deviated from baseline 2.0000±0.0001 (z=20000.0, confirmed x61) (sev=1.00)
[localization_node-3] [WARN] [1789854080.211774900] [localization_node]: LocalizationNode: Upstream perception missing! Pose updates frozen.
[monitor_node-5] [WARN] [1789854080.310302699] [diagnostic_monitor]: ANOMALY on [sensor_node] /sensor/scan:nan_ratio: Value 0.6000 deviated from baseline 0.0000±0.0001 (z=6000.0, confirmed x62) (sev=1.00)
[perception_node-2] [WARN] [1789854080.310729794] [perception_node]: PerceptionNode: Input scan degraded (NaNs=60/60). Outputting degraded obstacles.
[monitor_node-5] [WARN] [1789854080.312181720] [diagnostic_monitor]: ANOMALY on [perception_node] /perception/obstacles:obstacle_count: Value 0.0000 deviated from baseline 2.0000±0.0001 (z=20000.0, confirmed x62) (sev=1.00)
[localization_node-3] [WARN] [1789854080.312356641] [localization_node]: LocalizationNode: Upstream perception missing! Pose updates frozen.
[perception_node-2] [INFO] [1789854080.396080736] [perception_node]: PerceptionNode: Fault cleared.
[sensor_node-1] [INFO] [1789854080.396088208] [sensor_node]: SensorNode: Fault cleared.
[navigation_node-4] [INFO] [1789854080.396135888] [navigation_node]: NavigationNode: Fault cleared.
[localization_node-3] [INFO] [1789854080.396155399] [localization_node]: LocalizationNode: Fault cleared.
[localization_node-3] [INFO] [1789854080.446719798] [localization_node]: LocalizationNode: Fault cleared.
[perception_node-2] [INFO] [1789854080.446733576] [perception_node]: PerceptionNode: Fault cleared.
[sensor_node-1] [INFO] [1789854080.446739837] [sensor_node]: SensorNode: Fault cleared.
[navigation_node-4] [INFO] [1789854080.446819137] [navigation_node]: NavigationNode: Fault cleared.
[sensor_node-1] [INFO] [1789854080.497201699] [sensor_node]: SensorNode: Fault cleared.
[localization_node-3] [INFO] [1789854080.497310282] [localization_node]: LocalizationNode: Fault cleared.
[navigation_node-4] [INFO] [1789854080.497318695] [navigation_node]: NavigationNode: Fault cleared.
[perception_node-2] [INFO] [1789854080.497355548] [perception_node]: PerceptionNode: Fault cleared.
[sensor_node-1] [INFO] [1789854080.547671387] [sensor_node]: SensorNode: Fault cleared.
[navigation_node-4] [INFO] [1789854080.547681321] [navigation_node]: NavigationNode: Fault cleared.
[perception_node-2] [INFO] [1789854080.547705026] [perception_node]: PerceptionNode: Fault cleared.
[localization_node-3] [INFO] [1789854080.547709093] [localization_node]: LocalizationNode: Fault cleared.
[localization_node-3] [INFO] [1789854080.599331669] [localization_node]: LocalizationNode: Fault cleared.
[navigation_node-4] [INFO] [1789854080.599377588] [navigation_node]: NavigationNode: Fault cleared.
[perception_node-2] [INFO] [1789854080.599377673] [perception_node]: PerceptionNode: Fault cleared.
[sensor_node-1] [INFO] [1789854080.599691765] [sensor_node]: SensorNode: Fault cleared.
[navigation_node-4] [INFO] [1789854080.649908716] [navigation_node]: NavigationNode: Fault cleared.
[localization_node-3] [INFO] [1789854080.649921270] [localization_node]: LocalizationNode: Fault cleared.
[sensor_node-1] [INFO] [1789854080.649936400] [sensor_node]: SensorNode: Fault cleared.
[perception_node-2] [INFO] [1789854080.649945628] [perception_node]: PerceptionNode: Fault cleared.
[sensor_node-1] [INFO] [1789854080.700358234] [sensor_node]: SensorNode: Fault cleared.
[perception_node-2] [INFO] [1789854080.700403913] [perception_node]: PerceptionNode: Fault cleared.
[navigation_node-4] [INFO] [1789854080.700400915] [navigation_node]: NavigationNode: Fault cleared.
[localization_node-3] [INFO] [1789854080.700405280] [localization_node]: LocalizationNode: Fault cleared.
[sensor_node-1] [INFO] [1789854080.750845350] [sensor_node]: SensorNode: Fault cleared.
[navigation_node-4] [INFO] [1789854080.750886652] [navigation_node]: NavigationNode: Fault cleared.
[localization_node-3] [INFO] [1789854080.750896451] [localization_node]: LocalizationNode: Fault cleared.
[perception_node-2] [INFO] [1789854080.750896904] [perception_node]: PerceptionNode: Fault cleared.
[monitor_node-5] [INFO] [1789854086.548181660] [diagnostic_monitor]: Anomaly window cleared. System operating nominally.
[perception_node-2] [WARN] [1789854088.310987215] [perception_node]: PerceptionNode: Injected fault "processing_delay" (param=0.4, duration=9.0s)
[perception_node-2] [WARN] [1789854088.361610756] [perception_node]: PerceptionNode: Injected fault "processing_delay" (param=0.4, duration=9.0s)
[perception_node-2] [WARN] [1789854089.211987777] [perception_node]: PerceptionNode: Injected fault "processing_delay" (param=0.4, duration=9.0s)
[monitor_node-5] [WARN] [1789854089.212340718] [diagnostic_monitor]: ANOMALY on [perception_node] /perception/obstacles:inter_arrival: Value 0.4013 deviated from baseline 0.0999±0.0170 (z=17.8, confirmed x2) (sev=1.00)
[monitor_node-5] [WARN] [1789854089.213121972] [diagnostic_monitor]: ANOMALY on [perception_node] /perception/obstacles:latency: Value 0.7031 deviated from baseline 0.0019±0.0040 (z=175.3, confirmed x2) (sev=1.00)
[monitor_node-5] [WARN] [1789854089.214697366] [diagnostic_monitor]: ANOMALY on [localization_node] /localization/pose:inter_arrival: Value 0.4031 deviated from baseline 0.0999±0.0171 (z=17.7, confirmed x2) (sev=1.00)
[monitor_node-5] [WARN] [1789854089.215499986] [diagnostic_monitor]: ANOMALY on [localization_node] /localization/pose:latency: Value 0.7057 deviated from baseline 0.0027±0.0040 (z=177.3, confirmed x2) (sev=1.00)
[monitor_node-5] [WARN] [1789854089.216517803] [diagnostic_monitor]: ANOMALY on [navigation_node] /navigation/cmd_vel:inter_arrival: Value 0.4044 deviated from baseline 0.0999±0.0170 (z=17.9, confirmed x2) (sev=1.00)
[monitor_node-5] [WARN] [1789854089.217280492] [diagnostic_monitor]: ANOMALY on [navigation_node] /navigation/cmd_vel:latency: Value 0.7076 deviated from baseline 0.0035±0.0040 (z=176.8, confirmed x2) (sev=1.00)
[monitor_node-5] [INFO] [1789854089.548386614] [diagnostic_monitor]: 
[monitor_node-5] ============================================================
[monitor_node-5] ROOT CAUSE DIAGNOSIS: perception_node (Confidence: 1.000)
[monitor_node-5] ============================================================
[monitor_node-5] Score Breakdown  R(C) = wD*D + wT*T + wS*S + wA*A:
[monitor_node-5]   R(perception_node) = 0.3·D(1.00) + 0.3·T(1.00) + 0.25·S(1.00) + 0.15·A(1.00) = 1.000
[monitor_node-5]   - Dependency D: 1.00 (reaches 2 downstream anomalous node(s); 0 anomalous upstream node(s))
[monitor_node-5]   - Temporal   T: 1.00 (first anomaly at t=1789854088.81s; earliest in window = supporting evidence, not proof of causality)
[monitor_node-5]   - Symptom    S: 1.00 (explains 3/3 anomalous nodes)
[monitor_node-5]   - Severity   A: 1.00 (max normalised severity on node, 2 direct anomaly event(s))
[monitor_node-5] 
[monitor_node-5] Propagation Chain (evidence-ordered, via discovered graph edges):
[monitor_node-5]   perception_node (t=1789854088.81s: /perception/obstacles:inter_arrival, sev=1.00)
[monitor_node-5]     └─→ localization_node via /perception/obstacles (t=1789854088.81s, +0.00s after perception_node: /localization/pose:inter_arrival)
[monitor_node-5]       └─→ navigation_node via /localization/pose (t=1789854088.81s, +0.00s after localization_node: /navigation/cmd_vel:inter_arrival)
[monitor_node-5] 
[monitor_node-5] Candidate Ranking & Evidence Comparison:
[monitor_node-5]   #2 localization_node    R=0.717 (Δ -0.283) [first anomaly 0.00s after perception_node; downstream of perception_node in discovered graph; lower symptom coverage (67% vs 100%)]
[monitor_node-5]   #3 sensor_node          R=0.565 (Δ -0.435) [no direct anomaly observed]
[monitor_node-5]   #4 navigation_node      R=0.533 (Δ -0.467) [first anomaly 0.00s after perception_node; downstream of perception_node in discovered graph; lower symptom coverage (33% vs 100%)]
[monitor_node-5] ============================================================
[perception_node-2] [WARN] [1789854089.614274404] [perception_node]: PerceptionNode: Injected fault "processing_delay" (param=0.4, duration=9.0s)
[monitor_node-5] [WARN] [1789854089.614704585] [diagnostic_monitor]: ANOMALY on [perception_node] /perception/obstacles:inter_arrival: Value 0.4024 deviated from baseline 0.0999±0.0170 (z=17.8, confirmed x3) (sev=1.00)
[monitor_node-5] [WARN] [1789854089.615487425] [diagnostic_monitor]: ANOMALY on [perception_node] /perception/obstacles:latency: Value 1.0054 deviated from baseline 0.0019±0.0040 (z=250.8, confirmed x3) (sev=1.00)
[monitor_node-5] [WARN] [1789854089.616969719] [diagnostic_monitor]: ANOMALY on [localization_node] /localization/pose:inter_arrival: Value 0.4024 deviated from baseline 0.0999±0.0171 (z=17.6, confirmed x3) (sev=1.00)
[monitor_node-5] [WARN] [1789854089.617643757] [diagnostic_monitor]: ANOMALY on [localization_node] /localization/pose:latency: Value 1.0079 deviated from baseline 0.0027±0.0040 (z=253.5, confirmed x3) (sev=1.00)
[monitor_node-5] [WARN] [1789854089.618736736] [diagnostic_monitor]: ANOMALY on [navigation_node] /navigation/cmd_vel:inter_arrival: Value 0.4021 deviated from baseline 0.0999±0.0170 (z=17.7, confirmed x3) (sev=1.00)
[monitor_node-5] [WARN] [1789854089.619425193] [diagnostic_monitor]: ANOMALY on [navigation_node] /navigation/cmd_vel:latency: Value 1.0096 deviated from baseline 0.0035±0.0040 (z=252.7, confirmed x3) (sev=1.00)
[monitor_node-5] [WARN] [1789854090.016946520] [diagnostic_monitor]: ANOMALY on [perception_node] /perception/obstacles:inter_arrival: Value 0.4023 deviated from baseline 0.0999±0.0170 (z=17.8, confirmed x4) (sev=1.00)
[monitor_node-5] [WARN] [1789854090.017770787] [diagnostic_monitor]: ANOMALY on [perception_node] /perception/obstacles:latency: Value 1.3078 deviated from baseline 0.0019±0.0040 (z=326.4, confirmed x4) (sev=1.00)
[monitor_node-5] [WARN] [1789854090.019080786] [diagnostic_monitor]: ANOMALY on [localization_node] /localization/pose:inter_arrival: Value 0.4023 deviated from baseline 0.0999±0.0171 (z=17.6, confirmed x4) (sev=1.00)
[monitor_node-5] [WARN] [1789854090.019672310] [diagnostic_monitor]: ANOMALY on [localization_node] /localization/pose:latency: Value 1.3103 deviated from baseline 0.0027±0.0040 (z=329.8, confirmed x4) (sev=1.00)
[monitor_node-5] [WARN] [1789854090.020608443] [diagnostic_monitor]: ANOMALY on [navigation_node] /navigation/cmd_vel:inter_arrival: Value 0.4020 deviated from baseline 0.0999±0.0170 (z=17.7, confirmed x4) (sev=1.00)
[monitor_node-5] [WARN] [1789854090.021219462] [diagnostic_monitor]: ANOMALY on [navigation_node] /navigation/cmd_vel:latency: Value 1.3118 deviated from baseline 0.0035±0.0040 (z=328.6, confirmed x4) (sev=1.00)
[monitor_node-5] [WARN] [1789854090.418199538] [diagnostic_monitor]: ANOMALY on [perception_node] /perception/obstacles:inter_arrival: Value 0.4012 deviated from baseline 0.0999±0.0170 (z=17.8, confirmed x5) (sev=1.00)
[monitor_node-5] [WARN] [1789854090.419024947] [diagnostic_monitor]: ANOMALY on [perception_node] /perception/obstacles:latency: Value 1.3088 deviated from baseline 0.0019±0.0040 (z=326.6, confirmed x5) (sev=1.00)
[monitor_node-5] [WARN] [1789854090.420629856] [diagnostic_monitor]: ANOMALY on [localization_node] /localization/pose:inter_arrival: Value 0.4012 deviated from baseline 0.0999±0.0171 (z=17.6, confirmed x5) (sev=1.00)
[monitor_node-5] [WARN] [1789854090.421432144] [diagnostic_monitor]: ANOMALY on [localization_node] /localization/pose:latency: Value 1.3114 deviated from baseline 0.0027±0.0040 (z=330.1, confirmed x5) (sev=1.00)
[monitor_node-5] [WARN] [1789854090.422800414] [diagnostic_monitor]: ANOMALY on [navigation_node] /navigation/cmd_vel:inter_arrival: Value 0.4018 deviated from baseline 0.0999±0.0170 (z=17.7, confirmed x5) (sev=1.00)
[monitor_node-5] [WARN] [1789854090.423466390] [diagnostic_monitor]: ANOMALY on [navigation_node] /navigation/cmd_vel:latency: Value 1.3134 deviated from baseline 0.0035±0.0040 (z=329.0, confirmed x5) (sev=1.00)
[monitor_node-5] [WARN] [1789854090.819205980] [diagnostic_monitor]: ANOMALY on [perception_node] /perception/obstacles:inter_arrival: Value 0.4012 deviated from baseline 0.0999±0.0170 (z=17.8, confirmed x6) (sev=1.00)
[monitor_node-5] [WARN] [1789854090.819992214] [diagnostic_monitor]: ANOMALY on [perception_node] /perception/obstacles:latency: Value 1.3101 deviated from baseline 0.0019±0.0040 (z=326.9, confirmed x6) (sev=1.00)
[monitor_node-5] [WARN] [1789854090.821217612] [diagnostic_monitor]: ANOMALY on [localization_node] /localization/pose:inter_arrival: Value 0.4009 deviated from baseline 0.0999±0.0171 (z=17.6, confirmed x6) (sev=1.00)
[monitor_node-5] [WARN] [1789854090.822031748] [diagnostic_monitor]: ANOMALY on [localization_node] /localization/pose:latency: Value 1.3124 deviated from baseline 0.0027±0.0040 (z=330.3, confirmed x6) (sev=1.00)
[monitor_node-5] [WARN] [1789854090.823334620] [diagnostic_monitor]: ANOMALY on [navigation_node] /navigation/cmd_vel:inter_arrival: Value 0.4006 deviated from baseline 0.0999±0.0170 (z=17.6, confirmed x6) (sev=1.00)
[monitor_node-5] [WARN] [1789854090.824138712] [diagnostic_monitor]: ANOMALY on [navigation_node] /navigation/cmd_vel:latency: Value 1.3141 deviated from baseline 0.0035±0.0040 (z=329.1, confirmed x6) (sev=1.00)
[monitor_node-5] [WARN] [1789854091.220613339] [diagnostic_monitor]: ANOMALY on [perception_node] /perception/obstacles:inter_arrival: Value 0.4013 deviated from baseline 0.0999±0.0170 (z=17.8, confirmed x7) (sev=1.00)
[monitor_node-5] [WARN] [1789854091.221419743] [diagnostic_monitor]: ANOMALY on [perception_node] /perception/obstacles:latency: Value 1.3114 deviated from baseline 0.0019±0.0040 (z=327.3, confirmed x7) (sev=1.00)
[monitor_node-5] [WARN] [1789854091.223004155] [diagnostic_monitor]: ANOMALY on [localization_node] /localization/pose:inter_arrival: Value 0.4016 deviated from baseline 0.0999±0.0171 (z=17.6, confirmed x7) (sev=1.00)
[monitor_node-5] [WARN] [1789854091.225305341] [diagnostic_monitor]: ANOMALY on [localization_node] /localization/pose:latency: Value 1.3140 deviated from baseline 0.0027±0.0040 (z=330.8, confirmed x7) (sev=1.00)
[monitor_node-5] [WARN] [1789854091.226695961] [diagnostic_monitor]: ANOMALY on [navigation_node] /navigation/cmd_vel:inter_arrival: Value 0.4035 deviated from baseline 0.0999±0.0170 (z=17.8, confirmed x7) (sev=1.00)
[monitor_node-5] [WARN] [1789854091.227941889] [diagnostic_monitor]: ANOMALY on [navigation_node] /navigation/cmd_vel:latency: Value 1.3177 deviated from baseline 0.0035±0.0040 (z=330.1, confirmed x7) (sev=1.00)
[monitor_node-5] [WARN] [1789854091.622164434] [diagnostic_monitor]: ANOMALY on [perception_node] /perception/obstacles:inter_arrival: Value 0.4013 deviated from baseline 0.0999±0.0170 (z=17.8, confirmed x8) (sev=1.00)
[monitor_node-5] [WARN] [1789854091.623022726] [diagnostic_monitor]: ANOMALY on [perception_node] /perception/obstacles:latency: Value 1.3126 deviated from baseline 0.0019±0.0040 (z=327.6, confirmed x8) (sev=1.00)
[monitor_node-5] [WARN] [1789854091.624286688] [diagnostic_monitor]: ANOMALY on [localization_node] /localization/pose:inter_arrival: Value 0.4014 deviated from baseline 0.0999±0.0171 (z=17.6, confirmed x8) (sev=1.00)
[monitor_node-5] [WARN] [1789854091.625072957] [diagnostic_monitor]: ANOMALY on [localization_node] /localization/pose:latency: Value 1.3153 deviated from baseline 0.0027±0.0040 (z=331.1, confirmed x8) (sev=1.00)
[monitor_node-5] [WARN] [1789854091.626695551] [diagnostic_monitor]: ANOMALY on [navigation_node] /navigation/cmd_vel:inter_arrival: Value 0.3997 deviated from baseline 0.0999±0.0170 (z=17.6, confirmed x8) (sev=1.00)
[monitor_node-5] [WARN] [1789854091.627638954] [diagnostic_monitor]: ANOMALY on [navigation_node] /navigation/cmd_vel:latency: Value 1.3173 deviated from baseline 0.0035±0.0040 (z=329.9, confirmed x8) (sev=1.00)
[monitor_node-5] [WARN] [1789854092.023045841] [diagnostic_monitor]: ANOMALY on [perception_node] /perception/obstacles:inter_arrival: Value 0.4012 deviated from baseline 0.0999±0.0170 (z=17.8, confirmed x9) (sev=1.00)
[monitor_node-5] [WARN] [1789854092.023818483] [diagnostic_monitor]: ANOMALY on [perception_node] /perception/obstacles:latency: Value 1.3137 deviated from baseline 0.0019±0.0040 (z=327.8, confirmed x9) (sev=1.00)
[monitor_node-5] [WARN] [1789854092.025264839] [diagnostic_monitor]: ANOMALY on [localization_node] /localization/pose:inter_arrival: Value 0.4008 deviated from baseline 0.0999±0.0171 (z=17.6, confirmed x9) (sev=1.00)
[monitor_node-5] [WARN] [1789854092.026043814] [diagnostic_monitor]: ANOMALY on [localization_node] /localization/pose:latency: Value 1.3162 deviated from baseline 0.0027±0.0040 (z=331.3, confirmed x9) (sev=1.00)
[monitor_node-5] [WARN] [1789854092.027173094] [diagnostic_monitor]: ANOMALY on [navigation_node] /navigation/cmd_vel:inter_arrival: Value 0.4008 deviated from baseline 0.0999±0.0170 (z=17.6, confirmed x9) (sev=1.00)
[monitor_node-5] [WARN] [1789854092.027890518] [diagnostic_monitor]: ANOMALY on [navigation_node] /navigation/cmd_vel:latency: Value 1.3180 deviated from baseline 0.0035±0.0040 (z=330.1, confirmed x9) (sev=1.00)
[monitor_node-5] [WARN] [1789854092.424259593] [diagnostic_monitor]: ANOMALY on [perception_node] /perception/obstacles:inter_arrival: Value 0.4012 deviated from baseline 0.0999±0.0170 (z=17.8, confirmed x10) (sev=1.00)
[monitor_node-5] [WARN] [1789854092.425059236] [diagnostic_monitor]: ANOMALY on [perception_node] /perception/obstacles:latency: Value 1.3149 deviated from baseline 0.0019±0.0040 (z=328.2, confirmed x10) (sev=1.00)
[monitor_node-5] [WARN] [1789854092.426585842] [diagnostic_monitor]: ANOMALY on [localization_node] /localization/pose:inter_arrival: Value 0.4013 deviated from baseline 0.0999±0.0171 (z=17.6, confirmed x10) (sev=1.00)
[monitor_node-5] [WARN] [1789854092.427384783] [diagnostic_monitor]: ANOMALY on [localization_node] /localization/pose:latency: Value 1.3174 deviated from baseline 0.0027±0.0040 (z=331.6, confirmed x10) (sev=1.00)
[monitor_node-5] [WARN] [1789854092.428683364] [diagnostic_monitor]: ANOMALY on [navigation_node] /navigation/cmd_vel:inter_arrival: Value 0.4014 deviated from baseline 0.0999±0.0170 (z=17.7, confirmed x10) (sev=1.00)
[monitor_node-5] [WARN] [1789854092.429508253] [diagnostic_monitor]: ANOMALY on [navigation_node] /navigation/cmd_vel:latency: Value 1.3194 deviated from baseline 0.0035±0.0040 (z=330.5, confirmed x10) (sev=1.00)
[monitor_node-5] [WARN] [1789854092.825608283] [diagnostic_monitor]: ANOMALY on [perception_node] /perception/obstacles:inter_arrival: Value 0.4014 deviated from baseline 0.0999±0.0170 (z=17.8, confirmed x11) (sev=1.00)
[monitor_node-5] [WARN] [1789854092.826501679] [diagnostic_monitor]: ANOMALY on [perception_node] /perception/obstacles:latency: Value 1.3163 deviated from baseline 0.0019±0.0040 (z=328.5, confirmed x11) (sev=1.00)
[monitor_node-5] [WARN] [1789854092.828042906] [diagnostic_monitor]: ANOMALY on [localization_node] /localization/pose:inter_arrival: Value 0.4015 deviated from baseline 0.0999±0.0171 (z=17.6, confirmed x11) (sev=1.00)
[monitor_node-5] [WARN] [1789854092.828807447] [diagnostic_monitor]: ANOMALY on [localization_node] /localization/pose:latency: Value 1.3189 deviated from baseline 0.0027±0.0040 (z=332.0, confirmed x11) (sev=1.00)
[monitor_node-5] [WARN] [1789854092.830188581] [diagnostic_monitor]: ANOMALY on [navigation_node] /navigation/cmd_vel:inter_arrival: Value 0.4014 deviated from baseline 0.0999±0.0170 (z=17.7, confirmed x11) (sev=1.00)
[monitor_node-5] [WARN] [1789854092.830865637] [diagnostic_monitor]: ANOMALY on [navigation_node] /navigation/cmd_vel:latency: Value 1.3208 deviated from baseline 0.0035±0.0040 (z=330.8, confirmed x11) (sev=1.00)
[monitor_node-5] [WARN] [1789854093.227035008] [diagnostic_monitor]: ANOMALY on [perception_node] /perception/obstacles:inter_arrival: Value 0.4016 deviated from baseline 0.0999±0.0170 (z=17.8, confirmed x12) (sev=1.00)
[monitor_node-5] [WARN] [1789854093.227763412] [diagnostic_monitor]: ANOMALY on [perception_node] /perception/obstacles:latency: Value 1.3179 deviated from baseline 0.0019±0.0040 (z=328.9, confirmed x12) (sev=1.00)
[monitor_node-5] [WARN] [1789854093.228630148] [diagnostic_monitor]: ANOMALY on [localization_node] /localization/pose:inter_arrival: Value 0.4009 deviated from baseline 0.0999±0.0171 (z=17.6, confirmed x12) (sev=1.00)
[monitor_node-5] [WARN] [1789854093.229341132] [diagnostic_monitor]: ANOMALY on [localization_node] /localization/pose:latency: Value 1.3199 deviated from baseline 0.0027±0.0040 (z=332.2, confirmed x12) (sev=1.00)
[monitor_node-5] [WARN] [1789854093.230651581] [diagnostic_monitor]: ANOMALY on [navigation_node] /navigation/cmd_vel:inter_arrival: Value 0.4005 deviated from baseline 0.0999±0.0170 (z=17.6, confirmed x12) (sev=1.00)
[monitor_node-5] [WARN] [1789854093.231383245] [diagnostic_monitor]: ANOMALY on [navigation_node] /navigation/cmd_vel:latency: Value 1.3213 deviated from baseline 0.0035±0.0040 (z=331.0, confirmed x12) (sev=1.00)
[monitor_node-5] [WARN] [1789854093.628634906] [diagnostic_monitor]: ANOMALY on [perception_node] /perception/obstacles:inter_arrival: Value 0.4014 deviated from baseline 0.0999±0.0170 (z=17.8, confirmed x13) (sev=1.00)
[monitor_node-5] [WARN] [1789854093.629491923] [diagnostic_monitor]: ANOMALY on [perception_node] /perception/obstacles:latency: Value 1.3192 deviated from baseline 0.0019±0.0040 (z=329.2, confirmed x13) (sev=1.00)
[monitor_node-5] [WARN] [1789854093.630960559] [diagnostic_monitor]: ANOMALY on [localization_node] /localization/pose:inter_arrival: Value 0.4021 deviated from baseline 0.0999±0.0171 (z=17.6, confirmed x13) (sev=1.00)
[monitor_node-5] [WARN] [1789854093.631486683] [diagnostic_monitor]: ANOMALY on [localization_node] /localization/pose:latency: Value 1.3219 deviated from baseline 0.0027±0.0040 (z=332.7, confirmed x13) (sev=1.00)
[monitor_node-5] [WARN] [1789854093.632285793] [diagnostic_monitor]: ANOMALY on [navigation_node] /navigation/cmd_vel:inter_arrival: Value 0.4021 deviated from baseline 0.0999±0.0170 (z=17.7, confirmed x13) (sev=1.00)
[monitor_node-5] [WARN] [1789854093.632771399] [diagnostic_monitor]: ANOMALY on [navigation_node] /navigation/cmd_vel:latency: Value 1.3234 deviated from baseline 0.0035±0.0040 (z=331.5, confirmed x13) (sev=1.00)
[monitor_node-5] [WARN] [1789854094.029727065] [diagnostic_monitor]: ANOMALY on [perception_node] /perception/obstacles:inter_arrival: Value 0.4012 deviated from baseline 0.0999±0.0170 (z=17.8, confirmed x14) (sev=1.00)
[monitor_node-5] [WARN] [1789854094.030580627] [diagnostic_monitor]: ANOMALY on [perception_node] /perception/obstacles:latency: Value 1.3205 deviated from baseline 0.0019±0.0040 (z=329.5, confirmed x14) (sev=1.00)
[monitor_node-5] [WARN] [1789854094.032224436] [diagnostic_monitor]: ANOMALY on [localization_node] /localization/pose:inter_arrival: Value 0.4012 deviated from baseline 0.0999±0.0171 (z=17.6, confirmed x14) (sev=1.00)
[monitor_node-5] [WARN] [1789854094.032994930] [diagnostic_monitor]: ANOMALY on [localization_node] /localization/pose:latency: Value 1.3231 deviated from baseline 0.0027±0.0040 (z=333.0, confirmed x14) (sev=1.00)
[monitor_node-5] [WARN] [1789854094.034407723] [diagnostic_monitor]: ANOMALY on [navigation_node] /navigation/cmd_vel:inter_arrival: Value 0.4017 deviated from baseline 0.0999±0.0170 (z=17.7, confirmed x14) (sev=1.00)
[monitor_node-5] [WARN] [1789854094.035276144] [diagnostic_monitor]: ANOMALY on [navigation_node] /navigation/cmd_vel:latency: Value 1.3250 deviated from baseline 0.0035±0.0040 (z=331.9, confirmed x14) (sev=1.00)
[monitor_node-5] [WARN] [1789854094.431019606] [diagnostic_monitor]: ANOMALY on [perception_node] /perception/obstacles:inter_arrival: Value 0.4013 deviated from baseline 0.0999±0.0170 (z=17.8, confirmed x15) (sev=1.00)
[monitor_node-5] [WARN] [1789854094.431653742] [diagnostic_monitor]: ANOMALY on [perception_node] /perception/obstacles:latency: Value 1.3217 deviated from baseline 0.0019±0.0040 (z=329.8, confirmed x15) (sev=1.00)
[monitor_node-5] [WARN] [1789854094.432537985] [diagnostic_monitor]: ANOMALY on [localization_node] /localization/pose:inter_arrival: Value 0.4006 deviated from baseline 0.0999±0.0171 (z=17.5, confirmed x15) (sev=1.00)
[monitor_node-5] [WARN] [1789854094.433189859] [diagnostic_monitor]: ANOMALY on [localization_node] /localization/pose:latency: Value 1.3237 deviated from baseline 0.0027±0.0040 (z=333.2, confirmed x15) (sev=1.00)
[monitor_node-5] [WARN] [1789854094.434352933] [diagnostic_monitor]: ANOMALY on [navigation_node] /navigation/cmd_vel:inter_arrival: Value 0.4001 deviated from baseline 0.0999±0.0170 (z=17.6, confirmed x15) (sev=1.00)
[monitor_node-5] [WARN] [1789854094.434987671] [diagnostic_monitor]: ANOMALY on [navigation_node] /navigation/cmd_vel:latency: Value 1.3251 deviated from baseline 0.0035±0.0040 (z=331.9, confirmed x15) (sev=1.00)
[sensor_node-1] [INFO] [1789854094.516700932] [sensor_node]: SensorNode: Fault cleared.
[navigation_node-4] [INFO] [1789854094.516716647] [navigation_node]: NavigationNode: Fault cleared.
[localization_node-3] [INFO] [1789854094.517230280] [localization_node]: LocalizationNode: Fault cleared.
[localization_node-3] [INFO] [1789854094.567190179] [localization_node]: LocalizationNode: Fault cleared.
[navigation_node-4] [INFO] [1789854094.567272492] [navigation_node]: NavigationNode: Fault cleared.
[sensor_node-1] [INFO] [1789854094.567270216] [sensor_node]: SensorNode: Fault cleared.
[navigation_node-4] [INFO] [1789854094.617817623] [navigation_node]: NavigationNode: Fault cleared.
[localization_node-3] [INFO] [1789854094.617827233] [localization_node]: LocalizationNode: Fault cleared.
[sensor_node-1] [INFO] [1789854094.617897658] [sensor_node]: SensorNode: Fault cleared.
[localization_node-3] [INFO] [1789854094.668135796] [localization_node]: LocalizationNode: Fault cleared.
[sensor_node-1] [INFO] [1789854094.668195280] [sensor_node]: SensorNode: Fault cleared.
[navigation_node-4] [INFO] [1789854094.668223090] [navigation_node]: NavigationNode: Fault cleared.
[sensor_node-1] [INFO] [1789854094.719612936] [sensor_node]: SensorNode: Fault cleared.
[localization_node-3] [INFO] [1789854094.719647356] [localization_node]: LocalizationNode: Fault cleared.
[navigation_node-4] [INFO] [1789854094.719676892] [navigation_node]: NavigationNode: Fault cleared.
[localization_node-3] [INFO] [1789854094.770326401] [localization_node]: LocalizationNode: Fault cleared.
[sensor_node-1] [INFO] [1789854094.770321020] [sensor_node]: SensorNode: Fault cleared.
[navigation_node-4] [INFO] [1789854094.770350057] [navigation_node]: NavigationNode: Fault cleared.
[localization_node-3] [INFO] [1789854094.820599420] [localization_node]: LocalizationNode: Fault cleared.
[sensor_node-1] [INFO] [1789854094.820804474] [sensor_node]: SensorNode: Fault cleared.
[navigation_node-4] [INFO] [1789854094.820801084] [navigation_node]: NavigationNode: Fault cleared.
[monitor_node-5] [WARN] [1789854094.832263047] [diagnostic_monitor]: ANOMALY on [perception_node] /perception/obstacles:inter_arrival: Value 0.4012 deviated from baseline 0.0999±0.0170 (z=17.8, confirmed x16) (sev=1.00)
[monitor_node-5] [WARN] [1789854094.833153087] [diagnostic_monitor]: ANOMALY on [perception_node] /perception/obstacles:latency: Value 1.3231 deviated from baseline 0.0019±0.0040 (z=330.2, confirmed x16) (sev=1.00)
[monitor_node-5] [WARN] [1789854094.834810947] [diagnostic_monitor]: ANOMALY on [localization_node] /localization/pose:inter_arrival: Value 0.4019 deviated from baseline 0.0999±0.0171 (z=17.6, confirmed x16) (sev=1.00)
[monitor_node-5] [WARN] [1789854094.835661818] [diagnostic_monitor]: ANOMALY on [localization_node] /localization/pose:latency: Value 1.3257 deviated from baseline 0.0027±0.0040 (z=333.7, confirmed x16) (sev=1.00)
[monitor_node-5] [WARN] [1789854094.836720379] [diagnostic_monitor]: ANOMALY on [navigation_node] /navigation/cmd_vel:inter_arrival: Value 0.4025 deviated from baseline 0.0999±0.0170 (z=17.8, confirmed x16) (sev=1.00)
[monitor_node-5] [WARN] [1789854094.837490771] [diagnostic_monitor]: ANOMALY on [navigation_node] /navigation/cmd_vel:latency: Value 1.3277 deviated from baseline 0.0035±0.0040 (z=332.6, confirmed x16) (sev=1.00)
[navigation_node-4] [INFO] [1789854094.871305404] [navigation_node]: NavigationNode: Fault cleared.
[sensor_node-1] [INFO] [1789854094.871314816] [sensor_node]: SensorNode: Fault cleared.
[localization_node-3] [INFO] [1789854094.871545700] [localization_node]: LocalizationNode: Fault cleared.
[perception_node-2] [INFO] [1789854095.232792330] [perception_node]: PerceptionNode: Fault cleared.
[monitor_node-5] [WARN] [1789854095.233368355] [diagnostic_monitor]: ANOMALY on [perception_node] /perception/obstacles:inter_arrival: Value 0.4012 deviated from baseline 0.0999±0.0170 (z=17.8, confirmed x17) (sev=1.00)
[monitor_node-5] [WARN] [1789854095.234173573] [diagnostic_monitor]: ANOMALY on [perception_node] /perception/obstacles:latency: Value 1.3241 deviated from baseline 0.0019±0.0040 (z=330.4, confirmed x17) (sev=1.00)
[perception_node-2] [INFO] [1789854095.234359775] [perception_node]: PerceptionNode: Fault cleared.
[perception_node-2] [INFO] [1789854095.235668827] [perception_node]: PerceptionNode: Fault cleared.
[monitor_node-5] [WARN] [1789854095.235771453] [diagnostic_monitor]: ANOMALY on [localization_node] /localization/pose:inter_arrival: Value 0.4010 deviated from baseline 0.0999±0.0171 (z=17.6, confirmed x17) (sev=1.00)
[monitor_node-5] [WARN] [1789854095.236463181] [diagnostic_monitor]: ANOMALY on [localization_node] /localization/pose:latency: Value 1.3266 deviated from baseline 0.0027±0.0040 (z=333.9, confirmed x17) (sev=1.00)
[perception_node-2] [INFO] [1789854095.236879938] [perception_node]: PerceptionNode: Fault cleared.
[monitor_node-5] [WARN] [1789854095.237669026] [diagnostic_monitor]: ANOMALY on [navigation_node] /navigation/cmd_vel:inter_arrival: Value 0.4008 deviated from baseline 0.0999±0.0170 (z=17.7, confirmed x17) (sev=1.00)
[perception_node-2] [INFO] [1789854095.238052754] [perception_node]: PerceptionNode: Fault cleared.
[monitor_node-5] [WARN] [1789854095.238449001] [diagnostic_monitor]: ANOMALY on [navigation_node] /navigation/cmd_vel:latency: Value 1.3284 deviated from baseline 0.0035±0.0040 (z=332.7, confirmed x17) (sev=1.00)
[perception_node-2] [INFO] [1789854095.239252131] [perception_node]: PerceptionNode: Fault cleared.
[monitor_node-5] [WARN] [1789854095.239520600] [diagnostic_monitor]: ANOMALY on [perception_node] /perception/obstacles:latency: Value 0.9305 deviated from baseline 0.0019±0.0040 (z=232.1, confirmed x18) (sev=1.00)
[perception_node-2] [INFO] [1789854095.240393119] [perception_node]: PerceptionNode: Fault cleared.
[monitor_node-5] [WARN] [1789854095.240859010] [diagnostic_monitor]: ANOMALY on [localization_node] /localization/pose:latency: Value 0.9319 deviated from baseline 0.0027±0.0040 (z=234.4, confirmed x18) (sev=1.00)
[monitor_node-5] [WARN] [1789854095.242203689] [diagnostic_monitor]: ANOMALY on [navigation_node] /navigation/cmd_vel:latency: Value 0.9328 deviated from baseline 0.0035±0.0040 (z=233.4, confirmed x18) (sev=1.00)
[monitor_node-5] [WARN] [1789854095.243254724] [diagnostic_monitor]: ANOMALY on [perception_node] /perception/obstacles:latency: Value 0.8342 deviated from baseline 0.0019±0.0040 (z=208.0, confirmed x19) (sev=1.00)
[monitor_node-5] [WARN] [1789854095.246553304] [diagnostic_monitor]: ANOMALY on [localization_node] /localization/pose:latency: Value 0.8355 deviated from baseline 0.0027±0.0040 (z=210.1, confirmed x19) (sev=1.00)
[perception_node-2] [INFO] [1789854095.247038039] [perception_node]: PerceptionNode: Fault cleared.
[monitor_node-5] [WARN] [1789854095.253523761] [diagnostic_monitor]: ANOMALY on [navigation_node] /navigation/cmd_vel:latency: Value 0.8388 deviated from baseline 0.0035±0.0040 (z=209.8, confirmed x19) (sev=1.00)
[monitor_node-5] [WARN] [1789854095.254906930] [diagnostic_monitor]: ANOMALY on [perception_node] /perception/obstacles:latency: Value 0.7459 deviated from baseline 0.0019±0.0040 (z=185.9, confirmed x20) (sev=1.00)
[monitor_node-5] [WARN] [1789854095.256438119] [diagnostic_monitor]: ANOMALY on [localization_node] /localization/pose:latency: Value 0.7474 deviated from baseline 0.0027±0.0040 (z=187.8, confirmed x20) (sev=1.00)
[monitor_node-5] [WARN] [1789854095.257681442] [diagnostic_monitor]: ANOMALY on [navigation_node] /navigation/cmd_vel:latency: Value 0.7486 deviated from baseline 0.0035±0.0040 (z=187.1, confirmed x20) (sev=1.00)
[monitor_node-5] [WARN] [1789854095.258938011] [diagnostic_monitor]: ANOMALY on [perception_node] /perception/obstacles:latency: Value 0.6498 deviated from baseline 0.0019±0.0040 (z=161.9, confirmed x21) (sev=1.00)
[monitor_node-5] [WARN] [1789854095.260493697] [diagnostic_monitor]: ANOMALY on [localization_node] /localization/pose:latency: Value 0.6514 deviated from baseline 0.0027±0.0040 (z=163.6, confirmed x21) (sev=1.00)
[monitor_node-5] [WARN] [1789854095.261677996] [diagnostic_monitor]: ANOMALY on [navigation_node] /navigation/cmd_vel:latency: Value 0.6525 deviated from baseline 0.0035±0.0040 (z=163.0, confirmed x21) (sev=1.00)
[monitor_node-5] [WARN] [1789854095.262805261] [diagnostic_monitor]: ANOMALY on [perception_node] /perception/obstacles:latency: Value 0.5537 deviated from baseline 0.0019±0.0040 (z=137.9, confirmed x22) (sev=1.00)
[monitor_node-5] [WARN] [1789854095.264270962] [diagnostic_monitor]: ANOMALY on [localization_node] /localization/pose:latency: Value 0.5552 deviated from baseline 0.0027±0.0040 (z=139.4, confirmed x22) (sev=1.00)
[monitor_node-5] [WARN] [1789854095.265550041] [diagnostic_monitor]: ANOMALY on [navigation_node] /navigation/cmd_vel:latency: Value 0.5564 deviated from baseline 0.0035±0.0040 (z=138.8, confirmed x22) (sev=1.00)
[monitor_node-5] [WARN] [1789854095.268356737] [diagnostic_monitor]: ANOMALY on [perception_node] /perception/obstacles:latency: Value 0.4572 deviated from baseline 0.0019±0.0040 (z=113.8, confirmed x23) (sev=1.00)
[monitor_node-5] [WARN] [1789854095.273617730] [diagnostic_monitor]: ANOMALY on [localization_node] /localization/pose:latency: Value 0.4625 deviated from baseline 0.0027±0.0040 (z=116.0, confirmed x23) (sev=1.00)
[monitor_node-5] [WARN] [1789854095.276085772] [diagnostic_monitor]: ANOMALY on [navigation_node] /navigation/cmd_vel:latency: Value 0.4665 deviated from baseline 0.0035±0.0040 (z=116.3, confirmed x23) (sev=1.00)
[monitor_node-5] [WARN] [1789854095.277334207] [diagnostic_monitor]: ANOMALY on [perception_node] /perception/obstacles:latency: Value 0.3682 deviated from baseline 0.0019±0.0040 (z=91.5, confirmed x24) (sev=1.00)
[monitor_node-5] [WARN] [1789854095.278799794] [diagnostic_monitor]: ANOMALY on [localization_node] /localization/pose:latency: Value 0.3697 deviated from baseline 0.0027±0.0040 (z=92.6, confirmed x24) (sev=1.00)
[monitor_node-5] [WARN] [1789854095.280025501] [diagnostic_monitor]: ANOMALY on [navigation_node] /navigation/cmd_vel:latency: Value 0.3707 deviated from baseline 0.0035±0.0040 (z=92.2, confirmed x24) (sev=1.00)
[monitor_node-5] [WARN] [1789854095.281285605] [diagnostic_monitor]: ANOMALY on [perception_node] /perception/obstacles:latency: Value 0.2719 deviated from baseline 0.0019±0.0040 (z=67.5, confirmed x25) (sev=1.00)
[monitor_node-5] [WARN] [1789854095.283848694] [diagnostic_monitor]: ANOMALY on [localization_node] /localization/pose:latency: Value 0.2738 deviated from baseline 0.0027±0.0040 (z=68.4, confirmed x25) (sev=1.00)
[monitor_node-5] [WARN] [1789854095.291417676] [diagnostic_monitor]: ANOMALY on [navigation_node] /navigation/cmd_vel:latency: Value 0.2809 deviated from baseline 0.0035±0.0040 (z=69.7, confirmed x25) (sev=1.00)
[monitor_node-5] [INFO] [1789854101.548519848] [diagnostic_monitor]: Anomaly window cleared. System operating nominally.
[perception_node-2] [WARN] [1789854103.433298300] [perception_node]: PerceptionNode: Injected fault "crash" (param=0.0, duration=9.0s)
[perception_node-2] [FATAL] [1789854103.433996562] [perception_node]: PerceptionNode: CRASH fault triggered - exiting process now.
[ERROR] [perception_node-2]: process has died [pid 9026, exit code 1, cmd '/home/lynx/ros2_rca_ws/install/rca_test_system/lib/rca_test_system/perception_node --ros-args -r __node:=perception_node --params-file /home/lynx/ros2_rca_ws/install/rca_test_system/share/rca_test_system/config/rca_params.yaml'].
[monitor_node-5] [WARN] [1789854104.048509884] [diagnostic_monitor]: ANOMALY on [localization_node] message_timeout: Message timeout on /localization/pose: no message for 0.64s (expected ~0.099s, threshold 0.45s, last seen t=1789854103.41) (sev=0.85)
[monitor_node-5] [WARN] [1789854104.049317740] [diagnostic_monitor]: ANOMALY on [navigation_node] message_timeout: Message timeout on /navigation/cmd_vel: no message for 0.64s (expected ~0.099s, threshold 0.45s, last seen t=1789854103.41) (sev=0.85)
[monitor_node-5] [WARN] [1789854104.049923568] [diagnostic_monitor]: ANOMALY on [perception_node] message_timeout: Message timeout on /perception/obstacles: no message for 0.64s (expected ~0.099s, threshold 0.45s, last seen t=1789854103.41) (sev=0.85)
[monitor_node-5] [INFO] [1789854104.051651900] [diagnostic_monitor]: 
[monitor_node-5] ============================================================
[monitor_node-5] ROOT CAUSE DIAGNOSIS: perception_node (Confidence: 0.978)
[monitor_node-5] ============================================================
[monitor_node-5] Score Breakdown  R(C) = wD*D + wT*T + wS*S + wA*A:
[monitor_node-5]   R(perception_node) = 0.3·D(1.00) + 0.3·T(1.00) + 0.25·S(1.00) + 0.15·A(0.85) = 0.978
[monitor_node-5]   - Dependency D: 1.00 (reaches 2 downstream anomalous node(s); 0 anomalous upstream node(s))
[monitor_node-5]   - Temporal   T: 1.00 (first anomaly at t=1789854103.86s; earliest in window = supporting evidence, not proof of causality)
[monitor_node-5]   - Symptom    S: 1.00 (explains 3/3 anomalous nodes)
[monitor_node-5]   - Severity   A: 0.85 (max normalised severity on node, 1 direct anomaly event(s))
[monitor_node-5] 
[monitor_node-5] Propagation Chain (evidence-ordered, via discovered graph edges):
[monitor_node-5]   perception_node (t=1789854103.86s: message_timeout, sev=0.85)
[monitor_node-5]     └─→ localization_node via /perception/obstacles (t=1789854103.86s, +0.00s after perception_node: message_timeout)
[monitor_node-5]       └─→ navigation_node via /localization/pose (t=1789854103.86s, +0.00s after localization_node: message_timeout)
[monitor_node-5] 
[monitor_node-5] Candidate Ranking & Evidence Comparison:
[monitor_node-5]   #2 localization_node    R=0.695 (Δ -0.283) [first anomaly 0.00s after perception_node; downstream of perception_node in discovered graph; lower symptom coverage (67% vs 100%)]
[monitor_node-5]   #3 sensor_node          R=0.565 (Δ -0.413) [no direct anomaly observed]
[monitor_node-5]   #4 navigation_node      R=0.511 (Δ -0.467) [first anomaly 0.00s after perception_node; downstream of perception_node in discovered graph; lower symptom coverage (33% vs 100%)]
[monitor_node-5] ============================================================
[monitor_node-5] [WARN] [1789854104.547807593] [diagnostic_monitor]: ANOMALY on [localization_node] message_timeout: Message timeout on /localization/pose: no message for 1.14s (expected ~0.099s, threshold 0.45s, last seen t=1789854103.41) (sev=1.00)
[monitor_node-5] [WARN] [1789854104.548675908] [diagnostic_monitor]: ANOMALY on [navigation_node] message_timeout: Message timeout on /navigation/cmd_vel: no message for 1.14s (expected ~0.099s, threshold 0.45s, last seen t=1789854103.41) (sev=1.00)
[monitor_node-5] [WARN] [1789854104.549344868] [diagnostic_monitor]: ANOMALY on [perception_node] message_timeout: Message timeout on /perception/obstacles: no message for 1.14s (expected ~0.099s, threshold 0.45s, last seen t=1789854103.41) (sev=1.00)
[monitor_node-5] [WARN] [1789854105.048857658] [diagnostic_monitor]: ANOMALY on [localization_node] message_timeout: Message timeout on /localization/pose: no message for 1.64s (expected ~0.099s, threshold 0.45s, last seen t=1789854103.41) (sev=1.00)
[monitor_node-5] [WARN] [1789854105.049758974] [diagnostic_monitor]: ANOMALY on [navigation_node] message_timeout: Message timeout on /navigation/cmd_vel: no message for 1.64s (expected ~0.099s, threshold 0.45s, last seen t=1789854103.41) (sev=1.00)
[monitor_node-5] [WARN] [1789854105.050538270] [diagnostic_monitor]: ANOMALY on [perception_node] message_timeout: Message timeout on /perception/obstacles: no message for 1.64s (expected ~0.099s, threshold 0.45s, last seen t=1789854103.41) (sev=1.00)
[monitor_node-5] [WARN] [1789854105.547344032] [diagnostic_monitor]: ANOMALY on [localization_node] message_timeout: Message timeout on /localization/pose: no message for 2.14s (expected ~0.099s, threshold 0.45s, last seen t=1789854103.41) (sev=1.00)
[monitor_node-5] [WARN] [1789854105.548293787] [diagnostic_monitor]: ANOMALY on [navigation_node] message_timeout: Message timeout on /navigation/cmd_vel: no message for 2.14s (expected ~0.099s, threshold 0.45s, last seen t=1789854103.41) (sev=1.00)
[monitor_node-5] [WARN] [1789854105.548987690] [diagnostic_monitor]: ANOMALY on [perception_node] message_timeout: Message timeout on /perception/obstacles: no message for 2.14s (expected ~0.099s, threshold 0.45s, last seen t=1789854103.41) (sev=1.00)
[monitor_node-5] [WARN] [1789854106.048114152] [diagnostic_monitor]: ANOMALY on [localization_node] message_timeout: Message timeout on /localization/pose: no message for 2.64s (expected ~0.099s, threshold 0.45s, last seen t=1789854103.41) (sev=1.00)
[monitor_node-5] [WARN] [1789854106.048641285] [diagnostic_monitor]: ANOMALY on [navigation_node] message_timeout: Message timeout on /navigation/cmd_vel: no message for 2.64s (expected ~0.099s, threshold 0.45s, last seen t=1789854103.41) (sev=1.00)
[monitor_node-5] [WARN] [1789854106.049070412] [diagnostic_monitor]: ANOMALY on [perception_node] message_timeout: Message timeout on /perception/obstacles: no message for 2.64s (expected ~0.099s, threshold 0.45s, last seen t=1789854103.41) (sev=1.00)
[monitor_node-5] [WARN] [1789854106.549738101] [diagnostic_monitor]: ANOMALY on [localization_node] message_timeout: Message timeout on /localization/pose: no message for 3.14s (expected ~0.099s, threshold 0.45s, last seen t=1789854103.41) (sev=1.00)
[monitor_node-5] [WARN] [1789854106.550739451] [diagnostic_monitor]: ANOMALY on [navigation_node] message_timeout: Message timeout on /navigation/cmd_vel: no message for 3.14s (expected ~0.099s, threshold 0.45s, last seen t=1789854103.41) (sev=1.00)
[monitor_node-5] [WARN] [1789854106.551632406] [diagnostic_monitor]: ANOMALY on [perception_node] message_timeout: Message timeout on /perception/obstacles: no message for 3.14s (expected ~0.099s, threshold 0.45s, last seen t=1789854103.41) (sev=1.00)
[monitor_node-5] [WARN] [1789854107.048278331] [diagnostic_monitor]: ANOMALY on [localization_node] message_timeout: Message timeout on /localization/pose: no message for 3.64s (expected ~0.099s, threshold 0.45s, last seen t=1789854103.41) (sev=1.00)
[monitor_node-5] [WARN] [1789854107.048961111] [diagnostic_monitor]: ANOMALY on [navigation_node] message_timeout: Message timeout on /navigation/cmd_vel: no message for 3.64s (expected ~0.099s, threshold 0.45s, last seen t=1789854103.41) (sev=1.00)
[monitor_node-5] [WARN] [1789854107.049418257] [diagnostic_monitor]: ANOMALY on [perception_node] message_timeout: Message timeout on /perception/obstacles: no message for 3.64s (expected ~0.099s, threshold 0.45s, last seen t=1789854103.41) (sev=1.00)
[monitor_node-5] [WARN] [1789854107.559117520] [diagnostic_monitor]: ANOMALY on [localization_node] message_timeout: Message timeout on /localization/pose: no message for 4.14s (expected ~0.099s, threshold 0.45s, last seen t=1789854103.41) (sev=1.00)
[monitor_node-5] [WARN] [1789854107.560839749] [diagnostic_monitor]: ANOMALY on [navigation_node] message_timeout: Message timeout on /navigation/cmd_vel: no message for 4.14s (expected ~0.099s, threshold 0.45s, last seen t=1789854103.41) (sev=1.00)
[monitor_node-5] [WARN] [1789854107.561669296] [diagnostic_monitor]: ANOMALY on [perception_node] message_timeout: Message timeout on /perception/obstacles: no message for 4.14s (expected ~0.099s, threshold 0.45s, last seen t=1789854103.41) (sev=1.00)
[monitor_node-5] [WARN] [1789854108.048481768] [diagnostic_monitor]: ANOMALY on [localization_node] message_timeout: Message timeout on /localization/pose: no message for 4.64s (expected ~0.099s, threshold 0.45s, last seen t=1789854103.41) (sev=1.00)
[monitor_node-5] [WARN] [1789854108.049250439] [diagnostic_monitor]: ANOMALY on [navigation_node] message_timeout: Message timeout on /navigation/cmd_vel: no message for 4.64s (expected ~0.099s, threshold 0.45s, last seen t=1789854103.41) (sev=1.00)
[monitor_node-5] [WARN] [1789854108.050024431] [diagnostic_monitor]: ANOMALY on [perception_node] message_timeout: Message timeout on /perception/obstacles: no message for 4.64s (expected ~0.099s, threshold 0.45s, last seen t=1789854103.41) (sev=1.00)
[monitor_node-5] [WARN] [1789854108.547643784] [diagnostic_monitor]: ANOMALY on [localization_node] message_timeout: Message timeout on /localization/pose: no message for 5.14s (expected ~0.099s, threshold 0.45s, last seen t=1789854103.41) (sev=1.00)
[monitor_node-5] [WARN] [1789854108.548309225] [diagnostic_monitor]: ANOMALY on [navigation_node] message_timeout: Message timeout on /navigation/cmd_vel: no message for 5.14s (expected ~0.099s, threshold 0.45s, last seen t=1789854103.41) (sev=1.00)
[monitor_node-5] [WARN] [1789854108.548867634] [diagnostic_monitor]: ANOMALY on [perception_node] message_timeout: Message timeout on /perception/obstacles: no message for 5.14s (expected ~0.099s, threshold 0.45s, last seen t=1789854103.41) (sev=1.00)
[monitor_node-5] [WARN] [1789854109.049159016] [diagnostic_monitor]: ANOMALY on [localization_node] message_timeout: Message timeout on /localization/pose: no message for 5.64s (expected ~0.099s, threshold 0.45s, last seen t=1789854103.41) (sev=1.00)
[monitor_node-5] [WARN] [1789854109.050318643] [diagnostic_monitor]: ANOMALY on [navigation_node] message_timeout: Message timeout on /navigation/cmd_vel: no message for 5.64s (expected ~0.099s, threshold 0.45s, last seen t=1789854103.41) (sev=1.00)
[monitor_node-5] [WARN] [1789854109.051258541] [diagnostic_monitor]: ANOMALY on [perception_node] message_timeout: Message timeout on /perception/obstacles: no message for 5.64s (expected ~0.099s, threshold 0.45s, last seen t=1789854103.41) (sev=1.00)
[monitor_node-5] [WARN] [1789854109.547930247] [diagnostic_monitor]: ANOMALY on [localization_node] message_timeout: Message timeout on /localization/pose: no message for 6.14s (expected ~0.099s, threshold 0.45s, last seen t=1789854103.41) (sev=1.00)
[monitor_node-5] [WARN] [1789854109.548733200] [diagnostic_monitor]: ANOMALY on [navigation_node] message_timeout: Message timeout on /navigation/cmd_vel: no message for 6.14s (expected ~0.099s, threshold 0.45s, last seen t=1789854103.41) (sev=1.00)
[monitor_node-5] [WARN] [1789854109.549485124] [diagnostic_monitor]: ANOMALY on [perception_node] message_timeout: Message timeout on /perception/obstacles: no message for 6.14s (expected ~0.099s, threshold 0.45s, last seen t=1789854103.41) (sev=1.00)
[localization_node-3] [INFO] [1789854109.639290630] [localization_node]: LocalizationNode: Fault cleared.
[navigation_node-4] [INFO] [1789854109.639356519] [navigation_node]: NavigationNode: Fault cleared.
[sensor_node-1] [INFO] [1789854109.639359492] [sensor_node]: SensorNode: Fault cleared.
[navigation_node-4] [INFO] [1789854109.689654114] [navigation_node]: NavigationNode: Fault cleared.
[sensor_node-1] [INFO] [1789854109.689660651] [sensor_node]: SensorNode: Fault cleared.
[localization_node-3] [INFO] [1789854109.690001672] [localization_node]: LocalizationNode: Fault cleared.
[localization_node-3] [INFO] [1789854109.741001763] [localization_node]: LocalizationNode: Fault cleared.
[navigation_node-4] [INFO] [1789854109.741097714] [navigation_node]: NavigationNode: Fault cleared.
[sensor_node-1] [INFO] [1789854109.741142037] [sensor_node]: SensorNode: Fault cleared.
[localization_node-3] [INFO] [1789854109.792023790] [localization_node]: LocalizationNode: Fault cleared.
[navigation_node-4] [INFO] [1789854109.792105876] [navigation_node]: NavigationNode: Fault cleared.
[sensor_node-1] [INFO] [1789854109.792135309] [sensor_node]: SensorNode: Fault cleared.
[monitor_node-5] [WARN] [1789854110.049145183] [diagnostic_monitor]: ANOMALY on [localization_node] message_timeout: Message timeout on /localization/pose: no message for 6.64s (expected ~0.099s, threshold 0.45s, last seen t=1789854103.41) (sev=1.00)
[monitor_node-5] [WARN] [1789854110.050073690] [diagnostic_monitor]: ANOMALY on [navigation_node] message_timeout: Message timeout on /navigation/cmd_vel: no message for 6.64s (expected ~0.099s, threshold 0.45s, last seen t=1789854103.41) (sev=1.00)
[monitor_node-5] [WARN] [1789854110.050816147] [diagnostic_monitor]: ANOMALY on [perception_node] message_timeout: Message timeout on /perception/obstacles: no message for 6.64s (expected ~0.099s, threshold 0.45s, last seen t=1789854103.41) (sev=1.00)
[monitor_node-5] [WARN] [1789854110.547771246] [diagnostic_monitor]: ANOMALY on [localization_node] message_timeout: Message timeout on /localization/pose: no message for 7.14s (expected ~0.099s, threshold 0.45s, last seen t=1789854103.41) (sev=1.00)
[monitor_node-5] [WARN] [1789854110.548652334] [diagnostic_monitor]: ANOMALY on [navigation_node] message_timeout: Message timeout on /navigation/cmd_vel: no message for 7.14s (expected ~0.099s, threshold 0.45s, last seen t=1789854103.41) (sev=1.00)
[monitor_node-5] [WARN] [1789854110.549344848] [diagnostic_monitor]: ANOMALY on [perception_node] message_timeout: Message timeout on /perception/obstacles: no message for 7.14s (expected ~0.099s, threshold 0.45s, last seen t=1789854103.41) (sev=1.00)
[monitor_node-5] [WARN] [1789854111.048404383] [diagnostic_monitor]: ANOMALY on [localization_node] message_timeout: Message timeout on /localization/pose: no message for 7.64s (expected ~0.099s, threshold 0.45s, last seen t=1789854103.41) (sev=1.00)
[monitor_node-5] [WARN] [1789854111.048998102] [diagnostic_monitor]: ANOMALY on [navigation_node] message_timeout: Message timeout on /navigation/cmd_vel: no message for 7.64s (expected ~0.099s, threshold 0.45s, last seen t=1789854103.41) (sev=1.00)
[monitor_node-5] [WARN] [1789854111.049465702] [diagnostic_monitor]: ANOMALY on [perception_node] message_timeout: Message timeout on /perception/obstacles: no message for 7.64s (expected ~0.099s, threshold 0.45s, last seen t=1789854103.41) (sev=1.00)
[monitor_node-5] [WARN] [1789854111.547517245] [diagnostic_monitor]: ANOMALY on [localization_node] message_timeout: Message timeout on /localization/pose: no message for 8.14s (expected ~0.099s, threshold 0.45s, last seen t=1789854103.41) (sev=1.00)
[monitor_node-5] [WARN] [1789854111.548405794] [diagnostic_monitor]: ANOMALY on [navigation_node] message_timeout: Message timeout on /navigation/cmd_vel: no message for 8.14s (expected ~0.099s, threshold 0.45s, last seen t=1789854103.41) (sev=1.00)
[monitor_node-5] [WARN] [1789854111.549068868] [diagnostic_monitor]: ANOMALY on [perception_node] message_timeout: Message timeout on /perception/obstacles: no message for 8.14s (expected ~0.099s, threshold 0.45s, last seen t=1789854103.41) (sev=1.00)
[monitor_node-5] [WARN] [1789854112.048828154] [diagnostic_monitor]: ANOMALY on [localization_node] message_timeout: Message timeout on /localization/pose: no message for 8.64s (expected ~0.099s, threshold 0.45s, last seen t=1789854103.41) (sev=1.00)
[monitor_node-5] [WARN] [1789854112.049658142] [diagnostic_monitor]: ANOMALY on [navigation_node] message_timeout: Message timeout on /navigation/cmd_vel: no message for 8.64s (expected ~0.099s, threshold 0.45s, last seen t=1789854103.41) (sev=1.00)
[monitor_node-5] [WARN] [1789854112.050388259] [diagnostic_monitor]: ANOMALY on [perception_node] message_timeout: Message timeout on /perception/obstacles: no message for 8.64s (expected ~0.099s, threshold 0.45s, last seen t=1789854103.41) (sev=1.00)
[monitor_node-5] [WARN] [1789854112.547865509] [diagnostic_monitor]: ANOMALY on [localization_node] message_timeout: Message timeout on /localization/pose: no message for 9.14s (expected ~0.099s, threshold 0.45s, last seen t=1789854103.41) (sev=1.00)
[monitor_node-5] [WARN] [1789854112.548683355] [diagnostic_monitor]: ANOMALY on [navigation_node] message_timeout: Message timeout on /navigation/cmd_vel: no message for 9.14s (expected ~0.099s, threshold 0.45s, last seen t=1789854103.41) (sev=1.00)
[monitor_node-5] [WARN] [1789854112.549399958] [diagnostic_monitor]: ANOMALY on [perception_node] message_timeout: Message timeout on /perception/obstacles: no message for 9.14s (expected ~0.099s, threshold 0.45s, last seen t=1789854103.41) (sev=1.00)
[monitor_node-5] [WARN] [1789854113.049433590] [diagnostic_monitor]: ANOMALY on [localization_node] message_timeout: Message timeout on /localization/pose: no message for 9.64s (expected ~0.099s, threshold 0.45s, last seen t=1789854103.41) (sev=1.00)
[monitor_node-5] [WARN] [1789854113.050563336] [diagnostic_monitor]: ANOMALY on [navigation_node] message_timeout: Message timeout on /navigation/cmd_vel: no message for 9.64s (expected ~0.099s, threshold 0.45s, last seen t=1789854103.41) (sev=1.00)
[monitor_node-5] [WARN] [1789854113.051429261] [diagnostic_monitor]: ANOMALY on [perception_node] message_timeout: Message timeout on /perception/obstacles: no message for 9.64s (expected ~0.099s, threshold 0.45s, last seen t=1789854103.41) (sev=1.00)
[monitor_node-5] [WARN] [1789854113.547671532] [diagnostic_monitor]: ANOMALY on [localization_node] message_timeout: Message timeout on /localization/pose: no message for 10.14s (expected ~0.099s, threshold 0.45s, last seen t=1789854103.41) (sev=1.00)
[monitor_node-5] [WARN] [1789854113.548480001] [diagnostic_monitor]: ANOMALY on [navigation_node] message_timeout: Message timeout on /navigation/cmd_vel: no message for 10.14s (expected ~0.099s, threshold 0.45s, last seen t=1789854103.41) (sev=1.00)
[monitor_node-5] [WARN] [1789854113.549186885] [diagnostic_monitor]: ANOMALY on [perception_node] message_timeout: Message timeout on /perception/obstacles: no message for 10.14s (expected ~0.099s, threshold 0.45s, last seen t=1789854103.41) (sev=1.00)
[monitor_node-5] [WARN] [1789854114.048631116] [diagnostic_monitor]: ANOMALY on [localization_node] message_timeout: Message timeout on /localization/pose: no message for 10.64s (expected ~0.099s, threshold 0.45s, last seen t=1789854103.41) (sev=1.00)
[monitor_node-5] [WARN] [1789854114.049358570] [diagnostic_monitor]: ANOMALY on [navigation_node] message_timeout: Message timeout on /navigation/cmd_vel: no message for 10.64s (expected ~0.099s, threshold 0.45s, last seen t=1789854103.41) (sev=1.00)
[monitor_node-5] [WARN] [1789854114.050124541] [diagnostic_monitor]: ANOMALY on [perception_node] message_timeout: Message timeout on /perception/obstacles: no message for 10.64s (expected ~0.099s, threshold 0.45s, last seen t=1789854103.41) (sev=1.00)
[monitor_node-5] [WARN] [1789854114.548583420] [diagnostic_monitor]: ANOMALY on [localization_node] message_timeout: Message timeout on /localization/pose: no message for 11.14s (expected ~0.099s, threshold 0.45s, last seen t=1789854103.41) (sev=1.00)
[monitor_node-5] [WARN] [1789854114.549392673] [diagnostic_monitor]: ANOMALY on [navigation_node] message_timeout: Message timeout on /navigation/cmd_vel: no message for 11.14s (expected ~0.099s, threshold 0.45s, last seen t=1789854103.41) (sev=1.00)
[monitor_node-5] [WARN] [1789854114.550076803] [diagnostic_monitor]: ANOMALY on [perception_node] message_timeout: Message timeout on /perception/obstacles: no message for 11.14s (expected ~0.099s, threshold 0.45s, last seen t=1789854103.41) (sev=1.00)
[monitor_node-5] [WARN] [1789854115.049392381] [diagnostic_monitor]: ANOMALY on [localization_node] message_timeout: Message timeout on /localization/pose: no message for 11.64s (expected ~0.099s, threshold 0.45s, last seen t=1789854103.41) (sev=1.00)
[monitor_node-5] [WARN] [1789854115.050423599] [diagnostic_monitor]: ANOMALY on [navigation_node] message_timeout: Message timeout on /navigation/cmd_vel: no message for 11.64s (expected ~0.099s, threshold 0.45s, last seen t=1789854103.41) (sev=1.00)
[monitor_node-5] [WARN] [1789854115.052352069] [diagnostic_monitor]: ANOMALY on [perception_node] message_timeout: Message timeout on /perception/obstacles: no message for 11.64s (expected ~0.099s, threshold 0.45s, last seen t=1789854103.41) (sev=1.00)
[monitor_node-5] [WARN] [1789854115.547855395] [diagnostic_monitor]: ANOMALY on [localization_node] message_timeout: Message timeout on /localization/pose: no message for 12.14s (expected ~0.099s, threshold 0.45s, last seen t=1789854103.41) (sev=1.00)
[monitor_node-5] [WARN] [1789854115.548662057] [diagnostic_monitor]: ANOMALY on [navigation_node] message_timeout: Message timeout on /navigation/cmd_vel: no message for 12.14s (expected ~0.099s, threshold 0.45s, last seen t=1789854103.41) (sev=1.00)
[monitor_node-5] [WARN] [1789854115.549582955] [diagnostic_monitor]: ANOMALY on [perception_node] message_timeout: Message timeout on /perception/obstacles: no message for 12.14s (expected ~0.099s, threshold 0.45s, last seen t=1789854103.41) (sev=1.00)
[monitor_node-5] [WARN] [1789854116.048497679] [diagnostic_monitor]: ANOMALY on [localization_node] message_timeout: Message timeout on /localization/pose: no message for 12.64s (expected ~0.099s, threshold 0.45s, last seen t=1789854103.41) (sev=1.00)
[monitor_node-5] [WARN] [1789854116.049055320] [diagnostic_monitor]: ANOMALY on [navigation_node] message_timeout: Message timeout on /navigation/cmd_vel: no message for 12.64s (expected ~0.099s, threshold 0.45s, last seen t=1789854103.41) (sev=1.00)
[monitor_node-5] [WARN] [1789854116.049647429] [diagnostic_monitor]: ANOMALY on [perception_node] message_timeout: Message timeout on /perception/obstacles: no message for 12.64s (expected ~0.099s, threshold 0.45s, last seen t=1789854103.41) (sev=1.00)
[monitor_node-5] [WARN] [1789854116.548973618] [diagnostic_monitor]: ANOMALY on [localization_node] message_timeout: Message timeout on /localization/pose: no message for 13.14s (expected ~0.099s, threshold 0.45s, last seen t=1789854103.41) (sev=1.00)
[monitor_node-5] [WARN] [1789854116.550680291] [diagnostic_monitor]: ANOMALY on [navigation_node] message_timeout: Message timeout on /navigation/cmd_vel: no message for 13.14s (expected ~0.099s, threshold 0.45s, last seen t=1789854103.41) (sev=1.00)
[monitor_node-5] [WARN] [1789854116.551367906] [diagnostic_monitor]: ANOMALY on [perception_node] message_timeout: Message timeout on /perception/obstacles: no message for 13.14s (expected ~0.099s, threshold 0.45s, last seen t=1789854103.41) (sev=1.00)
[monitor_node-5] [WARN] [1789854117.048654321] [diagnostic_monitor]: ANOMALY on [localization_node] message_timeout: Message timeout on /localization/pose: no message for 13.64s (expected ~0.099s, threshold 0.45s, last seen t=1789854103.41) (sev=1.00)
[monitor_node-5] [WARN] [1789854117.049404081] [diagnostic_monitor]: ANOMALY on [navigation_node] message_timeout: Message timeout on /navigation/cmd_vel: no message for 13.64s (expected ~0.099s, threshold 0.45s, last seen t=1789854103.41) (sev=1.00)
[monitor_node-5] [WARN] [1789854117.050098762] [diagnostic_monitor]: ANOMALY on [perception_node] message_timeout: Message timeout on /perception/obstacles: no message for 13.64s (expected ~0.099s, threshold 0.45s, last seen t=1789854103.41) (sev=1.00)
[monitor_node-5] [WARN] [1789854117.547880750] [diagnostic_monitor]: ANOMALY on [localization_node] message_timeout: Message timeout on /localization/pose: no message for 14.14s (expected ~0.099s, threshold 0.45s, last seen t=1789854103.41) (sev=1.00)
[monitor_node-5] [WARN] [1789854117.548717560] [diagnostic_monitor]: ANOMALY on [navigation_node] message_timeout: Message timeout on /navigation/cmd_vel: no message for 14.14s (expected ~0.099s, threshold 0.45s, last seen t=1789854103.41) (sev=1.00)
[monitor_node-5] [WARN] [1789854117.549482929] [diagnostic_monitor]: ANOMALY on [perception_node] message_timeout: Message timeout on /perception/obstacles: no message for 14.14s (expected ~0.099s, threshold 0.45s, last seen t=1789854103.41) (sev=1.00)
[monitor_node-5] [WARN] [1789854118.048898116] [diagnostic_monitor]: ANOMALY on [localization_node] message_timeout: Message timeout on /localization/pose: no message for 14.64s (expected ~0.099s, threshold 0.45s, last seen t=1789854103.41) (sev=1.00)
[monitor_node-5] [WARN] [1789854118.049626000] [diagnostic_monitor]: ANOMALY on [navigation_node] message_timeout: Message timeout on /navigation/cmd_vel: no message for 14.64s (expected ~0.099s, threshold 0.45s, last seen t=1789854103.41) (sev=1.00)
[monitor_node-5] [WARN] [1789854118.050327506] [diagnostic_monitor]: ANOMALY on [perception_node] message_timeout: Message timeout on /perception/obstacles: no message for 14.64s (expected ~0.099s, threshold 0.45s, last seen t=1789854103.41) (sev=1.00)
[monitor_node-5] [WARN] [1789854118.548180796] [diagnostic_monitor]: ANOMALY on [localization_node] message_timeout: Message timeout on /localization/pose: no message for 15.14s (expected ~0.099s, threshold 0.45s, last seen t=1789854103.41) (sev=1.00)
[monitor_node-5] [WARN] [1789854118.549061388] [diagnostic_monitor]: ANOMALY on [navigation_node] message_timeout: Message timeout on /navigation/cmd_vel: no message for 15.14s (expected ~0.099s, threshold 0.45s, last seen t=1789854103.41) (sev=1.00)
[monitor_node-5] [WARN] [1789854118.549793346] [diagnostic_monitor]: ANOMALY on [perception_node] message_timeout: Message timeout on /perception/obstacles: no message for 15.14s (expected ~0.099s, threshold 0.45s, last seen t=1789854103.41) (sev=1.00)
[monitor_node-5] [WARN] [1789854119.048338253] [diagnostic_monitor]: ANOMALY on [localization_node] message_timeout: Message timeout on /localization/pose: no message for 15.64s (expected ~0.099s, threshold 0.45s, last seen t=1789854103.41) (sev=1.00)
[monitor_node-5] [WARN] [1789854119.049105964] [diagnostic_monitor]: ANOMALY on [navigation_node] message_timeout: Message timeout on /navigation/cmd_vel: no message for 15.64s (expected ~0.099s, threshold 0.45s, last seen t=1789854103.41) (sev=1.00)
[monitor_node-5] [WARN] [1789854119.049694152] [diagnostic_monitor]: ANOMALY on [perception_node] message_timeout: Message timeout on /perception/obstacles: no message for 15.64s (expected ~0.099s, threshold 0.45s, last seen t=1789854103.41) (sev=1.00)
[monitor_node-5] [WARN] [1789854119.547954992] [diagnostic_monitor]: ANOMALY on [localization_node] message_timeout: Message timeout on /localization/pose: no message for 16.14s (expected ~0.099s, threshold 0.45s, last seen t=1789854103.41) (sev=1.00)
[monitor_node-5] [WARN] [1789854119.548886098] [diagnostic_monitor]: ANOMALY on [navigation_node] message_timeout: Message timeout on /navigation/cmd_vel: no message for 16.14s (expected ~0.099s, threshold 0.45s, last seen t=1789854103.41) (sev=1.00)
[monitor_node-5] [WARN] [1789854119.549628428] [diagnostic_monitor]: ANOMALY on [perception_node] message_timeout: Message timeout on /perception/obstacles: no message for 16.14s (expected ~0.099s, threshold 0.45s, last seen t=1789854103.41) (sev=1.00)
[monitor_node-5] [WARN] [1789854120.048952436] [diagnostic_monitor]: ANOMALY on [localization_node] message_timeout: Message timeout on /localization/pose: no message for 16.64s (expected ~0.099s, threshold 0.45s, last seen t=1789854103.41) (sev=1.00)
[monitor_node-5] [WARN] [1789854120.049821642] [diagnostic_monitor]: ANOMALY on [navigation_node] message_timeout: Message timeout on /navigation/cmd_vel: no message for 16.64s (expected ~0.099s, threshold 0.45s, last seen t=1789854103.41) (sev=1.00)
[monitor_node-5] [WARN] [1789854120.050563881] [diagnostic_monitor]: ANOMALY on [perception_node] message_timeout: Message timeout on /perception/obstacles: no message for 16.64s (expected ~0.099s, threshold 0.45s, last seen t=1789854103.41) (sev=1.00)
[monitor_node-5] [WARN] [1789854120.547818224] [diagnostic_monitor]: ANOMALY on [localization_node] message_timeout: Message timeout on /localization/pose: no message for 17.14s (expected ~0.099s, threshold 0.45s, last seen t=1789854103.41) (sev=1.00)
[monitor_node-5] [WARN] [1789854120.548645774] [diagnostic_monitor]: ANOMALY on [navigation_node] message_timeout: Message timeout on /navigation/cmd_vel: no message for 17.14s (expected ~0.099s, threshold 0.45s, last seen t=1789854103.41) (sev=1.00)
[monitor_node-5] [WARN] [1789854120.549373849] [diagnostic_monitor]: ANOMALY on [perception_node] message_timeout: Message timeout on /perception/obstacles: no message for 17.14s (expected ~0.099s, threshold 0.45s, last seen t=1789854103.41) (sev=1.00)
[monitor_node-5] [WARN] [1789854121.049108364] [diagnostic_monitor]: ANOMALY on [localization_node] message_timeout: Message timeout on /localization/pose: no message for 17.64s (expected ~0.099s, threshold 0.45s, last seen t=1789854103.41) (sev=1.00)
[monitor_node-5] [WARN] [1789854121.050116220] [diagnostic_monitor]: ANOMALY on [navigation_node] message_timeout: Message timeout on /navigation/cmd_vel: no message for 17.64s (expected ~0.099s, threshold 0.45s, last seen t=1789854103.41) (sev=1.00)
[monitor_node-5] [WARN] [1789854121.050855838] [diagnostic_monitor]: ANOMALY on [perception_node] message_timeout: Message timeout on /perception/obstacles: no message for 17.64s (expected ~0.099s, threshold 0.45s, last seen t=1789854103.41) (sev=1.00)
[monitor_node-5] [WARN] [1789854121.547693951] [diagnostic_monitor]: ANOMALY on [localization_node] message_timeout: Message timeout on /localization/pose: no message for 18.14s (expected ~0.099s, threshold 0.45s, last seen t=1789854103.41) (sev=1.00)
[monitor_node-5] [WARN] [1789854121.548577912] [diagnostic_monitor]: ANOMALY on [navigation_node] message_timeout: Message timeout on /navigation/cmd_vel: no message for 18.14s (expected ~0.099s, threshold 0.45s, last seen t=1789854103.41) (sev=1.00)
[monitor_node-5] [WARN] [1789854121.549274841] [diagnostic_monitor]: ANOMALY on [perception_node] message_timeout: Message timeout on /perception/obstacles: no message for 18.14s (expected ~0.099s, threshold 0.45s, last seen t=1789854103.41) (sev=1.00)
[monitor_node-5] [WARN] [1789854122.048889685] [diagnostic_monitor]: ANOMALY on [localization_node] message_timeout: Message timeout on /localization/pose: no message for 18.64s (expected ~0.099s, threshold 0.45s, last seen t=1789854103.41) (sev=1.00)
[monitor_node-5] [WARN] [1789854122.049805554] [diagnostic_monitor]: ANOMALY on [navigation_node] message_timeout: Message timeout on /navigation/cmd_vel: no message for 18.64s (expected ~0.099s, threshold 0.45s, last seen t=1789854103.41) (sev=1.00)
[monitor_node-5] [WARN] [1789854122.050496868] [diagnostic_monitor]: ANOMALY on [perception_node] message_timeout: Message timeout on /perception/obstacles: no message for 18.64s (expected ~0.099s, threshold 0.45s, last seen t=1789854103.41) (sev=1.00)
[monitor_node-5] [WARN] [1789854122.547802071] [diagnostic_monitor]: ANOMALY on [localization_node] message_timeout: Message timeout on /localization/pose: no message for 19.14s (expected ~0.099s, threshold 0.45s, last seen t=1789854103.41) (sev=1.00)
[monitor_node-5] [WARN] [1789854122.550199900] [diagnostic_monitor]: ANOMALY on [navigation_node] message_timeout: Message timeout on /navigation/cmd_vel: no message for 19.14s (expected ~0.099s, threshold 0.45s, last seen t=1789854103.41) (sev=1.00)
[monitor_node-5] [WARN] [1789854122.551484638] [diagnostic_monitor]: ANOMALY on [perception_node] message_timeout: Message timeout on /perception/obstacles: no message for 19.14s (expected ~0.099s, threshold 0.45s, last seen t=1789854103.41) (sev=1.00)
[monitor_node-5] [WARN] [1789854123.048671927] [diagnostic_monitor]: ANOMALY on [localization_node] message_timeout: Message timeout on /localization/pose: no message for 19.64s (expected ~0.099s, threshold 0.45s, last seen t=1789854103.41) (sev=1.00)
[monitor_node-5] [WARN] [1789854123.049344389] [diagnostic_monitor]: ANOMALY on [navigation_node] message_timeout: Message timeout on /navigation/cmd_vel: no message for 19.64s (expected ~0.099s, threshold 0.45s, last seen t=1789854103.41) (sev=1.00)
[monitor_node-5] [WARN] [1789854123.049990737] [diagnostic_monitor]: ANOMALY on [perception_node] message_timeout: Message timeout on /perception/obstacles: no message for 19.64s (expected ~0.099s, threshold 0.45s, last seen t=1789854103.41) (sev=1.00)
[monitor_node-5] [WARN] [1789854123.547740094] [diagnostic_monitor]: ANOMALY on [localization_node] message_timeout: Message timeout on /localization/pose: no message for 20.14s (expected ~0.099s, threshold 0.45s, last seen t=1789854103.41) (sev=1.00)
[monitor_node-5] [WARN] [1789854123.548524734] [diagnostic_monitor]: ANOMALY on [navigation_node] message_timeout: Message timeout on /navigation/cmd_vel: no message for 20.14s (expected ~0.099s, threshold 0.45s, last seen t=1789854103.41) (sev=1.00)
[monitor_node-5] [WARN] [1789854123.549178981] [diagnostic_monitor]: ANOMALY on [perception_node] message_timeout: Message timeout on /perception/obstacles: no message for 20.14s (expected ~0.099s, threshold 0.45s, last seen t=1789854103.41) (sev=1.00)
[monitor_node-5] [WARN] [1789854124.048247738] [diagnostic_monitor]: ANOMALY on [perception_node] node_crash: Node perception_node absent from ROS 2 graph (process crash or killed); last seen alive t=1789854103.41, missing for 20.6s (sev=1.00)
[monitor_node-5] [FATAL] [1789854124.048925326] [diagnostic_monitor]: CRASH DETECTED: Node perception_node absent from ROS 2 graph (process crash or killed); last seen alive t=1789854103.41, missing for 20.6s
[monitor_node-5] [WARN] [1789854124.050332550] [diagnostic_monitor]: ANOMALY on [localization_node] message_timeout: Message timeout on /localization/pose: no message for 20.64s (expected ~0.099s, threshold 0.45s, last seen t=1789854103.41) (sev=1.00)
[monitor_node-5] [WARN] [1789854124.051149766] [diagnostic_monitor]: ANOMALY on [navigation_node] message_timeout: Message timeout on /navigation/cmd_vel: no message for 20.64s (expected ~0.099s, threshold 0.45s, last seen t=1789854103.41) (sev=1.00)
[monitor_node-5] [WARN] [1789854124.547583856] [diagnostic_monitor]: ANOMALY on [localization_node] message_timeout: Message timeout on /localization/pose: no message for 21.14s (expected ~0.099s, threshold 0.45s, last seen t=1789854103.41) (sev=1.00)
[monitor_node-5] [WARN] [1789854124.548440864] [diagnostic_monitor]: ANOMALY on [navigation_node] message_timeout: Message timeout on /navigation/cmd_vel: no message for 21.14s (expected ~0.099s, threshold 0.45s, last seen t=1789854103.41) (sev=1.00)
[monitor_node-5] [WARN] [1789854125.049103813] [diagnostic_monitor]: ANOMALY on [localization_node] message_timeout: Message timeout on /localization/pose: no message for 21.64s (expected ~0.099s, threshold 0.45s, last seen t=1789854103.41) (sev=1.00)
[monitor_node-5] [WARN] [1789854125.050126472] [diagnostic_monitor]: ANOMALY on [navigation_node] message_timeout: Message timeout on /navigation/cmd_vel: no message for 21.64s (expected ~0.099s, threshold 0.45s, last seen t=1789854103.41) (sev=1.00)
[monitor_node-5] [WARN] [1789854125.547578002] [diagnostic_monitor]: ANOMALY on [localization_node] message_timeout: Message timeout on /localization/pose: no message for 22.14s (expected ~0.099s, threshold 0.45s, last seen t=1789854103.41) (sev=1.00)
[monitor_node-5] [WARN] [1789854125.548448351] [diagnostic_monitor]: ANOMALY on [navigation_node] message_timeout: Message timeout on /navigation/cmd_vel: no message for 22.14s (expected ~0.099s, threshold 0.45s, last seen t=1789854103.41) (sev=1.00)
[monitor_node-5] [WARN] [1789854126.048484288] [diagnostic_monitor]: ANOMALY on [perception_node] node_crash: Node perception_node absent from ROS 2 graph (process crash or killed); last seen alive t=1789854103.41, missing for 22.6s (sev=1.00)
[monitor_node-5] [WARN] [1789854126.049786419] [diagnostic_monitor]: ANOMALY on [localization_node] message_timeout: Message timeout on /localization/pose: no message for 22.64s (expected ~0.099s, threshold 0.45s, last seen t=1789854103.41) (sev=1.00)
[monitor_node-5] [WARN] [1789854126.050713126] [diagnostic_monitor]: ANOMALY on [navigation_node] message_timeout: Message timeout on /navigation/cmd_vel: no message for 22.64s (expected ~0.099s, threshold 0.45s, last seen t=1789854103.41) (sev=1.00)
[monitor_node-5] [WARN] [1789854126.547686755] [diagnostic_monitor]: ANOMALY on [localization_node] message_timeout: Message timeout on /localization/pose: no message for 23.14s (expected ~0.099s, threshold 0.45s, last seen t=1789854103.41) (sev=1.00)
[monitor_node-5] [WARN] [1789854126.548502329] [diagnostic_monitor]: ANOMALY on [navigation_node] message_timeout: Message timeout on /navigation/cmd_vel: no message for 23.14s (expected ~0.099s, threshold 0.45s, last seen t=1789854103.41) (sev=1.00)
[monitor_node-5] [WARN] [1789854127.048732741] [diagnostic_monitor]: ANOMALY on [localization_node] message_timeout: Message timeout on /localization/pose: no message for 23.64s (expected ~0.099s, threshold 0.45s, last seen t=1789854103.41) (sev=1.00)
[monitor_node-5] [WARN] [1789854127.049534348] [diagnostic_monitor]: ANOMALY on [navigation_node] message_timeout: Message timeout on /navigation/cmd_vel: no message for 23.64s (expected ~0.099s, threshold 0.45s, last seen t=1789854103.41) (sev=1.00)
[monitor_node-5] [WARN] [1789854127.547725680] [diagnostic_monitor]: ANOMALY on [localization_node] message_timeout: Message timeout on /localization/pose: no message for 24.14s (expected ~0.099s, threshold 0.45s, last seen t=1789854103.41) (sev=1.00)
[monitor_node-5] [WARN] [1789854127.548641766] [diagnostic_monitor]: ANOMALY on [navigation_node] message_timeout: Message timeout on /navigation/cmd_vel: no message for 24.14s (expected ~0.099s, threshold 0.45s, last seen t=1789854103.41) (sev=1.00)
[monitor_node-5] [WARN] [1789854128.048614531] [diagnostic_monitor]: ANOMALY on [localization_node] message_timeout: Message timeout on /localization/pose: no message for 24.64s (expected ~0.099s, threshold 0.45s, last seen t=1789854103.41) (sev=1.00)
[monitor_node-5] [WARN] [1789854128.049598488] [diagnostic_monitor]: ANOMALY on [navigation_node] message_timeout: Message timeout on /navigation/cmd_vel: no message for 24.64s (expected ~0.099s, threshold 0.45s, last seen t=1789854103.41) (sev=1.00)
[monitor_node-5] [WARN] [1789854128.555918733] [diagnostic_monitor]: ANOMALY on [localization_node] message_timeout: Message timeout on /localization/pose: no message for 25.14s (expected ~0.099s, threshold 0.45s, last seen t=1789854103.41) (sev=1.00)
[monitor_node-5] [WARN] [1789854128.556898713] [diagnostic_monitor]: ANOMALY on [navigation_node] message_timeout: Message timeout on /navigation/cmd_vel: no message for 25.14s (expected ~0.099s, threshold 0.45s, last seen t=1789854103.41) (sev=1.00)
[monitor_node-5] [WARN] [1789854129.048318766] [diagnostic_monitor]: ANOMALY on [perception_node] node_crash: Node perception_node absent from ROS 2 graph (process crash or killed); last seen alive t=1789854103.41, missing for 25.6s (sev=1.00)
[monitor_node-5] [WARN] [1789854129.049613175] [diagnostic_monitor]: ANOMALY on [localization_node] message_timeout: Message timeout on /localization/pose: no message for 25.64s (expected ~0.099s, threshold 0.45s, last seen t=1789854103.41) (sev=1.00)
[monitor_node-5] [WARN] [1789854129.050473799] [diagnostic_monitor]: ANOMALY on [navigation_node] message_timeout: Message timeout on /navigation/cmd_vel: no message for 25.64s (expected ~0.099s, threshold 0.45s, last seen t=1789854103.41) (sev=1.00)
[monitor_node-5] [WARN] [1789854129.547442882] [diagnostic_monitor]: ANOMALY on [localization_node] message_timeout: Message timeout on /localization/pose: no message for 26.14s (expected ~0.099s, threshold 0.45s, last seen t=1789854103.41) (sev=1.00)
[monitor_node-5] [WARN] [1789854129.548329052] [diagnostic_monitor]: ANOMALY on [navigation_node] message_timeout: Message timeout on /navigation/cmd_vel: no message for 26.14s (expected ~0.099s, threshold 0.45s, last seen t=1789854103.41) (sev=1.00)
[monitor_node-5] [WARN] [1789854130.049233184] [diagnostic_monitor]: ANOMALY on [localization_node] message_timeout: Message timeout on /localization/pose: no message for 26.64s (expected ~0.099s, threshold 0.45s, last seen t=1789854103.41) (sev=1.00)
[monitor_node-5] [WARN] [1789854130.050127749] [diagnostic_monitor]: ANOMALY on [navigation_node] message_timeout: Message timeout on /navigation/cmd_vel: no message for 26.64s (expected ~0.099s, threshold 0.45s, last seen t=1789854103.41) (sev=1.00)
[monitor_node-5] [WARN] [1789854130.548129480] [diagnostic_monitor]: ANOMALY on [localization_node] message_timeout: Message timeout on /localization/pose: no message for 27.14s (expected ~0.099s, threshold 0.45s, last seen t=1789854103.41) (sev=1.00)
[monitor_node-5] [WARN] [1789854130.548991423] [diagnostic_monitor]: ANOMALY on [navigation_node] message_timeout: Message timeout on /navigation/cmd_vel: no message for 27.14s (expected ~0.099s, threshold 0.45s, last seen t=1789854103.41) (sev=1.00)
[monitor_node-5] [WARN] [1789854131.048398220] [diagnostic_monitor]: ANOMALY on [localization_node] message_timeout: Message timeout on /localization/pose: no message for 27.64s (expected ~0.099s, threshold 0.45s, last seen t=1789854103.41) (sev=1.00)
[monitor_node-5] [WARN] [1789854131.048948797] [diagnostic_monitor]: ANOMALY on [navigation_node] message_timeout: Message timeout on /navigation/cmd_vel: no message for 27.64s (expected ~0.099s, threshold 0.45s, last seen t=1789854103.41) (sev=1.00)
[monitor_node-5] [WARN] [1789854131.547592709] [diagnostic_monitor]: ANOMALY on [localization_node] message_timeout: Message timeout on /localization/pose: no message for 28.14s (expected ~0.099s, threshold 0.45s, last seen t=1789854103.41) (sev=1.00)
[monitor_node-5] [WARN] [1789854131.548495132] [diagnostic_monitor]: ANOMALY on [navigation_node] message_timeout: Message timeout on /navigation/cmd_vel: no message for 28.14s (expected ~0.099s, threshold 0.45s, last seen t=1789854103.41) (sev=1.00)
[monitor_node-5] [WARN] [1789854132.048515786] [diagnostic_monitor]: ANOMALY on [perception_node] node_crash: Node perception_node absent from ROS 2 graph (process crash or killed); last seen alive t=1789854103.41, missing for 28.6s (sev=1.00)
[monitor_node-5] [WARN] [1789854132.050061107] [diagnostic_monitor]: ANOMALY on [localization_node] message_timeout: Message timeout on /localization/pose: no message for 28.64s (expected ~0.099s, threshold 0.45s, last seen t=1789854103.41) (sev=1.00)
[monitor_node-5] [WARN] [1789854132.050816497] [diagnostic_monitor]: ANOMALY on [navigation_node] message_timeout: Message timeout on /navigation/cmd_vel: no message for 28.64s (expected ~0.099s, threshold 0.45s, last seen t=1789854103.41) (sev=1.00)
[monitor_node-5] [WARN] [1789854132.547696220] [diagnostic_monitor]: ANOMALY on [localization_node] message_timeout: Message timeout on /localization/pose: no message for 29.14s (expected ~0.099s, threshold 0.45s, last seen t=1789854103.41) (sev=1.00)
[monitor_node-5] [WARN] [1789854132.548498038] [diagnostic_monitor]: ANOMALY on [navigation_node] message_timeout: Message timeout on /navigation/cmd_vel: no message for 29.14s (expected ~0.099s, threshold 0.45s, last seen t=1789854103.41) (sev=1.00)
[monitor_node-5] [WARN] [1789854133.048923340] [diagnostic_monitor]: ANOMALY on [localization_node] message_timeout: Message timeout on /localization/pose: no message for 29.64s (expected ~0.099s, threshold 0.45s, last seen t=1789854103.41) (sev=1.00)
[monitor_node-5] [WARN] [1789854133.049589905] [diagnostic_monitor]: ANOMALY on [navigation_node] message_timeout: Message timeout on /navigation/cmd_vel: no message for 29.64s (expected ~0.099s, threshold 0.45s, last seen t=1789854103.41) (sev=1.00)
[monitor_node-5] [WARN] [1789854133.547679675] [diagnostic_monitor]: ANOMALY on [localization_node] message_timeout: Message timeout on /localization/pose: no message for 30.14s (expected ~0.099s, threshold 0.45s, last seen t=1789854103.41) (sev=1.00)
[monitor_node-5] [WARN] [1789854133.548516762] [diagnostic_monitor]: ANOMALY on [navigation_node] message_timeout: Message timeout on /navigation/cmd_vel: no message for 30.14s (expected ~0.099s, threshold 0.45s, last seen t=1789854103.41) (sev=1.00)
[monitor_node-5] [WARN] [1789854134.048613125] [diagnostic_monitor]: ANOMALY on [perception_node] node_crash: Node perception_node absent from ROS 2 graph (process crash or killed); last seen alive t=1789854103.41, missing for 30.6s (sev=1.00)
[monitor_node-5] [WARN] [1789854134.050154823] [diagnostic_monitor]: ANOMALY on [localization_node] message_timeout: Message timeout on /localization/pose: no message for 30.64s (expected ~0.099s, threshold 0.45s, last seen t=1789854103.41) (sev=1.00)
[monitor_node-5] [WARN] [1789854134.050861956] [diagnostic_monitor]: ANOMALY on [navigation_node] message_timeout: Message timeout on /navigation/cmd_vel: no message for 30.64s (expected ~0.099s, threshold 0.45s, last seen t=1789854103.41) (sev=1.00)
[monitor_node-5] [WARN] [1789854134.547654189] [diagnostic_monitor]: ANOMALY on [localization_node] message_timeout: Message timeout on /localization/pose: no message for 31.14s (expected ~0.099s, threshold 0.45s, last seen t=1789854103.41) (sev=1.00)
[monitor_node-5] [WARN] [1789854134.548562227] [diagnostic_monitor]: ANOMALY on [navigation_node] message_timeout: Message timeout on /navigation/cmd_vel: no message for 31.14s (expected ~0.099s, threshold 0.45s, last seen t=1789854103.41) (sev=1.00)
[monitor_node-5] [WARN] [1789854135.048523175] [diagnostic_monitor]: ANOMALY on [localization_node] message_timeout: Message timeout on /localization/pose: no message for 31.64s (expected ~0.099s, threshold 0.45s, last seen t=1789854103.41) (sev=1.00)
[monitor_node-5] [WARN] [1789854135.049372251] [diagnostic_monitor]: ANOMALY on [navigation_node] message_timeout: Message timeout on /navigation/cmd_vel: no message for 31.64s (expected ~0.099s, threshold 0.45s, last seen t=1789854103.41) (sev=1.00)
[monitor_node-5] [WARN] [1789854135.547736477] [diagnostic_monitor]: ANOMALY on [localization_node] message_timeout: Message timeout on /localization/pose: no message for 32.14s (expected ~0.099s, threshold 0.45s, last seen t=1789854103.41) (sev=1.00)
[monitor_node-5] [WARN] [1789854135.548603927] [diagnostic_monitor]: ANOMALY on [navigation_node] message_timeout: Message timeout on /navigation/cmd_vel: no message for 32.14s (expected ~0.099s, threshold 0.45s, last seen t=1789854103.41) (sev=1.00)
[monitor_node-5] [WARN] [1789854136.048799934] [diagnostic_monitor]: ANOMALY on [localization_node] message_timeout: Message timeout on /localization/pose: no message for 32.64s (expected ~0.099s, threshold 0.45s, last seen t=1789854103.41) (sev=1.00)
[monitor_node-5] [WARN] [1789854136.049583478] [diagnostic_monitor]: ANOMALY on [navigation_node] message_timeout: Message timeout on /navigation/cmd_vel: no message for 32.64s (expected ~0.099s, threshold 0.45s, last seen t=1789854103.41) (sev=1.00)
[monitor_node-5] [WARN] [1789854136.548031321] [diagnostic_monitor]: ANOMALY on [localization_node] message_timeout: Message timeout on /localization/pose: no message for 33.14s (expected ~0.099s, threshold 0.45s, last seen t=1789854103.41) (sev=1.00)
[monitor_node-5] [WARN] [1789854136.548889166] [diagnostic_monitor]: ANOMALY on [navigation_node] message_timeout: Message timeout on /navigation/cmd_vel: no message for 33.14s (expected ~0.099s, threshold 0.45s, last seen t=1789854103.41) (sev=1.00)
[monitor_node-5] [WARN] [1789854137.048608289] [diagnostic_monitor]: ANOMALY on [perception_node] node_crash: Node perception_node absent from ROS 2 graph (process crash or killed); last seen alive t=1789854103.41, missing for 33.6s (sev=1.00)
[monitor_node-5] [WARN] [1789854137.050157952] [diagnostic_monitor]: ANOMALY on [localization_node] message_timeout: Message timeout on /localization/pose: no message for 33.64s (expected ~0.099s, threshold 0.45s, last seen t=1789854103.41) (sev=1.00)
[monitor_node-5] [WARN] [1789854137.050687371] [diagnostic_monitor]: ANOMALY on [navigation_node] message_timeout: Message timeout on /navigation/cmd_vel: no message for 33.64s (expected ~0.099s, threshold 0.45s, last seen t=1789854103.41) (sev=1.00)
[monitor_node-5] [WARN] [1789854137.547924036] [diagnostic_monitor]: ANOMALY on [localization_node] message_timeout: Message timeout on /localization/pose: no message for 34.14s (expected ~0.099s, threshold 0.45s, last seen t=1789854103.41) (sev=1.00)
[monitor_node-5] [WARN] [1789854137.548759111] [diagnostic_monitor]: ANOMALY on [navigation_node] message_timeout: Message timeout on /navigation/cmd_vel: no message for 34.14s (expected ~0.099s, threshold 0.45s, last seen t=1789854103.41) (sev=1.00)
[monitor_node-5] [WARN] [1789854138.049116312] [diagnostic_monitor]: ANOMALY on [localization_node] message_timeout: Message timeout on /localization/pose: no message for 34.64s (expected ~0.099s, threshold 0.45s, last seen t=1789854103.41) (sev=1.00)
[monitor_node-5] [WARN] [1789854138.050054931] [diagnostic_monitor]: ANOMALY on [navigation_node] message_timeout: Message timeout on /navigation/cmd_vel: no message for 34.64s (expected ~0.099s, threshold 0.45s, last seen t=1789854103.41) (sev=1.00)
[monitor_node-5] [WARN] [1789854138.547479219] [diagnostic_monitor]: ANOMALY on [localization_node] message_timeout: Message timeout on /localization/pose: no message for 35.14s (expected ~0.099s, threshold 0.45s, last seen t=1789854103.41) (sev=1.00)
[monitor_node-5] [WARN] [1789854138.548203800] [diagnostic_monitor]: ANOMALY on [navigation_node] message_timeout: Message timeout on /navigation/cmd_vel: no message for 35.14s (expected ~0.099s, threshold 0.45s, last seen t=1789854103.41) (sev=1.00)
[monitor_node-5] [WARN] [1789854139.048945104] [diagnostic_monitor]: ANOMALY on [localization_node] message_timeout: Message timeout on /localization/pose: no message for 35.64s (expected ~0.099s, threshold 0.45s, last seen t=1789854103.41) (sev=1.00)
[monitor_node-5] [WARN] [1789854139.050274749] [diagnostic_monitor]: ANOMALY on [navigation_node] message_timeout: Message timeout on /navigation/cmd_vel: no message for 35.64s (expected ~0.099s, threshold 0.45s, last seen t=1789854103.41) (sev=1.00)
[monitor_node-5] [WARN] [1789854139.547754717] [diagnostic_monitor]: ANOMALY on [localization_node] message_timeout: Message timeout on /localization/pose: no message for 36.14s (expected ~0.099s, threshold 0.45s, last seen t=1789854103.41) (sev=1.00)
[monitor_node-5] [WARN] [1789854139.548657109] [diagnostic_monitor]: ANOMALY on [navigation_node] message_timeout: Message timeout on /navigation/cmd_vel: no message for 36.14s (expected ~0.099s, threshold 0.45s, last seen t=1789854103.41) (sev=1.00)
[monitor_node-5] [WARN] [1789854140.048763418] [diagnostic_monitor]: ANOMALY on [perception_node] node_crash: Node perception_node absent from ROS 2 graph (process crash or killed); last seen alive t=1789854103.41, missing for 36.6s (sev=1.00)
[monitor_node-5] [WARN] [1789854140.050323799] [diagnostic_monitor]: ANOMALY on [localization_node] message_timeout: Message timeout on /localization/pose: no message for 36.64s (expected ~0.099s, threshold 0.45s, last seen t=1789854103.41) (sev=1.00)
[monitor_node-5] [WARN] [1789854140.051207732] [diagnostic_monitor]: ANOMALY on [navigation_node] message_timeout: Message timeout on /navigation/cmd_vel: no message for 36.64s (expected ~0.099s, threshold 0.45s, last seen t=1789854103.41) (sev=1.00)
[monitor_node-5] [WARN] [1789854140.547687235] [diagnostic_monitor]: ANOMALY on [localization_node] message_timeout: Message timeout on /localization/pose: no message for 37.14s (expected ~0.099s, threshold 0.45s, last seen t=1789854103.41) (sev=1.00)
[monitor_node-5] [WARN] [1789854140.548564735] [diagnostic_monitor]: ANOMALY on [navigation_node] message_timeout: Message timeout on /navigation/cmd_vel: no message for 37.14s (expected ~0.099s, threshold 0.45s, last seen t=1789854103.41) (sev=1.00)
[monitor_node-5] [WARN] [1789854141.048730762] [diagnostic_monitor]: ANOMALY on [localization_node] message_timeout: Message timeout on /localization/pose: no message for 37.64s (expected ~0.099s, threshold 0.45s, last seen t=1789854103.41) (sev=1.00)
[monitor_node-5] [WARN] [1789854141.049643936] [diagnostic_monitor]: ANOMALY on [navigation_node] message_timeout: Message timeout on /navigation/cmd_vel: no message for 37.64s (expected ~0.099s, threshold 0.45s, last seen t=1789854103.41) (sev=1.00)
[monitor_node-5] [WARN] [1789854141.548345497] [diagnostic_monitor]: ANOMALY on [localization_node] message_timeout: Message timeout on /localization/pose: no message for 38.14s (expected ~0.099s, threshold 0.45s, last seen t=1789854103.41) (sev=1.00)
[monitor_node-5] [WARN] [1789854141.549218053] [diagnostic_monitor]: ANOMALY on [navigation_node] message_timeout: Message timeout on /navigation/cmd_vel: no message for 38.14s (expected ~0.099s, threshold 0.45s, last seen t=1789854103.41) (sev=1.00)
[monitor_node-5] [WARN] [1789854142.048310294] [diagnostic_monitor]: ANOMALY on [perception_node] node_crash: Node perception_node absent from ROS 2 graph (process crash or killed); last seen alive t=1789854103.41, missing for 38.6s (sev=1.00)
[monitor_node-5] [WARN] [1789854142.049288775] [diagnostic_monitor]: ANOMALY on [localization_node] message_timeout: Message timeout on /localization/pose: no message for 38.64s (expected ~0.099s, threshold 0.45s, last seen t=1789854103.41) (sev=1.00)
[monitor_node-5] [WARN] [1789854142.049819669] [diagnostic_monitor]: ANOMALY on [navigation_node] message_timeout: Message timeout on /navigation/cmd_vel: no message for 38.64s (expected ~0.099s, threshold 0.45s, last seen t=1789854103.41) (sev=1.00)
[monitor_node-5] [WARN] [1789854142.547911681] [diagnostic_monitor]: ANOMALY on [localization_node] message_timeout: Message timeout on /localization/pose: no message for 39.14s (expected ~0.099s, threshold 0.45s, last seen t=1789854103.41) (sev=1.00)
[monitor_node-5] [WARN] [1789854142.548757028] [diagnostic_monitor]: ANOMALY on [navigation_node] message_timeout: Message timeout on /navigation/cmd_vel: no message for 39.14s (expected ~0.099s, threshold 0.45s, last seen t=1789854103.41) (sev=1.00)
[monitor_node-5] [WARN] [1789854143.048592952] [diagnostic_monitor]: ANOMALY on [localization_node] message_timeout: Message timeout on /localization/pose: no message for 39.64s (expected ~0.099s, threshold 0.45s, last seen t=1789854103.41) (sev=1.00)
[monitor_node-5] [WARN] [1789854143.049432971] [diagnostic_monitor]: ANOMALY on [navigation_node] message_timeout: Message timeout on /navigation/cmd_vel: no message for 39.64s (expected ~0.099s, threshold 0.45s, last seen t=1789854103.41) (sev=1.00)
[monitor_node-5] [WARN] [1789854143.547901506] [diagnostic_monitor]: ANOMALY on [localization_node] message_timeout: Message timeout on /localization/pose: no message for 40.14s (expected ~0.099s, threshold 0.45s, last seen t=1789854103.41) (sev=1.00)
[monitor_node-5] [WARN] [1789854143.548721304] [diagnostic_monitor]: ANOMALY on [navigation_node] message_timeout: Message timeout on /navigation/cmd_vel: no message for 40.14s (expected ~0.099s, threshold 0.45s, last seen t=1789854103.41) (sev=1.00)
[monitor_node-5] [WARN] [1789854144.048715280] [diagnostic_monitor]: ANOMALY on [perception_node] node_crash: Node perception_node absent from ROS 2 graph (process crash or killed); last seen alive t=1789854103.41, missing for 40.6s (sev=1.00)
[monitor_node-5] [WARN] [1789854144.051666070] [diagnostic_monitor]: ANOMALY on [localization_node] message_timeout: Message timeout on /localization/pose: no message for 40.64s (expected ~0.099s, threshold 0.45s, last seen t=1789854103.41) (sev=1.00)
[monitor_node-5] [WARN] [1789854144.052400660] [diagnostic_monitor]: ANOMALY on [navigation_node] message_timeout: Message timeout on /navigation/cmd_vel: no message for 40.64s (expected ~0.099s, threshold 0.45s, last seen t=1789854103.41) (sev=1.00)
[monitor_node-5] [WARN] [1789854144.548364875] [diagnostic_monitor]: ANOMALY on [localization_node] message_timeout: Message timeout on /localization/pose: no message for 41.14s (expected ~0.099s, threshold 0.45s, last seen t=1789854103.41) (sev=1.00)
[monitor_node-5] [WARN] [1789854144.549315664] [diagnostic_monitor]: ANOMALY on [navigation_node] message_timeout: Message timeout on /navigation/cmd_vel: no message for 41.14s (expected ~0.099s, threshold 0.45s, last seen t=1789854103.41) (sev=1.00)
[monitor_node-5] [WARN] [1789854145.050939915] [diagnostic_monitor]: ANOMALY on [localization_node] message_timeout: Message timeout on /localization/pose: no message for 41.64s (expected ~0.099s, threshold 0.45s, last seen t=1789854103.41) (sev=1.00)
[monitor_node-5] [WARN] [1789854145.051923185] [diagnostic_monitor]: ANOMALY on [navigation_node] message_timeout: Message timeout on /navigation/cmd_vel: no message for 41.64s (expected ~0.099s, threshold 0.45s, last seen t=1789854103.41) (sev=1.00)
[monitor_node-5] [WARN] [1789854145.547889437] [diagnostic_monitor]: ANOMALY on [localization_node] message_timeout: Message timeout on /localization/pose: no message for 42.14s (expected ~0.099s, threshold 0.45s, last seen t=1789854103.41) (sev=1.00)
[monitor_node-5] [WARN] [1789854145.548769735] [diagnostic_monitor]: ANOMALY on [navigation_node] message_timeout: Message timeout on /navigation/cmd_vel: no message for 42.14s (expected ~0.099s, threshold 0.45s, last seen t=1789854103.41) (sev=1.00)
[monitor_node-5] [WARN] [1789854146.050684189] [diagnostic_monitor]: ANOMALY on [perception_node] node_crash: Node perception_node absent from ROS 2 graph (process crash or killed); last seen alive t=1789854103.41, missing for 42.6s (sev=1.00)
[monitor_node-5] [WARN] [1789854146.052368273] [diagnostic_monitor]: ANOMALY on [localization_node] message_timeout: Message timeout on /localization/pose: no message for 42.64s (expected ~0.099s, threshold 0.45s, last seen t=1789854103.41) (sev=1.00)
[monitor_node-5] [WARN] [1789854146.053082504] [diagnostic_monitor]: ANOMALY on [navigation_node] message_timeout: Message timeout on /navigation/cmd_vel: no message for 42.64s (expected ~0.099s, threshold 0.45s, last seen t=1789854103.41) (sev=1.00)
[monitor_node-5] [WARN] [1789854146.548030460] [diagnostic_monitor]: ANOMALY on [localization_node] message_timeout: Message timeout on /localization/pose: no message for 43.14s (expected ~0.099s, threshold 0.45s, last seen t=1789854103.41) (sev=1.00)
[monitor_node-5] [WARN] [1789854146.549111150] [diagnostic_monitor]: ANOMALY on [navigation_node] message_timeout: Message timeout on /navigation/cmd_vel: no message for 43.14s (expected ~0.099s, threshold 0.45s, last seen t=1789854103.41) (sev=1.00)
[monitor_node-5] [WARN] [1789854147.048556790] [diagnostic_monitor]: ANOMALY on [localization_node] message_timeout: Message timeout on /localization/pose: no message for 43.64s (expected ~0.099s, threshold 0.45s, last seen t=1789854103.41) (sev=1.00)
[monitor_node-5] [WARN] [1789854147.049423480] [diagnostic_monitor]: ANOMALY on [navigation_node] message_timeout: Message timeout on /navigation/cmd_vel: no message for 43.64s (expected ~0.099s, threshold 0.45s, last seen t=1789854103.41) (sev=1.00)
[monitor_node-5] [WARN] [1789854147.547876224] [diagnostic_monitor]: ANOMALY on [localization_node] message_timeout: Message timeout on /localization/pose: no message for 44.14s (expected ~0.099s, threshold 0.45s, last seen t=1789854103.41) (sev=1.00)
[monitor_node-5] [WARN] [1789854147.548733023] [diagnostic_monitor]: ANOMALY on [navigation_node] message_timeout: Message timeout on /navigation/cmd_vel: no message for 44.14s (expected ~0.099s, threshold 0.45s, last seen t=1789854103.41) (sev=1.00)
[monitor_node-5] [WARN] [1789854148.048336229] [diagnostic_monitor]: ANOMALY on [localization_node] message_timeout: Message timeout on /localization/pose: no message for 44.64s (expected ~0.099s, threshold 0.45s, last seen t=1789854103.41) (sev=1.00)
[monitor_node-5] [WARN] [1789854148.048930999] [diagnostic_monitor]: ANOMALY on [navigation_node] message_timeout: Message timeout on /navigation/cmd_vel: no message for 44.64s (expected ~0.099s, threshold 0.45s, last seen t=1789854103.41) (sev=1.00)
[monitor_node-5] [WARN] [1789854148.547982553] [diagnostic_monitor]: ANOMALY on [localization_node] message_timeout: Message timeout on /localization/pose: no message for 45.14s (expected ~0.099s, threshold 0.45s, last seen t=1789854103.41) (sev=1.00)
[monitor_node-5] [WARN] [1789854148.548827147] [diagnostic_monitor]: ANOMALY on [navigation_node] message_timeout: Message timeout on /navigation/cmd_vel: no message for 45.14s (expected ~0.099s, threshold 0.45s, last seen t=1789854103.41) (sev=1.00)
[monitor_node-5] [WARN] [1789854149.048421228] [diagnostic_monitor]: ANOMALY on [perception_node] node_crash: Node perception_node absent from ROS 2 graph (process crash or killed); last seen alive t=1789854103.41, missing for 45.6s (sev=1.00)
[monitor_node-5] [WARN] [1789854149.049890877] [diagnostic_monitor]: ANOMALY on [localization_node] message_timeout: Message timeout on /localization/pose: no message for 45.64s (expected ~0.099s, threshold 0.45s, last seen t=1789854103.41) (sev=1.00)
[monitor_node-5] [WARN] [1789854149.050610612] [diagnostic_monitor]: ANOMALY on [navigation_node] message_timeout: Message timeout on /navigation/cmd_vel: no message for 45.64s (expected ~0.099s, threshold 0.45s, last seen t=1789854103.41) (sev=1.00)
[monitor_node-5] [WARN] [1789854149.547657624] [diagnostic_monitor]: ANOMALY on [localization_node] message_timeout: Message timeout on /localization/pose: no message for 46.14s (expected ~0.099s, threshold 0.45s, last seen t=1789854103.41) (sev=1.00)
[monitor_node-5] [WARN] [1789854149.548459482] [diagnostic_monitor]: ANOMALY on [navigation_node] message_timeout: Message timeout on /navigation/cmd_vel: no message for 46.14s (expected ~0.099s, threshold 0.45s, last seen t=1789854103.41) (sev=1.00)
[monitor_node-5] [WARN] [1789854150.049003683] [diagnostic_monitor]: ANOMALY on [localization_node] message_timeout: Message timeout on /localization/pose: no message for 46.64s (expected ~0.099s, threshold 0.45s, last seen t=1789854103.41) (sev=1.00)
[monitor_node-5] [WARN] [1789854150.049797219] [diagnostic_monitor]: ANOMALY on [navigation_node] message_timeout: Message timeout on /navigation/cmd_vel: no message for 46.64s (expected ~0.099s, threshold 0.45s, last seen t=1789854103.41) (sev=1.00)
[monitor_node-5] [WARN] [1789854150.548759968] [diagnostic_monitor]: ANOMALY on [localization_node] message_timeout: Message timeout on /localization/pose: no message for 47.14s (expected ~0.099s, threshold 0.45s, last seen t=1789854103.41) (sev=1.00)
[monitor_node-5] [WARN] [1789854150.551131149] [diagnostic_monitor]: ANOMALY on [navigation_node] message_timeout: Message timeout on /navigation/cmd_vel: no message for 47.14s (expected ~0.099s, threshold 0.45s, last seen t=1789854103.41) (sev=1.00)
[monitor_node-5] [WARN] [1789854151.048936774] [diagnostic_monitor]: ANOMALY on [localization_node] message_timeout: Message timeout on /localization/pose: no message for 47.64s (expected ~0.099s, threshold 0.45s, last seen t=1789854103.41) (sev=1.00)
[monitor_node-5] [WARN] [1789854151.049960343] [diagnostic_monitor]: ANOMALY on [navigation_node] message_timeout: Message timeout on /navigation/cmd_vel: no message for 47.64s (expected ~0.099s, threshold 0.45s, last seen t=1789854103.41) (sev=1.00)
[monitor_node-5] [WARN] [1789854151.547819899] [diagnostic_monitor]: ANOMALY on [localization_node] message_timeout: Message timeout on /localization/pose: no message for 48.14s (expected ~0.099s, threshold 0.45s, last seen t=1789854103.41) (sev=1.00)
[monitor_node-5] [WARN] [1789854151.548440533] [diagnostic_monitor]: ANOMALY on [navigation_node] message_timeout: Message timeout on /navigation/cmd_vel: no message for 48.14s (expected ~0.099s, threshold 0.45s, last seen t=1789854103.41) (sev=1.00)
[monitor_node-5] [WARN] [1789854152.049531657] [diagnostic_monitor]: ANOMALY on [perception_node] node_crash: Node perception_node absent from ROS 2 graph (process crash or killed); last seen alive t=1789854103.41, missing for 48.6s (sev=1.00)
[monitor_node-5] [WARN] [1789854152.059193422] [diagnostic_monitor]: ANOMALY on [localization_node] message_timeout: Message timeout on /localization/pose: no message for 48.64s (expected ~0.099s, threshold 0.45s, last seen t=1789854103.41) (sev=1.00)
[monitor_node-5] [WARN] [1789854152.060192076] [diagnostic_monitor]: ANOMALY on [navigation_node] message_timeout: Message timeout on /navigation/cmd_vel: no message for 48.64s (expected ~0.099s, threshold 0.45s, last seen t=1789854103.41) (sev=1.00)
[monitor_node-5] [WARN] [1789854152.547766138] [diagnostic_monitor]: ANOMALY on [localization_node] message_timeout: Message timeout on /localization/pose: no message for 49.14s (expected ~0.099s, threshold 0.45s, last seen t=1789854103.41) (sev=1.00)
[monitor_node-5] [WARN] [1789854152.548613660] [diagnostic_monitor]: ANOMALY on [navigation_node] message_timeout: Message timeout on /navigation/cmd_vel: no message for 49.14s (expected ~0.099s, threshold 0.45s, last seen t=1789854103.41) (sev=1.00)
[monitor_node-5] [WARN] [1789854153.048860477] [diagnostic_monitor]: ANOMALY on [localization_node] message_timeout: Message timeout on /localization/pose: no message for 49.64s (expected ~0.099s, threshold 0.45s, last seen t=1789854103.41) (sev=1.00)
[monitor_node-5] [WARN] [1789854153.049626823] [diagnostic_monitor]: ANOMALY on [navigation_node] message_timeout: Message timeout on /navigation/cmd_vel: no message for 49.64s (expected ~0.099s, threshold 0.45s, last seen t=1789854103.41) (sev=1.00)
[monitor_node-5] [WARN] [1789854153.548035915] [diagnostic_monitor]: ANOMALY on [localization_node] message_timeout: Message timeout on /localization/pose: no message for 50.14s (expected ~0.099s, threshold 0.45s, last seen t=1789854103.41) (sev=1.00)
[monitor_node-5] [WARN] [1789854153.549031688] [diagnostic_monitor]: ANOMALY on [navigation_node] message_timeout: Message timeout on /navigation/cmd_vel: no message for 50.14s (expected ~0.099s, threshold 0.45s, last seen t=1789854103.41) (sev=1.00)
[monitor_node-5] [WARN] [1789854154.048574855] [diagnostic_monitor]: ANOMALY on [localization_node] message_timeout: Message timeout on /localization/pose: no message for 50.64s (expected ~0.099s, threshold 0.45s, last seen t=1789854103.41) (sev=1.00)
[monitor_node-5] [WARN] [1789854154.049430771] [diagnostic_monitor]: ANOMALY on [navigation_node] message_timeout: Message timeout on /navigation/cmd_vel: no message for 50.64s (expected ~0.099s, threshold 0.45s, last seen t=1789854103.41) (sev=1.00)
[monitor_node-5] [WARN] [1789854154.547751895] [diagnostic_monitor]: ANOMALY on [localization_node] message_timeout: Message timeout on /localization/pose: no message for 51.14s (expected ~0.099s, threshold 0.45s, last seen t=1789854103.41) (sev=1.00)
[monitor_node-5] [WARN] [1789854154.548469183] [diagnostic_monitor]: ANOMALY on [navigation_node] message_timeout: Message timeout on /navigation/cmd_vel: no message for 51.14s (expected ~0.099s, threshold 0.45s, last seen t=1789854103.41) (sev=1.00)
[monitor_node-5] [WARN] [1789854155.048380789] [diagnostic_monitor]: ANOMALY on [perception_node] node_crash: Node perception_node absent from ROS 2 graph (process crash or killed); last seen alive t=1789854103.41, missing for 51.6s (sev=1.00)
[monitor_node-5] [WARN] [1789854155.049703406] [diagnostic_monitor]: ANOMALY on [localization_node] message_timeout: Message timeout on /localization/pose: no message for 51.64s (expected ~0.099s, threshold 0.45s, last seen t=1789854103.41) (sev=1.00)
[monitor_node-5] [WARN] [1789854155.050445923] [diagnostic_monitor]: ANOMALY on [navigation_node] message_timeout: Message timeout on /navigation/cmd_vel: no message for 51.64s (expected ~0.099s, threshold 0.45s, last seen t=1789854103.41) (sev=1.00)
[monitor_node-5] [WARN] [1789854155.547818598] [diagnostic_monitor]: ANOMALY on [localization_node] message_timeout: Message timeout on /localization/pose: no message for 52.14s (expected ~0.099s, threshold 0.45s, last seen t=1789854103.41) (sev=1.00)
[monitor_node-5] [WARN] [1789854155.548605219] [diagnostic_monitor]: ANOMALY on [navigation_node] message_timeout: Message timeout on /navigation/cmd_vel: no message for 52.14s (expected ~0.099s, threshold 0.45s, last seen t=1789854103.41) (sev=1.00)
[monitor_node-5] [WARN] [1789854156.048922523] [diagnostic_monitor]: ANOMALY on [localization_node] message_timeout: Message timeout on /localization/pose: no message for 52.64s (expected ~0.099s, threshold 0.45s, last seen t=1789854103.41) (sev=1.00)
[monitor_node-5] [WARN] [1789854156.049971778] [diagnostic_monitor]: ANOMALY on [navigation_node] message_timeout: Message timeout on /navigation/cmd_vel: no message for 52.64s (expected ~0.099s, threshold 0.45s, last seen t=1789854103.41) (sev=1.00)
[monitor_node-5] [WARN] [1789854156.547864655] [diagnostic_monitor]: ANOMALY on [localization_node] message_timeout: Message timeout on /localization/pose: no message for 53.14s (expected ~0.099s, threshold 0.45s, last seen t=1789854103.41) (sev=1.00)
[monitor_node-5] [WARN] [1789854156.548829767] [diagnostic_monitor]: ANOMALY on [navigation_node] message_timeout: Message timeout on /navigation/cmd_vel: no message for 53.14s (expected ~0.099s, threshold 0.45s, last seen t=1789854103.41) (sev=1.00)
[monitor_node-5] [WARN] [1789854157.049009884] [diagnostic_monitor]: ANOMALY on [localization_node] message_timeout: Message timeout on /localization/pose: no message for 53.64s (expected ~0.099s, threshold 0.45s, last seen t=1789854103.41) (sev=1.00)
[monitor_node-5] [WARN] [1789854157.049915530] [diagnostic_monitor]: ANOMALY on [navigation_node] message_timeout: Message timeout on /navigation/cmd_vel: no message for 53.64s (expected ~0.099s, threshold 0.45s, last seen t=1789854103.41) (sev=1.00)
[monitor_node-5] [WARN] [1789854157.547552194] [diagnostic_monitor]: ANOMALY on [localization_node] message_timeout: Message timeout on /localization/pose: no message for 54.14s (expected ~0.099s, threshold 0.45s, last seen t=1789854103.41) (sev=1.00)
[monitor_node-5] [WARN] [1789854157.548387250] [diagnostic_monitor]: ANOMALY on [navigation_node] message_timeout: Message timeout on /navigation/cmd_vel: no message for 54.14s (expected ~0.099s, threshold 0.45s, last seen t=1789854103.41) (sev=1.00)
[monitor_node-5] [WARN] [1789854158.048488408] [diagnostic_monitor]: ANOMALY on [perception_node] node_crash: Node perception_node absent from ROS 2 graph (process crash or killed); last seen alive t=1789854103.41, missing for 54.6s (sev=1.00)
[monitor_node-5] [WARN] [1789854158.049956986] [diagnostic_monitor]: ANOMALY on [localization_node] message_timeout: Message timeout on /localization/pose: no message for 54.64s (expected ~0.099s, threshold 0.45s, last seen t=1789854103.41) (sev=1.00)
[monitor_node-5] [WARN] [1789854158.050596040] [diagnostic_monitor]: ANOMALY on [navigation_node] message_timeout: Message timeout on /navigation/cmd_vel: no message for 54.64s (expected ~0.099s, threshold 0.45s, last seen t=1789854103.41) (sev=1.00)
[monitor_node-5] [WARN] [1789854158.547592928] [diagnostic_monitor]: ANOMALY on [localization_node] message_timeout: Message timeout on /localization/pose: no message for 55.14s (expected ~0.099s, threshold 0.45s, last seen t=1789854103.41) (sev=1.00)
[monitor_node-5] [WARN] [1789854158.548389727] [diagnostic_monitor]: ANOMALY on [navigation_node] message_timeout: Message timeout on /navigation/cmd_vel: no message for 55.14s (expected ~0.099s, threshold 0.45s, last seen t=1789854103.41) (sev=1.00)
[monitor_node-5] [WARN] [1789854159.048849171] [diagnostic_monitor]: ANOMALY on [localization_node] message_timeout: Message timeout on /localization/pose: no message for 55.64s (expected ~0.099s, threshold 0.45s, last seen t=1789854103.41) (sev=1.00)
[monitor_node-5] [WARN] [1789854159.049743430] [diagnostic_monitor]: ANOMALY on [navigation_node] message_timeout: Message timeout on /navigation/cmd_vel: no message for 55.64s (expected ~0.099s, threshold 0.45s, last seen t=1789854103.41) (sev=1.00)
[monitor_node-5] [WARN] [1789854159.547641266] [diagnostic_monitor]: ANOMALY on [localization_node] message_timeout: Message timeout on /localization/pose: no message for 56.14s (expected ~0.099s, threshold 0.45s, last seen t=1789854103.41) (sev=1.00)
[monitor_node-5] [WARN] [1789854159.548555239] [diagnostic_monitor]: ANOMALY on [navigation_node] message_timeout: Message timeout on /navigation/cmd_vel: no message for 56.14s (expected ~0.099s, threshold 0.45s, last seen t=1789854103.41) (sev=1.00)
[monitor_node-5] [WARN] [1789854160.048554972] [diagnostic_monitor]: ANOMALY on [localization_node] message_timeout: Message timeout on /localization/pose: no message for 56.64s (expected ~0.099s, threshold 0.45s, last seen t=1789854103.41) (sev=1.00)
[monitor_node-5] [WARN] [1789854160.049248472] [diagnostic_monitor]: ANOMALY on [navigation_node] message_timeout: Message timeout on /navigation/cmd_vel: no message for 56.64s (expected ~0.099s, threshold 0.45s, last seen t=1789854103.41) (sev=1.00)
[monitor_node-5] [WARN] [1789854160.547735261] [diagnostic_monitor]: ANOMALY on [localization_node] message_timeout: Message timeout on /localization/pose: no message for 57.14s (expected ~0.099s, threshold 0.45s, last seen t=1789854103.41) (sev=1.00)
[monitor_node-5] [WARN] [1789854160.548672022] [diagnostic_monitor]: ANOMALY on [navigation_node] message_timeout: Message timeout on /navigation/cmd_vel: no message for 57.14s (expected ~0.099s, threshold 0.45s, last seen t=1789854103.41) (sev=1.00)
[monitor_node-5] [WARN] [1789854161.048289886] [diagnostic_monitor]: ANOMALY on [perception_node] node_crash: Node perception_node absent from ROS 2 graph (process crash or killed); last seen alive t=1789854103.41, missing for 57.6s (sev=1.00)
[monitor_node-5] [WARN] [1789854161.049708196] [diagnostic_monitor]: ANOMALY on [localization_node] message_timeout: Message timeout on /localization/pose: no message for 57.64s (expected ~0.099s, threshold 0.45s, last seen t=1789854103.41) (sev=1.00)
[monitor_node-5] [WARN] [1789854161.050424541] [diagnostic_monitor]: ANOMALY on [navigation_node] message_timeout: Message timeout on /navigation/cmd_vel: no message for 57.64s (expected ~0.099s, threshold 0.45s, last seen t=1789854103.41) (sev=1.00)
[monitor_node-5] [WARN] [1789854161.547435018] [diagnostic_monitor]: ANOMALY on [localization_node] message_timeout: Message timeout on /localization/pose: no message for 58.14s (expected ~0.099s, threshold 0.45s, last seen t=1789854103.41) (sev=1.00)
[monitor_node-5] [WARN] [1789854161.548305081] [diagnostic_monitor]: ANOMALY on [navigation_node] message_timeout: Message timeout on /navigation/cmd_vel: no message for 58.14s (expected ~0.099s, threshold 0.45s, last seen t=1789854103.41) (sev=1.00)
[monitor_node-5] [WARN] [1789854162.051076953] [diagnostic_monitor]: ANOMALY on [localization_node] message_timeout: Message timeout on /localization/pose: no message for 58.64s (expected ~0.099s, threshold 0.45s, last seen t=1789854103.41) (sev=1.00)
[monitor_node-5] [WARN] [1789854162.052118972] [diagnostic_monitor]: ANOMALY on [navigation_node] message_timeout: Message timeout on /navigation/cmd_vel: no message for 58.64s (expected ~0.099s, threshold 0.45s, last seen t=1789854103.41) (sev=1.00)
[monitor_node-5] [WARN] [1789854162.547699541] [diagnostic_monitor]: ANOMALY on [localization_node] message_timeout: Message timeout on /localization/pose: no message for 59.14s (expected ~0.099s, threshold 0.45s, last seen t=1789854103.41) (sev=1.00)
[monitor_node-5] [WARN] [1789854162.548677849] [diagnostic_monitor]: ANOMALY on [navigation_node] message_timeout: Message timeout on /navigation/cmd_vel: no message for 59.14s (expected ~0.099s, threshold 0.45s, last seen t=1789854103.41) (sev=1.00)
[monitor_node-5] [WARN] [1789854163.048515233] [diagnostic_monitor]: ANOMALY on [perception_node] node_crash: Node perception_node absent from ROS 2 graph (process crash or killed); last seen alive t=1789854103.41, missing for 59.6s (sev=1.00)
[monitor_node-5] [WARN] [1789854163.050028646] [diagnostic_monitor]: ANOMALY on [localization_node] message_timeout: Message timeout on /localization/pose: no message for 59.64s (expected ~0.099s, threshold 0.45s, last seen t=1789854103.41) (sev=1.00)
[monitor_node-5] [WARN] [1789854163.050786586] [diagnostic_monitor]: ANOMALY on [navigation_node] message_timeout: Message timeout on /navigation/cmd_vel: no message for 59.64s (expected ~0.099s, threshold 0.45s, last seen t=1789854103.41) (sev=1.00)
[monitor_node-5] [WARN] [1789854163.549696623] [diagnostic_monitor]: ANOMALY on [localization_node] message_timeout: Message timeout on /localization/pose: no message for 60.14s (expected ~0.099s, threshold 0.45s, last seen t=1789854103.41) (sev=1.00)
[monitor_node-5] [WARN] [1789854163.550729385] [diagnostic_monitor]: ANOMALY on [navigation_node] message_timeout: Message timeout on /navigation/cmd_vel: no message for 60.14s (expected ~0.099s, threshold 0.45s, last seen t=1789854103.41) (sev=1.00)
[monitor_node-5] [WARN] [1789854164.049094147] [diagnostic_monitor]: ANOMALY on [localization_node] message_timeout: Message timeout on /localization/pose: no message for 60.64s (expected ~0.099s, threshold 0.45s, last seen t=1789854103.41) (sev=1.00)
[monitor_node-5] [WARN] [1789854164.050041870] [diagnostic_monitor]: ANOMALY on [navigation_node] message_timeout: Message timeout on /navigation/cmd_vel: no message for 60.64s (expected ~0.099s, threshold 0.45s, last seen t=1789854103.41) (sev=1.00)
[monitor_node-5] [WARN] [1789854164.548012857] [diagnostic_monitor]: ANOMALY on [localization_node] message_timeout: Message timeout on /localization/pose: no message for 61.14s (expected ~0.099s, threshold 0.45s, last seen t=1789854103.41) (sev=1.00)
[monitor_node-5] [WARN] [1789854164.548885121] [diagnostic_monitor]: ANOMALY on [navigation_node] message_timeout: Message timeout on /navigation/cmd_vel: no message for 61.14s (expected ~0.099s, threshold 0.45s, last seen t=1789854103.41) (sev=1.00)
[monitor_node-5] [WARN] [1789854165.048655869] [diagnostic_monitor]: ANOMALY on [perception_node] node_crash: Node perception_node absent from ROS 2 graph (process crash or killed); last seen alive t=1789854103.41, missing for 61.6s (sev=1.00)
[monitor_node-5] [WARN] [1789854165.050248170] [diagnostic_monitor]: ANOMALY on [localization_node] message_timeout: Message timeout on /localization/pose: no message for 61.64s (expected ~0.099s, threshold 0.45s, last seen t=1789854103.41) (sev=1.00)
[monitor_node-5] [WARN] [1789854165.051042447] [diagnostic_monitor]: ANOMALY on [navigation_node] message_timeout: Message timeout on /navigation/cmd_vel: no message for 61.64s (expected ~0.099s, threshold 0.45s, last seen t=1789854103.41) (sev=1.00)
[monitor_node-5] [WARN] [1789854165.547785355] [diagnostic_monitor]: ANOMALY on [localization_node] message_timeout: Message timeout on /localization/pose: no message for 62.14s (expected ~0.099s, threshold 0.45s, last seen t=1789854103.41) (sev=1.00)
[monitor_node-5] [WARN] [1789854165.548616455] [diagnostic_monitor]: ANOMALY on [navigation_node] message_timeout: Message timeout on /navigation/cmd_vel: no message for 62.14s (expected ~0.099s, threshold 0.45s, last seen t=1789854103.41) (sev=1.00)
[monitor_node-5] [WARN] [1789854166.050094820] [diagnostic_monitor]: ANOMALY on [localization_node] message_timeout: Message timeout on /localization/pose: no message for 62.64s (expected ~0.099s, threshold 0.45s, last seen t=1789854103.41) (sev=1.00)
[monitor_node-5] [WARN] [1789854166.051096011] [diagnostic_monitor]: ANOMALY on [navigation_node] message_timeout: Message timeout on /navigation/cmd_vel: no message for 62.64s (expected ~0.099s, threshold 0.45s, last seen t=1789854103.41) (sev=1.00)
[monitor_node-5] [WARN] [1789854166.549412386] [diagnostic_monitor]: ANOMALY on [localization_node] message_timeout: Message timeout on /localization/pose: no message for 63.14s (expected ~0.099s, threshold 0.45s, last seen t=1789854103.41) (sev=1.00)
[monitor_node-5] [WARN] [1789854166.550068763] [diagnostic_monitor]: ANOMALY on [navigation_node] message_timeout: Message timeout on /navigation/cmd_vel: no message for 63.14s (expected ~0.099s, threshold 0.45s, last seen t=1789854103.41) (sev=1.00)
[monitor_node-5] [WARN] [1789854167.048369452] [diagnostic_monitor]: ANOMALY on [localization_node] message_timeout: Message timeout on /localization/pose: no message for 63.64s (expected ~0.099s, threshold 0.45s, last seen t=1789854103.41) (sev=1.00)
[monitor_node-5] [WARN] [1789854167.049199754] [diagnostic_monitor]: ANOMALY on [navigation_node] message_timeout: Message timeout on /navigation/cmd_vel: no message for 63.64s (expected ~0.099s, threshold 0.45s, last seen t=1789854103.41) (sev=1.00)
[monitor_node-5] [WARN] [1789854167.547653102] [diagnostic_monitor]: ANOMALY on [localization_node] message_timeout: Message timeout on /localization/pose: no message for 64.14s (expected ~0.099s, threshold 0.45s, last seen t=1789854103.41) (sev=1.00)
[monitor_node-5] [WARN] [1789854167.548482229] [diagnostic_monitor]: ANOMALY on [navigation_node] message_timeout: Message timeout on /navigation/cmd_vel: no message for 64.14s (expected ~0.099s, threshold 0.45s, last seen t=1789854103.41) (sev=1.00)
[monitor_node-5] [WARN] [1789854168.048827675] [diagnostic_monitor]: ANOMALY on [perception_node] node_crash: Node perception_node absent from ROS 2 graph (process crash or killed); last seen alive t=1789854103.41, missing for 64.6s (sev=1.00)
[monitor_node-5] [WARN] [1789854168.050236697] [diagnostic_monitor]: ANOMALY on [localization_node] message_timeout: Message timeout on /localization/pose: no message for 64.64s (expected ~0.099s, threshold 0.45s, last seen t=1789854103.41) (sev=1.00)
[monitor_node-5] [WARN] [1789854168.051050663] [diagnostic_monitor]: ANOMALY on [navigation_node] message_timeout: Message timeout on /navigation/cmd_vel: no message for 64.64s (expected ~0.099s, threshold 0.45s, last seen t=1789854103.41) (sev=1.00)
[monitor_node-5] [WARN] [1789854168.548264925] [diagnostic_monitor]: ANOMALY on [localization_node] message_timeout: Message timeout on /localization/pose: no message for 65.14s (expected ~0.099s, threshold 0.45s, last seen t=1789854103.41) (sev=1.00)
[monitor_node-5] [WARN] [1789854168.550177703] [diagnostic_monitor]: ANOMALY on [navigation_node] message_timeout: Message timeout on /navigation/cmd_vel: no message for 65.14s (expected ~0.099s, threshold 0.45s, last seen t=1789854103.41) (sev=1.00)
[monitor_node-5] [WARN] [1789854169.048957636] [diagnostic_monitor]: ANOMALY on [localization_node] message_timeout: Message timeout on /localization/pose: no message for 65.64s (expected ~0.099s, threshold 0.45s, last seen t=1789854103.41) (sev=1.00)
[monitor_node-5] [WARN] [1789854169.049968333] [diagnostic_monitor]: ANOMALY on [navigation_node] message_timeout: Message timeout on /navigation/cmd_vel: no message for 65.64s (expected ~0.099s, threshold 0.45s, last seen t=1789854103.41) (sev=1.00)
[monitor_node-5] [WARN] [1789854169.547890006] [diagnostic_monitor]: ANOMALY on [localization_node] message_timeout: Message timeout on /localization/pose: no message for 66.14s (expected ~0.099s, threshold 0.45s, last seen t=1789854103.41) (sev=1.00)
[monitor_node-5] [WARN] [1789854169.548769347] [diagnostic_monitor]: ANOMALY on [navigation_node] message_timeout: Message timeout on /navigation/cmd_vel: no message for 66.14s (expected ~0.099s, threshold 0.45s, last seen t=1789854103.41) (sev=1.00)
[monitor_node-5] [WARN] [1789854170.048038455] [diagnostic_monitor]: ANOMALY on [localization_node] message_timeout: Message timeout on /localization/pose: no message for 66.64s (expected ~0.099s, threshold 0.45s, last seen t=1789854103.41) (sev=1.00)
[monitor_node-5] [WARN] [1789854170.048567836] [diagnostic_monitor]: ANOMALY on [navigation_node] message_timeout: Message timeout on /navigation/cmd_vel: no message for 66.64s (expected ~0.099s, threshold 0.45s, last seen t=1789854103.41) (sev=1.00)
[monitor_node-5] [WARN] [1789854170.547681108] [diagnostic_monitor]: ANOMALY on [localization_node] message_timeout: Message timeout on /localization/pose: no message for 67.14s (expected ~0.099s, threshold 0.45s, last seen t=1789854103.41) (sev=1.00)
[monitor_node-5] [WARN] [1789854170.548376663] [diagnostic_monitor]: ANOMALY on [navigation_node] message_timeout: Message timeout on /navigation/cmd_vel: no message for 67.14s (expected ~0.099s, threshold 0.45s, last seen t=1789854103.41) (sev=1.00)
[monitor_node-5] [WARN] [1789854171.049010971] [diagnostic_monitor]: ANOMALY on [perception_node] node_crash: Node perception_node absent from ROS 2 graph (process crash or killed); last seen alive t=1789854103.41, missing for 67.6s (sev=1.00)
[monitor_node-5] [WARN] [1789854171.050884753] [diagnostic_monitor]: ANOMALY on [localization_node] message_timeout: Message timeout on /localization/pose: no message for 67.64s (expected ~0.099s, threshold 0.45s, last seen t=1789854103.41) (sev=1.00)
[monitor_node-5] [WARN] [1789854171.051907636] [diagnostic_monitor]: ANOMALY on [navigation_node] message_timeout: Message timeout on /navigation/cmd_vel: no message for 67.64s (expected ~0.099s, threshold 0.45s, last seen t=1789854103.41) (sev=1.00)
[monitor_node-5] [WARN] [1789854171.547865749] [diagnostic_monitor]: ANOMALY on [localization_node] message_timeout: Message timeout on /localization/pose: no message for 68.14s (expected ~0.099s, threshold 0.45s, last seen t=1789854103.41) (sev=1.00)
[monitor_node-5] [WARN] [1789854171.548732811] [diagnostic_monitor]: ANOMALY on [navigation_node] message_timeout: Message timeout on /navigation/cmd_vel: no message for 68.14s (expected ~0.099s, threshold 0.45s, last seen t=1789854103.41) (sev=1.00)
[monitor_node-5] [WARN] [1789854172.048589491] [diagnostic_monitor]: ANOMALY on [localization_node] message_timeout: Message timeout on /localization/pose: no message for 68.64s (expected ~0.099s, threshold 0.45s, last seen t=1789854103.41) (sev=1.00)
[monitor_node-5] [WARN] [1789854172.049338795] [diagnostic_monitor]: ANOMALY on [navigation_node] message_timeout: Message timeout on /navigation/cmd_vel: no message for 68.64s (expected ~0.099s, threshold 0.45s, last seen t=1789854103.41) (sev=1.00)
[monitor_node-5] [WARN] [1789854172.547897141] [diagnostic_monitor]: ANOMALY on [localization_node] message_timeout: Message timeout on /localization/pose: no message for 69.14s (expected ~0.099s, threshold 0.45s, last seen t=1789854103.41) (sev=1.00)
[monitor_node-5] [WARN] [1789854172.548713407] [diagnostic_monitor]: ANOMALY on [navigation_node] message_timeout: Message timeout on /navigation/cmd_vel: no message for 69.14s (expected ~0.099s, threshold 0.45s, last seen t=1789854103.41) (sev=1.00)
[monitor_node-5] [WARN] [1789854173.048652637] [diagnostic_monitor]: ANOMALY on [localization_node] message_timeout: Message timeout on /localization/pose: no message for 69.64s (expected ~0.099s, threshold 0.45s, last seen t=1789854103.41) (sev=1.00)
[monitor_node-5] [WARN] [1789854173.049615242] [diagnostic_monitor]: ANOMALY on [navigation_node] message_timeout: Message timeout on /navigation/cmd_vel: no message for 69.64s (expected ~0.099s, threshold 0.45s, last seen t=1789854103.41) (sev=1.00)
[monitor_node-5] [WARN] [1789854173.547722440] [diagnostic_monitor]: ANOMALY on [localization_node] message_timeout: Message timeout on /localization/pose: no message for 70.14s (expected ~0.099s, threshold 0.45s, last seen t=1789854103.41) (sev=1.00)
[monitor_node-5] [WARN] [1789854173.548721383] [diagnostic_monitor]: ANOMALY on [navigation_node] message_timeout: Message timeout on /navigation/cmd_vel: no message for 70.14s (expected ~0.099s, threshold 0.45s, last seen t=1789854103.41) (sev=1.00)
[monitor_node-5] [WARN] [1789854174.049009338] [diagnostic_monitor]: ANOMALY on [perception_node] node_crash: Node perception_node absent from ROS 2 graph (process crash or killed); last seen alive t=1789854103.41, missing for 70.6s (sev=1.00)
[monitor_node-5] [WARN] [1789854174.050943311] [diagnostic_monitor]: ANOMALY on [localization_node] message_timeout: Message timeout on /localization/pose: no message for 70.64s (expected ~0.099s, threshold 0.45s, last seen t=1789854103.41) (sev=1.00)
[monitor_node-5] [WARN] [1789854174.051790367] [diagnostic_monitor]: ANOMALY on [navigation_node] message_timeout: Message timeout on /navigation/cmd_vel: no message for 70.64s (expected ~0.099s, threshold 0.45s, last seen t=1789854103.41) (sev=1.00)
[monitor_node-5] [WARN] [1789854174.547908575] [diagnostic_monitor]: ANOMALY on [localization_node] message_timeout: Message timeout on /localization/pose: no message for 71.14s (expected ~0.099s, threshold 0.45s, last seen t=1789854103.41) (sev=1.00)
[monitor_node-5] [WARN] [1789854174.549356625] [diagnostic_monitor]: ANOMALY on [navigation_node] message_timeout: Message timeout on /navigation/cmd_vel: no message for 71.14s (expected ~0.099s, threshold 0.45s, last seen t=1789854103.41) (sev=1.00)
[monitor_node-5] [WARN] [1789854175.050895287] [diagnostic_monitor]: ANOMALY on [localization_node] message_timeout: Message timeout on /localization/pose: no message for 71.64s (expected ~0.099s, threshold 0.45s, last seen t=1789854103.41) (sev=1.00)
[monitor_node-5] [WARN] [1789854175.060287021] [diagnostic_monitor]: ANOMALY on [navigation_node] message_timeout: Message timeout on /navigation/cmd_vel: no message for 71.64s (expected ~0.099s, threshold 0.45s, last seen t=1789854103.41) (sev=1.00)
[monitor_node-5] [WARN] [1789854175.547768306] [diagnostic_monitor]: ANOMALY on [localization_node] message_timeout: Message timeout on /localization/pose: no message for 72.14s (expected ~0.099s, threshold 0.45s, last seen t=1789854103.41) (sev=1.00)
[monitor_node-5] [WARN] [1789854175.548768188] [diagnostic_monitor]: ANOMALY on [navigation_node] message_timeout: Message timeout on /navigation/cmd_vel: no message for 72.14s (expected ~0.099s, threshold 0.45s, last seen t=1789854103.41) (sev=1.00)
[monitor_node-5] [WARN] [1789854176.048861209] [diagnostic_monitor]: ANOMALY on [localization_node] message_timeout: Message timeout on /localization/pose: no message for 72.64s (expected ~0.099s, threshold 0.45s, last seen t=1789854103.41) (sev=1.00)
[monitor_node-5] [WARN] [1789854176.049668898] [diagnostic_monitor]: ANOMALY on [navigation_node] message_timeout: Message timeout on /navigation/cmd_vel: no message for 72.64s (expected ~0.099s, threshold 0.45s, last seen t=1789854103.41) (sev=1.00)
[monitor_node-5] [WARN] [1789854176.547774479] [diagnostic_monitor]: ANOMALY on [localization_node] message_timeout: Message timeout on /localization/pose: no message for 73.14s (expected ~0.099s, threshold 0.45s, last seen t=1789854103.41) (sev=1.00)
[monitor_node-5] [WARN] [1789854176.548728163] [diagnostic_monitor]: ANOMALY on [navigation_node] message_timeout: Message timeout on /navigation/cmd_vel: no message for 73.14s (expected ~0.099s, threshold 0.45s, last seen t=1789854103.41) (sev=1.00)
[monitor_node-5] [WARN] [1789854177.048125933] [diagnostic_monitor]: ANOMALY on [perception_node] node_crash: Node perception_node absent from ROS 2 graph (process crash or killed); last seen alive t=1789854103.41, missing for 73.6s (sev=1.00)
[monitor_node-5] [WARN] [1789854177.049274112] [diagnostic_monitor]: ANOMALY on [localization_node] message_timeout: Message timeout on /localization/pose: no message for 73.64s (expected ~0.099s, threshold 0.45s, last seen t=1789854103.41) (sev=1.00)
[monitor_node-5] [WARN] [1789854177.050043964] [diagnostic_monitor]: ANOMALY on [navigation_node] message_timeout: Message timeout on /navigation/cmd_vel: no message for 73.64s (expected ~0.099s, threshold 0.45s, last seen t=1789854103.41) (sev=1.00)
[monitor_node-5] [WARN] [1789854177.547824430] [diagnostic_monitor]: ANOMALY on [localization_node] message_timeout: Message timeout on /localization/pose: no message for 74.14s (expected ~0.099s, threshold 0.45s, last seen t=1789854103.41) (sev=1.00)
[monitor_node-5] [WARN] [1789854177.548654533] [diagnostic_monitor]: ANOMALY on [navigation_node] message_timeout: Message timeout on /navigation/cmd_vel: no message for 74.14s (expected ~0.099s, threshold 0.45s, last seen t=1789854103.41) (sev=1.00)
[monitor_node-5] [WARN] [1789854178.048484883] [diagnostic_monitor]: ANOMALY on [localization_node] message_timeout: Message timeout on /localization/pose: no message for 74.64s (expected ~0.099s, threshold 0.45s, last seen t=1789854103.41) (sev=1.00)
[monitor_node-5] [WARN] [1789854178.049329342] [diagnostic_monitor]: ANOMALY on [navigation_node] message_timeout: Message timeout on /navigation/cmd_vel: no message for 74.64s (expected ~0.099s, threshold 0.45s, last seen t=1789854103.41) (sev=1.00)
[monitor_node-5] [WARN] [1789854178.547596616] [diagnostic_monitor]: ANOMALY on [localization_node] message_timeout: Message timeout on /localization/pose: no message for 75.14s (expected ~0.099s, threshold 0.45s, last seen t=1789854103.41) (sev=1.00)
[monitor_node-5] [WARN] [1789854178.548542311] [diagnostic_monitor]: ANOMALY on [navigation_node] message_timeout: Message timeout on /navigation/cmd_vel: no message for 75.14s (expected ~0.099s, threshold 0.45s, last seen t=1789854103.41) (sev=1.00)
[monitor_node-5] [WARN] [1789854179.049133024] [diagnostic_monitor]: ANOMALY on [perception_node] node_crash: Node perception_node absent from ROS 2 graph (process crash or killed); last seen alive t=1789854103.41, missing for 75.6s (sev=1.00)
[monitor_node-5] [WARN] [1789854179.050441692] [diagnostic_monitor]: ANOMALY on [localization_node] message_timeout: Message timeout on /localization/pose: no message for 75.64s (expected ~0.099s, threshold 0.45s, last seen t=1789854103.41) (sev=1.00)
[monitor_node-5] [WARN] [1789854179.051044860] [diagnostic_monitor]: ANOMALY on [navigation_node] message_timeout: Message timeout on /navigation/cmd_vel: no message for 75.64s (expected ~0.099s, threshold 0.45s, last seen t=1789854103.41) (sev=1.00)
[monitor_node-5] [WARN] [1789854179.547945680] [diagnostic_monitor]: ANOMALY on [localization_node] message_timeout: Message timeout on /localization/pose: no message for 76.14s (expected ~0.099s, threshold 0.45s, last seen t=1789854103.41) (sev=1.00)
[monitor_node-5] [WARN] [1789854179.548883697] [diagnostic_monitor]: ANOMALY on [navigation_node] message_timeout: Message timeout on /navigation/cmd_vel: no message for 76.14s (expected ~0.099s, threshold 0.45s, last seen t=1789854103.41) (sev=1.00)
[monitor_node-5] [WARN] [1789854180.049124740] [diagnostic_monitor]: ANOMALY on [localization_node] message_timeout: Message timeout on /localization/pose: no message for 76.64s (expected ~0.099s, threshold 0.45s, last seen t=1789854103.41) (sev=1.00)
[monitor_node-5] [WARN] [1789854180.050152141] [diagnostic_monitor]: ANOMALY on [navigation_node] message_timeout: Message timeout on /navigation/cmd_vel: no message for 76.64s (expected ~0.099s, threshold 0.45s, last seen t=1789854103.41) (sev=1.00)
[monitor_node-5] [WARN] [1789854180.547846819] [diagnostic_monitor]: ANOMALY on [localization_node] message_timeout: Message timeout on /localization/pose: no message for 77.14s (expected ~0.099s, threshold 0.45s, last seen t=1789854103.41) (sev=1.00)
[monitor_node-5] [WARN] [1789854180.548709871] [diagnostic_monitor]: ANOMALY on [navigation_node] message_timeout: Message timeout on /navigation/cmd_vel: no message for 77.14s (expected ~0.099s, threshold 0.45s, last seen t=1789854103.41) (sev=1.00)
[monitor_node-5] [WARN] [1789854181.048148695] [diagnostic_monitor]: ANOMALY on [localization_node] message_timeout: Message timeout on /localization/pose: no message for 77.64s (expected ~0.099s, threshold 0.45s, last seen t=1789854103.41) (sev=1.00)
[monitor_node-5] [WARN] [1789854181.048781842] [diagnostic_monitor]: ANOMALY on [navigation_node] message_timeout: Message timeout on /navigation/cmd_vel: no message for 77.64s (expected ~0.099s, threshold 0.45s, last seen t=1789854103.41) (sev=1.00)
[monitor_node-5] [WARN] [1789854181.547901923] [diagnostic_monitor]: ANOMALY on [localization_node] message_timeout: Message timeout on /localization/pose: no message for 78.14s (expected ~0.099s, threshold 0.45s, last seen t=1789854103.41) (sev=1.00)
[monitor_node-5] [WARN] [1789854181.548688179] [diagnostic_monitor]: ANOMALY on [navigation_node] message_timeout: Message timeout on /navigation/cmd_vel: no message for 78.14s (expected ~0.099s, threshold 0.45s, last seen t=1789854103.41) (sev=1.00)
[monitor_node-5] [WARN] [1789854182.049282626] [diagnostic_monitor]: ANOMALY on [perception_node] node_crash: Node perception_node absent from ROS 2 graph (process crash or killed); last seen alive t=1789854103.41, missing for 78.6s (sev=1.00)
[monitor_node-5] [WARN] [1789854182.050768851] [diagnostic_monitor]: ANOMALY on [localization_node] message_timeout: Message timeout on /localization/pose: no message for 78.64s (expected ~0.099s, threshold 0.45s, last seen t=1789854103.41) (sev=1.00)
[monitor_node-5] [WARN] [1789854182.051665761] [diagnostic_monitor]: ANOMALY on [navigation_node] message_timeout: Message timeout on /navigation/cmd_vel: no message for 78.64s (expected ~0.099s, threshold 0.45s, last seen t=1789854103.41) (sev=1.00)
[monitor_node-5] [WARN] [1789854182.547876174] [diagnostic_monitor]: ANOMALY on [localization_node] message_timeout: Message timeout on /localization/pose: no message for 79.14s (expected ~0.099s, threshold 0.45s, last seen t=1789854103.41) (sev=1.00)
[monitor_node-5] [WARN] [1789854182.548797542] [diagnostic_monitor]: ANOMALY on [navigation_node] message_timeout: Message timeout on /navigation/cmd_vel: no message for 79.14s (expected ~0.099s, threshold 0.45s, last seen t=1789854103.41) (sev=1.00)
[monitor_node-5] [WARN] [1789854183.048676523] [diagnostic_monitor]: ANOMALY on [localization_node] message_timeout: Message timeout on /localization/pose: no message for 79.64s (expected ~0.099s, threshold 0.45s, last seen t=1789854103.41) (sev=1.00)
[monitor_node-5] [WARN] [1789854183.049630425] [diagnostic_monitor]: ANOMALY on [navigation_node] message_timeout: Message timeout on /navigation/cmd_vel: no message for 79.64s (expected ~0.099s, threshold 0.45s, last seen t=1789854103.41) (sev=1.00)
[monitor_node-5] [WARN] [1789854183.547623947] [diagnostic_monitor]: ANOMALY on [localization_node] message_timeout: Message timeout on /localization/pose: no message for 80.14s (expected ~0.099s, threshold 0.45s, last seen t=1789854103.41) (sev=1.00)
[monitor_node-5] [WARN] [1789854183.548514567] [diagnostic_monitor]: ANOMALY on [navigation_node] message_timeout: Message timeout on /navigation/cmd_vel: no message for 80.14s (expected ~0.099s, threshold 0.45s, last seen t=1789854103.41) (sev=1.00)
[monitor_node-5] [WARN] [1789854184.048582288] [diagnostic_monitor]: ANOMALY on [localization_node] message_timeout: Message timeout on /localization/pose: no message for 80.64s (expected ~0.099s, threshold 0.45s, last seen t=1789854103.41) (sev=1.00)
[monitor_node-5] [WARN] [1789854184.049539676] [diagnostic_monitor]: ANOMALY on [navigation_node] message_timeout: Message timeout on /navigation/cmd_vel: no message for 80.64s (expected ~0.099s, threshold 0.45s, last seen t=1789854103.41) (sev=1.00)
[monitor_node-5] [WARN] [1789854184.547712750] [diagnostic_monitor]: ANOMALY on [localization_node] message_timeout: Message timeout on /localization/pose: no message for 81.14s (expected ~0.099s, threshold 0.45s, last seen t=1789854103.41) (sev=1.00)
[monitor_node-5] [WARN] [1789854184.549206122] [diagnostic_monitor]: ANOMALY on [navigation_node] message_timeout: Message timeout on /navigation/cmd_vel: no message for 81.14s (expected ~0.099s, threshold 0.45s, last seen t=1789854103.41) (sev=1.00)
[monitor_node-5] [WARN] [1789854185.048445188] [diagnostic_monitor]: ANOMALY on [perception_node] node_crash: Node perception_node absent from ROS 2 graph (process crash or killed); last seen alive t=1789854103.41, missing for 81.6s (sev=1.00)
[monitor_node-5] [WARN] [1789854185.050038796] [diagnostic_monitor]: ANOMALY on [localization_node] message_timeout: Message timeout on /localization/pose: no message for 81.64s (expected ~0.099s, threshold 0.45s, last seen t=1789854103.41) (sev=1.00)
[monitor_node-5] [WARN] [1789854185.050864612] [diagnostic_monitor]: ANOMALY on [navigation_node] message_timeout: Message timeout on /navigation/cmd_vel: no message for 81.64s (expected ~0.099s, threshold 0.45s, last seen t=1789854103.41) (sev=1.00)
[monitor_node-5] [WARN] [1789854185.547662825] [diagnostic_monitor]: ANOMALY on [localization_node] message_timeout: Message timeout on /localization/pose: no message for 82.14s (expected ~0.099s, threshold 0.45s, last seen t=1789854103.41) (sev=1.00)
[monitor_node-5] [WARN] [1789854185.548582124] [diagnostic_monitor]: ANOMALY on [navigation_node] message_timeout: Message timeout on /navigation/cmd_vel: no message for 82.14s (expected ~0.099s, threshold 0.45s, last seen t=1789854103.41) (sev=1.00)
[monitor_node-5] [WARN] [1789854186.049134763] [diagnostic_monitor]: ANOMALY on [localization_node] message_timeout: Message timeout on /localization/pose: no message for 82.64s (expected ~0.099s, threshold 0.45s, last seen t=1789854103.41) (sev=1.00)
[monitor_node-5] [WARN] [1789854186.050074958] [diagnostic_monitor]: ANOMALY on [navigation_node] message_timeout: Message timeout on /navigation/cmd_vel: no message for 82.64s (expected ~0.099s, threshold 0.45s, last seen t=1789854103.41) (sev=1.00)
[monitor_node-5] [WARN] [1789854186.547761771] [diagnostic_monitor]: ANOMALY on [localization_node] message_timeout: Message timeout on /localization/pose: no message for 83.14s (expected ~0.099s, threshold 0.45s, last seen t=1789854103.41) (sev=1.00)
[monitor_node-5] [WARN] [1789854186.548596884] [diagnostic_monitor]: ANOMALY on [navigation_node] message_timeout: Message timeout on /navigation/cmd_vel: no message for 83.14s (expected ~0.099s, threshold 0.45s, last seen t=1789854103.41) (sev=1.00)
[monitor_node-5] [WARN] [1789854187.050617800] [diagnostic_monitor]: ANOMALY on [perception_node] node_crash: Node perception_node absent from ROS 2 graph (process crash or killed); last seen alive t=1789854103.41, missing for 83.6s (sev=1.00)
[monitor_node-5] [WARN] [1789854187.051933379] [diagnostic_monitor]: ANOMALY on [localization_node] message_timeout: Message timeout on /localization/pose: no message for 83.64s (expected ~0.099s, threshold 0.45s, last seen t=1789854103.41) (sev=1.00)
[monitor_node-5] [WARN] [1789854187.052690714] [diagnostic_monitor]: ANOMALY on [navigation_node] message_timeout: Message timeout on /navigation/cmd_vel: no message for 83.64s (expected ~0.099s, threshold 0.45s, last seen t=1789854103.41) (sev=1.00)
[monitor_node-5] [WARN] [1789854187.549131314] [diagnostic_monitor]: ANOMALY on [localization_node] message_timeout: Message timeout on /localization/pose: no message for 84.14s (expected ~0.099s, threshold 0.45s, last seen t=1789854103.41) (sev=1.00)
[monitor_node-5] [WARN] [1789854187.550124966] [diagnostic_monitor]: ANOMALY on [navigation_node] message_timeout: Message timeout on /navigation/cmd_vel: no message for 84.14s (expected ~0.099s, threshold 0.45s, last seen t=1789854103.41) (sev=1.00)
