[INFO] [launch]: All log files can be found below /home/lynx/.ros/log/2026-09-21-00-32-36-602820-WINDOWS-FIRE-9547
[INFO] [launch]: Default logging verbosity is set to INFO
[INFO] [sim_world-1]: process started with pid [9551]
[INFO] [perception_node-2]: process started with pid [9552]
[INFO] [localization_node-3]: process started with pid [9553]
[INFO] [planning_node-4]: process started with pid [9554]
[INFO] [control_node-5]: process started with pid [9555]
[INFO] [monitor_node-6]: process started with pid [9556]
[monitor_node-6] [INFO] [1789950757.521320871] [diagnostic_monitor]: DiagnosticMonitorNode started. DB: /home/lynx/ros2_rca_ws/events.db, Weights: (wD=0.3, wT=0.3, wS=0.25, wA=0.15), z>3.0 confirmed x2, warmup 4.0s
[planning_node-4] [WARN] [1789950757.580946489] [planning_node]: planning_node: pose source = localization
[planning_node-4] [INFO] [1789950757.581885001] [planning_node]: planning_node ready (pose + obstacles -> /planning/path)
[control_node-5] [INFO] [1789950757.595777511] [control_node]: control_node ready (path -> /cmd_vel)
[perception_node-2] [INFO] [1789950757.633391951] [perception_node]: perception_node ready (lidar + camera -> /perception/obstacles)
[localization_node-3] [INFO] [1789950757.679569235] [localization_node]: localization_node ready (odom + imu + landmarks -> /localization/pose)
[sim_world-1] [INFO] [1789950757.701173365] [sim_world]: sensor node started: lidar_node
[sim_world-1] [INFO] [1789950757.717071732] [sim_world]: sensor node started: camera_node
[sim_world-1] [INFO] [1789950757.733364695] [sim_world]: sensor node started: imu_node
[sim_world-1] [INFO] [1789950757.750753852] [sim_world]: sensor node started: odometry_node
[sim_world-1] [INFO] [1789950757.751256623] [sim_world]: sim_world ready (seed=7, obstacles=12)
[monitor_node-6] [INFO] [1789950758.494316717] [diagnostic_monitor]: Discovered graph: nodes=['camera_node', 'control_node', 'imu_node', 'lidar_node', 'localization_node', 'odometry_node', 'perception_node', 'planning_node', 'sim_world'] edges=[camera_node->perception_node, control_node->sim_world, imu_node->localization_node, lidar_node->perception_node, localization_node->planning_node, odometry_node->localization_node, perception_node->localization_node, perception_node->planning_node, planning_node->control_node]
[monitor_node-6] [INFO] [1789950758.540704924] [diagnostic_monitor]: Dynamically subscribed to monitor topic: /cmd_vel [geometry_msgs/msg/TwistStamped]
[monitor_node-6] [INFO] [1789950758.542768782] [diagnostic_monitor]: Dynamically subscribed to monitor topic: /localization/pose [geometry_msgs/msg/PoseWithCovarianceStamped]
[monitor_node-6] [INFO] [1789950758.544883828] [diagnostic_monitor]: Dynamically subscribed to monitor topic: /perception/obstacles [geometry_msgs/msg/PoseArray]
[monitor_node-6] [INFO] [1789950758.563497040] [diagnostic_monitor]: Dynamically subscribed to monitor topic: /planning/path [nav_msgs/msg/Path]
[monitor_node-6] [INFO] [1789950758.626598704] [diagnostic_monitor]: Dynamically subscribed to monitor topic: /sim/camera/image [sensor_msgs/msg/Image]
[monitor_node-6] [INFO] [1789950758.629170329] [diagnostic_monitor]: Dynamically subscribed to monitor topic: /sim/imu/data [sensor_msgs/msg/Imu]
[monitor_node-6] [INFO] [1789950758.631584326] [diagnostic_monitor]: Dynamically subscribed to monitor topic: /sim/lidar/scan [sensor_msgs/msg/LaserScan]
[monitor_node-6] [INFO] [1789950758.633474907] [diagnostic_monitor]: Dynamically subscribed to monitor topic: /sim/odom [nav_msgs/msg/Odometry]
[monitor_node-6] [WARN] [1789950761.594313598] [diagnostic_monitor]: ANOMALY on [perception_node] /perception/obstacles:obstacle_count: Value 2.0000 deviated from baseline 3.0000±0.2673 (z=3.7, confirmed x2) (sev=0.42)
[monitor_node-6] [WARN] [1789950761.894090610] [diagnostic_monitor]: ANOMALY on [perception_node] /perception/obstacles:obstacle_count: Value 4.0000 deviated from baseline 3.0000±0.2626 (z=3.8, confirmed x2) (sev=0.42)
[monitor_node-6] [INFO] [1789950761.993900904] [diagnostic_monitor]: 
[monitor_node-6] ============================================================
[monitor_node-6] ROOT CAUSE DIAGNOSIS: perception_node (Confidence: 0.913)
[monitor_node-6] ============================================================
[monitor_node-6] Score Breakdown  R(C) = wD*D + wT*T + wS*S + wA*A:
[monitor_node-6]   R(perception_node) = 0.3·D(1.00) + 0.3·T(1.00) + 0.25·S(1.00) + 0.15·A(0.42) = 0.913
[monitor_node-6]   - Dependency D: 1.00 (reaches 0 downstream anomalous node(s); 0 anomalous upstream node(s))
[monitor_node-6]   - Temporal   T: 1.00 (first anomaly at t=1789950761.49s; earliest in window = supporting evidence, not proof of causality)
[monitor_node-6]   - Symptom    S: 1.00 (explains 1/1 anomalous nodes)
[monitor_node-6]   - Severity   A: 0.42 (max normalised severity on node, 2 direct anomaly event(s))
[monitor_node-6] 
[monitor_node-6] Propagation Chain (evidence-ordered, via discovered graph edges):
[monitor_node-6]   perception_node (t=1789950761.49s: /perception/obstacles:obstacle_count, sev=0.42)
[monitor_node-6] 
[monitor_node-6] Candidate Ranking & Evidence Comparison:
[monitor_node-6]   #2 camera_node          R=0.415 (Δ -0.498) [no direct anomaly observed; does not reach observed symptoms via dependency edges]
[monitor_node-6]   #3 lidar_node           R=0.415 (Δ -0.498) [no direct anomaly observed; does not reach observed symptoms via dependency edges]
[monitor_node-6] ============================================================
[monitor_node-6] [WARN] [1789950761.995323750] [diagnostic_monitor]: ANOMALY on [perception_node] /perception/obstacles:obstacle_count: Value 4.0000 deviated from baseline 3.0000±0.2626 (z=3.8, confirmed x3) (sev=0.42)
[monitor_node-6] [WARN] [1789950763.893706448] [diagnostic_monitor]: ANOMALY on [perception_node] /perception/obstacles:obstacle_count: Value 2.0000 deviated from baseline 3.0000±0.2085 (z=4.8, confirmed x2) (sev=0.53)
[monitor_node-6] [WARN] [1789950763.994388697] [diagnostic_monitor]: ANOMALY on [perception_node] /perception/obstacles:obstacle_count: Value 2.0000 deviated from baseline 3.0000±0.2085 (z=4.8, confirmed x3) (sev=0.53)
[monitor_node-6] [WARN] [1789950764.093990263] [diagnostic_monitor]: ANOMALY on [perception_node] /perception/obstacles:obstacle_count: Value 2.0000 deviated from baseline 3.0000±0.2085 (z=4.8, confirmed x4) (sev=0.53)
[monitor_node-6] [WARN] [1789950764.193721416] [diagnostic_monitor]: ANOMALY on [perception_node] /perception/obstacles:obstacle_count: Value 2.0000 deviated from baseline 3.0000±0.2085 (z=4.8, confirmed x5) (sev=0.53)
[monitor_node-6] [WARN] [1789950764.294074976] [diagnostic_monitor]: ANOMALY on [perception_node] /perception/obstacles:obstacle_count: Value 2.0000 deviated from baseline 3.0000±0.2085 (z=4.8, confirmed x6) (sev=0.53)
[monitor_node-6] [WARN] [1789950764.394231832] [diagnostic_monitor]: ANOMALY on [perception_node] /perception/obstacles:obstacle_count: Value 2.0000 deviated from baseline 3.0000±0.2085 (z=4.8, confirmed x7) (sev=0.53)
[monitor_node-6] [WARN] [1789950764.495852708] [diagnostic_monitor]: ANOMALY on [perception_node] /perception/obstacles:obstacle_count: Value 2.0000 deviated from baseline 3.0000±0.2085 (z=4.8, confirmed x8) (sev=0.53)
[monitor_node-6] [WARN] [1789950764.594019424] [diagnostic_monitor]: ANOMALY on [perception_node] /perception/obstacles:obstacle_count: Value 2.0000 deviated from baseline 3.0000±0.2085 (z=4.8, confirmed x9) (sev=0.53)
[monitor_node-6] [WARN] [1789950766.193997381] [diagnostic_monitor]: ANOMALY on [perception_node] /perception/obstacles:obstacle_count: Value 4.0000 deviated from baseline 3.0000±0.1826 (z=5.5, confirmed x2) (sev=0.61)
[monitor_node-6] [WARN] [1789950766.294560712] [diagnostic_monitor]: ANOMALY on [perception_node] /perception/obstacles:obstacle_count: Value 4.0000 deviated from baseline 3.0000±0.1826 (z=5.5, confirmed x3) (sev=0.61)
[monitor_node-6] [WARN] [1789950766.393607560] [diagnostic_monitor]: ANOMALY on [perception_node] /perception/obstacles:obstacle_count: Value 4.0000 deviated from baseline 3.0000±0.1826 (z=5.5, confirmed x4) (sev=0.61)
[monitor_node-6] [WARN] [1789950766.495704341] [diagnostic_monitor]: ANOMALY on [perception_node] /perception/obstacles:obstacle_count: Value 4.0000 deviated from baseline 3.0000±0.1826 (z=5.5, confirmed x5) (sev=0.61)
[monitor_node-6] [WARN] [1789950766.593632504] [diagnostic_monitor]: ANOMALY on [perception_node] /perception/obstacles:obstacle_count: Value 4.0000 deviated from baseline 3.0000±0.1826 (z=5.5, confirmed x6) (sev=0.61)
[monitor_node-6] [WARN] [1789950766.694010829] [diagnostic_monitor]: ANOMALY on [perception_node] /perception/obstacles:obstacle_count: Value 4.0000 deviated from baseline 3.0000±0.1826 (z=5.5, confirmed x7) (sev=0.61)
[monitor_node-6] [WARN] [1789950766.793733925] [diagnostic_monitor]: ANOMALY on [perception_node] /perception/obstacles:obstacle_count: Value 4.0000 deviated from baseline 3.0000±0.1826 (z=5.5, confirmed x8) (sev=0.61)
[monitor_node-6] [WARN] [1789950766.893706395] [diagnostic_monitor]: ANOMALY on [perception_node] /perception/obstacles:obstacle_count: Value 4.0000 deviated from baseline 3.0000±0.1826 (z=5.5, confirmed x9) (sev=0.61)
[monitor_node-6] [WARN] [1789950768.593923150] [diagnostic_monitor]: ANOMALY on [perception_node] /perception/obstacles:obstacle_count: Value 2.0000 deviated from baseline 3.0000±0.1633 (z=6.1, confirmed x2) (sev=0.68)
[monitor_node-6] [WARN] [1789950768.693779612] [diagnostic_monitor]: ANOMALY on [perception_node] /perception/obstacles:obstacle_count: Value 2.0000 deviated from baseline 3.0000±0.1633 (z=6.1, confirmed x3) (sev=0.68)
[monitor_node-6] [WARN] [1789950768.793610804] [diagnostic_monitor]: ANOMALY on [perception_node] /perception/obstacles:obstacle_count: Value 2.0000 deviated from baseline 3.0000±0.1633 (z=6.1, confirmed x4) (sev=0.68)
[monitor_node-6] [WARN] [1789950768.894354142] [diagnostic_monitor]: ANOMALY on [perception_node] /perception/obstacles:obstacle_count: Value 2.0000 deviated from baseline 3.0000±0.1633 (z=6.1, confirmed x5) (sev=0.68)
[monitor_node-6] [WARN] [1789950768.994727022] [diagnostic_monitor]: ANOMALY on [perception_node] /perception/obstacles:obstacle_count: Value 2.0000 deviated from baseline 3.0000±0.1633 (z=6.1, confirmed x6) (sev=0.68)
[monitor_node-6] [WARN] [1789950769.093942436] [diagnostic_monitor]: ANOMALY on [perception_node] /perception/obstacles:obstacle_count: Value 2.0000 deviated from baseline 3.0000±0.1633 (z=6.1, confirmed x7) (sev=0.68)
[monitor_node-6] [WARN] [1789950769.194191955] [diagnostic_monitor]: ANOMALY on [perception_node] /perception/obstacles:obstacle_count: Value 2.0000 deviated from baseline 3.0000±0.1633 (z=6.1, confirmed x8) (sev=0.68)
[monitor_node-6] [WARN] [1789950769.293799201] [diagnostic_monitor]: ANOMALY on [perception_node] /perception/obstacles:obstacle_count: Value 2.0000 deviated from baseline 3.0000±0.1633 (z=6.1, confirmed x9) (sev=0.68)
[monitor_node-6] [WARN] [1789950769.894065691] [diagnostic_monitor]: ANOMALY on [perception_node] /perception/obstacles:obstacle_count: Value 2.0000 deviated from baseline 3.0000±0.1591 (z=6.3, confirmed x2) (sev=0.70)
[monitor_node-6] [WARN] [1789950769.994533402] [diagnostic_monitor]: ANOMALY on [perception_node] /perception/obstacles:obstacle_count: Value 2.0000 deviated from baseline 3.0000±0.1591 (z=6.3, confirmed x3) (sev=0.70)
[monitor_node-6] [WARN] [1789950770.094024471] [diagnostic_monitor]: ANOMALY on [perception_node] /perception/obstacles:obstacle_count: Value 2.0000 deviated from baseline 3.0000±0.1591 (z=6.3, confirmed x4) (sev=0.70)
[monitor_node-6] [WARN] [1789950770.193845999] [diagnostic_monitor]: ANOMALY on [perception_node] /perception/obstacles:obstacle_count: Value 2.0000 deviated from baseline 3.0000±0.1591 (z=6.3, confirmed x5) (sev=0.70)
[monitor_node-6] [WARN] [1789950770.293819850] [diagnostic_monitor]: ANOMALY on [perception_node] /perception/obstacles:obstacle_count: Value 2.0000 deviated from baseline 3.0000±0.1591 (z=6.3, confirmed x6) (sev=0.70)
[monitor_node-6] [WARN] [1789950770.393922742] [diagnostic_monitor]: ANOMALY on [perception_node] /perception/obstacles:obstacle_count: Value 2.0000 deviated from baseline 3.0000±0.1591 (z=6.3, confirmed x7) (sev=0.70)
[monitor_node-6] [WARN] [1789950770.496651094] [diagnostic_monitor]: ANOMALY on [perception_node] /perception/obstacles:obstacle_count: Value 2.0000 deviated from baseline 3.0000±0.1591 (z=6.3, confirmed x8) (sev=0.70)
[monitor_node-6] [WARN] [1789950770.594120355] [diagnostic_monitor]: ANOMALY on [perception_node] /perception/obstacles:obstacle_count: Value 2.0000 deviated from baseline 3.0000±0.1591 (z=6.3, confirmed x9) (sev=0.70)
[monitor_node-6] [WARN] [1789950770.694262764] [diagnostic_monitor]: ANOMALY on [perception_node] /perception/obstacles:obstacle_count: Value 2.0000 deviated from baseline 3.0000±0.1591 (z=6.3, confirmed x10) (sev=0.70)
[monitor_node-6] [WARN] [1789950770.793828892] [diagnostic_monitor]: ANOMALY on [perception_node] /perception/obstacles:obstacle_count: Value 2.0000 deviated from baseline 3.0000±0.1591 (z=6.3, confirmed x11) (sev=0.70)
[monitor_node-6] [WARN] [1789950770.894065424] [diagnostic_monitor]: ANOMALY on [perception_node] /perception/obstacles:obstacle_count: Value 2.0000 deviated from baseline 3.0000±0.1591 (z=6.3, confirmed x12) (sev=0.70)
[monitor_node-6] [WARN] [1789950770.994050832] [diagnostic_monitor]: ANOMALY on [perception_node] /perception/obstacles:obstacle_count: Value 2.0000 deviated from baseline 3.0000±0.1591 (z=6.3, confirmed x13) (sev=0.70)
[monitor_node-6] [WARN] [1789950771.093622650] [diagnostic_monitor]: ANOMALY on [perception_node] /perception/obstacles:obstacle_count: Value 2.0000 deviated from baseline 3.0000±0.1591 (z=6.3, confirmed x14) (sev=0.70)
[monitor_node-6] [WARN] [1789950771.194354853] [diagnostic_monitor]: ANOMALY on [perception_node] /perception/obstacles:obstacle_count: Value 2.0000 deviated from baseline 3.0000±0.1591 (z=6.3, confirmed x15) (sev=0.70)
[monitor_node-6] [WARN] [1789950771.294543163] [diagnostic_monitor]: ANOMALY on [perception_node] /perception/obstacles:obstacle_count: Value 2.0000 deviated from baseline 3.0000±0.1591 (z=6.3, confirmed x16) (sev=0.70)
[monitor_node-6] [WARN] [1789950771.393686481] [diagnostic_monitor]: ANOMALY on [perception_node] /perception/obstacles:obstacle_count: Value 2.0000 deviated from baseline 3.0000±0.1591 (z=6.3, confirmed x17) (sev=0.70)
[monitor_node-6] [WARN] [1789950771.495896678] [diagnostic_monitor]: ANOMALY on [perception_node] /perception/obstacles:obstacle_count: Value 2.0000 deviated from baseline 3.0000±0.1591 (z=6.3, confirmed x18) (sev=0.70)
[monitor_node-6] [WARN] [1789950771.593603612] [diagnostic_monitor]: ANOMALY on [perception_node] /perception/obstacles:obstacle_count: Value 2.0000 deviated from baseline 3.0000±0.1591 (z=6.3, confirmed x19) (sev=0.70)
[monitor_node-6] [WARN] [1789950771.693456100] [diagnostic_monitor]: ANOMALY on [perception_node] /perception/obstacles:obstacle_count: Value 2.0000 deviated from baseline 3.0000±0.1591 (z=6.3, confirmed x20) (sev=0.70)
[monitor_node-6] [WARN] [1789950771.794093282] [diagnostic_monitor]: ANOMALY on [perception_node] /perception/obstacles:obstacle_count: Value 2.0000 deviated from baseline 3.0000±0.1591 (z=6.3, confirmed x21) (sev=0.70)
[monitor_node-6] [WARN] [1789950771.893721477] [diagnostic_monitor]: ANOMALY on [perception_node] /perception/obstacles:obstacle_count: Value 1.0000 deviated from baseline 3.0000±0.1591 (z=12.6, confirmed x22) (sev=1.00)
[monitor_node-6] [WARN] [1789950771.994562599] [diagnostic_monitor]: ANOMALY on [perception_node] /perception/obstacles:obstacle_count: Value 1.0000 deviated from baseline 3.0000±0.1591 (z=12.6, confirmed x23) (sev=1.00)
[monitor_node-6] [WARN] [1789950772.094346757] [diagnostic_monitor]: ANOMALY on [perception_node] /perception/obstacles:obstacle_count: Value 1.0000 deviated from baseline 3.0000±0.1591 (z=12.6, confirmed x24) (sev=1.00)
[monitor_node-6] [WARN] [1789950772.193740812] [diagnostic_monitor]: ANOMALY on [perception_node] /perception/obstacles:obstacle_count: Value 1.0000 deviated from baseline 3.0000±0.1591 (z=12.6, confirmed x25) (sev=1.00)
[monitor_node-6] [WARN] [1789950772.293898448] [diagnostic_monitor]: ANOMALY on [perception_node] /perception/obstacles:obstacle_count: Value 1.0000 deviated from baseline 3.0000±0.1591 (z=12.6, confirmed x26) (sev=1.00)
[monitor_node-6] [WARN] [1789950772.393736856] [diagnostic_monitor]: ANOMALY on [perception_node] /perception/obstacles:obstacle_count: Value 1.0000 deviated from baseline 3.0000±0.1591 (z=12.6, confirmed x27) (sev=1.00)
[monitor_node-6] [WARN] [1789950772.495814031] [diagnostic_monitor]: ANOMALY on [perception_node] /perception/obstacles:obstacle_count: Value 1.0000 deviated from baseline 3.0000±0.1591 (z=12.6, confirmed x28) (sev=1.00)
[monitor_node-6] [WARN] [1789950772.594037161] [diagnostic_monitor]: ANOMALY on [perception_node] /perception/obstacles:obstacle_count: Value 1.0000 deviated from baseline 3.0000±0.1591 (z=12.6, confirmed x29) (sev=1.00)
[monitor_node-6] [WARN] [1789950772.693432511] [diagnostic_monitor]: ANOMALY on [perception_node] /perception/obstacles:obstacle_count: Value 1.0000 deviated from baseline 3.0000±0.1591 (z=12.6, confirmed x30) (sev=1.00)
[monitor_node-6] [WARN] [1789950772.793950346] [diagnostic_monitor]: ANOMALY on [perception_node] /perception/obstacles:obstacle_count: Value 1.0000 deviated from baseline 3.0000±0.1591 (z=12.6, confirmed x31) (sev=1.00)
[monitor_node-6] [WARN] [1789950772.894167676] [diagnostic_monitor]: ANOMALY on [perception_node] /perception/obstacles:obstacle_count: Value 1.0000 deviated from baseline 3.0000±0.1591 (z=12.6, confirmed x32) (sev=1.00)
[monitor_node-6] [WARN] [1789950772.994349834] [diagnostic_monitor]: ANOMALY on [perception_node] /perception/obstacles:obstacle_count: Value 1.0000 deviated from baseline 3.0000±0.1591 (z=12.6, confirmed x33) (sev=1.00)
[monitor_node-6] [WARN] [1789950773.094104672] [diagnostic_monitor]: ANOMALY on [perception_node] /perception/obstacles:obstacle_count: Value 1.0000 deviated from baseline 3.0000±0.1591 (z=12.6, confirmed x34) (sev=1.00)
[monitor_node-6] [WARN] [1789950773.193826270] [diagnostic_monitor]: ANOMALY on [perception_node] /perception/obstacles:obstacle_count: Value 1.0000 deviated from baseline 3.0000±0.1591 (z=12.6, confirmed x35) (sev=1.00)
[monitor_node-6] [WARN] [1789950773.293768772] [diagnostic_monitor]: ANOMALY on [perception_node] /perception/obstacles:obstacle_count: Value 1.0000 deviated from baseline 3.0000±0.1591 (z=12.6, confirmed x36) (sev=1.00)
[monitor_node-6] [WARN] [1789950773.394129902] [diagnostic_monitor]: ANOMALY on [perception_node] /perception/obstacles:obstacle_count: Value 1.0000 deviated from baseline 3.0000±0.1591 (z=12.6, confirmed x37) (sev=1.00)
[monitor_node-6] [WARN] [1789950773.509256805] [diagnostic_monitor]: ANOMALY on [perception_node] /perception/obstacles:obstacle_count: Value 1.0000 deviated from baseline 3.0000±0.1591 (z=12.6, confirmed x38) (sev=1.00)
[monitor_node-6] [WARN] [1789950773.593918676] [diagnostic_monitor]: ANOMALY on [perception_node] /perception/obstacles:obstacle_count: Value 1.0000 deviated from baseline 3.0000±0.1591 (z=12.6, confirmed x39) (sev=1.00)
[monitor_node-6] [WARN] [1789950773.694046048] [diagnostic_monitor]: ANOMALY on [perception_node] /perception/obstacles:obstacle_count: Value 1.0000 deviated from baseline 3.0000±0.1591 (z=12.6, confirmed x40) (sev=1.00)
[monitor_node-6] [WARN] [1789950773.793825617] [diagnostic_monitor]: ANOMALY on [perception_node] /perception/obstacles:obstacle_count: Value 1.0000 deviated from baseline 3.0000±0.1591 (z=12.6, confirmed x41) (sev=1.00)
[monitor_node-6] [WARN] [1789950773.894193095] [diagnostic_monitor]: ANOMALY on [perception_node] /perception/obstacles:obstacle_count: Value 1.0000 deviated from baseline 3.0000±0.1591 (z=12.6, confirmed x42) (sev=1.00)
[monitor_node-6] [WARN] [1789950773.994155095] [diagnostic_monitor]: ANOMALY on [perception_node] /perception/obstacles:obstacle_count: Value 1.0000 deviated from baseline 3.0000±0.1591 (z=12.6, confirmed x43) (sev=1.00)
[monitor_node-6] [WARN] [1789950774.093581745] [diagnostic_monitor]: ANOMALY on [perception_node] /perception/obstacles:obstacle_count: Value 1.0000 deviated from baseline 3.0000±0.1591 (z=12.6, confirmed x44) (sev=1.00)
[monitor_node-6] [WARN] [1789950774.194089056] [diagnostic_monitor]: ANOMALY on [perception_node] /perception/obstacles:obstacle_count: Value 1.0000 deviated from baseline 3.0000±0.1591 (z=12.6, confirmed x45) (sev=1.00)
[monitor_node-6] [WARN] [1789950774.293672109] [diagnostic_monitor]: ANOMALY on [perception_node] /perception/obstacles:obstacle_count: Value 1.0000 deviated from baseline 3.0000±0.1591 (z=12.6, confirmed x46) (sev=1.00)
[monitor_node-6] [WARN] [1789950774.393871395] [diagnostic_monitor]: ANOMALY on [perception_node] /perception/obstacles:obstacle_count: Value 1.0000 deviated from baseline 3.0000±0.1591 (z=12.6, confirmed x47) (sev=1.00)
[monitor_node-6] [WARN] [1789950774.495936369] [diagnostic_monitor]: ANOMALY on [perception_node] /perception/obstacles:obstacle_count: Value 1.0000 deviated from baseline 3.0000±0.1591 (z=12.6, confirmed x48) (sev=1.00)
[monitor_node-6] [WARN] [1789950774.593481136] [diagnostic_monitor]: ANOMALY on [perception_node] /perception/obstacles:obstacle_count: Value 1.0000 deviated from baseline 3.0000±0.1591 (z=12.6, confirmed x49) (sev=1.00)
[monitor_node-6] [WARN] [1789950774.694017500] [diagnostic_monitor]: ANOMALY on [perception_node] /perception/obstacles:obstacle_count: Value 1.0000 deviated from baseline 3.0000±0.1591 (z=12.6, confirmed x50) (sev=1.00)
[monitor_node-6] [WARN] [1789950774.793939332] [diagnostic_monitor]: ANOMALY on [perception_node] /perception/obstacles:obstacle_count: Value 1.0000 deviated from baseline 3.0000±0.1591 (z=12.6, confirmed x51) (sev=1.00)
[monitor_node-6] [WARN] [1789950774.893775177] [diagnostic_monitor]: ANOMALY on [perception_node] /perception/obstacles:obstacle_count: Value 1.0000 deviated from baseline 3.0000±0.1591 (z=12.6, confirmed x52) (sev=1.00)
[monitor_node-6] [WARN] [1789950774.994460363] [diagnostic_monitor]: ANOMALY on [perception_node] /perception/obstacles:obstacle_count: Value 1.0000 deviated from baseline 3.0000±0.1591 (z=12.6, confirmed x53) (sev=1.00)
[monitor_node-6] [WARN] [1789950775.093703867] [diagnostic_monitor]: ANOMALY on [perception_node] /perception/obstacles:obstacle_count: Value 1.0000 deviated from baseline 3.0000±0.1591 (z=12.6, confirmed x54) (sev=1.00)
[monitor_node-6] [WARN] [1789950775.194254606] [diagnostic_monitor]: ANOMALY on [perception_node] /perception/obstacles:obstacle_count: Value 1.0000 deviated from baseline 3.0000±0.1591 (z=12.6, confirmed x55) (sev=1.00)
[monitor_node-6] [WARN] [1789950775.294029889] [diagnostic_monitor]: ANOMALY on [perception_node] /perception/obstacles:obstacle_count: Value 1.0000 deviated from baseline 3.0000±0.1591 (z=12.6, confirmed x56) (sev=1.00)
[monitor_node-6] [WARN] [1789950775.393989814] [diagnostic_monitor]: ANOMALY on [perception_node] /perception/obstacles:obstacle_count: Value 1.0000 deviated from baseline 3.0000±0.1591 (z=12.6, confirmed x57) (sev=1.00)
[monitor_node-6] [WARN] [1789950775.496204704] [diagnostic_monitor]: ANOMALY on [perception_node] /perception/obstacles:obstacle_count: Value 1.0000 deviated from baseline 3.0000±0.1591 (z=12.6, confirmed x58) (sev=1.00)
[monitor_node-6] [WARN] [1789950775.594119702] [diagnostic_monitor]: ANOMALY on [perception_node] /perception/obstacles:obstacle_count: Value 1.0000 deviated from baseline 3.0000±0.1591 (z=12.6, confirmed x59) (sev=1.00)
[monitor_node-6] [WARN] [1789950775.693901077] [diagnostic_monitor]: ANOMALY on [perception_node] /perception/obstacles:obstacle_count: Value 1.0000 deviated from baseline 3.0000±0.1591 (z=12.6, confirmed x60) (sev=1.00)
[monitor_node-6] [WARN] [1789950775.794092710] [diagnostic_monitor]: ANOMALY on [perception_node] /perception/obstacles:obstacle_count: Value 1.0000 deviated from baseline 3.0000±0.1591 (z=12.6, confirmed x61) (sev=1.00)
[monitor_node-6] [WARN] [1789950775.893939853] [diagnostic_monitor]: ANOMALY on [perception_node] /perception/obstacles:obstacle_count: Value 1.0000 deviated from baseline 3.0000±0.1591 (z=12.6, confirmed x62) (sev=1.00)
[monitor_node-6] [WARN] [1789950775.994128658] [diagnostic_monitor]: ANOMALY on [perception_node] /perception/obstacles:obstacle_count: Value 1.0000 deviated from baseline 3.0000±0.1591 (z=12.6, confirmed x63) (sev=1.00)
[monitor_node-6] [WARN] [1789950776.094270906] [diagnostic_monitor]: ANOMALY on [perception_node] /perception/obstacles:obstacle_count: Value 1.0000 deviated from baseline 3.0000±0.1591 (z=12.6, confirmed x64) (sev=1.00)
[monitor_node-6] [WARN] [1789950776.193969422] [diagnostic_monitor]: ANOMALY on [perception_node] /perception/obstacles:obstacle_count: Value 1.0000 deviated from baseline 3.0000±0.1591 (z=12.6, confirmed x65) (sev=1.00)
[monitor_node-6] [WARN] [1789950776.293452917] [diagnostic_monitor]: ANOMALY on [perception_node] /perception/obstacles:obstacle_count: Value 1.0000 deviated from baseline 3.0000±0.1591 (z=12.6, confirmed x66) (sev=1.00)
[monitor_node-6] [WARN] [1789950776.393864339] [diagnostic_monitor]: ANOMALY on [perception_node] /perception/obstacles:obstacle_count: Value 1.0000 deviated from baseline 3.0000±0.1591 (z=12.6, confirmed x67) (sev=1.00)
[monitor_node-6] [WARN] [1789950776.496741962] [diagnostic_monitor]: ANOMALY on [perception_node] /perception/obstacles:obstacle_count: Value 1.0000 deviated from baseline 3.0000±0.1591 (z=12.6, confirmed x68) (sev=1.00)
[monitor_node-6] [WARN] [1789950776.593658171] [diagnostic_monitor]: ANOMALY on [perception_node] /perception/obstacles:obstacle_count: Value 1.0000 deviated from baseline 3.0000±0.1591 (z=12.6, confirmed x69) (sev=1.00)
[monitor_node-6] [WARN] [1789950776.694143340] [diagnostic_monitor]: ANOMALY on [perception_node] /perception/obstacles:obstacle_count: Value 1.0000 deviated from baseline 3.0000±0.1591 (z=12.6, confirmed x70) (sev=1.00)
[monitor_node-6] [WARN] [1789950776.794025608] [diagnostic_monitor]: ANOMALY on [perception_node] /perception/obstacles:obstacle_count: Value 1.0000 deviated from baseline 3.0000±0.1591 (z=12.6, confirmed x71) (sev=1.00)
[monitor_node-6] [WARN] [1789950776.893961555] [diagnostic_monitor]: ANOMALY on [perception_node] /perception/obstacles:obstacle_count: Value 1.0000 deviated from baseline 3.0000±0.1591 (z=12.6, confirmed x72) (sev=1.00)
[monitor_node-6] [WARN] [1789950776.994384146] [diagnostic_monitor]: ANOMALY on [perception_node] /perception/obstacles:obstacle_count: Value 1.0000 deviated from baseline 3.0000±0.1591 (z=12.6, confirmed x73) (sev=1.00)
[monitor_node-6] [WARN] [1789950777.093857040] [diagnostic_monitor]: ANOMALY on [perception_node] /perception/obstacles:obstacle_count: Value 1.0000 deviated from baseline 3.0000±0.1591 (z=12.6, confirmed x74) (sev=1.00)
[monitor_node-6] [WARN] [1789950777.194032008] [diagnostic_monitor]: ANOMALY on [perception_node] /perception/obstacles:obstacle_count: Value 1.0000 deviated from baseline 3.0000±0.1591 (z=12.6, confirmed x75) (sev=1.00)
[monitor_node-6] [WARN] [1789950777.293697717] [diagnostic_monitor]: ANOMALY on [perception_node] /perception/obstacles:obstacle_count: Value 1.0000 deviated from baseline 3.0000±0.1591 (z=12.6, confirmed x76) (sev=1.00)
[monitor_node-6] [WARN] [1789950777.393954210] [diagnostic_monitor]: ANOMALY on [perception_node] /perception/obstacles:obstacle_count: Value 1.0000 deviated from baseline 3.0000±0.1591 (z=12.6, confirmed x77) (sev=1.00)
[monitor_node-6] [WARN] [1789950777.496053623] [diagnostic_monitor]: ANOMALY on [perception_node] /perception/obstacles:obstacle_count: Value 1.0000 deviated from baseline 3.0000±0.1591 (z=12.6, confirmed x78) (sev=1.00)
[monitor_node-6] [WARN] [1789950777.593964828] [diagnostic_monitor]: ANOMALY on [perception_node] /perception/obstacles:obstacle_count: Value 1.0000 deviated from baseline 3.0000±0.1591 (z=12.6, confirmed x79) (sev=1.00)
[monitor_node-6] [WARN] [1789950777.693833442] [diagnostic_monitor]: ANOMALY on [perception_node] /perception/obstacles:obstacle_count: Value 1.0000 deviated from baseline 3.0000±0.1591 (z=12.6, confirmed x80) (sev=1.00)
[monitor_node-6] [WARN] [1789950777.793628819] [diagnostic_monitor]: ANOMALY on [perception_node] /perception/obstacles:obstacle_count: Value 1.0000 deviated from baseline 3.0000±0.1591 (z=12.6, confirmed x81) (sev=1.00)
[monitor_node-6] [WARN] [1789950777.895258523] [diagnostic_monitor]: ANOMALY on [perception_node] /perception/obstacles:obstacle_count: Value 1.0000 deviated from baseline 3.0000±0.1591 (z=12.6, confirmed x82) (sev=1.00)
[monitor_node-6] [WARN] [1789950777.995077668] [diagnostic_monitor]: ANOMALY on [perception_node] /perception/obstacles:obstacle_count: Value 1.0000 deviated from baseline 3.0000±0.1591 (z=12.6, confirmed x83) (sev=1.00)
[monitor_node-6] [WARN] [1789950778.093483882] [diagnostic_monitor]: ANOMALY on [perception_node] /perception/obstacles:obstacle_count: Value 1.0000 deviated from baseline 3.0000±0.1591 (z=12.6, confirmed x84) (sev=1.00)
[monitor_node-6] [WARN] [1789950778.193841448] [diagnostic_monitor]: ANOMALY on [perception_node] /perception/obstacles:obstacle_count: Value 1.0000 deviated from baseline 3.0000±0.1591 (z=12.6, confirmed x85) (sev=1.00)
[monitor_node-6] [WARN] [1789950778.293999447] [diagnostic_monitor]: ANOMALY on [perception_node] /perception/obstacles:obstacle_count: Value 1.0000 deviated from baseline 3.0000±0.1591 (z=12.6, confirmed x86) (sev=1.00)
[monitor_node-6] [WARN] [1789950778.393880239] [diagnostic_monitor]: ANOMALY on [perception_node] /perception/obstacles:obstacle_count: Value 1.0000 deviated from baseline 3.0000±0.1591 (z=12.6, confirmed x87) (sev=1.00)
[monitor_node-6] [WARN] [1789950778.496633992] [diagnostic_monitor]: ANOMALY on [perception_node] /perception/obstacles:obstacle_count: Value 1.0000 deviated from baseline 3.0000±0.1591 (z=12.6, confirmed x88) (sev=1.00)
[monitor_node-6] [WARN] [1789950778.594509307] [diagnostic_monitor]: ANOMALY on [perception_node] /perception/obstacles:obstacle_count: Value 1.0000 deviated from baseline 3.0000±0.1591 (z=12.6, confirmed x89) (sev=1.00)
[monitor_node-6] [WARN] [1789950778.693477112] [diagnostic_monitor]: ANOMALY on [perception_node] /perception/obstacles:obstacle_count: Value 1.0000 deviated from baseline 3.0000±0.1591 (z=12.6, confirmed x90) (sev=1.00)
[monitor_node-6] [WARN] [1789950778.793946772] [diagnostic_monitor]: ANOMALY on [perception_node] /perception/obstacles:obstacle_count: Value 1.0000 deviated from baseline 3.0000±0.1591 (z=12.6, confirmed x91) (sev=1.00)
[monitor_node-6] [WARN] [1789950778.894044985] [diagnostic_monitor]: ANOMALY on [perception_node] /perception/obstacles:obstacle_count: Value 1.0000 deviated from baseline 3.0000±0.1591 (z=12.6, confirmed x92) (sev=1.00)
[monitor_node-6] [WARN] [1789950778.994016452] [diagnostic_monitor]: ANOMALY on [perception_node] /perception/obstacles:obstacle_count: Value 1.0000 deviated from baseline 3.0000±0.1591 (z=12.6, confirmed x93) (sev=1.00)
[monitor_node-6] [WARN] [1789950779.093456805] [diagnostic_monitor]: ANOMALY on [perception_node] /perception/obstacles:obstacle_count: Value 1.0000 deviated from baseline 3.0000±0.1591 (z=12.6, confirmed x94) (sev=1.00)
[monitor_node-6] [WARN] [1789950779.193515471] [diagnostic_monitor]: ANOMALY on [perception_node] /perception/obstacles:obstacle_count: Value 1.0000 deviated from baseline 3.0000±0.1591 (z=12.6, confirmed x95) (sev=1.00)
[monitor_node-6] [WARN] [1789950779.293650854] [diagnostic_monitor]: ANOMALY on [perception_node] /perception/obstacles:obstacle_count: Value 1.0000 deviated from baseline 3.0000±0.1591 (z=12.6, confirmed x96) (sev=1.00)
[monitor_node-6] [WARN] [1789950779.393777382] [diagnostic_monitor]: ANOMALY on [perception_node] /perception/obstacles:obstacle_count: Value 1.0000 deviated from baseline 3.0000±0.1591 (z=12.6, confirmed x97) (sev=1.00)
[monitor_node-6] [WARN] [1789950779.496776459] [diagnostic_monitor]: ANOMALY on [perception_node] /perception/obstacles:obstacle_count: Value 1.0000 deviated from baseline 3.0000±0.1591 (z=12.6, confirmed x98) (sev=1.00)
[monitor_node-6] [WARN] [1789950779.594110676] [diagnostic_monitor]: ANOMALY on [perception_node] /perception/obstacles:obstacle_count: Value 1.0000 deviated from baseline 3.0000±0.1591 (z=12.6, confirmed x99) (sev=1.00)
[monitor_node-6] [WARN] [1789950779.693686513] [diagnostic_monitor]: ANOMALY on [perception_node] /perception/obstacles:obstacle_count: Value 1.0000 deviated from baseline 3.0000±0.1591 (z=12.6, confirmed x100) (sev=1.00)
[monitor_node-6] [WARN] [1789950779.793953253] [diagnostic_monitor]: ANOMALY on [perception_node] /perception/obstacles:obstacle_count: Value 1.0000 deviated from baseline 3.0000±0.1591 (z=12.6, confirmed x101) (sev=1.00)
[monitor_node-6] [WARN] [1789950779.894083658] [diagnostic_monitor]: ANOMALY on [perception_node] /perception/obstacles:obstacle_count: Value 1.0000 deviated from baseline 3.0000±0.1591 (z=12.6, confirmed x102) (sev=1.00)
[monitor_node-6] [WARN] [1789950779.994023985] [diagnostic_monitor]: ANOMALY on [perception_node] /perception/obstacles:obstacle_count: Value 1.0000 deviated from baseline 3.0000±0.1591 (z=12.6, confirmed x103) (sev=1.00)
[monitor_node-6] [WARN] [1789950780.093997168] [diagnostic_monitor]: ANOMALY on [perception_node] /perception/obstacles:obstacle_count: Value 1.0000 deviated from baseline 3.0000±0.1591 (z=12.6, confirmed x104) (sev=1.00)
[monitor_node-6] [WARN] [1789950780.194011009] [diagnostic_monitor]: ANOMALY on [perception_node] /perception/obstacles:obstacle_count: Value 1.0000 deviated from baseline 3.0000±0.1591 (z=12.6, confirmed x105) (sev=1.00)
[monitor_node-6] [WARN] [1789950780.293969387] [diagnostic_monitor]: ANOMALY on [perception_node] /perception/obstacles:obstacle_count: Value 1.0000 deviated from baseline 3.0000±0.1591 (z=12.6, confirmed x106) (sev=1.00)
[monitor_node-6] [WARN] [1789950780.394004747] [diagnostic_monitor]: ANOMALY on [perception_node] /perception/obstacles:obstacle_count: Value 1.0000 deviated from baseline 3.0000±0.1591 (z=12.6, confirmed x107) (sev=1.00)
[monitor_node-6] [WARN] [1789950780.496453516] [diagnostic_monitor]: ANOMALY on [perception_node] /perception/obstacles:obstacle_count: Value 1.0000 deviated from baseline 3.0000±0.1591 (z=12.6, confirmed x108) (sev=1.00)
[monitor_node-6] [WARN] [1789950780.593860776] [diagnostic_monitor]: ANOMALY on [perception_node] /perception/obstacles:obstacle_count: Value 1.0000 deviated from baseline 3.0000±0.1591 (z=12.6, confirmed x109) (sev=1.00)
[monitor_node-6] [WARN] [1789950780.693865125] [diagnostic_monitor]: ANOMALY on [perception_node] /perception/obstacles:obstacle_count: Value 1.0000 deviated from baseline 3.0000±0.1591 (z=12.6, confirmed x110) (sev=1.00)
[monitor_node-6] [WARN] [1789950780.794219588] [diagnostic_monitor]: ANOMALY on [perception_node] /perception/obstacles:obstacle_count: Value 1.0000 deviated from baseline 3.0000±0.1591 (z=12.6, confirmed x111) (sev=1.00)
[monitor_node-6] [WARN] [1789950780.893671384] [diagnostic_monitor]: ANOMALY on [perception_node] /perception/obstacles:obstacle_count: Value 0.0000 deviated from baseline 3.0000±0.1591 (z=18.9, confirmed x112) (sev=1.00)
[monitor_node-6] [WARN] [1789950780.994050507] [diagnostic_monitor]: ANOMALY on [perception_node] /perception/obstacles:obstacle_count: Value 0.0000 deviated from baseline 3.0000±0.1591 (z=18.9, confirmed x113) (sev=1.00)
[monitor_node-6] [WARN] [1789950781.093890755] [diagnostic_monitor]: ANOMALY on [perception_node] /perception/obstacles:obstacle_count: Value 0.0000 deviated from baseline 3.0000±0.1591 (z=18.9, confirmed x114) (sev=1.00)
[monitor_node-6] [WARN] [1789950781.193950419] [diagnostic_monitor]: ANOMALY on [perception_node] /perception/obstacles:obstacle_count: Value 0.0000 deviated from baseline 3.0000±0.1591 (z=18.9, confirmed x115) (sev=1.00)
[monitor_node-6] [WARN] [1789950781.293952376] [diagnostic_monitor]: ANOMALY on [perception_node] /perception/obstacles:obstacle_count: Value 0.0000 deviated from baseline 3.0000±0.1591 (z=18.9, confirmed x116) (sev=1.00)
[monitor_node-6] [WARN] [1789950781.393691418] [diagnostic_monitor]: ANOMALY on [perception_node] /perception/obstacles:obstacle_count: Value 0.0000 deviated from baseline 3.0000±0.1591 (z=18.9, confirmed x117) (sev=1.00)
[monitor_node-6] [WARN] [1789950781.496185632] [diagnostic_monitor]: ANOMALY on [perception_node] /perception/obstacles:obstacle_count: Value 0.0000 deviated from baseline 3.0000±0.1591 (z=18.9, confirmed x118) (sev=1.00)
[monitor_node-6] [WARN] [1789950781.593763581] [diagnostic_monitor]: ANOMALY on [perception_node] /perception/obstacles:obstacle_count: Value 0.0000 deviated from baseline 3.0000±0.1591 (z=18.9, confirmed x119) (sev=1.00)
[monitor_node-6] [WARN] [1789950781.693769200] [diagnostic_monitor]: ANOMALY on [perception_node] /perception/obstacles:obstacle_count: Value 0.0000 deviated from baseline 3.0000±0.1591 (z=18.9, confirmed x120) (sev=1.00)
[monitor_node-6] [WARN] [1789950781.793767317] [diagnostic_monitor]: ANOMALY on [perception_node] /perception/obstacles:obstacle_count: Value 0.0000 deviated from baseline 3.0000±0.1591 (z=18.9, confirmed x121) (sev=1.00)
[monitor_node-6] [WARN] [1789950781.893869393] [diagnostic_monitor]: ANOMALY on [perception_node] /perception/obstacles:obstacle_count: Value 0.0000 deviated from baseline 3.0000±0.1591 (z=18.9, confirmed x122) (sev=1.00)
[monitor_node-6] [WARN] [1789950781.994300945] [diagnostic_monitor]: ANOMALY on [perception_node] /perception/obstacles:obstacle_count: Value 0.0000 deviated from baseline 3.0000±0.1591 (z=18.9, confirmed x123) (sev=1.00)
[monitor_node-6] [WARN] [1789950782.093810499] [diagnostic_monitor]: ANOMALY on [perception_node] /perception/obstacles:obstacle_count: Value 0.0000 deviated from baseline 3.0000±0.1591 (z=18.9, confirmed x124) (sev=1.00)
[monitor_node-6] [WARN] [1789950782.194481579] [diagnostic_monitor]: ANOMALY on [perception_node] /perception/obstacles:obstacle_count: Value 0.0000 deviated from baseline 3.0000±0.1591 (z=18.9, confirmed x125) (sev=1.00)
[monitor_node-6] [WARN] [1789950782.293855974] [diagnostic_monitor]: ANOMALY on [perception_node] /perception/obstacles:obstacle_count: Value 0.0000 deviated from baseline 3.0000±0.1591 (z=18.9, confirmed x126) (sev=1.00)
[monitor_node-6] [WARN] [1789950782.393882739] [diagnostic_monitor]: ANOMALY on [perception_node] /perception/obstacles:obstacle_count: Value 0.0000 deviated from baseline 3.0000±0.1591 (z=18.9, confirmed x127) (sev=1.00)
[monitor_node-6] [WARN] [1789950782.496348704] [diagnostic_monitor]: ANOMALY on [perception_node] /perception/obstacles:obstacle_count: Value 0.0000 deviated from baseline 3.0000±0.1591 (z=18.9, confirmed x128) (sev=1.00)
[monitor_node-6] [WARN] [1789950782.593998301] [diagnostic_monitor]: ANOMALY on [perception_node] /perception/obstacles:obstacle_count: Value 0.0000 deviated from baseline 3.0000±0.1591 (z=18.9, confirmed x129) (sev=1.00)
[monitor_node-6] [WARN] [1789950782.694040793] [diagnostic_monitor]: ANOMALY on [perception_node] /perception/obstacles:obstacle_count: Value 0.0000 deviated from baseline 3.0000±0.1591 (z=18.9, confirmed x130) (sev=1.00)
[monitor_node-6] [WARN] [1789950782.794203443] [diagnostic_monitor]: ANOMALY on [perception_node] /perception/obstacles:obstacle_count: Value 0.0000 deviated from baseline 3.0000±0.1591 (z=18.9, confirmed x131) (sev=1.00)
[monitor_node-6] [WARN] [1789950782.893952050] [diagnostic_monitor]: ANOMALY on [perception_node] /perception/obstacles:obstacle_count: Value 0.0000 deviated from baseline 3.0000±0.1591 (z=18.9, confirmed x132) (sev=1.00)
[monitor_node-6] [WARN] [1789950783.002627642] [diagnostic_monitor]: ANOMALY on [perception_node] /perception/obstacles:obstacle_count: Value 1.0000 deviated from baseline 3.0000±0.1591 (z=12.6, confirmed x133) (sev=1.00)
[monitor_node-6] [WARN] [1789950783.094373269] [diagnostic_monitor]: ANOMALY on [perception_node] /perception/obstacles:obstacle_count: Value 1.0000 deviated from baseline 3.0000±0.1591 (z=12.6, confirmed x134) (sev=1.00)
[monitor_node-6] [WARN] [1789950783.193655824] [diagnostic_monitor]: ANOMALY on [perception_node] /perception/obstacles:obstacle_count: Value 1.0000 deviated from baseline 3.0000±0.1591 (z=12.6, confirmed x135) (sev=1.00)
[monitor_node-6] [WARN] [1789950783.293747818] [diagnostic_monitor]: ANOMALY on [perception_node] /perception/obstacles:obstacle_count: Value 1.0000 deviated from baseline 3.0000±0.1591 (z=12.6, confirmed x136) (sev=1.00)
[monitor_node-6] [WARN] [1789950783.394338114] [diagnostic_monitor]: ANOMALY on [perception_node] /perception/obstacles:obstacle_count: Value 1.0000 deviated from baseline 3.0000±0.1591 (z=12.6, confirmed x137) (sev=1.00)
[monitor_node-6] [WARN] [1789950783.496048091] [diagnostic_monitor]: ANOMALY on [perception_node] /perception/obstacles:obstacle_count: Value 1.0000 deviated from baseline 3.0000±0.1591 (z=12.6, confirmed x138) (sev=1.00)
[monitor_node-6] [WARN] [1789950783.594155543] [diagnostic_monitor]: ANOMALY on [perception_node] /perception/obstacles:obstacle_count: Value 1.0000 deviated from baseline 3.0000±0.1591 (z=12.6, confirmed x139) (sev=1.00)
[monitor_node-6] [WARN] [1789950783.694058551] [diagnostic_monitor]: ANOMALY on [perception_node] /perception/obstacles:obstacle_count: Value 1.0000 deviated from baseline 3.0000±0.1591 (z=12.6, confirmed x140) (sev=1.00)
[monitor_node-6] [WARN] [1789950783.794239874] [diagnostic_monitor]: ANOMALY on [perception_node] /perception/obstacles:obstacle_count: Value 1.0000 deviated from baseline 3.0000±0.1591 (z=12.6, confirmed x141) (sev=1.00)
[monitor_node-6] [WARN] [1789950783.893863520] [diagnostic_monitor]: ANOMALY on [perception_node] /perception/obstacles:obstacle_count: Value 1.0000 deviated from baseline 3.0000±0.1591 (z=12.6, confirmed x142) (sev=1.00)
[monitor_node-6] [WARN] [1789950783.994521283] [diagnostic_monitor]: ANOMALY on [perception_node] /perception/obstacles:obstacle_count: Value 1.0000 deviated from baseline 3.0000±0.1591 (z=12.6, confirmed x143) (sev=1.00)
[monitor_node-6] [WARN] [1789950784.093881049] [diagnostic_monitor]: ANOMALY on [perception_node] /perception/obstacles:obstacle_count: Value 1.0000 deviated from baseline 3.0000±0.1591 (z=12.6, confirmed x144) (sev=1.00)
[monitor_node-6] [WARN] [1789950784.193575737] [diagnostic_monitor]: ANOMALY on [perception_node] /perception/obstacles:obstacle_count: Value 2.0000 deviated from baseline 3.0000±0.1591 (z=6.3, confirmed x145) (sev=0.70)
[monitor_node-6] [WARN] [1789950784.293446675] [diagnostic_monitor]: ANOMALY on [perception_node] /perception/obstacles:obstacle_count: Value 2.0000 deviated from baseline 3.0000±0.1591 (z=6.3, confirmed x146) (sev=0.70)
[monitor_node-6] [WARN] [1789950784.394006798] [diagnostic_monitor]: ANOMALY on [perception_node] /perception/obstacles:obstacle_count: Value 2.0000 deviated from baseline 3.0000±0.1591 (z=6.3, confirmed x147) (sev=0.70)
[monitor_node-6] [WARN] [1789950784.498105415] [diagnostic_monitor]: ANOMALY on [perception_node] /perception/obstacles:obstacle_count: Value 2.0000 deviated from baseline 3.0000±0.1591 (z=6.3, confirmed x148) (sev=0.70)
[monitor_node-6] [WARN] [1789950784.594053087] [diagnostic_monitor]: ANOMALY on [perception_node] /perception/obstacles:obstacle_count: Value 2.0000 deviated from baseline 3.0000±0.1591 (z=6.3, confirmed x149) (sev=0.70)
[monitor_node-6] [WARN] [1789950784.694747896] [diagnostic_monitor]: ANOMALY on [perception_node] /perception/obstacles:obstacle_count: Value 2.0000 deviated from baseline 3.0000±0.1591 (z=6.3, confirmed x150) (sev=0.70)
[monitor_node-6] [WARN] [1789950784.794112839] [diagnostic_monitor]: ANOMALY on [perception_node] /perception/obstacles:obstacle_count: Value 2.0000 deviated from baseline 3.0000±0.1591 (z=6.3, confirmed x151) (sev=0.70)
[monitor_node-6] [WARN] [1789950784.893743513] [diagnostic_monitor]: ANOMALY on [perception_node] /perception/obstacles:obstacle_count: Value 2.0000 deviated from baseline 3.0000±0.1591 (z=6.3, confirmed x152) (sev=0.70)
[monitor_node-6] [WARN] [1789950784.995736361] [diagnostic_monitor]: ANOMALY on [perception_node] /perception/obstacles:obstacle_count: Value 2.0000 deviated from baseline 3.0000±0.1591 (z=6.3, confirmed x153) (sev=0.70)
[monitor_node-6] [WARN] [1789950785.093709719] [diagnostic_monitor]: ANOMALY on [perception_node] /perception/obstacles:obstacle_count: Value 2.0000 deviated from baseline 3.0000±0.1591 (z=6.3, confirmed x154) (sev=0.70)
[monitor_node-6] [WARN] [1789950785.193942345] [diagnostic_monitor]: ANOMALY on [perception_node] /perception/obstacles:obstacle_count: Value 2.0000 deviated from baseline 3.0000±0.1591 (z=6.3, confirmed x155) (sev=0.70)
[monitor_node-6] [WARN] [1789950785.294070675] [diagnostic_monitor]: ANOMALY on [perception_node] /perception/obstacles:obstacle_count: Value 2.0000 deviated from baseline 3.0000±0.1591 (z=6.3, confirmed x156) (sev=0.70)
[monitor_node-6] [WARN] [1789950785.393979165] [diagnostic_monitor]: ANOMALY on [perception_node] /perception/obstacles:obstacle_count: Value 2.0000 deviated from baseline 3.0000±0.1591 (z=6.3, confirmed x157) (sev=0.70)
[monitor_node-6] [WARN] [1789950785.497568901] [diagnostic_monitor]: ANOMALY on [perception_node] /perception/obstacles:obstacle_count: Value 2.0000 deviated from baseline 3.0000±0.1591 (z=6.3, confirmed x158) (sev=0.70)
[monitor_node-6] [WARN] [1789950785.594128084] [diagnostic_monitor]: ANOMALY on [perception_node] /perception/obstacles:obstacle_count: Value 2.0000 deviated from baseline 3.0000±0.1591 (z=6.3, confirmed x159) (sev=0.70)
[monitor_node-6] [WARN] [1789950785.694422192] [diagnostic_monitor]: ANOMALY on [perception_node] /perception/obstacles:obstacle_count: Value 2.0000 deviated from baseline 3.0000±0.1591 (z=6.3, confirmed x160) (sev=0.70)
[monitor_node-6] [WARN] [1789950785.793822436] [diagnostic_monitor]: ANOMALY on [perception_node] /perception/obstacles:obstacle_count: Value 2.0000 deviated from baseline 3.0000±0.1591 (z=6.3, confirmed x161) (sev=0.70)
[monitor_node-6] [WARN] [1789950785.893952345] [diagnostic_monitor]: ANOMALY on [perception_node] /perception/obstacles:obstacle_count: Value 2.0000 deviated from baseline 3.0000±0.1591 (z=6.3, confirmed x162) (sev=0.70)
[monitor_node-6] [WARN] [1789950785.994584069] [diagnostic_monitor]: ANOMALY on [perception_node] /perception/obstacles:obstacle_count: Value 2.0000 deviated from baseline 3.0000±0.1591 (z=6.3, confirmed x163) (sev=0.70)
[monitor_node-6] [WARN] [1789950786.093826181] [diagnostic_monitor]: ANOMALY on [perception_node] /perception/obstacles:obstacle_count: Value 2.0000 deviated from baseline 3.0000±0.1591 (z=6.3, confirmed x164) (sev=0.70)
[monitor_node-6] [WARN] [1789950786.194363389] [diagnostic_monitor]: ANOMALY on [perception_node] /perception/obstacles:obstacle_count: Value 2.0000 deviated from baseline 3.0000±0.1591 (z=6.3, confirmed x165) (sev=0.70)
[monitor_node-6] [WARN] [1789950786.293684607] [diagnostic_monitor]: ANOMALY on [perception_node] /perception/obstacles:obstacle_count: Value 2.0000 deviated from baseline 3.0000±0.1591 (z=6.3, confirmed x166) (sev=0.70)
[monitor_node-6] [WARN] [1789950786.393513873] [diagnostic_monitor]: ANOMALY on [perception_node] /perception/obstacles:obstacle_count: Value 2.0000 deviated from baseline 3.0000±0.1591 (z=6.3, confirmed x167) (sev=0.70)
[monitor_node-6] [WARN] [1789950786.497200223] [diagnostic_monitor]: ANOMALY on [perception_node] /perception/obstacles:obstacle_count: Value 2.0000 deviated from baseline 3.0000±0.1591 (z=6.3, confirmed x168) (sev=0.70)
[monitor_node-6] [WARN] [1789950786.593852317] [diagnostic_monitor]: ANOMALY on [perception_node] /perception/obstacles:obstacle_count: Value 2.0000 deviated from baseline 3.0000±0.1591 (z=6.3, confirmed x169) (sev=0.70)
[monitor_node-6] [WARN] [1789950786.693645035] [diagnostic_monitor]: ANOMALY on [perception_node] /perception/obstacles:obstacle_count: Value 1.0000 deviated from baseline 3.0000±0.1591 (z=12.6, confirmed x170) (sev=1.00)
[monitor_node-6] [WARN] [1789950786.794106477] [diagnostic_monitor]: ANOMALY on [perception_node] /perception/obstacles:obstacle_count: Value 1.0000 deviated from baseline 3.0000±0.1591 (z=12.6, confirmed x171) (sev=1.00)
[monitor_node-6] [WARN] [1789950786.893741632] [diagnostic_monitor]: ANOMALY on [perception_node] /perception/obstacles:obstacle_count: Value 1.0000 deviated from baseline 3.0000±0.1591 (z=12.6, confirmed x172) (sev=1.00)
[monitor_node-6] [WARN] [1789950786.993920074] [diagnostic_monitor]: ANOMALY on [perception_node] /perception/obstacles:obstacle_count: Value 1.0000 deviated from baseline 3.0000±0.1591 (z=12.6, confirmed x173) (sev=1.00)
[monitor_node-6] [WARN] [1789950787.093830711] [diagnostic_monitor]: ANOMALY on [perception_node] /perception/obstacles:obstacle_count: Value 1.0000 deviated from baseline 3.0000±0.1591 (z=12.6, confirmed x174) (sev=1.00)
[monitor_node-6] [WARN] [1789950787.193902047] [diagnostic_monitor]: ANOMALY on [perception_node] /perception/obstacles:obstacle_count: Value 1.0000 deviated from baseline 3.0000±0.1591 (z=12.6, confirmed x175) (sev=1.00)
[monitor_node-6] [WARN] [1789950787.294195438] [diagnostic_monitor]: ANOMALY on [perception_node] /perception/obstacles:obstacle_count: Value 1.0000 deviated from baseline 3.0000±0.1591 (z=12.6, confirmed x176) (sev=1.00)
[monitor_node-6] [WARN] [1789950787.393951020] [diagnostic_monitor]: ANOMALY on [perception_node] /perception/obstacles:obstacle_count: Value 1.0000 deviated from baseline 3.0000±0.1591 (z=12.6, confirmed x177) (sev=1.00)
[monitor_node-6] [WARN] [1789950787.496487626] [diagnostic_monitor]: ANOMALY on [perception_node] /perception/obstacles:obstacle_count: Value 1.0000 deviated from baseline 3.0000±0.1591 (z=12.6, confirmed x178) (sev=1.00)
[monitor_node-6] [WARN] [1789950787.593817023] [diagnostic_monitor]: ANOMALY on [perception_node] /perception/obstacles:obstacle_count: Value 1.0000 deviated from baseline 3.0000±0.1591 (z=12.6, confirmed x179) (sev=1.00)
[monitor_node-6] [WARN] [1789950787.693785712] [diagnostic_monitor]: ANOMALY on [perception_node] /perception/obstacles:obstacle_count: Value 1.0000 deviated from baseline 3.0000±0.1591 (z=12.6, confirmed x180) (sev=1.00)
[monitor_node-6] [WARN] [1789950787.794133524] [diagnostic_monitor]: ANOMALY on [perception_node] /perception/obstacles:obstacle_count: Value 1.0000 deviated from baseline 3.0000±0.1591 (z=12.6, confirmed x181) (sev=1.00)
[monitor_node-6] [WARN] [1789950787.893705502] [diagnostic_monitor]: ANOMALY on [perception_node] /perception/obstacles:obstacle_count: Value 1.0000 deviated from baseline 3.0000±0.1591 (z=12.6, confirmed x182) (sev=1.00)
[monitor_node-6] [WARN] [1789950787.994059171] [diagnostic_monitor]: ANOMALY on [perception_node] /perception/obstacles:obstacle_count: Value 1.0000 deviated from baseline 3.0000±0.1591 (z=12.6, confirmed x183) (sev=1.00)
[monitor_node-6] [WARN] [1789950788.094078655] [diagnostic_monitor]: ANOMALY on [perception_node] /perception/obstacles:obstacle_count: Value 1.0000 deviated from baseline 3.0000±0.1591 (z=12.6, confirmed x184) (sev=1.00)
[monitor_node-6] [WARN] [1789950788.193995970] [diagnostic_monitor]: ANOMALY on [perception_node] /perception/obstacles:obstacle_count: Value 1.0000 deviated from baseline 3.0000±0.1591 (z=12.6, confirmed x185) (sev=1.00)
[monitor_node-6] [WARN] [1789950788.293723585] [diagnostic_monitor]: ANOMALY on [perception_node] /perception/obstacles:obstacle_count: Value 1.0000 deviated from baseline 3.0000±0.1591 (z=12.6, confirmed x186) (sev=1.00)
[monitor_node-6] [WARN] [1789950788.393680184] [diagnostic_monitor]: ANOMALY on [perception_node] /perception/obstacles:obstacle_count: Value 1.0000 deviated from baseline 3.0000±0.1591 (z=12.6, confirmed x187) (sev=1.00)
[monitor_node-6] [WARN] [1789950788.497333289] [diagnostic_monitor]: ANOMALY on [perception_node] /perception/obstacles:obstacle_count: Value 1.0000 deviated from baseline 3.0000±0.1591 (z=12.6, confirmed x188) (sev=1.00)
[monitor_node-6] [WARN] [1789950788.594036160] [diagnostic_monitor]: ANOMALY on [perception_node] /perception/obstacles:obstacle_count: Value 1.0000 deviated from baseline 3.0000±0.1591 (z=12.6, confirmed x189) (sev=1.00)
[monitor_node-6] [WARN] [1789950788.693650365] [diagnostic_monitor]: ANOMALY on [perception_node] /perception/obstacles:obstacle_count: Value 1.0000 deviated from baseline 3.0000±0.1591 (z=12.6, confirmed x190) (sev=1.00)
[monitor_node-6] [WARN] [1789950788.793976870] [diagnostic_monitor]: ANOMALY on [perception_node] /perception/obstacles:obstacle_count: Value 1.0000 deviated from baseline 3.0000±0.1591 (z=12.6, confirmed x191) (sev=1.00)
[monitor_node-6] [WARN] [1789950788.894581734] [diagnostic_monitor]: ANOMALY on [perception_node] /perception/obstacles:obstacle_count: Value 1.0000 deviated from baseline 3.0000±0.1591 (z=12.6, confirmed x192) (sev=1.00)
[monitor_node-6] [WARN] [1789950788.994314633] [diagnostic_monitor]: ANOMALY on [perception_node] /perception/obstacles:obstacle_count: Value 1.0000 deviated from baseline 3.0000±0.1591 (z=12.6, confirmed x193) (sev=1.00)
[monitor_node-6] [WARN] [1789950789.094005890] [diagnostic_monitor]: ANOMALY on [perception_node] /perception/obstacles:obstacle_count: Value 1.0000 deviated from baseline 3.0000±0.1591 (z=12.6, confirmed x194) (sev=1.00)
[monitor_node-6] [WARN] [1789950789.194473884] [diagnostic_monitor]: ANOMALY on [perception_node] /perception/obstacles:obstacle_count: Value 2.0000 deviated from baseline 3.0000±0.1591 (z=6.3, confirmed x195) (sev=0.70)
[monitor_node-6] [WARN] [1789950789.293661020] [diagnostic_monitor]: ANOMALY on [perception_node] /perception/obstacles:obstacle_count: Value 2.0000 deviated from baseline 3.0000±0.1591 (z=6.3, confirmed x196) (sev=0.70)
[monitor_node-6] [WARN] [1789950789.394051431] [diagnostic_monitor]: ANOMALY on [perception_node] /perception/obstacles:obstacle_count: Value 2.0000 deviated from baseline 3.0000±0.1591 (z=6.3, confirmed x197) (sev=0.70)
[monitor_node-6] [WARN] [1789950789.496258686] [diagnostic_monitor]: ANOMALY on [perception_node] /perception/obstacles:obstacle_count: Value 2.0000 deviated from baseline 3.0000±0.1591 (z=6.3, confirmed x198) (sev=0.70)
[monitor_node-6] [WARN] [1789950789.593843415] [diagnostic_monitor]: ANOMALY on [perception_node] /perception/obstacles:obstacle_count: Value 2.0000 deviated from baseline 3.0000±0.1591 (z=6.3, confirmed x199) (sev=0.70)
[monitor_node-6] [WARN] [1789950789.693851187] [diagnostic_monitor]: ANOMALY on [perception_node] /perception/obstacles:obstacle_count: Value 2.0000 deviated from baseline 3.0000±0.1591 (z=6.3, confirmed x200) (sev=0.70)
[monitor_node-6] [WARN] [1789950789.793993576] [diagnostic_monitor]: ANOMALY on [perception_node] /perception/obstacles:obstacle_count: Value 2.0000 deviated from baseline 3.0000±0.1591 (z=6.3, confirmed x201) (sev=0.70)
[monitor_node-6] [WARN] [1789950789.893907239] [diagnostic_monitor]: ANOMALY on [perception_node] /perception/obstacles:obstacle_count: Value 2.0000 deviated from baseline 3.0000±0.1591 (z=6.3, confirmed x202) (sev=0.70)
[monitor_node-6] [WARN] [1789950789.993984555] [diagnostic_monitor]: ANOMALY on [perception_node] /perception/obstacles:obstacle_count: Value 2.0000 deviated from baseline 3.0000±0.1591 (z=6.3, confirmed x203) (sev=0.70)
[monitor_node-6] [WARN] [1789950790.093904714] [diagnostic_monitor]: ANOMALY on [perception_node] /perception/obstacles:obstacle_count: Value 2.0000 deviated from baseline 3.0000±0.1591 (z=6.3, confirmed x204) (sev=0.70)
[monitor_node-6] [WARN] [1789950790.193768060] [diagnostic_monitor]: ANOMALY on [perception_node] /perception/obstacles:obstacle_count: Value 2.0000 deviated from baseline 3.0000±0.1591 (z=6.3, confirmed x205) (sev=0.70)
[monitor_node-6] [WARN] [1789950790.294021968] [diagnostic_monitor]: ANOMALY on [perception_node] /perception/obstacles:obstacle_count: Value 2.0000 deviated from baseline 3.0000±0.1591 (z=6.3, confirmed x206) (sev=0.70)
[monitor_node-6] [WARN] [1789950790.394102749] [diagnostic_monitor]: ANOMALY on [perception_node] /perception/obstacles:obstacle_count: Value 2.0000 deviated from baseline 3.0000±0.1591 (z=6.3, confirmed x207) (sev=0.70)
[monitor_node-6] [WARN] [1789950790.496178665] [diagnostic_monitor]: ANOMALY on [perception_node] /perception/obstacles:obstacle_count: Value 2.0000 deviated from baseline 3.0000±0.1591 (z=6.3, confirmed x208) (sev=0.70)
[monitor_node-6] [WARN] [1789950790.593851280] [diagnostic_monitor]: ANOMALY on [perception_node] /perception/obstacles:obstacle_count: Value 2.0000 deviated from baseline 3.0000±0.1591 (z=6.3, confirmed x209) (sev=0.70)
[monitor_node-6] [WARN] [1789950790.693679092] [diagnostic_monitor]: ANOMALY on [perception_node] /perception/obstacles:obstacle_count: Value 2.0000 deviated from baseline 3.0000±0.1591 (z=6.3, confirmed x210) (sev=0.70)
[monitor_node-6] [WARN] [1789950790.793757161] [diagnostic_monitor]: ANOMALY on [perception_node] /perception/obstacles:obstacle_count: Value 2.0000 deviated from baseline 3.0000±0.1591 (z=6.3, confirmed x211) (sev=0.70)
[monitor_node-6] [WARN] [1789950790.893936466] [diagnostic_monitor]: ANOMALY on [perception_node] /perception/obstacles:obstacle_count: Value 2.0000 deviated from baseline 3.0000±0.1591 (z=6.3, confirmed x212) (sev=0.70)
[monitor_node-6] [WARN] [1789950790.994235101] [diagnostic_monitor]: ANOMALY on [perception_node] /perception/obstacles:obstacle_count: Value 2.0000 deviated from baseline 3.0000±0.1591 (z=6.3, confirmed x213) (sev=0.70)
[monitor_node-6] [WARN] [1789950791.093900182] [diagnostic_monitor]: ANOMALY on [perception_node] /perception/obstacles:obstacle_count: Value 2.0000 deviated from baseline 3.0000±0.1591 (z=6.3, confirmed x214) (sev=0.70)
[monitor_node-6] [WARN] [1789950791.193683759] [diagnostic_monitor]: ANOMALY on [perception_node] /perception/obstacles:obstacle_count: Value 2.0000 deviated from baseline 3.0000±0.1591 (z=6.3, confirmed x215) (sev=0.70)
[monitor_node-6] [WARN] [1789950791.294033387] [diagnostic_monitor]: ANOMALY on [perception_node] /perception/obstacles:obstacle_count: Value 2.0000 deviated from baseline 3.0000±0.1591 (z=6.3, confirmed x216) (sev=0.70)
[monitor_node-6] [WARN] [1789950791.394047874] [diagnostic_monitor]: ANOMALY on [perception_node] /perception/obstacles:obstacle_count: Value 2.0000 deviated from baseline 3.0000±0.1591 (z=6.3, confirmed x217) (sev=0.70)
[monitor_node-6] [WARN] [1789950791.497497671] [diagnostic_monitor]: ANOMALY on [perception_node] /perception/obstacles:obstacle_count: Value 1.0000 deviated from baseline 3.0000±0.1591 (z=12.6, confirmed x218) (sev=1.00)
[monitor_node-6] [WARN] [1789950791.594306364] [diagnostic_monitor]: ANOMALY on [perception_node] /perception/obstacles:obstacle_count: Value 1.0000 deviated from baseline 3.0000±0.1591 (z=12.6, confirmed x219) (sev=1.00)
[monitor_node-6] [WARN] [1789950791.693868117] [diagnostic_monitor]: ANOMALY on [perception_node] /perception/obstacles:obstacle_count: Value 1.0000 deviated from baseline 3.0000±0.1591 (z=12.6, confirmed x220) (sev=1.00)
[monitor_node-6] [WARN] [1789950791.793848688] [diagnostic_monitor]: ANOMALY on [perception_node] /perception/obstacles:obstacle_count: Value 1.0000 deviated from baseline 3.0000±0.1591 (z=12.6, confirmed x221) (sev=1.00)
[monitor_node-6] [WARN] [1789950791.893874523] [diagnostic_monitor]: ANOMALY on [perception_node] /perception/obstacles:obstacle_count: Value 1.0000 deviated from baseline 3.0000±0.1591 (z=12.6, confirmed x222) (sev=1.00)
[monitor_node-6] [WARN] [1789950792.002983251] [diagnostic_monitor]: ANOMALY on [perception_node] /perception/obstacles:obstacle_count: Value 2.0000 deviated from baseline 3.0000±0.1591 (z=6.3, confirmed x223) (sev=0.70)
[monitor_node-6] [WARN] [1789950792.093756796] [diagnostic_monitor]: ANOMALY on [perception_node] /perception/obstacles:obstacle_count: Value 2.0000 deviated from baseline 3.0000±0.1591 (z=6.3, confirmed x224) (sev=0.70)
[monitor_node-6] [WARN] [1789950792.193755540] [diagnostic_monitor]: ANOMALY on [perception_node] /perception/obstacles:obstacle_count: Value 2.0000 deviated from baseline 3.0000±0.1591 (z=6.3, confirmed x225) (sev=0.70)
[monitor_node-6] [WARN] [1789950792.293797632] [diagnostic_monitor]: ANOMALY on [perception_node] /perception/obstacles:obstacle_count: Value 2.0000 deviated from baseline 3.0000±0.1591 (z=6.3, confirmed x226) (sev=0.70)
[monitor_node-6] [WARN] [1789950792.393792689] [diagnostic_monitor]: ANOMALY on [perception_node] /perception/obstacles:obstacle_count: Value 2.0000 deviated from baseline 3.0000±0.1591 (z=6.3, confirmed x227) (sev=0.70)
[monitor_node-6] [WARN] [1789950792.496474467] [diagnostic_monitor]: ANOMALY on [perception_node] /perception/obstacles:obstacle_count: Value 2.0000 deviated from baseline 3.0000±0.1591 (z=6.3, confirmed x228) (sev=0.70)
[monitor_node-6] [WARN] [1789950792.593612501] [diagnostic_monitor]: ANOMALY on [perception_node] /perception/obstacles:obstacle_count: Value 2.0000 deviated from baseline 3.0000±0.1591 (z=6.3, confirmed x229) (sev=0.70)
[monitor_node-6] [WARN] [1789950792.693677964] [diagnostic_monitor]: ANOMALY on [perception_node] /perception/obstacles:obstacle_count: Value 2.0000 deviated from baseline 3.0000±0.1591 (z=6.3, confirmed x230) (sev=0.70)
[monitor_node-6] [WARN] [1789950792.793737135] [diagnostic_monitor]: ANOMALY on [perception_node] /perception/obstacles:obstacle_count: Value 2.0000 deviated from baseline 3.0000±0.1591 (z=6.3, confirmed x231) (sev=0.70)
[monitor_node-6] [WARN] [1789950792.893712135] [diagnostic_monitor]: ANOMALY on [perception_node] /perception/obstacles:obstacle_count: Value 2.0000 deviated from baseline 3.0000±0.1591 (z=6.3, confirmed x232) (sev=0.70)
[monitor_node-6] [WARN] [1789950792.994114976] [diagnostic_monitor]: ANOMALY on [perception_node] /perception/obstacles:obstacle_count: Value 2.0000 deviated from baseline 3.0000±0.1591 (z=6.3, confirmed x233) (sev=0.70)
[monitor_node-6] [WARN] [1789950793.094036243] [diagnostic_monitor]: ANOMALY on [perception_node] /perception/obstacles:obstacle_count: Value 2.0000 deviated from baseline 3.0000±0.1591 (z=6.3, confirmed x234) (sev=0.70)
[monitor_node-6] [WARN] [1789950793.193486648] [diagnostic_monitor]: ANOMALY on [perception_node] /perception/obstacles:obstacle_count: Value 2.0000 deviated from baseline 3.0000±0.1591 (z=6.3, confirmed x235) (sev=0.70)
[monitor_node-6] [WARN] [1789950793.293958009] [diagnostic_monitor]: ANOMALY on [perception_node] /perception/obstacles:obstacle_count: Value 2.0000 deviated from baseline 3.0000±0.1591 (z=6.3, confirmed x236) (sev=0.70)
[monitor_node-6] [WARN] [1789950793.394112700] [diagnostic_monitor]: ANOMALY on [perception_node] /perception/obstacles:obstacle_count: Value 2.0000 deviated from baseline 3.0000±0.1591 (z=6.3, confirmed x237) (sev=0.70)
[monitor_node-6] [WARN] [1789950793.497314889] [diagnostic_monitor]: ANOMALY on [perception_node] /perception/obstacles:obstacle_count: Value 2.0000 deviated from baseline 3.0000±0.1591 (z=6.3, confirmed x238) (sev=0.70)
[monitor_node-6] [WARN] [1789950793.593893754] [diagnostic_monitor]: ANOMALY on [perception_node] /perception/obstacles:obstacle_count: Value 2.0000 deviated from baseline 3.0000±0.1591 (z=6.3, confirmed x239) (sev=0.70)
[monitor_node-6] [WARN] [1789950793.694028121] [diagnostic_monitor]: ANOMALY on [perception_node] /perception/obstacles:obstacle_count: Value 2.0000 deviated from baseline 3.0000±0.1591 (z=6.3, confirmed x240) (sev=0.70)
[monitor_node-6] [WARN] [1789950793.794027715] [diagnostic_monitor]: ANOMALY on [perception_node] /perception/obstacles:obstacle_count: Value 2.0000 deviated from baseline 3.0000±0.1591 (z=6.3, confirmed x241) (sev=0.70)
[monitor_node-6] [WARN] [1789950793.894356812] [diagnostic_monitor]: ANOMALY on [perception_node] /perception/obstacles:obstacle_count: Value 2.0000 deviated from baseline 3.0000±0.1591 (z=6.3, confirmed x242) (sev=0.70)
[monitor_node-6] [WARN] [1789950795.294398282] [diagnostic_monitor]: ANOMALY on [perception_node] /perception/obstacles:obstacle_count: Value 4.0000 deviated from baseline 3.0000±0.1491 (z=6.7, confirmed x2) (sev=0.75)
[monitor_node-6] [WARN] [1789950795.393929926] [diagnostic_monitor]: ANOMALY on [perception_node] /perception/obstacles:obstacle_count: Value 4.0000 deviated from baseline 3.0000±0.1491 (z=6.7, confirmed x3) (sev=0.75)
[monitor_node-6] [WARN] [1789950795.496021277] [diagnostic_monitor]: ANOMALY on [perception_node] /perception/obstacles:obstacle_count: Value 4.0000 deviated from baseline 3.0000±0.1491 (z=6.7, confirmed x4) (sev=0.75)
[monitor_node-6] [WARN] [1789950795.593906886] [diagnostic_monitor]: ANOMALY on [perception_node] /perception/obstacles:obstacle_count: Value 4.0000 deviated from baseline 3.0000±0.1491 (z=6.7, confirmed x5) (sev=0.75)
[monitor_node-6] [WARN] [1789950795.694799058] [diagnostic_monitor]: ANOMALY on [perception_node] /perception/obstacles:obstacle_count: Value 4.0000 deviated from baseline 3.0000±0.1491 (z=6.7, confirmed x6) (sev=0.75)
[monitor_node-6] [WARN] [1789950795.793825901] [diagnostic_monitor]: ANOMALY on [perception_node] /perception/obstacles:obstacle_count: Value 4.0000 deviated from baseline 3.0000±0.1491 (z=6.7, confirmed x7) (sev=0.75)
[monitor_node-6] [WARN] [1789950795.893884513] [diagnostic_monitor]: ANOMALY on [perception_node] /perception/obstacles:obstacle_count: Value 4.0000 deviated from baseline 3.0000±0.1491 (z=6.7, confirmed x8) (sev=0.75)
[monitor_node-6] [WARN] [1789950795.994476323] [diagnostic_monitor]: ANOMALY on [perception_node] /perception/obstacles:obstacle_count: Value 4.0000 deviated from baseline 3.0000±0.1491 (z=6.7, confirmed x9) (sev=0.75)
[monitor_node-6] [WARN] [1789950796.094044892] [diagnostic_monitor]: ANOMALY on [perception_node] /perception/obstacles:obstacle_count: Value 4.0000 deviated from baseline 3.0000±0.1491 (z=6.7, confirmed x10) (sev=0.75)
[monitor_node-6] [WARN] [1789950796.194027727] [diagnostic_monitor]: ANOMALY on [perception_node] /perception/obstacles:obstacle_count: Value 4.0000 deviated from baseline 3.0000±0.1491 (z=6.7, confirmed x11) (sev=0.75)
[monitor_node-6] [WARN] [1789950796.294550207] [diagnostic_monitor]: ANOMALY on [perception_node] /perception/obstacles:obstacle_count: Value 4.0000 deviated from baseline 3.0000±0.1491 (z=6.7, confirmed x12) (sev=0.75)
[monitor_node-6] [WARN] [1789950796.393970472] [diagnostic_monitor]: ANOMALY on [perception_node] /perception/obstacles:obstacle_count: Value 4.0000 deviated from baseline 3.0000±0.1491 (z=6.7, confirmed x13) (sev=0.75)
[monitor_node-6] [WARN] [1789950796.496250967] [diagnostic_monitor]: ANOMALY on [perception_node] /perception/obstacles:obstacle_count: Value 5.0000 deviated from baseline 3.0000±0.1491 (z=13.4, confirmed x14) (sev=1.00)
[monitor_node-6] [WARN] [1789950796.593866807] [diagnostic_monitor]: ANOMALY on [perception_node] /perception/obstacles:obstacle_count: Value 5.0000 deviated from baseline 3.0000±0.1491 (z=13.4, confirmed x15) (sev=1.00)
[monitor_node-6] [WARN] [1789950796.693797657] [diagnostic_monitor]: ANOMALY on [perception_node] /perception/obstacles:obstacle_count: Value 5.0000 deviated from baseline 3.0000±0.1491 (z=13.4, confirmed x16) (sev=1.00)
[monitor_node-6] [WARN] [1789950796.794119889] [diagnostic_monitor]: ANOMALY on [perception_node] /perception/obstacles:obstacle_count: Value 5.0000 deviated from baseline 3.0000±0.1491 (z=13.4, confirmed x17) (sev=1.00)
[monitor_node-6] [WARN] [1789950796.893670434] [diagnostic_monitor]: ANOMALY on [perception_node] /perception/obstacles:obstacle_count: Value 4.0000 deviated from baseline 3.0000±0.1491 (z=6.7, confirmed x18) (sev=0.75)
[monitor_node-6] [WARN] [1789950796.994388451] [diagnostic_monitor]: ANOMALY on [perception_node] /perception/obstacles:obstacle_count: Value 4.0000 deviated from baseline 3.0000±0.1491 (z=6.7, confirmed x19) (sev=0.75)
[monitor_node-6] [WARN] [1789950797.094083028] [diagnostic_monitor]: ANOMALY on [perception_node] /perception/obstacles:obstacle_count: Value 4.0000 deviated from baseline 3.0000±0.1491 (z=6.7, confirmed x20) (sev=0.75)
[monitor_node-6] [WARN] [1789950797.193672030] [diagnostic_monitor]: ANOMALY on [perception_node] /perception/obstacles:obstacle_count: Value 4.0000 deviated from baseline 3.0000±0.1491 (z=6.7, confirmed x21) (sev=0.75)
[monitor_node-6] [WARN] [1789950797.293719975] [diagnostic_monitor]: ANOMALY on [perception_node] /perception/obstacles:obstacle_count: Value 4.0000 deviated from baseline 3.0000±0.1491 (z=6.7, confirmed x22) (sev=0.75)
[monitor_node-6] [WARN] [1789950797.393987682] [diagnostic_monitor]: ANOMALY on [perception_node] /perception/obstacles:obstacle_count: Value 4.0000 deviated from baseline 3.0000±0.1491 (z=6.7, confirmed x23) (sev=0.75)
[monitor_node-6] [WARN] [1789950797.496728704] [diagnostic_monitor]: ANOMALY on [perception_node] /perception/obstacles:obstacle_count: Value 4.0000 deviated from baseline 3.0000±0.1491 (z=6.7, confirmed x24) (sev=0.75)
[monitor_node-6] [WARN] [1789950797.593785603] [diagnostic_monitor]: ANOMALY on [perception_node] /perception/obstacles:obstacle_count: Value 4.0000 deviated from baseline 3.0000±0.1491 (z=6.7, confirmed x25) (sev=0.75)
[monitor_node-6] [WARN] [1789950797.694026841] [diagnostic_monitor]: ANOMALY on [perception_node] /perception/obstacles:obstacle_count: Value 4.0000 deviated from baseline 3.0000±0.1491 (z=6.7, confirmed x26) (sev=0.75)
[monitor_node-6] [WARN] [1789950797.794283695] [diagnostic_monitor]: ANOMALY on [perception_node] /perception/obstacles:obstacle_count: Value 4.0000 deviated from baseline 3.0000±0.1491 (z=6.7, confirmed x27) (sev=0.75)
[monitor_node-6] [WARN] [1789950797.894525678] [diagnostic_monitor]: ANOMALY on [perception_node] /perception/obstacles:obstacle_count: Value 4.0000 deviated from baseline 3.0000±0.1491 (z=6.7, confirmed x28) (sev=0.75)
[monitor_node-6] [WARN] [1789950797.996040792] [diagnostic_monitor]: ANOMALY on [perception_node] /perception/obstacles:obstacle_count: Value 4.0000 deviated from baseline 3.0000±0.1491 (z=6.7, confirmed x29) (sev=0.75)
[monitor_node-6] [WARN] [1789950798.094223610] [diagnostic_monitor]: ANOMALY on [perception_node] /perception/obstacles:obstacle_count: Value 4.0000 deviated from baseline 3.0000±0.1491 (z=6.7, confirmed x30) (sev=0.75)
[monitor_node-6] [WARN] [1789950798.193917115] [diagnostic_monitor]: ANOMALY on [perception_node] /perception/obstacles:obstacle_count: Value 4.0000 deviated from baseline 3.0000±0.1491 (z=6.7, confirmed x31) (sev=0.75)
[monitor_node-6] [WARN] [1789950798.294236089] [diagnostic_monitor]: ANOMALY on [perception_node] /perception/obstacles:obstacle_count: Value 4.0000 deviated from baseline 3.0000±0.1491 (z=6.7, confirmed x32) (sev=0.75)
[monitor_node-6] [WARN] [1789950798.393795570] [diagnostic_monitor]: ANOMALY on [perception_node] /perception/obstacles:obstacle_count: Value 4.0000 deviated from baseline 3.0000±0.1491 (z=6.7, confirmed x33) (sev=0.75)
[monitor_node-6] [WARN] [1789950798.495696643] [diagnostic_monitor]: ANOMALY on [perception_node] /perception/obstacles:obstacle_count: Value 5.0000 deviated from baseline 3.0000±0.1491 (z=13.4, confirmed x34) (sev=1.00)
[monitor_node-6] [WARN] [1789950798.593709139] [diagnostic_monitor]: ANOMALY on [perception_node] /perception/obstacles:obstacle_count: Value 5.0000 deviated from baseline 3.0000±0.1491 (z=13.4, confirmed x35) (sev=1.00)
[monitor_node-6] [WARN] [1789950798.694305048] [diagnostic_monitor]: ANOMALY on [perception_node] /perception/obstacles:obstacle_count: Value 5.0000 deviated from baseline 3.0000±0.1491 (z=13.4, confirmed x36) (sev=1.00)
[monitor_node-6] [WARN] [1789950798.793731791] [diagnostic_monitor]: ANOMALY on [perception_node] /perception/obstacles:obstacle_count: Value 5.0000 deviated from baseline 3.0000±0.1491 (z=13.4, confirmed x37) (sev=1.00)
[monitor_node-6] [WARN] [1789950798.894082748] [diagnostic_monitor]: ANOMALY on [perception_node] /perception/obstacles:obstacle_count: Value 4.0000 deviated from baseline 3.0000±0.1491 (z=6.7, confirmed x38) (sev=0.75)
[monitor_node-6] [WARN] [1789950798.994823665] [diagnostic_monitor]: ANOMALY on [perception_node] /perception/obstacles:obstacle_count: Value 4.0000 deviated from baseline 3.0000±0.1491 (z=6.7, confirmed x39) (sev=0.75)
[monitor_node-6] [WARN] [1789950799.093954243] [diagnostic_monitor]: ANOMALY on [perception_node] /perception/obstacles:obstacle_count: Value 4.0000 deviated from baseline 3.0000±0.1491 (z=6.7, confirmed x40) (sev=0.75)
[monitor_node-6] [WARN] [1789950799.194261192] [diagnostic_monitor]: ANOMALY on [perception_node] /perception/obstacles:obstacle_count: Value 4.0000 deviated from baseline 3.0000±0.1491 (z=6.7, confirmed x41) (sev=0.75)
[monitor_node-6] [WARN] [1789950799.293913066] [diagnostic_monitor]: ANOMALY on [perception_node] /perception/obstacles:obstacle_count: Value 4.0000 deviated from baseline 3.0000±0.1491 (z=6.7, confirmed x42) (sev=0.75)
[monitor_node-6] [WARN] [1789950799.394118299] [diagnostic_monitor]: ANOMALY on [perception_node] /perception/obstacles:obstacle_count: Value 4.0000 deviated from baseline 3.0000±0.1491 (z=6.7, confirmed x43) (sev=0.75)
[monitor_node-6] [WARN] [1789950799.495537609] [diagnostic_monitor]: ANOMALY on [perception_node] /perception/obstacles:obstacle_count: Value 4.0000 deviated from baseline 3.0000±0.1491 (z=6.7, confirmed x44) (sev=0.75)
[monitor_node-6] [WARN] [1789950799.593704678] [diagnostic_monitor]: ANOMALY on [perception_node] /perception/obstacles:obstacle_count: Value 4.0000 deviated from baseline 3.0000±0.1491 (z=6.7, confirmed x45) (sev=0.75)
[monitor_node-6] [WARN] [1789950799.693469915] [diagnostic_monitor]: ANOMALY on [perception_node] /perception/obstacles:obstacle_count: Value 4.0000 deviated from baseline 3.0000±0.1491 (z=6.7, confirmed x46) (sev=0.75)
[monitor_node-6] [WARN] [1789950799.794251627] [diagnostic_monitor]: ANOMALY on [perception_node] /perception/obstacles:obstacle_count: Value 4.0000 deviated from baseline 3.0000±0.1491 (z=6.7, confirmed x47) (sev=0.75)
[monitor_node-6] [WARN] [1789950799.894239852] [diagnostic_monitor]: ANOMALY on [perception_node] /perception/obstacles:obstacle_count: Value 4.0000 deviated from baseline 3.0000±0.1491 (z=6.7, confirmed x48) (sev=0.75)
[monitor_node-6] [WARN] [1789950799.994492557] [diagnostic_monitor]: ANOMALY on [perception_node] /perception/obstacles:obstacle_count: Value 4.0000 deviated from baseline 3.0000±0.1491 (z=6.7, confirmed x49) (sev=0.75)
[monitor_node-6] [WARN] [1789950800.093914639] [diagnostic_monitor]: ANOMALY on [perception_node] /perception/obstacles:obstacle_count: Value 4.0000 deviated from baseline 3.0000±0.1491 (z=6.7, confirmed x50) (sev=0.75)
[monitor_node-6] [WARN] [1789950800.994203156] [diagnostic_monitor]: ANOMALY on [perception_node] /perception/obstacles:obstacle_count: Value 4.0000 deviated from baseline 3.0000±0.1436 (z=7.0, confirmed x2) (sev=0.77)
[monitor_node-6] [WARN] [1789950801.094196758] [diagnostic_monitor]: ANOMALY on [perception_node] /perception/obstacles:obstacle_count: Value 4.0000 deviated from baseline 3.0000±0.1436 (z=7.0, confirmed x3) (sev=0.77)
[monitor_node-6] [WARN] [1789950801.194838969] [diagnostic_monitor]: ANOMALY on [perception_node] /perception/obstacles:obstacle_count: Value 4.0000 deviated from baseline 3.0000±0.1436 (z=7.0, confirmed x4) (sev=0.77)
[monitor_node-6] [WARN] [1789950801.293947663] [diagnostic_monitor]: ANOMALY on [perception_node] /perception/obstacles:obstacle_count: Value 4.0000 deviated from baseline 3.0000±0.1436 (z=7.0, confirmed x5) (sev=0.77)
[monitor_node-6] [WARN] [1789950804.495199073] [diagnostic_monitor]: ANOMALY on [perception_node] /perception/obstacles:obstacle_count: Value 2.0000 deviated from baseline 3.0000±0.1255 (z=8.0, confirmed x2) (sev=0.89)
[monitor_node-6] [WARN] [1789950804.593834006] [diagnostic_monitor]: ANOMALY on [perception_node] /perception/obstacles:obstacle_count: Value 2.0000 deviated from baseline 3.0000±0.1255 (z=8.0, confirmed x3) (sev=0.89)
[monitor_node-6] [WARN] [1789950804.694032884] [diagnostic_monitor]: ANOMALY on [perception_node] /perception/obstacles:obstacle_count: Value 2.0000 deviated from baseline 3.0000±0.1255 (z=8.0, confirmed x4) (sev=0.89)
[monitor_node-6] [WARN] [1789950804.793770883] [diagnostic_monitor]: ANOMALY on [perception_node] /perception/obstacles:obstacle_count: Value 2.0000 deviated from baseline 3.0000±0.1255 (z=8.0, confirmed x5) (sev=0.89)
[monitor_node-6] [WARN] [1789950804.893729925] [diagnostic_monitor]: ANOMALY on [perception_node] /perception/obstacles:obstacle_count: Value 2.0000 deviated from baseline 3.0000±0.1255 (z=8.0, confirmed x6) (sev=0.89)
[monitor_node-6] [WARN] [1789950804.995453352] [diagnostic_monitor]: ANOMALY on [perception_node] /perception/obstacles:obstacle_count: Value 2.0000 deviated from baseline 3.0000±0.1255 (z=8.0, confirmed x7) (sev=0.89)
[monitor_node-6] [WARN] [1789950805.093916006] [diagnostic_monitor]: ANOMALY on [perception_node] /perception/obstacles:obstacle_count: Value 2.0000 deviated from baseline 3.0000±0.1255 (z=8.0, confirmed x8) (sev=0.89)
[monitor_node-6] [WARN] [1789950805.193695209] [diagnostic_monitor]: ANOMALY on [perception_node] /perception/obstacles:obstacle_count: Value 2.0000 deviated from baseline 3.0000±0.1255 (z=8.0, confirmed x9) (sev=0.89)
[monitor_node-6] [WARN] [1789950805.293949053] [diagnostic_monitor]: ANOMALY on [perception_node] /perception/obstacles:obstacle_count: Value 2.0000 deviated from baseline 3.0000±0.1255 (z=8.0, confirmed x10) (sev=0.89)
[monitor_node-6] [WARN] [1789950805.393844071] [diagnostic_monitor]: ANOMALY on [perception_node] /perception/obstacles:obstacle_count: Value 2.0000 deviated from baseline 3.0000±0.1255 (z=8.0, confirmed x11) (sev=0.89)
[monitor_node-6] [WARN] [1789950805.495945654] [diagnostic_monitor]: ANOMALY on [perception_node] /perception/obstacles:obstacle_count: Value 2.0000 deviated from baseline 3.0000±0.1255 (z=8.0, confirmed x12) (sev=0.89)
[monitor_node-6] [WARN] [1789950805.593450993] [diagnostic_monitor]: ANOMALY on [perception_node] /perception/obstacles:obstacle_count: Value 2.0000 deviated from baseline 3.0000±0.1255 (z=8.0, confirmed x13) (sev=0.89)
[monitor_node-6] [WARN] [1789950805.693897353] [diagnostic_monitor]: ANOMALY on [perception_node] /perception/obstacles:obstacle_count: Value 2.0000 deviated from baseline 3.0000±0.1255 (z=8.0, confirmed x14) (sev=0.89)
[monitor_node-6] [WARN] [1789950805.794052679] [diagnostic_monitor]: ANOMALY on [perception_node] /perception/obstacles:obstacle_count: Value 2.0000 deviated from baseline 3.0000±0.1255 (z=8.0, confirmed x15) (sev=0.89)
[monitor_node-6] [WARN] [1789950805.893937170] [diagnostic_monitor]: ANOMALY on [perception_node] /perception/obstacles:obstacle_count: Value 2.0000 deviated from baseline 3.0000±0.1255 (z=8.0, confirmed x16) (sev=0.89)
[monitor_node-6] [WARN] [1789950805.994148151] [diagnostic_monitor]: ANOMALY on [perception_node] /perception/obstacles:obstacle_count: Value 2.0000 deviated from baseline 3.0000±0.1255 (z=8.0, confirmed x17) (sev=0.89)
[monitor_node-6] [WARN] [1789950806.094164792] [diagnostic_monitor]: ANOMALY on [perception_node] /perception/obstacles:obstacle_count: Value 2.0000 deviated from baseline 3.0000±0.1255 (z=8.0, confirmed x18) (sev=0.89)
[monitor_node-6] [WARN] [1789950806.194077961] [diagnostic_monitor]: ANOMALY on [perception_node] /perception/obstacles:obstacle_count: Value 2.0000 deviated from baseline 3.0000±0.1255 (z=8.0, confirmed x19) (sev=0.89)
[monitor_node-6] [WARN] [1789950806.293692405] [diagnostic_monitor]: ANOMALY on [perception_node] /perception/obstacles:obstacle_count: Value 2.0000 deviated from baseline 3.0000±0.1255 (z=8.0, confirmed x20) (sev=0.89)
[monitor_node-6] [WARN] [1789950808.193863102] [diagnostic_monitor]: ANOMALY on [perception_node] /perception/obstacles:obstacle_count: Value 2.0000 deviated from baseline 3.0000±0.1179 (z=8.5, confirmed x2) (sev=0.94)
[monitor_node-6] [WARN] [1789950808.293866284] [diagnostic_monitor]: ANOMALY on [perception_node] /perception/obstacles:obstacle_count: Value 2.0000 deviated from baseline 3.0000±0.1179 (z=8.5, confirmed x3) (sev=0.94)
[monitor_node-6] [WARN] [1789950808.393793004] [diagnostic_monitor]: ANOMALY on [perception_node] /perception/obstacles:obstacle_count: Value 2.0000 deviated from baseline 3.0000±0.1179 (z=8.5, confirmed x4) (sev=0.94)
[monitor_node-6] [WARN] [1789950808.497491672] [diagnostic_monitor]: ANOMALY on [perception_node] /perception/obstacles:obstacle_count: Value 2.0000 deviated from baseline 3.0000±0.1179 (z=8.5, confirmed x5) (sev=0.94)
[monitor_node-6] [WARN] [1789950808.593481219] [diagnostic_monitor]: ANOMALY on [perception_node] /perception/obstacles:obstacle_count: Value 2.0000 deviated from baseline 3.0000±0.1179 (z=8.5, confirmed x6) (sev=0.94)
[monitor_node-6] [WARN] [1789950808.693925529] [diagnostic_monitor]: ANOMALY on [perception_node] /perception/obstacles:obstacle_count: Value 2.0000 deviated from baseline 3.0000±0.1179 (z=8.5, confirmed x7) (sev=0.94)
[monitor_node-6] [WARN] [1789950808.793706265] [diagnostic_monitor]: ANOMALY on [perception_node] /perception/obstacles:obstacle_count: Value 2.0000 deviated from baseline 3.0000±0.1179 (z=8.5, confirmed x8) (sev=0.94)
[monitor_node-6] [WARN] [1789950808.893937435] [diagnostic_monitor]: ANOMALY on [perception_node] /perception/obstacles:obstacle_count: Value 2.0000 deviated from baseline 3.0000±0.1179 (z=8.5, confirmed x9) (sev=0.94)
[monitor_node-6] [WARN] [1789950808.993808991] [diagnostic_monitor]: ANOMALY on [perception_node] /perception/obstacles:obstacle_count: Value 2.0000 deviated from baseline 3.0000±0.1179 (z=8.5, confirmed x10) (sev=0.94)
[monitor_node-6] [WARN] [1789950809.093703811] [diagnostic_monitor]: ANOMALY on [perception_node] /perception/obstacles:obstacle_count: Value 2.0000 deviated from baseline 3.0000±0.1179 (z=8.5, confirmed x11) (sev=0.94)
[monitor_node-6] [WARN] [1789950809.194049477] [diagnostic_monitor]: ANOMALY on [perception_node] /perception/obstacles:obstacle_count: Value 2.0000 deviated from baseline 3.0000±0.1179 (z=8.5, confirmed x12) (sev=0.94)
[monitor_node-6] [WARN] [1789950809.294028865] [diagnostic_monitor]: ANOMALY on [perception_node] /perception/obstacles:obstacle_count: Value 2.0000 deviated from baseline 3.0000±0.1179 (z=8.5, confirmed x13) (sev=0.94)
[monitor_node-6] [WARN] [1789950809.393695989] [diagnostic_monitor]: ANOMALY on [perception_node] /perception/obstacles:obstacle_count: Value 2.0000 deviated from baseline 3.0000±0.1179 (z=8.5, confirmed x14) (sev=0.94)
[monitor_node-6] [WARN] [1789950809.497134953] [diagnostic_monitor]: ANOMALY on [perception_node] /perception/obstacles:obstacle_count: Value 2.0000 deviated from baseline 3.0000±0.1179 (z=8.5, confirmed x15) (sev=0.94)
[monitor_node-6] [WARN] [1789950809.893941781] [diagnostic_monitor]: ANOMALY on [perception_node] /perception/obstacles:obstacle_count: Value 2.0000 deviated from baseline 3.0000±0.1170 (z=8.5, confirmed x2) (sev=0.95)
[monitor_node-6] [WARN] [1789950809.993687191] [diagnostic_monitor]: ANOMALY on [perception_node] /perception/obstacles:obstacle_count: Value 1.0000 deviated from baseline 3.0000±0.1170 (z=17.1, confirmed x3) (sev=1.00)
[monitor_node-6] [WARN] [1789950810.093799698] [diagnostic_monitor]: ANOMALY on [perception_node] /perception/obstacles:obstacle_count: Value 1.0000 deviated from baseline 3.0000±0.1170 (z=17.1, confirmed x4) (sev=1.00)
[monitor_node-6] [WARN] [1789950810.194331808] [diagnostic_monitor]: ANOMALY on [perception_node] /perception/obstacles:obstacle_count: Value 1.0000 deviated from baseline 3.0000±0.1170 (z=17.1, confirmed x5) (sev=1.00)
[monitor_node-6] [WARN] [1789950810.294113635] [diagnostic_monitor]: ANOMALY on [perception_node] /perception/obstacles:obstacle_count: Value 1.0000 deviated from baseline 3.0000±0.1170 (z=17.1, confirmed x6) (sev=1.00)
[monitor_node-6] [WARN] [1789950810.394198853] [diagnostic_monitor]: ANOMALY on [perception_node] /perception/obstacles:obstacle_count: Value 1.0000 deviated from baseline 3.0000±0.1170 (z=17.1, confirmed x7) (sev=1.00)
[monitor_node-6] [WARN] [1789950810.495711522] [diagnostic_monitor]: ANOMALY on [perception_node] /perception/obstacles:obstacle_count: Value 1.0000 deviated from baseline 3.0000±0.1170 (z=17.1, confirmed x8) (sev=1.00)
[monitor_node-6] [WARN] [1789950810.594151952] [diagnostic_monitor]: ANOMALY on [perception_node] /perception/obstacles:obstacle_count: Value 1.0000 deviated from baseline 3.0000±0.1170 (z=17.1, confirmed x9) (sev=1.00)
[monitor_node-6] [WARN] [1789950810.693786111] [diagnostic_monitor]: ANOMALY on [perception_node] /perception/obstacles:obstacle_count: Value 1.0000 deviated from baseline 3.0000±0.1170 (z=17.1, confirmed x10) (sev=1.00)
[monitor_node-6] [WARN] [1789950810.793447748] [diagnostic_monitor]: ANOMALY on [perception_node] /perception/obstacles:obstacle_count: Value 1.0000 deviated from baseline 3.0000±0.1170 (z=17.1, confirmed x11) (sev=1.00)
[monitor_node-6] [WARN] [1789950810.894058534] [diagnostic_monitor]: ANOMALY on [perception_node] /perception/obstacles:obstacle_count: Value 1.0000 deviated from baseline 3.0000±0.1170 (z=17.1, confirmed x12) (sev=1.00)
[monitor_node-6] [WARN] [1789950810.994901835] [diagnostic_monitor]: ANOMALY on [perception_node] /perception/obstacles:obstacle_count: Value 1.0000 deviated from baseline 3.0000±0.1170 (z=17.1, confirmed x13) (sev=1.00)
[monitor_node-6] [WARN] [1789950811.093954084] [diagnostic_monitor]: ANOMALY on [perception_node] /perception/obstacles:obstacle_count: Value 2.0000 deviated from baseline 3.0000±0.1170 (z=8.5, confirmed x14) (sev=0.95)
[monitor_node-6] [WARN] [1789950811.194279400] [diagnostic_monitor]: ANOMALY on [perception_node] /perception/obstacles:obstacle_count: Value 2.0000 deviated from baseline 3.0000±0.1170 (z=8.5, confirmed x15) (sev=0.95)
[monitor_node-6] [WARN] [1789950811.293956394] [diagnostic_monitor]: ANOMALY on [perception_node] /perception/obstacles:obstacle_count: Value 2.0000 deviated from baseline 3.0000±0.1170 (z=8.5, confirmed x16) (sev=0.95)
[monitor_node-6] [WARN] [1789950811.393928968] [diagnostic_monitor]: ANOMALY on [perception_node] /perception/obstacles:obstacle_count: Value 2.0000 deviated from baseline 3.0000±0.1170 (z=8.5, confirmed x17) (sev=0.95)
[monitor_node-6] [WARN] [1789950811.496247246] [diagnostic_monitor]: ANOMALY on [perception_node] /perception/obstacles:obstacle_count: Value 2.0000 deviated from baseline 3.0000±0.1170 (z=8.5, confirmed x18) (sev=0.95)
[monitor_node-6] [WARN] [1789950811.593883282] [diagnostic_monitor]: ANOMALY on [perception_node] /perception/obstacles:obstacle_count: Value 2.0000 deviated from baseline 3.0000±0.1170 (z=8.5, confirmed x19) (sev=0.95)
[monitor_node-6] [WARN] [1789950811.693810798] [diagnostic_monitor]: ANOMALY on [perception_node] /perception/obstacles:obstacle_count: Value 2.0000 deviated from baseline 3.0000±0.1170 (z=8.5, confirmed x20) (sev=0.95)
[monitor_node-6] [WARN] [1789950811.793950249] [diagnostic_monitor]: ANOMALY on [perception_node] /perception/obstacles:obstacle_count: Value 2.0000 deviated from baseline 3.0000±0.1170 (z=8.5, confirmed x21) (sev=0.95)
[monitor_node-6] [WARN] [1789950811.893772494] [diagnostic_monitor]: ANOMALY on [perception_node] /perception/obstacles:obstacle_count: Value 2.0000 deviated from baseline 3.0000±0.1170 (z=8.5, confirmed x22) (sev=0.95)
[monitor_node-6] [WARN] [1789950813.393745075] [diagnostic_monitor]: ANOMALY on [perception_node] /perception/obstacles:obstacle_count: Value 2.0000 deviated from baseline 3.0000±0.1122 (z=8.9, confirmed x2) (sev=0.99)
[monitor_node-6] [WARN] [1789950813.496470815] [diagnostic_monitor]: ANOMALY on [perception_node] /perception/obstacles:obstacle_count: Value 2.0000 deviated from baseline 3.0000±0.1122 (z=8.9, confirmed x3) (sev=0.99)
[monitor_node-6] [WARN] [1789950813.593901943] [diagnostic_monitor]: ANOMALY on [perception_node] /perception/obstacles:obstacle_count: Value 2.0000 deviated from baseline 3.0000±0.1122 (z=8.9, confirmed x4) (sev=0.99)
[monitor_node-6] [WARN] [1789950813.693878129] [diagnostic_monitor]: ANOMALY on [perception_node] /perception/obstacles:obstacle_count: Value 2.0000 deviated from baseline 3.0000±0.1122 (z=8.9, confirmed x5) (sev=0.99)
[monitor_node-6] [WARN] [1789950813.794152191] [diagnostic_monitor]: ANOMALY on [perception_node] /perception/obstacles:obstacle_count: Value 2.0000 deviated from baseline 3.0000±0.1122 (z=8.9, confirmed x6) (sev=0.99)
[monitor_node-6] [WARN] [1789950813.893628891] [diagnostic_monitor]: ANOMALY on [perception_node] /perception/obstacles:obstacle_count: Value 2.0000 deviated from baseline 3.0000±0.1122 (z=8.9, confirmed x7) (sev=0.99)
[monitor_node-6] [WARN] [1789950813.993966033] [diagnostic_monitor]: ANOMALY on [perception_node] /perception/obstacles:obstacle_count: Value 2.0000 deviated from baseline 3.0000±0.1122 (z=8.9, confirmed x8) (sev=0.99)
[monitor_node-6] [WARN] [1789950814.093888954] [diagnostic_monitor]: ANOMALY on [perception_node] /perception/obstacles:obstacle_count: Value 2.0000 deviated from baseline 3.0000±0.1122 (z=8.9, confirmed x9) (sev=0.99)
[monitor_node-6] [WARN] [1789950814.193637019] [diagnostic_monitor]: ANOMALY on [perception_node] /perception/obstacles:obstacle_count: Value 2.0000 deviated from baseline 3.0000±0.1122 (z=8.9, confirmed x10) (sev=0.99)
[monitor_node-6] [WARN] [1789950814.293445493] [diagnostic_monitor]: ANOMALY on [perception_node] /perception/obstacles:obstacle_count: Value 2.0000 deviated from baseline 3.0000±0.1122 (z=8.9, confirmed x11) (sev=0.99)
[monitor_node-6] [WARN] [1789950814.393906129] [diagnostic_monitor]: ANOMALY on [perception_node] /perception/obstacles:obstacle_count: Value 2.0000 deviated from baseline 3.0000±0.1122 (z=8.9, confirmed x12) (sev=0.99)
[monitor_node-6] [WARN] [1789950814.495946711] [diagnostic_monitor]: ANOMALY on [perception_node] /perception/obstacles:obstacle_count: Value 2.0000 deviated from baseline 3.0000±0.1122 (z=8.9, confirmed x13) (sev=0.99)
[monitor_node-6] [WARN] [1789950814.594123537] [diagnostic_monitor]: ANOMALY on [perception_node] /perception/obstacles:obstacle_count: Value 2.0000 deviated from baseline 3.0000±0.1122 (z=8.9, confirmed x14) (sev=0.99)
[monitor_node-6] [WARN] [1789950814.694011275] [diagnostic_monitor]: ANOMALY on [perception_node] /perception/obstacles:obstacle_count: Value 2.0000 deviated from baseline 3.0000±0.1122 (z=8.9, confirmed x15) (sev=0.99)
[monitor_node-6] [WARN] [1789950814.794222626] [diagnostic_monitor]: ANOMALY on [perception_node] /perception/obstacles:obstacle_count: Value 2.0000 deviated from baseline 3.0000±0.1122 (z=8.9, confirmed x16) (sev=0.99)
[monitor_node-6] [WARN] [1789950814.894317504] [diagnostic_monitor]: ANOMALY on [perception_node] /perception/obstacles:obstacle_count: Value 2.0000 deviated from baseline 3.0000±0.1122 (z=8.9, confirmed x17) (sev=0.99)
[monitor_node-6] [WARN] [1789950814.994196891] [diagnostic_monitor]: ANOMALY on [perception_node] /perception/obstacles:obstacle_count: Value 2.0000 deviated from baseline 3.0000±0.1122 (z=8.9, confirmed x18) (sev=0.99)
[monitor_node-6] [WARN] [1789950815.093699994] [diagnostic_monitor]: ANOMALY on [perception_node] /perception/obstacles:obstacle_count: Value 2.0000 deviated from baseline 3.0000±0.1122 (z=8.9, confirmed x19) (sev=0.99)
[monitor_node-6] [WARN] [1789950815.194234059] [diagnostic_monitor]: ANOMALY on [perception_node] /perception/obstacles:obstacle_count: Value 2.0000 deviated from baseline 3.0000±0.1122 (z=8.9, confirmed x20) (sev=0.99)
[monitor_node-6] [WARN] [1789950815.294123815] [diagnostic_monitor]: ANOMALY on [perception_node] /perception/obstacles:obstacle_count: Value 2.0000 deviated from baseline 3.0000±0.1122 (z=8.9, confirmed x21) (sev=0.99)
[monitor_node-6] [WARN] [1789950815.394016019] [diagnostic_monitor]: ANOMALY on [perception_node] /perception/obstacles:obstacle_count: Value 2.0000 deviated from baseline 3.0000±0.1122 (z=8.9, confirmed x22) (sev=0.99)
[monitor_node-6] [WARN] [1789950815.495803780] [diagnostic_monitor]: ANOMALY on [perception_node] /perception/obstacles:obstacle_count: Value 2.0000 deviated from baseline 3.0000±0.1122 (z=8.9, confirmed x23) (sev=0.99)
[monitor_node-6] [WARN] [1789950815.594053699] [diagnostic_monitor]: ANOMALY on [perception_node] /perception/obstacles:obstacle_count: Value 1.0000 deviated from baseline 3.0000±0.1122 (z=17.8, confirmed x24) (sev=1.00)
[monitor_node-6] [WARN] [1789950815.693397679] [diagnostic_monitor]: ANOMALY on [perception_node] /perception/obstacles:obstacle_count: Value 1.0000 deviated from baseline 3.0000±0.1122 (z=17.8, confirmed x25) (sev=1.00)
[monitor_node-6] [WARN] [1789950815.794231773] [diagnostic_monitor]: ANOMALY on [perception_node] /perception/obstacles:obstacle_count: Value 1.0000 deviated from baseline 3.0000±0.1122 (z=17.8, confirmed x26) (sev=1.00)
[monitor_node-6] [WARN] [1789950815.893805925] [diagnostic_monitor]: ANOMALY on [perception_node] /perception/obstacles:obstacle_count: Value 1.0000 deviated from baseline 3.0000±0.1122 (z=17.8, confirmed x27) (sev=1.00)
[monitor_node-6] [WARN] [1789950815.994395714] [diagnostic_monitor]: ANOMALY on [perception_node] /perception/obstacles:obstacle_count: Value 1.0000 deviated from baseline 3.0000±0.1122 (z=17.8, confirmed x28) (sev=1.00)
[monitor_node-6] [WARN] [1789950816.093886866] [diagnostic_monitor]: ANOMALY on [perception_node] /perception/obstacles:obstacle_count: Value 2.0000 deviated from baseline 3.0000±0.1122 (z=8.9, confirmed x29) (sev=0.99)
[monitor_node-6] [WARN] [1789950816.193909585] [diagnostic_monitor]: ANOMALY on [perception_node] /perception/obstacles:obstacle_count: Value 2.0000 deviated from baseline 3.0000±0.1122 (z=8.9, confirmed x30) (sev=0.99)
[monitor_node-6] [WARN] [1789950816.293664214] [diagnostic_monitor]: ANOMALY on [perception_node] /perception/obstacles:obstacle_count: Value 2.0000 deviated from baseline 3.0000±0.1122 (z=8.9, confirmed x31) (sev=0.99)
[monitor_node-6] [WARN] [1789950816.393819371] [diagnostic_monitor]: ANOMALY on [perception_node] /perception/obstacles:obstacle_count: Value 1.0000 deviated from baseline 3.0000±0.1122 (z=17.8, confirmed x32) (sev=1.00)
[monitor_node-6] [WARN] [1789950816.495431745] [diagnostic_monitor]: ANOMALY on [perception_node] /perception/obstacles:obstacle_count: Value 2.0000 deviated from baseline 3.0000±0.1122 (z=8.9, confirmed x33) (sev=0.99)
[monitor_node-6] [WARN] [1789950816.593762725] [diagnostic_monitor]: ANOMALY on [perception_node] /perception/obstacles:obstacle_count: Value 2.0000 deviated from baseline 3.0000±0.1122 (z=8.9, confirmed x34) (sev=0.99)
[monitor_node-6] [WARN] [1789950816.693836706] [diagnostic_monitor]: ANOMALY on [perception_node] /perception/obstacles:obstacle_count: Value 2.0000 deviated from baseline 3.0000±0.1122 (z=8.9, confirmed x35) (sev=0.99)
[monitor_node-6] [WARN] [1789950816.793699740] [diagnostic_monitor]: ANOMALY on [perception_node] /perception/obstacles:obstacle_count: Value 2.0000 deviated from baseline 3.0000±0.1122 (z=8.9, confirmed x36) (sev=0.99)
[monitor_node-6] [WARN] [1789950817.293485296] [diagnostic_monitor]: ANOMALY on [perception_node] /perception/obstacles:obstacle_count: Value 2.0000 deviated from baseline 3.0000±0.1111 (z=9.0, confirmed x2) (sev=1.00)
[monitor_node-6] [WARN] [1789950817.394047055] [diagnostic_monitor]: ANOMALY on [perception_node] /perception/obstacles:obstacle_count: Value 2.0000 deviated from baseline 3.0000±0.1111 (z=9.0, confirmed x3) (sev=1.00)
[monitor_node-6] [WARN] [1789950817.496697790] [diagnostic_monitor]: ANOMALY on [perception_node] /perception/obstacles:obstacle_count: Value 2.0000 deviated from baseline 3.0000±0.1111 (z=9.0, confirmed x4) (sev=1.00)
[monitor_node-6] [WARN] [1789950817.593439682] [diagnostic_monitor]: ANOMALY on [perception_node] /perception/obstacles:obstacle_count: Value 1.0000 deviated from baseline 3.0000±0.1111 (z=18.0, confirmed x5) (sev=1.00)
[monitor_node-6] [WARN] [1789950817.693930839] [diagnostic_monitor]: ANOMALY on [perception_node] /perception/obstacles:obstacle_count: Value 1.0000 deviated from baseline 3.0000±0.1111 (z=18.0, confirmed x6) (sev=1.00)
[monitor_node-6] [WARN] [1789950817.793925699] [diagnostic_monitor]: ANOMALY on [perception_node] /perception/obstacles:obstacle_count: Value 2.0000 deviated from baseline 3.0000±0.1111 (z=9.0, confirmed x7) (sev=1.00)
[monitor_node-6] [WARN] [1789950817.894146175] [diagnostic_monitor]: ANOMALY on [perception_node] /perception/obstacles:obstacle_count: Value 2.0000 deviated from baseline 3.0000±0.1111 (z=9.0, confirmed x8) (sev=1.00)
[monitor_node-6] [WARN] [1789950817.994268490] [diagnostic_monitor]: ANOMALY on [perception_node] /perception/obstacles:obstacle_count: Value 2.0000 deviated from baseline 3.0000±0.1111 (z=9.0, confirmed x9) (sev=1.00)
[monitor_node-6] [WARN] [1789950818.094132820] [diagnostic_monitor]: ANOMALY on [perception_node] /perception/obstacles:obstacle_count: Value 2.0000 deviated from baseline 3.0000±0.1111 (z=9.0, confirmed x10) (sev=1.00)
[monitor_node-6] [WARN] [1789950818.194100943] [diagnostic_monitor]: ANOMALY on [perception_node] /perception/obstacles:obstacle_count: Value 2.0000 deviated from baseline 3.0000±0.1111 (z=9.0, confirmed x11) (sev=1.00)
[monitor_node-6] [WARN] [1789950818.293984233] [diagnostic_monitor]: ANOMALY on [perception_node] /perception/obstacles:obstacle_count: Value 2.0000 deviated from baseline 3.0000±0.1111 (z=9.0, confirmed x12) (sev=1.00)
[monitor_node-6] [WARN] [1789950818.394288203] [diagnostic_monitor]: ANOMALY on [perception_node] /perception/obstacles:obstacle_count: Value 2.0000 deviated from baseline 3.0000±0.1111 (z=9.0, confirmed x13) (sev=1.00)
[monitor_node-6] [WARN] [1789950818.496339773] [diagnostic_monitor]: ANOMALY on [perception_node] /perception/obstacles:obstacle_count: Value 2.0000 deviated from baseline 3.0000±0.1111 (z=9.0, confirmed x14) (sev=1.00)
[monitor_node-6] [WARN] [1789950818.593424421] [diagnostic_monitor]: ANOMALY on [perception_node] /perception/obstacles:obstacle_count: Value 2.0000 deviated from baseline 3.0000±0.1111 (z=9.0, confirmed x15) (sev=1.00)
[monitor_node-6] [WARN] [1789950818.693563368] [diagnostic_monitor]: ANOMALY on [perception_node] /perception/obstacles:obstacle_count: Value 2.0000 deviated from baseline 3.0000±0.1111 (z=9.0, confirmed x16) (sev=1.00)
[monitor_node-6] [WARN] [1789950818.793897721] [diagnostic_monitor]: ANOMALY on [perception_node] /perception/obstacles:obstacle_count: Value 2.0000 deviated from baseline 3.0000±0.1111 (z=9.0, confirmed x17) (sev=1.00)
[monitor_node-6] [WARN] [1789950818.894168633] [diagnostic_monitor]: ANOMALY on [perception_node] /perception/obstacles:obstacle_count: Value 2.0000 deviated from baseline 3.0000±0.1111 (z=9.0, confirmed x18) (sev=1.00)
[monitor_node-6] [WARN] [1789950818.994311371] [diagnostic_monitor]: ANOMALY on [perception_node] /perception/obstacles:obstacle_count: Value 2.0000 deviated from baseline 3.0000±0.1111 (z=9.0, confirmed x19) (sev=1.00)
[monitor_node-6] [WARN] [1789950819.093680649] [diagnostic_monitor]: ANOMALY on [perception_node] /perception/obstacles:obstacle_count: Value 2.0000 deviated from baseline 3.0000±0.1111 (z=9.0, confirmed x20) (sev=1.00)
[monitor_node-6] [WARN] [1789950819.194203904] [diagnostic_monitor]: ANOMALY on [perception_node] /perception/obstacles:obstacle_count: Value 2.0000 deviated from baseline 3.0000±0.1111 (z=9.0, confirmed x21) (sev=1.00)
[monitor_node-6] [WARN] [1789950819.294182367] [diagnostic_monitor]: ANOMALY on [perception_node] /perception/obstacles:obstacle_count: Value 2.0000 deviated from baseline 3.0000±0.1111 (z=9.0, confirmed x22) (sev=1.00)
[monitor_node-6] [WARN] [1789950819.393787775] [diagnostic_monitor]: ANOMALY on [perception_node] /perception/obstacles:obstacle_count: Value 2.0000 deviated from baseline 3.0000±0.1111 (z=9.0, confirmed x23) (sev=1.00)
[monitor_node-6] [WARN] [1789950819.495491586] [diagnostic_monitor]: ANOMALY on [perception_node] /perception/obstacles:obstacle_count: Value 2.0000 deviated from baseline 3.0000±0.1111 (z=9.0, confirmed x24) (sev=1.00)
[monitor_node-6] [WARN] [1789950819.593662518] [diagnostic_monitor]: ANOMALY on [perception_node] /perception/obstacles:obstacle_count: Value 2.0000 deviated from baseline 3.0000±0.1111 (z=9.0, confirmed x25) (sev=1.00)
[monitor_node-6] [WARN] [1789950819.694183614] [diagnostic_monitor]: ANOMALY on [perception_node] /perception/obstacles:obstacle_count: Value 2.0000 deviated from baseline 3.0000±0.1111 (z=9.0, confirmed x26) (sev=1.00)
[monitor_node-6] [WARN] [1789950819.793722859] [diagnostic_monitor]: ANOMALY on [perception_node] /perception/obstacles:obstacle_count: Value 2.0000 deviated from baseline 3.0000±0.1111 (z=9.0, confirmed x27) (sev=1.00)
[monitor_node-6] [WARN] [1789950819.893661452] [diagnostic_monitor]: ANOMALY on [perception_node] /perception/obstacles:obstacle_count: Value 2.0000 deviated from baseline 3.0000±0.1111 (z=9.0, confirmed x28) (sev=1.00)
[monitor_node-6] [WARN] [1789950822.093974519] [diagnostic_monitor]: ANOMALY on [perception_node] /perception/obstacles:obstacle_count: Value 4.0000 deviated from baseline 3.0000±0.1051 (z=9.5, confirmed x2) (sev=1.00)
[monitor_node-6] [WARN] [1789950822.194008277] [diagnostic_monitor]: ANOMALY on [perception_node] /perception/obstacles:obstacle_count: Value 4.0000 deviated from baseline 3.0000±0.1051 (z=9.5, confirmed x3) (sev=1.00)
[monitor_node-6] [WARN] [1789950822.293708383] [diagnostic_monitor]: ANOMALY on [perception_node] /perception/obstacles:obstacle_count: Value 4.0000 deviated from baseline 3.0000±0.1051 (z=9.5, confirmed x4) (sev=1.00)
[monitor_node-6] [WARN] [1789950822.394011974] [diagnostic_monitor]: ANOMALY on [perception_node] /perception/obstacles:obstacle_count: Value 4.0000 deviated from baseline 3.0000±0.1051 (z=9.5, confirmed x5) (sev=1.00)
[monitor_node-6] [WARN] [1789950823.593674351] [diagnostic_monitor]: ANOMALY on [perception_node] /perception/obstacles:obstacle_count: Value 2.0000 deviated from baseline 3.0000±0.1023 (z=9.8, confirmed x2) (sev=1.00)
[monitor_node-6] [WARN] [1789950823.693921636] [diagnostic_monitor]: ANOMALY on [perception_node] /perception/obstacles:obstacle_count: Value 2.0000 deviated from baseline 3.0000±0.1023 (z=9.8, confirmed x3) (sev=1.00)
[monitor_node-6] [WARN] [1789950823.794199314] [diagnostic_monitor]: ANOMALY on [perception_node] /perception/obstacles:obstacle_count: Value 2.0000 deviated from baseline 3.0000±0.1023 (z=9.8, confirmed x4) (sev=1.00)
[monitor_node-6] [WARN] [1789950823.893903991] [diagnostic_monitor]: ANOMALY on [perception_node] /perception/obstacles:obstacle_count: Value 2.0000 deviated from baseline 3.0000±0.1023 (z=9.8, confirmed x5) (sev=1.00)
[monitor_node-6] [WARN] [1789950823.994431437] [diagnostic_monitor]: ANOMALY on [perception_node] /perception/obstacles:obstacle_count: Value 2.0000 deviated from baseline 3.0000±0.1023 (z=9.8, confirmed x6) (sev=1.00)
[monitor_node-6] [WARN] [1789950824.094268682] [diagnostic_monitor]: ANOMALY on [perception_node] /perception/obstacles:obstacle_count: Value 2.0000 deviated from baseline 3.0000±0.1023 (z=9.8, confirmed x7) (sev=1.00)
[monitor_node-6] [WARN] [1789950824.194431752] [diagnostic_monitor]: ANOMALY on [perception_node] /perception/obstacles:obstacle_count: Value 2.0000 deviated from baseline 3.0000±0.1023 (z=9.8, confirmed x8) (sev=1.00)
[monitor_node-6] [WARN] [1789950824.293923017] [diagnostic_monitor]: ANOMALY on [perception_node] /perception/obstacles:obstacle_count: Value 2.0000 deviated from baseline 3.0000±0.1023 (z=9.8, confirmed x9) (sev=1.00)
[monitor_node-6] [WARN] [1789950824.393666704] [diagnostic_monitor]: ANOMALY on [perception_node] /perception/obstacles:obstacle_count: Value 2.0000 deviated from baseline 3.0000±0.1023 (z=9.8, confirmed x10) (sev=1.00)
[monitor_node-6] [WARN] [1789950824.495514580] [diagnostic_monitor]: ANOMALY on [perception_node] /perception/obstacles:obstacle_count: Value 2.0000 deviated from baseline 3.0000±0.1023 (z=9.8, confirmed x11) (sev=1.00)
[monitor_node-6] [WARN] [1789950824.593639143] [diagnostic_monitor]: ANOMALY on [perception_node] /perception/obstacles:obstacle_count: Value 2.0000 deviated from baseline 3.0000±0.1023 (z=9.8, confirmed x12) (sev=1.00)
[monitor_node-6] [WARN] [1789950824.693731618] [diagnostic_monitor]: ANOMALY on [perception_node] /perception/obstacles:obstacle_count: Value 2.0000 deviated from baseline 3.0000±0.1023 (z=9.8, confirmed x13) (sev=1.00)
[monitor_node-6] [WARN] [1789950824.794312544] [diagnostic_monitor]: ANOMALY on [perception_node] /perception/obstacles:obstacle_count: Value 2.0000 deviated from baseline 3.0000±0.1023 (z=9.8, confirmed x14) (sev=1.00)
[monitor_node-6] [WARN] [1789950824.894019478] [diagnostic_monitor]: ANOMALY on [perception_node] /perception/obstacles:obstacle_count: Value 2.0000 deviated from baseline 3.0000±0.1023 (z=9.8, confirmed x15) (sev=1.00)
[monitor_node-6] [WARN] [1789950824.993977669] [diagnostic_monitor]: ANOMALY on [perception_node] /perception/obstacles:obstacle_count: Value 2.0000 deviated from baseline 3.0000±0.1023 (z=9.8, confirmed x16) (sev=1.00)
[monitor_node-6] [WARN] [1789950825.094258397] [diagnostic_monitor]: ANOMALY on [perception_node] /perception/obstacles:obstacle_count: Value 1.0000 deviated from baseline 3.0000±0.1023 (z=19.5, confirmed x17) (sev=1.00)
[monitor_node-6] [WARN] [1789950825.193837147] [diagnostic_monitor]: ANOMALY on [perception_node] /perception/obstacles:obstacle_count: Value 1.0000 deviated from baseline 3.0000±0.1023 (z=19.5, confirmed x18) (sev=1.00)
[monitor_node-6] [WARN] [1789950825.293669242] [diagnostic_monitor]: ANOMALY on [perception_node] /perception/obstacles:obstacle_count: Value 1.0000 deviated from baseline 3.0000±0.1023 (z=19.5, confirmed x19) (sev=1.00)
[monitor_node-6] [WARN] [1789950825.394349816] [diagnostic_monitor]: ANOMALY on [perception_node] /perception/obstacles:obstacle_count: Value 1.0000 deviated from baseline 3.0000±0.1023 (z=19.5, confirmed x20) (sev=1.00)
[monitor_node-6] [WARN] [1789950825.496587888] [diagnostic_monitor]: ANOMALY on [perception_node] /perception/obstacles:obstacle_count: Value 1.0000 deviated from baseline 3.0000±0.1023 (z=19.5, confirmed x21) (sev=1.00)
[monitor_node-6] [WARN] [1789950825.593775321] [diagnostic_monitor]: ANOMALY on [perception_node] /perception/obstacles:obstacle_count: Value 1.0000 deviated from baseline 3.0000±0.1023 (z=19.5, confirmed x22) (sev=1.00)
[monitor_node-6] [WARN] [1789950825.693831364] [diagnostic_monitor]: ANOMALY on [perception_node] /perception/obstacles:obstacle_count: Value 1.0000 deviated from baseline 3.0000±0.1023 (z=19.5, confirmed x23) (sev=1.00)
[monitor_node-6] [WARN] [1789950825.793803349] [diagnostic_monitor]: ANOMALY on [perception_node] /perception/obstacles:obstacle_count: Value 1.0000 deviated from baseline 3.0000±0.1023 (z=19.5, confirmed x24) (sev=1.00)
[monitor_node-6] [WARN] [1789950825.893969114] [diagnostic_monitor]: ANOMALY on [perception_node] /perception/obstacles:obstacle_count: Value 1.0000 deviated from baseline 3.0000±0.1023 (z=19.5, confirmed x25) (sev=1.00)
[monitor_node-6] [WARN] [1789950825.994124399] [diagnostic_monitor]: ANOMALY on [perception_node] /perception/obstacles:obstacle_count: Value 1.0000 deviated from baseline 3.0000±0.1023 (z=19.5, confirmed x26) (sev=1.00)
[monitor_node-6] [WARN] [1789950826.093581828] [diagnostic_monitor]: ANOMALY on [perception_node] /perception/obstacles:obstacle_count: Value 1.0000 deviated from baseline 3.0000±0.1023 (z=19.5, confirmed x27) (sev=1.00)
[monitor_node-6] [WARN] [1789950826.193702902] [diagnostic_monitor]: ANOMALY on [perception_node] /perception/obstacles:obstacle_count: Value 1.0000 deviated from baseline 3.0000±0.1023 (z=19.5, confirmed x28) (sev=1.00)
[monitor_node-6] [WARN] [1789950826.293764874] [diagnostic_monitor]: ANOMALY on [perception_node] /perception/obstacles:obstacle_count: Value 1.0000 deviated from baseline 3.0000±0.1023 (z=19.5, confirmed x29) (sev=1.00)
[monitor_node-6] [WARN] [1789950826.393710142] [diagnostic_monitor]: ANOMALY on [perception_node] /perception/obstacles:obstacle_count: Value 1.0000 deviated from baseline 3.0000±0.1023 (z=19.5, confirmed x30) (sev=1.00)
[monitor_node-6] [WARN] [1789950826.497228037] [diagnostic_monitor]: ANOMALY on [perception_node] /perception/obstacles:obstacle_count: Value 1.0000 deviated from baseline 3.0000±0.1023 (z=19.5, confirmed x31) (sev=1.00)
[monitor_node-6] [WARN] [1789950826.593894352] [diagnostic_monitor]: ANOMALY on [perception_node] /perception/obstacles:obstacle_count: Value 1.0000 deviated from baseline 3.0000±0.1023 (z=19.5, confirmed x32) (sev=1.00)
[monitor_node-6] [WARN] [1789950826.693924955] [diagnostic_monitor]: ANOMALY on [perception_node] /perception/obstacles:obstacle_count: Value 1.0000 deviated from baseline 3.0000±0.1023 (z=19.5, confirmed x33) (sev=1.00)
[monitor_node-6] [WARN] [1789950826.793961437] [diagnostic_monitor]: ANOMALY on [perception_node] /perception/obstacles:obstacle_count: Value 2.0000 deviated from baseline 3.0000±0.1023 (z=9.8, confirmed x34) (sev=1.00)
[monitor_node-6] [WARN] [1789950826.893960730] [diagnostic_monitor]: ANOMALY on [perception_node] /perception/obstacles:obstacle_count: Value 2.0000 deviated from baseline 3.0000±0.1023 (z=9.8, confirmed x35) (sev=1.00)
[monitor_node-6] [WARN] [1789950826.994010577] [diagnostic_monitor]: ANOMALY on [perception_node] /perception/obstacles:obstacle_count: Value 2.0000 deviated from baseline 3.0000±0.1023 (z=9.8, confirmed x36) (sev=1.00)
[monitor_node-6] [WARN] [1789950827.093568555] [diagnostic_monitor]: ANOMALY on [perception_node] /perception/obstacles:obstacle_count: Value 2.0000 deviated from baseline 3.0000±0.1023 (z=9.8, confirmed x37) (sev=1.00)
[monitor_node-6] [WARN] [1789950827.193890096] [diagnostic_monitor]: ANOMALY on [perception_node] /perception/obstacles:obstacle_count: Value 2.0000 deviated from baseline 3.0000±0.1023 (z=9.8, confirmed x38) (sev=1.00)
[monitor_node-6] [WARN] [1789950827.293737890] [diagnostic_monitor]: ANOMALY on [perception_node] /perception/obstacles:obstacle_count: Value 2.0000 deviated from baseline 3.0000±0.1023 (z=9.8, confirmed x39) (sev=1.00)
[monitor_node-6] [WARN] [1789950827.393751835] [diagnostic_monitor]: ANOMALY on [perception_node] /perception/obstacles:obstacle_count: Value 2.0000 deviated from baseline 3.0000±0.1023 (z=9.8, confirmed x40) (sev=1.00)
[monitor_node-6] [WARN] [1789950827.495602501] [diagnostic_monitor]: ANOMALY on [perception_node] /perception/obstacles:obstacle_count: Value 2.0000 deviated from baseline 3.0000±0.1023 (z=9.8, confirmed x41) (sev=1.00)
[monitor_node-6] [WARN] [1789950827.593880582] [diagnostic_monitor]: ANOMALY on [perception_node] /perception/obstacles:obstacle_count: Value 2.0000 deviated from baseline 3.0000±0.1023 (z=9.8, confirmed x42) (sev=1.00)
[monitor_node-6] [WARN] [1789950827.694228988] [diagnostic_monitor]: ANOMALY on [perception_node] /perception/obstacles:obstacle_count: Value 2.0000 deviated from baseline 3.0000±0.1023 (z=9.8, confirmed x43) (sev=1.00)
[monitor_node-6] [WARN] [1789950827.793935382] [diagnostic_monitor]: ANOMALY on [perception_node] /perception/obstacles:obstacle_count: Value 2.0000 deviated from baseline 3.0000±0.1023 (z=9.8, confirmed x44) (sev=1.00)
[monitor_node-6] [WARN] [1789950827.893985766] [diagnostic_monitor]: ANOMALY on [perception_node] /perception/obstacles:obstacle_count: Value 2.0000 deviated from baseline 3.0000±0.1023 (z=9.8, confirmed x45) (sev=1.00)
[monitor_node-6] [WARN] [1789950827.994275631] [diagnostic_monitor]: ANOMALY on [perception_node] /perception/obstacles:obstacle_count: Value 2.0000 deviated from baseline 3.0000±0.1023 (z=9.8, confirmed x46) (sev=1.00)
[monitor_node-6] [WARN] [1789950828.093585804] [diagnostic_monitor]: ANOMALY on [perception_node] /perception/obstacles:obstacle_count: Value 2.0000 deviated from baseline 3.0000±0.1023 (z=9.8, confirmed x47) (sev=1.00)
[monitor_node-6] [WARN] [1789950828.194031008] [diagnostic_monitor]: ANOMALY on [perception_node] /perception/obstacles:obstacle_count: Value 2.0000 deviated from baseline 3.0000±0.1023 (z=9.8, confirmed x48) (sev=1.00)
[monitor_node-6] [WARN] [1789950828.294082435] [diagnostic_monitor]: ANOMALY on [perception_node] /perception/obstacles:obstacle_count: Value 2.0000 deviated from baseline 3.0000±0.1023 (z=9.8, confirmed x49) (sev=1.00)
[monitor_node-6] [WARN] [1789950828.393862075] [diagnostic_monitor]: ANOMALY on [perception_node] /perception/obstacles:obstacle_count: Value 2.0000 deviated from baseline 3.0000±0.1023 (z=9.8, confirmed x50) (sev=1.00)
[monitor_node-6] [WARN] [1789950828.496662473] [diagnostic_monitor]: ANOMALY on [perception_node] /perception/obstacles:obstacle_count: Value 2.0000 deviated from baseline 3.0000±0.1023 (z=9.8, confirmed x51) (sev=1.00)
[monitor_node-6] [WARN] [1789950828.593836601] [diagnostic_monitor]: ANOMALY on [perception_node] /perception/obstacles:obstacle_count: Value 2.0000 deviated from baseline 3.0000±0.1023 (z=9.8, confirmed x52) (sev=1.00)
[monitor_node-6] [WARN] [1789950828.694073936] [diagnostic_monitor]: ANOMALY on [perception_node] /perception/obstacles:obstacle_count: Value 2.0000 deviated from baseline 3.0000±0.1023 (z=9.8, confirmed x53) (sev=1.00)
[monitor_node-6] [WARN] [1789950828.793961036] [diagnostic_monitor]: ANOMALY on [perception_node] /perception/obstacles:obstacle_count: Value 2.0000 deviated from baseline 3.0000±0.1023 (z=9.8, confirmed x54) (sev=1.00)
[monitor_node-6] [WARN] [1789950828.893930514] [diagnostic_monitor]: ANOMALY on [perception_node] /perception/obstacles:obstacle_count: Value 2.0000 deviated from baseline 3.0000±0.1023 (z=9.8, confirmed x55) (sev=1.00)
[monitor_node-6] [WARN] [1789950828.994555094] [diagnostic_monitor]: ANOMALY on [perception_node] /perception/obstacles:obstacle_count: Value 2.0000 deviated from baseline 3.0000±0.1023 (z=9.8, confirmed x56) (sev=1.00)
[monitor_node-6] [WARN] [1789950829.093858134] [diagnostic_monitor]: ANOMALY on [perception_node] /perception/obstacles:obstacle_count: Value 2.0000 deviated from baseline 3.0000±0.1023 (z=9.8, confirmed x57) (sev=1.00)
[monitor_node-6] [WARN] [1789950829.194047467] [diagnostic_monitor]: ANOMALY on [perception_node] /perception/obstacles:obstacle_count: Value 2.0000 deviated from baseline 3.0000±0.1023 (z=9.8, confirmed x58) (sev=1.00)
[monitor_node-6] [WARN] [1789950829.293994006] [diagnostic_monitor]: ANOMALY on [perception_node] /perception/obstacles:obstacle_count: Value 2.0000 deviated from baseline 3.0000±0.1023 (z=9.8, confirmed x59) (sev=1.00)
[monitor_node-6] [WARN] [1789950829.393734615] [diagnostic_monitor]: ANOMALY on [perception_node] /perception/obstacles:obstacle_count: Value 2.0000 deviated from baseline 3.0000±0.1023 (z=9.8, confirmed x60) (sev=1.00)
[monitor_node-6] [WARN] [1789950833.594053067] [diagnostic_monitor]: ANOMALY on [perception_node] /perception/obstacles:obstacle_count: Value 4.0000 deviated from baseline 3.0000±0.0930 (z=10.7, confirmed x2) (sev=1.00)
[monitor_node-6] [WARN] [1789950833.694523053] [diagnostic_monitor]: ANOMALY on [perception_node] /perception/obstacles:obstacle_count: Value 4.0000 deviated from baseline 3.0000±0.0930 (z=10.7, confirmed x3) (sev=1.00)
[monitor_node-6] [WARN] [1789950833.793849501] [diagnostic_monitor]: ANOMALY on [perception_node] /perception/obstacles:obstacle_count: Value 4.0000 deviated from baseline 3.0000±0.0930 (z=10.7, confirmed x4) (sev=1.00)
[monitor_node-6] [WARN] [1789950833.894097420] [diagnostic_monitor]: ANOMALY on [perception_node] /perception/obstacles:obstacle_count: Value 4.0000 deviated from baseline 3.0000±0.0930 (z=10.7, confirmed x5) (sev=1.00)
[monitor_node-6] [WARN] [1789950834.002281367] [diagnostic_monitor]: ANOMALY on [perception_node] /perception/obstacles:obstacle_count: Value 4.0000 deviated from baseline 3.0000±0.0930 (z=10.7, confirmed x6) (sev=1.00)
[monitor_node-6] [WARN] [1789950834.094230619] [diagnostic_monitor]: ANOMALY on [perception_node] /perception/obstacles:obstacle_count: Value 4.0000 deviated from baseline 3.0000±0.0930 (z=10.7, confirmed x7) (sev=1.00)
[monitor_node-6] [WARN] [1789950834.193572218] [diagnostic_monitor]: ANOMALY on [perception_node] /perception/obstacles:obstacle_count: Value 4.0000 deviated from baseline 3.0000±0.0930 (z=10.7, confirmed x8) (sev=1.00)
[monitor_node-6] [WARN] [1789950834.293821483] [diagnostic_monitor]: ANOMALY on [perception_node] /perception/obstacles:obstacle_count: Value 4.0000 deviated from baseline 3.0000±0.0930 (z=10.7, confirmed x9) (sev=1.00)
[monitor_node-6] [WARN] [1789950834.394262280] [diagnostic_monitor]: ANOMALY on [perception_node] /perception/obstacles:obstacle_count: Value 4.0000 deviated from baseline 3.0000±0.0930 (z=10.7, confirmed x10) (sev=1.00)
[monitor_node-6] [WARN] [1789950834.496182708] [diagnostic_monitor]: ANOMALY on [perception_node] /perception/obstacles:obstacle_count: Value 4.0000 deviated from baseline 3.0000±0.0930 (z=10.7, confirmed x11) (sev=1.00)
[monitor_node-6] [WARN] [1789950834.593986485] [diagnostic_monitor]: ANOMALY on [perception_node] /perception/obstacles:obstacle_count: Value 4.0000 deviated from baseline 3.0000±0.0930 (z=10.7, confirmed x12) (sev=1.00)
[monitor_node-6] [WARN] [1789950835.193926672] [diagnostic_monitor]: ANOMALY on [perception_node] /perception/obstacles:obstacle_count: Value 4.0000 deviated from baseline 3.0000±0.0923 (z=10.8, confirmed x2) (sev=1.00)
[monitor_node-6] [WARN] [1789950835.293478787] [diagnostic_monitor]: ANOMALY on [perception_node] /perception/obstacles:obstacle_count: Value 4.0000 deviated from baseline 3.0000±0.0923 (z=10.8, confirmed x3) (sev=1.00)
[monitor_node-6] [WARN] [1789950835.393998272] [diagnostic_monitor]: ANOMALY on [perception_node] /perception/obstacles:obstacle_count: Value 4.0000 deviated from baseline 3.0000±0.0923 (z=10.8, confirmed x4) (sev=1.00)
[monitor_node-6] [WARN] [1789950835.496084496] [diagnostic_monitor]: ANOMALY on [perception_node] /perception/obstacles:obstacle_count: Value 4.0000 deviated from baseline 3.0000±0.0923 (z=10.8, confirmed x5) (sev=1.00)
[monitor_node-6] [WARN] [1789950835.593975385] [diagnostic_monitor]: ANOMALY on [perception_node] /perception/obstacles:obstacle_count: Value 4.0000 deviated from baseline 3.0000±0.0923 (z=10.8, confirmed x6) (sev=1.00)
[monitor_node-6] [WARN] [1789950835.693825010] [diagnostic_monitor]: ANOMALY on [perception_node] /perception/obstacles:obstacle_count: Value 4.0000 deviated from baseline 3.0000±0.0923 (z=10.8, confirmed x7) (sev=1.00)
[monitor_node-6] [WARN] [1789950835.794054222] [diagnostic_monitor]: ANOMALY on [perception_node] /perception/obstacles:obstacle_count: Value 4.0000 deviated from baseline 3.0000±0.0923 (z=10.8, confirmed x8) (sev=1.00)
[monitor_node-6] [WARN] [1789950835.894021405] [diagnostic_monitor]: ANOMALY on [perception_node] /perception/obstacles:obstacle_count: Value 4.0000 deviated from baseline 3.0000±0.0923 (z=10.8, confirmed x9) (sev=1.00)
[monitor_node-6] [WARN] [1789950835.994121103] [diagnostic_monitor]: ANOMALY on [perception_node] /perception/obstacles:obstacle_count: Value 4.0000 deviated from baseline 3.0000±0.0923 (z=10.8, confirmed x10) (sev=1.00)
[monitor_node-6] [WARN] [1789950836.094162138] [diagnostic_monitor]: ANOMALY on [perception_node] /perception/obstacles:obstacle_count: Value 4.0000 deviated from baseline 3.0000±0.0923 (z=10.8, confirmed x11) (sev=1.00)
[monitor_node-6] [WARN] [1789950836.194383825] [diagnostic_monitor]: ANOMALY on [perception_node] /perception/obstacles:obstacle_count: Value 4.0000 deviated from baseline 3.0000±0.0923 (z=10.8, confirmed x12) (sev=1.00)
[monitor_node-6] [WARN] [1789950836.293513493] [diagnostic_monitor]: ANOMALY on [perception_node] /perception/obstacles:obstacle_count: Value 4.0000 deviated from baseline 3.0000±0.0923 (z=10.8, confirmed x13) (sev=1.00)
[monitor_node-6] [WARN] [1789950836.394133846] [diagnostic_monitor]: ANOMALY on [perception_node] /perception/obstacles:obstacle_count: Value 4.0000 deviated from baseline 3.0000±0.0923 (z=10.8, confirmed x14) (sev=1.00)
[monitor_node-6] [WARN] [1789950836.495857839] [diagnostic_monitor]: ANOMALY on [perception_node] /perception/obstacles:obstacle_count: Value 4.0000 deviated from baseline 3.0000±0.0923 (z=10.8, confirmed x15) (sev=1.00)
[monitor_node-6] [WARN] [1789950836.593926690] [diagnostic_monitor]: ANOMALY on [perception_node] /perception/obstacles:obstacle_count: Value 4.0000 deviated from baseline 3.0000±0.0923 (z=10.8, confirmed x16) (sev=1.00)
[monitor_node-6] [WARN] [1789950836.693712258] [diagnostic_monitor]: ANOMALY on [perception_node] /perception/obstacles:obstacle_count: Value 4.0000 deviated from baseline 3.0000±0.0923 (z=10.8, confirmed x17) (sev=1.00)
[monitor_node-6] [WARN] [1789950837.594029330] [diagnostic_monitor]: ANOMALY on [perception_node] /perception/obstacles:obstacle_count: Value 2.0000 deviated from baseline 3.0000±0.0909 (z=11.0, confirmed x2) (sev=1.00)
[monitor_node-6] [WARN] [1789950837.694042013] [diagnostic_monitor]: ANOMALY on [perception_node] /perception/obstacles:obstacle_count: Value 2.0000 deviated from baseline 3.0000±0.0909 (z=11.0, confirmed x3) (sev=1.00)
[monitor_node-6] [WARN] [1789950837.793955865] [diagnostic_monitor]: ANOMALY on [perception_node] /perception/obstacles:obstacle_count: Value 2.0000 deviated from baseline 3.0000±0.0909 (z=11.0, confirmed x4) (sev=1.00)
[monitor_node-6] [WARN] [1789950837.893748911] [diagnostic_monitor]: ANOMALY on [perception_node] /perception/obstacles:obstacle_count: Value 2.0000 deviated from baseline 3.0000±0.0909 (z=11.0, confirmed x5) (sev=1.00)
[monitor_node-6] [WARN] [1789950837.994377509] [diagnostic_monitor]: ANOMALY on [perception_node] /perception/obstacles:obstacle_count: Value 1.0000 deviated from baseline 3.0000±0.0909 (z=22.0, confirmed x6) (sev=1.00)
[monitor_node-6] [WARN] [1789950838.093941474] [diagnostic_monitor]: ANOMALY on [perception_node] /perception/obstacles:obstacle_count: Value 1.0000 deviated from baseline 3.0000±0.0909 (z=22.0, confirmed x7) (sev=1.00)
[monitor_node-6] [WARN] [1789950838.194250421] [diagnostic_monitor]: ANOMALY on [perception_node] /perception/obstacles:obstacle_count: Value 1.0000 deviated from baseline 3.0000±0.0909 (z=22.0, confirmed x8) (sev=1.00)
[monitor_node-6] [WARN] [1789950838.294363300] [diagnostic_monitor]: ANOMALY on [perception_node] /perception/obstacles:obstacle_count: Value 1.0000 deviated from baseline 3.0000±0.0909 (z=22.0, confirmed x9) (sev=1.00)
[monitor_node-6] [WARN] [1789950838.393942322] [diagnostic_monitor]: ANOMALY on [perception_node] /perception/obstacles:obstacle_count: Value 1.0000 deviated from baseline 3.0000±0.0909 (z=22.0, confirmed x10) (sev=1.00)
[monitor_node-6] [WARN] [1789950838.495582742] [diagnostic_monitor]: ANOMALY on [perception_node] /perception/obstacles:obstacle_count: Value 2.0000 deviated from baseline 3.0000±0.0909 (z=11.0, confirmed x11) (sev=1.00)
[monitor_node-6] [WARN] [1789950838.593684617] [diagnostic_monitor]: ANOMALY on [perception_node] /perception/obstacles:obstacle_count: Value 2.0000 deviated from baseline 3.0000±0.0909 (z=11.0, confirmed x12) (sev=1.00)
[monitor_node-6] [WARN] [1789950838.693573939] [diagnostic_monitor]: ANOMALY on [perception_node] /perception/obstacles:obstacle_count: Value 2.0000 deviated from baseline 3.0000±0.0909 (z=11.0, confirmed x13) (sev=1.00)
[monitor_node-6] [WARN] [1789950838.793776015] [diagnostic_monitor]: ANOMALY on [perception_node] /perception/obstacles:obstacle_count: Value 2.0000 deviated from baseline 3.0000±0.0909 (z=11.0, confirmed x14) (sev=1.00)
[monitor_node-6] [WARN] [1789950838.894207256] [diagnostic_monitor]: ANOMALY on [perception_node] /perception/obstacles:obstacle_count: Value 1.0000 deviated from baseline 3.0000±0.0909 (z=22.0, confirmed x15) (sev=1.00)
[monitor_node-6] [WARN] [1789950838.993935388] [diagnostic_monitor]: ANOMALY on [perception_node] /perception/obstacles:obstacle_count: Value 1.0000 deviated from baseline 3.0000±0.0909 (z=22.0, confirmed x16) (sev=1.00)
[monitor_node-6] [WARN] [1789950839.093886291] [diagnostic_monitor]: ANOMALY on [perception_node] /perception/obstacles:obstacle_count: Value 1.0000 deviated from baseline 3.0000±0.0909 (z=22.0, confirmed x17) (sev=1.00)
[monitor_node-6] [WARN] [1789950839.193983476] [diagnostic_monitor]: ANOMALY on [perception_node] /perception/obstacles:obstacle_count: Value 1.0000 deviated from baseline 3.0000±0.0909 (z=22.0, confirmed x18) (sev=1.00)
[monitor_node-6] [WARN] [1789950839.293576642] [diagnostic_monitor]: ANOMALY on [perception_node] /perception/obstacles:obstacle_count: Value 1.0000 deviated from baseline 3.0000±0.0909 (z=22.0, confirmed x19) (sev=1.00)
[monitor_node-6] [WARN] [1789950839.393935651] [diagnostic_monitor]: ANOMALY on [perception_node] /perception/obstacles:obstacle_count: Value 1.0000 deviated from baseline 3.0000±0.0909 (z=22.0, confirmed x20) (sev=1.00)
[monitor_node-6] [WARN] [1789950839.495742329] [diagnostic_monitor]: ANOMALY on [perception_node] /perception/obstacles:obstacle_count: Value 1.0000 deviated from baseline 3.0000±0.0909 (z=22.0, confirmed x21) (sev=1.00)
[monitor_node-6] [WARN] [1789950839.594067826] [diagnostic_monitor]: ANOMALY on [perception_node] /perception/obstacles:obstacle_count: Value 1.0000 deviated from baseline 3.0000±0.0909 (z=22.0, confirmed x22) (sev=1.00)
[monitor_node-6] [WARN] [1789950839.693868523] [diagnostic_monitor]: ANOMALY on [perception_node] /perception/obstacles:obstacle_count: Value 1.0000 deviated from baseline 3.0000±0.0909 (z=22.0, confirmed x23) (sev=1.00)
[monitor_node-6] [WARN] [1789950839.793912159] [diagnostic_monitor]: ANOMALY on [perception_node] /perception/obstacles:obstacle_count: Value 1.0000 deviated from baseline 3.0000±0.0909 (z=22.0, confirmed x24) (sev=1.00)
[monitor_node-6] [WARN] [1789950839.894224221] [diagnostic_monitor]: ANOMALY on [perception_node] /perception/obstacles:obstacle_count: Value 1.0000 deviated from baseline 3.0000±0.0909 (z=22.0, confirmed x25) (sev=1.00)
[monitor_node-6] [WARN] [1789950839.993737993] [diagnostic_monitor]: ANOMALY on [perception_node] /perception/obstacles:obstacle_count: Value 1.0000 deviated from baseline 3.0000±0.0909 (z=22.0, confirmed x26) (sev=1.00)
[monitor_node-6] [WARN] [1789950840.094650380] [diagnostic_monitor]: ANOMALY on [perception_node] /perception/obstacles:obstacle_count: Value 0.0000 deviated from baseline 3.0000±0.0909 (z=33.0, confirmed x27) (sev=1.00)
[monitor_node-6] [WARN] [1789950840.193771134] [diagnostic_monitor]: ANOMALY on [perception_node] /perception/obstacles:obstacle_count: Value 0.0000 deviated from baseline 3.0000±0.0909 (z=33.0, confirmed x28) (sev=1.00)
[monitor_node-6] [WARN] [1789950840.293674476] [diagnostic_monitor]: ANOMALY on [perception_node] /perception/obstacles:obstacle_count: Value 0.0000 deviated from baseline 3.0000±0.0909 (z=33.0, confirmed x29) (sev=1.00)
[monitor_node-6] [WARN] [1789950840.394274400] [diagnostic_monitor]: ANOMALY on [perception_node] /perception/obstacles:obstacle_count: Value 0.0000 deviated from baseline 3.0000±0.0909 (z=33.0, confirmed x30) (sev=1.00)
[monitor_node-6] [WARN] [1789950840.496218682] [diagnostic_monitor]: ANOMALY on [perception_node] /perception/obstacles:obstacle_count: Value 0.0000 deviated from baseline 3.0000±0.0909 (z=33.0, confirmed x31) (sev=1.00)
[monitor_node-6] [WARN] [1789950840.593690822] [diagnostic_monitor]: ANOMALY on [perception_node] /perception/obstacles:obstacle_count: Value 0.0000 deviated from baseline 3.0000±0.0909 (z=33.0, confirmed x32) (sev=1.00)
[monitor_node-6] [WARN] [1789950840.693749308] [diagnostic_monitor]: ANOMALY on [perception_node] /perception/obstacles:obstacle_count: Value 0.0000 deviated from baseline 3.0000±0.0909 (z=33.0, confirmed x33) (sev=1.00)
[monitor_node-6] [WARN] [1789950840.793686251] [diagnostic_monitor]: ANOMALY on [perception_node] /perception/obstacles:obstacle_count: Value 0.0000 deviated from baseline 3.0000±0.0909 (z=33.0, confirmed x34) (sev=1.00)
[monitor_node-6] [WARN] [1789950840.894579350] [diagnostic_monitor]: ANOMALY on [perception_node] /perception/obstacles:obstacle_count: Value 0.0000 deviated from baseline 3.0000±0.0909 (z=33.0, confirmed x35) (sev=1.00)
[monitor_node-6] [WARN] [1789950840.994478804] [diagnostic_monitor]: ANOMALY on [perception_node] /perception/obstacles:obstacle_count: Value 0.0000 deviated from baseline 3.0000±0.0909 (z=33.0, confirmed x36) (sev=1.00)
[monitor_node-6] [WARN] [1789950841.094092583] [diagnostic_monitor]: ANOMALY on [perception_node] /perception/obstacles:obstacle_count: Value 0.0000 deviated from baseline 3.0000±0.0909 (z=33.0, confirmed x37) (sev=1.00)
[monitor_node-6] [WARN] [1789950841.194120023] [diagnostic_monitor]: ANOMALY on [perception_node] /perception/obstacles:obstacle_count: Value 0.0000 deviated from baseline 3.0000±0.0909 (z=33.0, confirmed x38) (sev=1.00)
[monitor_node-6] [WARN] [1789950841.293822714] [diagnostic_monitor]: ANOMALY on [perception_node] /perception/obstacles:obstacle_count: Value 0.0000 deviated from baseline 3.0000±0.0909 (z=33.0, confirmed x39) (sev=1.00)
[monitor_node-6] [WARN] [1789950841.393939126] [diagnostic_monitor]: ANOMALY on [perception_node] /perception/obstacles:obstacle_count: Value 0.0000 deviated from baseline 3.0000±0.0909 (z=33.0, confirmed x40) (sev=1.00)
[monitor_node-6] [WARN] [1789950841.495703783] [diagnostic_monitor]: ANOMALY on [perception_node] /perception/obstacles:obstacle_count: Value 0.0000 deviated from baseline 3.0000±0.0909 (z=33.0, confirmed x41) (sev=1.00)
[monitor_node-6] [WARN] [1789950841.593490452] [diagnostic_monitor]: ANOMALY on [perception_node] /perception/obstacles:obstacle_count: Value 0.0000 deviated from baseline 3.0000±0.0909 (z=33.0, confirmed x42) (sev=1.00)
[monitor_node-6] [WARN] [1789950841.694751387] [diagnostic_monitor]: ANOMALY on [perception_node] /perception/obstacles:obstacle_count: Value 0.0000 deviated from baseline 3.0000±0.0909 (z=33.0, confirmed x43) (sev=1.00)
[monitor_node-6] [WARN] [1789950841.794155318] [diagnostic_monitor]: ANOMALY on [perception_node] /perception/obstacles:obstacle_count: Value 0.0000 deviated from baseline 3.0000±0.0909 (z=33.0, confirmed x44) (sev=1.00)
[monitor_node-6] [WARN] [1789950841.893796065] [diagnostic_monitor]: ANOMALY on [perception_node] /perception/obstacles:obstacle_count: Value 0.0000 deviated from baseline 3.0000±0.0909 (z=33.0, confirmed x45) (sev=1.00)
[monitor_node-6] [WARN] [1789950841.995233478] [diagnostic_monitor]: ANOMALY on [perception_node] /perception/obstacles:obstacle_count: Value 0.0000 deviated from baseline 3.0000±0.0909 (z=33.0, confirmed x46) (sev=1.00)
[monitor_node-6] [WARN] [1789950842.093890649] [diagnostic_monitor]: ANOMALY on [perception_node] /perception/obstacles:obstacle_count: Value 1.0000 deviated from baseline 3.0000±0.0909 (z=22.0, confirmed x47) (sev=1.00)
[monitor_node-6] [WARN] [1789950842.194142649] [diagnostic_monitor]: ANOMALY on [perception_node] /perception/obstacles:obstacle_count: Value 1.0000 deviated from baseline 3.0000±0.0909 (z=22.0, confirmed x48) (sev=1.00)
[monitor_node-6] [WARN] [1789950842.294617483] [diagnostic_monitor]: ANOMALY on [perception_node] /perception/obstacles:obstacle_count: Value 1.0000 deviated from baseline 3.0000±0.0909 (z=22.0, confirmed x49) (sev=1.00)
[monitor_node-6] [WARN] [1789950842.393994622] [diagnostic_monitor]: ANOMALY on [perception_node] /perception/obstacles:obstacle_count: Value 1.0000 deviated from baseline 3.0000±0.0909 (z=22.0, confirmed x50) (sev=1.00)
[monitor_node-6] [WARN] [1789950842.495906900] [diagnostic_monitor]: ANOMALY on [perception_node] /perception/obstacles:obstacle_count: Value 1.0000 deviated from baseline 3.0000±0.0909 (z=22.0, confirmed x51) (sev=1.00)
[monitor_node-6] [WARN] [1789950842.594141112] [diagnostic_monitor]: ANOMALY on [perception_node] /perception/obstacles:obstacle_count: Value 1.0000 deviated from baseline 3.0000±0.0909 (z=22.0, confirmed x52) (sev=1.00)
[monitor_node-6] [WARN] [1789950842.694061850] [diagnostic_monitor]: ANOMALY on [perception_node] /perception/obstacles:obstacle_count: Value 1.0000 deviated from baseline 3.0000±0.0909 (z=22.0, confirmed x53) (sev=1.00)
[monitor_node-6] [WARN] [1789950842.793577987] [diagnostic_monitor]: ANOMALY on [perception_node] /perception/obstacles:obstacle_count: Value 1.0000 deviated from baseline 3.0000±0.0909 (z=22.0, confirmed x54) (sev=1.00)
[monitor_node-6] [WARN] [1789950842.893938336] [diagnostic_monitor]: ANOMALY on [perception_node] /perception/obstacles:obstacle_count: Value 1.0000 deviated from baseline 3.0000±0.0909 (z=22.0, confirmed x55) (sev=1.00)
[monitor_node-6] [WARN] [1789950842.994408002] [diagnostic_monitor]: ANOMALY on [perception_node] /perception/obstacles:obstacle_count: Value 1.0000 deviated from baseline 3.0000±0.0909 (z=22.0, confirmed x56) (sev=1.00)
[monitor_node-6] [WARN] [1789950843.093927535] [diagnostic_monitor]: ANOMALY on [perception_node] /perception/obstacles:obstacle_count: Value 1.0000 deviated from baseline 3.0000±0.0909 (z=22.0, confirmed x57) (sev=1.00)
[monitor_node-6] [WARN] [1789950843.194558277] [diagnostic_monitor]: ANOMALY on [perception_node] /perception/obstacles:obstacle_count: Value 1.0000 deviated from baseline 3.0000±0.0909 (z=22.0, confirmed x58) (sev=1.00)
[monitor_node-6] [WARN] [1789950843.293853675] [diagnostic_monitor]: ANOMALY on [perception_node] /perception/obstacles:obstacle_count: Value 1.0000 deviated from baseline 3.0000±0.0909 (z=22.0, confirmed x59) (sev=1.00)
[monitor_node-6] [WARN] [1789950843.394148598] [diagnostic_monitor]: ANOMALY on [perception_node] /perception/obstacles:obstacle_count: Value 1.0000 deviated from baseline 3.0000±0.0909 (z=22.0, confirmed x60) (sev=1.00)
[monitor_node-6] [WARN] [1789950843.507981860] [diagnostic_monitor]: ANOMALY on [perception_node] /perception/obstacles:obstacle_count: Value 1.0000 deviated from baseline 3.0000±0.0909 (z=22.0, confirmed x61) (sev=1.00)
[monitor_node-6] [WARN] [1789950843.593825896] [diagnostic_monitor]: ANOMALY on [perception_node] /perception/obstacles:obstacle_count: Value 1.0000 deviated from baseline 3.0000±0.0909 (z=22.0, confirmed x62) (sev=1.00)
[monitor_node-6] [WARN] [1789950843.693898031] [diagnostic_monitor]: ANOMALY on [perception_node] /perception/obstacles:obstacle_count: Value 1.0000 deviated from baseline 3.0000±0.0909 (z=22.0, confirmed x63) (sev=1.00)
[monitor_node-6] [WARN] [1789950843.794056053] [diagnostic_monitor]: ANOMALY on [perception_node] /perception/obstacles:obstacle_count: Value 2.0000 deviated from baseline 3.0000±0.0909 (z=11.0, confirmed x64) (sev=1.00)
[monitor_node-6] [WARN] [1789950843.894307881] [diagnostic_monitor]: ANOMALY on [perception_node] /perception/obstacles:obstacle_count: Value 2.0000 deviated from baseline 3.0000±0.0909 (z=11.0, confirmed x65) (sev=1.00)
[monitor_node-6] [WARN] [1789950843.994576296] [diagnostic_monitor]: ANOMALY on [perception_node] /perception/obstacles:obstacle_count: Value 2.0000 deviated from baseline 3.0000±0.0909 (z=11.0, confirmed x66) (sev=1.00)
[monitor_node-6] [WARN] [1789950844.093658788] [diagnostic_monitor]: ANOMALY on [perception_node] /perception/obstacles:obstacle_count: Value 2.0000 deviated from baseline 3.0000±0.0909 (z=11.0, confirmed x67) (sev=1.00)
[monitor_node-6] [WARN] [1789950844.193650799] [diagnostic_monitor]: ANOMALY on [perception_node] /perception/obstacles:obstacle_count: Value 2.0000 deviated from baseline 3.0000±0.0909 (z=11.0, confirmed x68) (sev=1.00)
[monitor_node-6] [WARN] [1789950844.294210397] [diagnostic_monitor]: ANOMALY on [perception_node] /perception/obstacles:obstacle_count: Value 2.0000 deviated from baseline 3.0000±0.0909 (z=11.0, confirmed x69) (sev=1.00)
[monitor_node-6] [WARN] [1789950844.394145649] [diagnostic_monitor]: ANOMALY on [perception_node] /perception/obstacles:obstacle_count: Value 2.0000 deviated from baseline 3.0000±0.0909 (z=11.0, confirmed x70) (sev=1.00)
[monitor_node-6] [WARN] [1789950844.495657232] [diagnostic_monitor]: ANOMALY on [perception_node] /perception/obstacles:obstacle_count: Value 2.0000 deviated from baseline 3.0000±0.0909 (z=11.0, confirmed x71) (sev=1.00)
[monitor_node-6] [WARN] [1789950844.593610196] [diagnostic_monitor]: ANOMALY on [perception_node] /perception/obstacles:obstacle_count: Value 2.0000 deviated from baseline 3.0000±0.0909 (z=11.0, confirmed x72) (sev=1.00)
[monitor_node-6] [WARN] [1789950844.694225613] [diagnostic_monitor]: ANOMALY on [perception_node] /perception/obstacles:obstacle_count: Value 2.0000 deviated from baseline 3.0000±0.0909 (z=11.0, confirmed x73) (sev=1.00)
[monitor_node-6] [WARN] [1789950844.793917355] [diagnostic_monitor]: ANOMALY on [perception_node] /perception/obstacles:obstacle_count: Value 2.0000 deviated from baseline 3.0000±0.0909 (z=11.0, confirmed x74) (sev=1.00)
[monitor_node-6] [WARN] [1789950844.893995420] [diagnostic_monitor]: ANOMALY on [perception_node] /perception/obstacles:obstacle_count: Value 2.0000 deviated from baseline 3.0000±0.0909 (z=11.0, confirmed x75) (sev=1.00)
[monitor_node-6] [WARN] [1789950844.994268289] [diagnostic_monitor]: ANOMALY on [perception_node] /perception/obstacles:obstacle_count: Value 2.0000 deviated from baseline 3.0000±0.0909 (z=11.0, confirmed x76) (sev=1.00)
[monitor_node-6] [WARN] [1789950845.093925123] [diagnostic_monitor]: ANOMALY on [perception_node] /perception/obstacles:obstacle_count: Value 2.0000 deviated from baseline 3.0000±0.0909 (z=11.0, confirmed x77) (sev=1.00)
[monitor_node-6] [WARN] [1789950845.194086139] [diagnostic_monitor]: ANOMALY on [perception_node] /perception/obstacles:obstacle_count: Value 2.0000 deviated from baseline 3.0000±0.0909 (z=11.0, confirmed x78) (sev=1.00)
[monitor_node-6] [WARN] [1789950845.294079712] [diagnostic_monitor]: ANOMALY on [perception_node] /perception/obstacles:obstacle_count: Value 2.0000 deviated from baseline 3.0000±0.0909 (z=11.0, confirmed x79) (sev=1.00)
[monitor_node-6] [WARN] [1789950845.393936744] [diagnostic_monitor]: ANOMALY on [perception_node] /perception/obstacles:obstacle_count: Value 2.0000 deviated from baseline 3.0000±0.0909 (z=11.0, confirmed x80) (sev=1.00)
[monitor_node-6] [WARN] [1789950845.496630938] [diagnostic_monitor]: ANOMALY on [perception_node] /perception/obstacles:obstacle_count: Value 2.0000 deviated from baseline 3.0000±0.0909 (z=11.0, confirmed x81) (sev=1.00)
[monitor_node-6] [WARN] [1789950845.593873435] [diagnostic_monitor]: ANOMALY on [perception_node] /perception/obstacles:obstacle_count: Value 1.0000 deviated from baseline 3.0000±0.0909 (z=22.0, confirmed x82) (sev=1.00)
[monitor_node-6] [WARN] [1789950845.693778612] [diagnostic_monitor]: ANOMALY on [perception_node] /perception/obstacles:obstacle_count: Value 1.0000 deviated from baseline 3.0000±0.0909 (z=22.0, confirmed x83) (sev=1.00)
[monitor_node-6] [WARN] [1789950845.793925912] [diagnostic_monitor]: ANOMALY on [perception_node] /perception/obstacles:obstacle_count: Value 1.0000 deviated from baseline 3.0000±0.0909 (z=22.0, confirmed x84) (sev=1.00)
[monitor_node-6] [WARN] [1789950845.893604811] [diagnostic_monitor]: ANOMALY on [perception_node] /perception/obstacles:obstacle_count: Value 1.0000 deviated from baseline 3.0000±0.0909 (z=22.0, confirmed x85) (sev=1.00)
[monitor_node-6] [WARN] [1789950845.994182698] [diagnostic_monitor]: ANOMALY on [perception_node] /perception/obstacles:obstacle_count: Value 1.0000 deviated from baseline 3.0000±0.0909 (z=22.0, confirmed x86) (sev=1.00)
[monitor_node-6] [WARN] [1789950846.093787075] [diagnostic_monitor]: ANOMALY on [perception_node] /perception/obstacles:obstacle_count: Value 1.0000 deviated from baseline 3.0000±0.0909 (z=22.0, confirmed x87) (sev=1.00)
[monitor_node-6] [WARN] [1789950846.193708950] [diagnostic_monitor]: ANOMALY on [perception_node] /perception/obstacles:obstacle_count: Value 1.0000 deviated from baseline 3.0000±0.0909 (z=22.0, confirmed x88) (sev=1.00)
[monitor_node-6] [WARN] [1789950846.294099307] [diagnostic_monitor]: ANOMALY on [perception_node] /perception/obstacles:obstacle_count: Value 1.0000 deviated from baseline 3.0000±0.0909 (z=22.0, confirmed x89) (sev=1.00)
[monitor_node-6] [WARN] [1789950846.394605875] [diagnostic_monitor]: ANOMALY on [perception_node] /perception/obstacles:obstacle_count: Value 1.0000 deviated from baseline 3.0000±0.0909 (z=22.0, confirmed x90) (sev=1.00)
[monitor_node-6] [WARN] [1789950846.495994454] [diagnostic_monitor]: ANOMALY on [perception_node] /perception/obstacles:obstacle_count: Value 1.0000 deviated from baseline 3.0000±0.0909 (z=22.0, confirmed x91) (sev=1.00)
[monitor_node-6] [WARN] [1789950846.593743883] [diagnostic_monitor]: ANOMALY on [perception_node] /perception/obstacles:obstacle_count: Value 1.0000 deviated from baseline 3.0000±0.0909 (z=22.0, confirmed x92) (sev=1.00)
[monitor_node-6] [WARN] [1789950846.693892407] [diagnostic_monitor]: ANOMALY on [perception_node] /perception/obstacles:obstacle_count: Value 1.0000 deviated from baseline 3.0000±0.0909 (z=22.0, confirmed x93) (sev=1.00)
[monitor_node-6] [WARN] [1789950846.793755666] [diagnostic_monitor]: ANOMALY on [perception_node] /perception/obstacles:obstacle_count: Value 1.0000 deviated from baseline 3.0000±0.0909 (z=22.0, confirmed x94) (sev=1.00)
[monitor_node-6] [WARN] [1789950846.893821757] [diagnostic_monitor]: ANOMALY on [perception_node] /perception/obstacles:obstacle_count: Value 1.0000 deviated from baseline 3.0000±0.0909 (z=22.0, confirmed x95) (sev=1.00)
[monitor_node-6] [WARN] [1789950846.994466009] [diagnostic_monitor]: ANOMALY on [perception_node] /perception/obstacles:obstacle_count: Value 1.0000 deviated from baseline 3.0000±0.0909 (z=22.0, confirmed x96) (sev=1.00)
[monitor_node-6] [WARN] [1789950847.093603823] [diagnostic_monitor]: ANOMALY on [perception_node] /perception/obstacles:obstacle_count: Value 1.0000 deviated from baseline 3.0000±0.0909 (z=22.0, confirmed x97) (sev=1.00)
[monitor_node-6] [WARN] [1789950847.194207091] [diagnostic_monitor]: ANOMALY on [perception_node] /perception/obstacles:obstacle_count: Value 1.0000 deviated from baseline 3.0000±0.0909 (z=22.0, confirmed x98) (sev=1.00)
[monitor_node-6] [WARN] [1789950847.293713606] [diagnostic_monitor]: ANOMALY on [perception_node] /perception/obstacles:obstacle_count: Value 1.0000 deviated from baseline 3.0000±0.0909 (z=22.0, confirmed x99) (sev=1.00)
[monitor_node-6] [WARN] [1789950847.393858193] [diagnostic_monitor]: ANOMALY on [perception_node] /perception/obstacles:obstacle_count: Value 1.0000 deviated from baseline 3.0000±0.0909 (z=22.0, confirmed x100) (sev=1.00)
[monitor_node-6] [WARN] [1789950847.497625355] [diagnostic_monitor]: ANOMALY on [perception_node] /perception/obstacles:obstacle_count: Value 1.0000 deviated from baseline 3.0000±0.0909 (z=22.0, confirmed x101) (sev=1.00)
[monitor_node-6] [WARN] [1789950847.593470846] [diagnostic_monitor]: ANOMALY on [perception_node] /perception/obstacles:obstacle_count: Value 1.0000 deviated from baseline 3.0000±0.0909 (z=22.0, confirmed x102) (sev=1.00)
[monitor_node-6] [WARN] [1789950847.693616642] [diagnostic_monitor]: ANOMALY on [perception_node] /perception/obstacles:obstacle_count: Value 1.0000 deviated from baseline 3.0000±0.0909 (z=22.0, confirmed x103) (sev=1.00)
[monitor_node-6] [WARN] [1789950847.794110637] [diagnostic_monitor]: ANOMALY on [perception_node] /perception/obstacles:obstacle_count: Value 1.0000 deviated from baseline 3.0000±0.0909 (z=22.0, confirmed x104) (sev=1.00)
[monitor_node-6] [WARN] [1789950847.894159815] [diagnostic_monitor]: ANOMALY on [perception_node] /perception/obstacles:obstacle_count: Value 1.0000 deviated from baseline 3.0000±0.0909 (z=22.0, confirmed x105) (sev=1.00)
[monitor_node-6] [WARN] [1789950847.994053757] [diagnostic_monitor]: ANOMALY on [perception_node] /perception/obstacles:obstacle_count: Value 1.0000 deviated from baseline 3.0000±0.0909 (z=22.0, confirmed x106) (sev=1.00)
[monitor_node-6] [WARN] [1789950848.093643405] [diagnostic_monitor]: ANOMALY on [perception_node] /perception/obstacles:obstacle_count: Value 1.0000 deviated from baseline 3.0000±0.0909 (z=22.0, confirmed x107) (sev=1.00)
[monitor_node-6] [WARN] [1789950848.193929830] [diagnostic_monitor]: ANOMALY on [perception_node] /perception/obstacles:obstacle_count: Value 1.0000 deviated from baseline 3.0000±0.0909 (z=22.0, confirmed x108) (sev=1.00)
[monitor_node-6] [WARN] [1789950848.293494750] [diagnostic_monitor]: ANOMALY on [perception_node] /perception/obstacles:obstacle_count: Value 1.0000 deviated from baseline 3.0000±0.0909 (z=22.0, confirmed x109) (sev=1.00)
[monitor_node-6] [WARN] [1789950848.393948657] [diagnostic_monitor]: ANOMALY on [perception_node] /perception/obstacles:obstacle_count: Value 1.0000 deviated from baseline 3.0000±0.0909 (z=22.0, confirmed x110) (sev=1.00)
[monitor_node-6] [WARN] [1789950848.496047595] [diagnostic_monitor]: ANOMALY on [perception_node] /perception/obstacles:obstacle_count: Value 1.0000 deviated from baseline 3.0000±0.0909 (z=22.0, confirmed x111) (sev=1.00)
[monitor_node-6] [WARN] [1789950848.593491460] [diagnostic_monitor]: ANOMALY on [perception_node] /perception/obstacles:obstacle_count: Value 1.0000 deviated from baseline 3.0000±0.0909 (z=22.0, confirmed x112) (sev=1.00)
[monitor_node-6] [WARN] [1789950848.693932674] [diagnostic_monitor]: ANOMALY on [perception_node] /perception/obstacles:obstacle_count: Value 1.0000 deviated from baseline 3.0000±0.0909 (z=22.0, confirmed x113) (sev=1.00)
[monitor_node-6] [WARN] [1789950848.793945907] [diagnostic_monitor]: ANOMALY on [perception_node] /perception/obstacles:obstacle_count: Value 1.0000 deviated from baseline 3.0000±0.0909 (z=22.0, confirmed x114) (sev=1.00)
[monitor_node-6] [WARN] [1789950848.894236181] [diagnostic_monitor]: ANOMALY on [perception_node] /perception/obstacles:obstacle_count: Value 1.0000 deviated from baseline 3.0000±0.0909 (z=22.0, confirmed x115) (sev=1.00)
[monitor_node-6] [WARN] [1789950848.994256453] [diagnostic_monitor]: ANOMALY on [perception_node] /perception/obstacles:obstacle_count: Value 1.0000 deviated from baseline 3.0000±0.0909 (z=22.0, confirmed x116) (sev=1.00)
[monitor_node-6] [WARN] [1789950849.094032661] [diagnostic_monitor]: ANOMALY on [perception_node] /perception/obstacles:obstacle_count: Value 1.0000 deviated from baseline 3.0000±0.0909 (z=22.0, confirmed x117) (sev=1.00)
[monitor_node-6] [WARN] [1789950849.193906972] [diagnostic_monitor]: ANOMALY on [perception_node] /perception/obstacles:obstacle_count: Value 2.0000 deviated from baseline 3.0000±0.0909 (z=11.0, confirmed x118) (sev=1.00)
[monitor_node-6] [WARN] [1789950849.294103637] [diagnostic_monitor]: ANOMALY on [perception_node] /perception/obstacles:obstacle_count: Value 2.0000 deviated from baseline 3.0000±0.0909 (z=11.0, confirmed x119) (sev=1.00)
[monitor_node-6] [WARN] [1789950849.393735043] [diagnostic_monitor]: ANOMALY on [perception_node] /perception/obstacles:obstacle_count: Value 2.0000 deviated from baseline 3.0000±0.0909 (z=11.0, confirmed x120) (sev=1.00)
[monitor_node-6] [WARN] [1789950849.496522556] [diagnostic_monitor]: ANOMALY on [perception_node] /perception/obstacles:obstacle_count: Value 2.0000 deviated from baseline 3.0000±0.0909 (z=11.0, confirmed x121) (sev=1.00)
[monitor_node-6] [WARN] [1789950849.594041227] [diagnostic_monitor]: ANOMALY on [perception_node] /perception/obstacles:obstacle_count: Value 2.0000 deviated from baseline 3.0000±0.0909 (z=11.0, confirmed x122) (sev=1.00)
[monitor_node-6] [WARN] [1789950849.693936618] [diagnostic_monitor]: ANOMALY on [perception_node] /perception/obstacles:obstacle_count: Value 2.0000 deviated from baseline 3.0000±0.0909 (z=11.0, confirmed x123) (sev=1.00)
[monitor_node-6] [WARN] [1789950849.794300659] [diagnostic_monitor]: ANOMALY on [perception_node] /perception/obstacles:obstacle_count: Value 2.0000 deviated from baseline 3.0000±0.0909 (z=11.0, confirmed x124) (sev=1.00)
[monitor_node-6] [WARN] [1789950849.893749318] [diagnostic_monitor]: ANOMALY on [perception_node] /perception/obstacles:obstacle_count: Value 2.0000 deviated from baseline 3.0000±0.0909 (z=11.0, confirmed x125) (sev=1.00)
[monitor_node-6] [WARN] [1789950849.993885526] [diagnostic_monitor]: ANOMALY on [perception_node] /perception/obstacles:obstacle_count: Value 2.0000 deviated from baseline 3.0000±0.0909 (z=11.0, confirmed x126) (sev=1.00)
[monitor_node-6] [WARN] [1789950850.093403119] [diagnostic_monitor]: ANOMALY on [perception_node] /perception/obstacles:obstacle_count: Value 2.0000 deviated from baseline 3.0000±0.0909 (z=11.0, confirmed x127) (sev=1.00)
[monitor_node-6] [WARN] [1789950850.194079868] [diagnostic_monitor]: ANOMALY on [perception_node] /perception/obstacles:obstacle_count: Value 2.0000 deviated from baseline 3.0000±0.0909 (z=11.0, confirmed x128) (sev=1.00)
[monitor_node-6] [WARN] [1789950850.293612594] [diagnostic_monitor]: ANOMALY on [perception_node] /perception/obstacles:obstacle_count: Value 2.0000 deviated from baseline 3.0000±0.0909 (z=11.0, confirmed x129) (sev=1.00)
[monitor_node-6] [WARN] [1789950850.393663507] [diagnostic_monitor]: ANOMALY on [perception_node] /perception/obstacles:obstacle_count: Value 2.0000 deviated from baseline 3.0000±0.0909 (z=11.0, confirmed x130) (sev=1.00)
[monitor_node-6] [WARN] [1789950850.496406662] [diagnostic_monitor]: ANOMALY on [perception_node] /perception/obstacles:obstacle_count: Value 2.0000 deviated from baseline 3.0000±0.0909 (z=11.0, confirmed x131) (sev=1.00)
[monitor_node-6] [WARN] [1789950850.593478449] [diagnostic_monitor]: ANOMALY on [perception_node] /perception/obstacles:obstacle_count: Value 2.0000 deviated from baseline 3.0000±0.0909 (z=11.0, confirmed x132) (sev=1.00)
[monitor_node-6] [WARN] [1789950850.693969883] [diagnostic_monitor]: ANOMALY on [perception_node] /perception/obstacles:obstacle_count: Value 2.0000 deviated from baseline 3.0000±0.0909 (z=11.0, confirmed x133) (sev=1.00)
[monitor_node-6] [WARN] [1789950850.793867296] [diagnostic_monitor]: ANOMALY on [perception_node] /perception/obstacles:obstacle_count: Value 2.0000 deviated from baseline 3.0000±0.0909 (z=11.0, confirmed x134) (sev=1.00)
[monitor_node-6] [WARN] [1789950850.893475448] [diagnostic_monitor]: ANOMALY on [perception_node] /perception/obstacles:obstacle_count: Value 2.0000 deviated from baseline 3.0000±0.0909 (z=11.0, confirmed x135) (sev=1.00)
[monitor_node-6] [WARN] [1789950850.994550716] [diagnostic_monitor]: ANOMALY on [perception_node] /perception/obstacles:obstacle_count: Value 2.0000 deviated from baseline 3.0000±0.0909 (z=11.0, confirmed x136) (sev=1.00)
[monitor_node-6] [WARN] [1789950851.094283063] [diagnostic_monitor]: ANOMALY on [perception_node] /perception/obstacles:obstacle_count: Value 2.0000 deviated from baseline 3.0000±0.0909 (z=11.0, confirmed x137) (sev=1.00)
[monitor_node-6] [WARN] [1789950851.193869095] [diagnostic_monitor]: ANOMALY on [perception_node] /perception/obstacles:obstacle_count: Value 2.0000 deviated from baseline 3.0000±0.0909 (z=11.0, confirmed x138) (sev=1.00)
[monitor_node-6] [WARN] [1789950851.293929800] [diagnostic_monitor]: ANOMALY on [perception_node] /perception/obstacles:obstacle_count: Value 2.0000 deviated from baseline 3.0000±0.0909 (z=11.0, confirmed x139) (sev=1.00)
[monitor_node-6] [WARN] [1789950851.394061085] [diagnostic_monitor]: ANOMALY on [perception_node] /perception/obstacles:obstacle_count: Value 2.0000 deviated from baseline 3.0000±0.0909 (z=11.0, confirmed x140) (sev=1.00)
[monitor_node-6] [WARN] [1789950851.496084657] [diagnostic_monitor]: ANOMALY on [perception_node] /perception/obstacles:obstacle_count: Value 2.0000 deviated from baseline 3.0000±0.0909 (z=11.0, confirmed x141) (sev=1.00)
[monitor_node-6] [WARN] [1789950851.593907409] [diagnostic_monitor]: ANOMALY on [perception_node] /perception/obstacles:obstacle_count: Value 2.0000 deviated from baseline 3.0000±0.0909 (z=11.0, confirmed x142) (sev=1.00)
[monitor_node-6] [WARN] [1789950851.693809347] [diagnostic_monitor]: ANOMALY on [perception_node] /perception/obstacles:obstacle_count: Value 2.0000 deviated from baseline 3.0000±0.0909 (z=11.0, confirmed x143) (sev=1.00)
[monitor_node-6] [WARN] [1789950851.794151696] [diagnostic_monitor]: ANOMALY on [perception_node] /perception/obstacles:obstacle_count: Value 2.0000 deviated from baseline 3.0000±0.0909 (z=11.0, confirmed x144) (sev=1.00)
[monitor_node-6] [WARN] [1789950851.893572189] [diagnostic_monitor]: ANOMALY on [perception_node] /perception/obstacles:obstacle_count: Value 2.0000 deviated from baseline 3.0000±0.0909 (z=11.0, confirmed x145) (sev=1.00)
[monitor_node-6] [WARN] [1789950851.994173018] [diagnostic_monitor]: ANOMALY on [perception_node] /perception/obstacles:obstacle_count: Value 2.0000 deviated from baseline 3.0000±0.0909 (z=11.0, confirmed x146) (sev=1.00)
[monitor_node-6] [WARN] [1789950852.093559488] [diagnostic_monitor]: ANOMALY on [perception_node] /perception/obstacles:obstacle_count: Value 2.0000 deviated from baseline 3.0000±0.0909 (z=11.0, confirmed x147) (sev=1.00)
[monitor_node-6] [WARN] [1789950852.194134607] [diagnostic_monitor]: ANOMALY on [perception_node] /perception/obstacles:obstacle_count: Value 2.0000 deviated from baseline 3.0000±0.0909 (z=11.0, confirmed x148) (sev=1.00)
[monitor_node-6] [WARN] [1789950852.294317709] [diagnostic_monitor]: ANOMALY on [perception_node] /perception/obstacles:obstacle_count: Value 2.0000 deviated from baseline 3.0000±0.0909 (z=11.0, confirmed x149) (sev=1.00)
[monitor_node-6] [WARN] [1789950852.393799082] [diagnostic_monitor]: ANOMALY on [perception_node] /perception/obstacles:obstacle_count: Value 2.0000 deviated from baseline 3.0000±0.0909 (z=11.0, confirmed x150) (sev=1.00)
[monitor_node-6] [WARN] [1789950852.505596202] [diagnostic_monitor]: ANOMALY on [perception_node] /perception/obstacles:obstacle_count: Value 2.0000 deviated from baseline 3.0000±0.0909 (z=11.0, confirmed x151) (sev=1.00)
[monitor_node-6] [WARN] [1789950852.594078525] [diagnostic_monitor]: ANOMALY on [perception_node] /perception/obstacles:obstacle_count: Value 2.0000 deviated from baseline 3.0000±0.0909 (z=11.0, confirmed x152) (sev=1.00)
[monitor_node-6] [WARN] [1789950852.693673642] [diagnostic_monitor]: ANOMALY on [perception_node] /perception/obstacles:obstacle_count: Value 2.0000 deviated from baseline 3.0000±0.0909 (z=11.0, confirmed x153) (sev=1.00)
[monitor_node-6] [WARN] [1789950852.794290983] [diagnostic_monitor]: ANOMALY on [perception_node] /perception/obstacles:obstacle_count: Value 2.0000 deviated from baseline 3.0000±0.0909 (z=11.0, confirmed x154) (sev=1.00)
[monitor_node-6] [WARN] [1789950852.894226998] [diagnostic_monitor]: ANOMALY on [perception_node] /perception/obstacles:obstacle_count: Value 2.0000 deviated from baseline 3.0000±0.0909 (z=11.0, confirmed x155) (sev=1.00)
[monitor_node-6] [WARN] [1789950852.995494132] [diagnostic_monitor]: ANOMALY on [perception_node] /perception/obstacles:obstacle_count: Value 2.0000 deviated from baseline 3.0000±0.0909 (z=11.0, confirmed x156) (sev=1.00)
[monitor_node-6] [WARN] [1789950853.094917194] [diagnostic_monitor]: ANOMALY on [perception_node] /perception/obstacles:obstacle_count: Value 2.0000 deviated from baseline 3.0000±0.0909 (z=11.0, confirmed x157) (sev=1.00)
[monitor_node-6] [WARN] [1789950853.193683586] [diagnostic_monitor]: ANOMALY on [perception_node] /perception/obstacles:obstacle_count: Value 2.0000 deviated from baseline 3.0000±0.0909 (z=11.0, confirmed x158) (sev=1.00)
[monitor_node-6] [WARN] [1789950853.294517016] [diagnostic_monitor]: ANOMALY on [perception_node] /perception/obstacles:obstacle_count: Value 2.0000 deviated from baseline 3.0000±0.0909 (z=11.0, confirmed x159) (sev=1.00)
[monitor_node-6] [WARN] [1789950853.394324102] [diagnostic_monitor]: ANOMALY on [perception_node] /perception/obstacles:obstacle_count: Value 2.0000 deviated from baseline 3.0000±0.0909 (z=11.0, confirmed x160) (sev=1.00)
[monitor_node-6] [WARN] [1789950853.496417491] [diagnostic_monitor]: ANOMALY on [perception_node] /perception/obstacles:obstacle_count: Value 2.0000 deviated from baseline 3.0000±0.0909 (z=11.0, confirmed x161) (sev=1.00)
[monitor_node-6] [WARN] [1789950853.593599262] [diagnostic_monitor]: ANOMALY on [perception_node] /perception/obstacles:obstacle_count: Value 2.0000 deviated from baseline 3.0000±0.0909 (z=11.0, confirmed x162) (sev=1.00)
[monitor_node-6] [WARN] [1789950853.694498698] [diagnostic_monitor]: ANOMALY on [perception_node] /perception/obstacles:obstacle_count: Value 2.0000 deviated from baseline 3.0000±0.0909 (z=11.0, confirmed x163) (sev=1.00)
[monitor_node-6] [WARN] [1789950853.793833829] [diagnostic_monitor]: ANOMALY on [perception_node] /perception/obstacles:obstacle_count: Value 2.0000 deviated from baseline 3.0000±0.0909 (z=11.0, confirmed x164) (sev=1.00)
[monitor_node-6] [WARN] [1789950853.893952686] [diagnostic_monitor]: ANOMALY on [perception_node] /perception/obstacles:obstacle_count: Value 2.0000 deviated from baseline 3.0000±0.0909 (z=11.0, confirmed x165) (sev=1.00)
[monitor_node-6] [WARN] [1789950853.994510692] [diagnostic_monitor]: ANOMALY on [perception_node] /perception/obstacles:obstacle_count: Value 2.0000 deviated from baseline 3.0000±0.0909 (z=11.0, confirmed x166) (sev=1.00)
[monitor_node-6] [WARN] [1789950854.094371079] [diagnostic_monitor]: ANOMALY on [perception_node] /perception/obstacles:obstacle_count: Value 2.0000 deviated from baseline 3.0000±0.0909 (z=11.0, confirmed x167) (sev=1.00)
[monitor_node-6] [WARN] [1789950854.193604391] [diagnostic_monitor]: ANOMALY on [perception_node] /perception/obstacles:obstacle_count: Value 2.0000 deviated from baseline 3.0000±0.0909 (z=11.0, confirmed x168) (sev=1.00)
[monitor_node-6] [WARN] [1789950854.293790848] [diagnostic_monitor]: ANOMALY on [perception_node] /perception/obstacles:obstacle_count: Value 2.0000 deviated from baseline 3.0000±0.0909 (z=11.0, confirmed x169) (sev=1.00)
[monitor_node-6] [WARN] [1789950854.393910332] [diagnostic_monitor]: ANOMALY on [perception_node] /perception/obstacles:obstacle_count: Value 1.0000 deviated from baseline 3.0000±0.0909 (z=22.0, confirmed x170) (sev=1.00)
[monitor_node-6] [WARN] [1789950854.495487038] [diagnostic_monitor]: ANOMALY on [perception_node] /perception/obstacles:obstacle_count: Value 1.0000 deviated from baseline 3.0000±0.0909 (z=22.0, confirmed x171) (sev=1.00)
[monitor_node-6] [WARN] [1789950854.593594196] [diagnostic_monitor]: ANOMALY on [perception_node] /perception/obstacles:obstacle_count: Value 1.0000 deviated from baseline 3.0000±0.0909 (z=22.0, confirmed x172) (sev=1.00)
[monitor_node-6] [WARN] [1789950854.694312215] [diagnostic_monitor]: ANOMALY on [perception_node] /perception/obstacles:obstacle_count: Value 1.0000 deviated from baseline 3.0000±0.0909 (z=22.0, confirmed x173) (sev=1.00)
[monitor_node-6] [WARN] [1789950854.793814920] [diagnostic_monitor]: ANOMALY on [perception_node] /perception/obstacles:obstacle_count: Value 1.0000 deviated from baseline 3.0000±0.0909 (z=22.0, confirmed x174) (sev=1.00)
[monitor_node-6] [WARN] [1789950854.893439465] [diagnostic_monitor]: ANOMALY on [perception_node] /perception/obstacles:obstacle_count: Value 1.0000 deviated from baseline 3.0000±0.0909 (z=22.0, confirmed x175) (sev=1.00)
[monitor_node-6] [WARN] [1789950854.994503095] [diagnostic_monitor]: ANOMALY on [perception_node] /perception/obstacles:obstacle_count: Value 1.0000 deviated from baseline 3.0000±0.0909 (z=22.0, confirmed x176) (sev=1.00)
[monitor_node-6] [WARN] [1789950855.093698325] [diagnostic_monitor]: ANOMALY on [perception_node] /perception/obstacles:obstacle_count: Value 1.0000 deviated from baseline 3.0000±0.0909 (z=22.0, confirmed x177) (sev=1.00)
[monitor_node-6] [WARN] [1789950855.194177331] [diagnostic_monitor]: ANOMALY on [perception_node] /perception/obstacles:obstacle_count: Value 1.0000 deviated from baseline 3.0000±0.0909 (z=22.0, confirmed x178) (sev=1.00)
[monitor_node-6] [WARN] [1789950855.293692866] [diagnostic_monitor]: ANOMALY on [perception_node] /perception/obstacles:obstacle_count: Value 1.0000 deviated from baseline 3.0000±0.0909 (z=22.0, confirmed x179) (sev=1.00)
[monitor_node-6] [WARN] [1789950855.394023530] [diagnostic_monitor]: ANOMALY on [perception_node] /perception/obstacles:obstacle_count: Value 1.0000 deviated from baseline 3.0000±0.0909 (z=22.0, confirmed x180) (sev=1.00)
[monitor_node-6] [WARN] [1789950855.496072881] [diagnostic_monitor]: ANOMALY on [perception_node] /perception/obstacles:obstacle_count: Value 1.0000 deviated from baseline 3.0000±0.0909 (z=22.0, confirmed x181) (sev=1.00)
[monitor_node-6] [WARN] [1789950855.593498729] [diagnostic_monitor]: ANOMALY on [perception_node] /perception/obstacles:obstacle_count: Value 1.0000 deviated from baseline 3.0000±0.0909 (z=22.0, confirmed x182) (sev=1.00)
[monitor_node-6] [WARN] [1789950855.694205993] [diagnostic_monitor]: ANOMALY on [perception_node] /perception/obstacles:obstacle_count: Value 1.0000 deviated from baseline 3.0000±0.0909 (z=22.0, confirmed x183) (sev=1.00)
[monitor_node-6] [WARN] [1789950855.793569072] [diagnostic_monitor]: ANOMALY on [perception_node] /perception/obstacles:obstacle_count: Value 1.0000 deviated from baseline 3.0000±0.0909 (z=22.0, confirmed x184) (sev=1.00)
[monitor_node-6] [WARN] [1789950855.893839814] [diagnostic_monitor]: ANOMALY on [perception_node] /perception/obstacles:obstacle_count: Value 1.0000 deviated from baseline 3.0000±0.0909 (z=22.0, confirmed x185) (sev=1.00)
[monitor_node-6] [WARN] [1789950855.994616048] [diagnostic_monitor]: ANOMALY on [perception_node] /perception/obstacles:obstacle_count: Value 1.0000 deviated from baseline 3.0000±0.0909 (z=22.0, confirmed x186) (sev=1.00)
[monitor_node-6] [WARN] [1789950856.093960820] [diagnostic_monitor]: ANOMALY on [perception_node] /perception/obstacles:obstacle_count: Value 1.0000 deviated from baseline 3.0000±0.0909 (z=22.0, confirmed x187) (sev=1.00)
[monitor_node-6] [WARN] [1789950856.193440277] [diagnostic_monitor]: ANOMALY on [perception_node] /perception/obstacles:obstacle_count: Value 1.0000 deviated from baseline 3.0000±0.0909 (z=22.0, confirmed x188) (sev=1.00)
[monitor_node-6] [WARN] [1789950856.293793412] [diagnostic_monitor]: ANOMALY on [perception_node] /perception/obstacles:obstacle_count: Value 1.0000 deviated from baseline 3.0000±0.0909 (z=22.0, confirmed x189) (sev=1.00)
[monitor_node-6] [WARN] [1789950856.393745216] [diagnostic_monitor]: ANOMALY on [perception_node] /perception/obstacles:obstacle_count: Value 1.0000 deviated from baseline 3.0000±0.0909 (z=22.0, confirmed x190) (sev=1.00)
[monitor_node-6] [WARN] [1789950856.495697223] [diagnostic_monitor]: ANOMALY on [perception_node] /perception/obstacles:obstacle_count: Value 1.0000 deviated from baseline 3.0000±0.0909 (z=22.0, confirmed x191) (sev=1.00)
[monitor_node-6] [WARN] [1789950856.593611332] [diagnostic_monitor]: ANOMALY on [perception_node] /perception/obstacles:obstacle_count: Value 1.0000 deviated from baseline 3.0000±0.0909 (z=22.0, confirmed x192) (sev=1.00)
[monitor_node-6] [WARN] [1789950856.693915053] [diagnostic_monitor]: ANOMALY on [perception_node] /perception/obstacles:obstacle_count: Value 1.0000 deviated from baseline 3.0000±0.0909 (z=22.0, confirmed x193) (sev=1.00)
[monitor_node-6] [WARN] [1789950856.793732930] [diagnostic_monitor]: ANOMALY on [perception_node] /perception/obstacles:obstacle_count: Value 1.0000 deviated from baseline 3.0000±0.0909 (z=22.0, confirmed x194) (sev=1.00)
[monitor_node-6] [WARN] [1789950856.893857519] [diagnostic_monitor]: ANOMALY on [perception_node] /perception/obstacles:obstacle_count: Value 1.0000 deviated from baseline 3.0000±0.0909 (z=22.0, confirmed x195) (sev=1.00)
[monitor_node-6] [WARN] [1789950856.994103516] [diagnostic_monitor]: ANOMALY on [perception_node] /perception/obstacles:obstacle_count: Value 1.0000 deviated from baseline 3.0000±0.0909 (z=22.0, confirmed x196) (sev=1.00)
[monitor_node-6] [WARN] [1789950857.093983128] [diagnostic_monitor]: ANOMALY on [perception_node] /perception/obstacles:obstacle_count: Value 1.0000 deviated from baseline 3.0000±0.0909 (z=22.0, confirmed x197) (sev=1.00)
[monitor_node-6] [WARN] [1789950857.194264434] [diagnostic_monitor]: ANOMALY on [perception_node] /perception/obstacles:obstacle_count: Value 1.0000 deviated from baseline 3.0000±0.0909 (z=22.0, confirmed x198) (sev=1.00)
[monitor_node-6] [WARN] [1789950857.294036242] [diagnostic_monitor]: ANOMALY on [perception_node] /perception/obstacles:obstacle_count: Value 1.0000 deviated from baseline 3.0000±0.0909 (z=22.0, confirmed x199) (sev=1.00)
[monitor_node-6] [WARN] [1789950857.394061121] [diagnostic_monitor]: ANOMALY on [perception_node] /perception/obstacles:obstacle_count: Value 1.0000 deviated from baseline 3.0000±0.0909 (z=22.0, confirmed x200) (sev=1.00)
[monitor_node-6] [WARN] [1789950857.495667825] [diagnostic_monitor]: ANOMALY on [perception_node] /perception/obstacles:obstacle_count: Value 2.0000 deviated from baseline 3.0000±0.0909 (z=11.0, confirmed x201) (sev=1.00)
[monitor_node-6] [WARN] [1789950857.593844021] [diagnostic_monitor]: ANOMALY on [perception_node] /perception/obstacles:obstacle_count: Value 2.0000 deviated from baseline 3.0000±0.0909 (z=11.0, confirmed x202) (sev=1.00)
[monitor_node-6] [WARN] [1789950857.694638320] [diagnostic_monitor]: ANOMALY on [perception_node] /perception/obstacles:obstacle_count: Value 2.0000 deviated from baseline 3.0000±0.0909 (z=11.0, confirmed x203) (sev=1.00)
[monitor_node-6] [WARN] [1789950857.794380498] [diagnostic_monitor]: ANOMALY on [perception_node] /perception/obstacles:obstacle_count: Value 2.0000 deviated from baseline 3.0000±0.0909 (z=11.0, confirmed x204) (sev=1.00)
[monitor_node-6] [WARN] [1789950857.893648468] [diagnostic_monitor]: ANOMALY on [perception_node] /perception/obstacles:obstacle_count: Value 2.0000 deviated from baseline 3.0000±0.0909 (z=11.0, confirmed x205) (sev=1.00)
[monitor_node-6] [WARN] [1789950857.993891226] [diagnostic_monitor]: ANOMALY on [perception_node] /perception/obstacles:obstacle_count: Value 2.0000 deviated from baseline 3.0000±0.0909 (z=11.0, confirmed x206) (sev=1.00)
[monitor_node-6] [WARN] [1789950858.094009947] [diagnostic_monitor]: ANOMALY on [perception_node] /perception/obstacles:obstacle_count: Value 2.0000 deviated from baseline 3.0000±0.0909 (z=11.0, confirmed x207) (sev=1.00)
[monitor_node-6] [WARN] [1789950858.193512172] [diagnostic_monitor]: ANOMALY on [perception_node] /perception/obstacles:obstacle_count: Value 2.0000 deviated from baseline 3.0000±0.0909 (z=11.0, confirmed x208) (sev=1.00)
[monitor_node-6] [WARN] [1789950858.293965523] [diagnostic_monitor]: ANOMALY on [perception_node] /perception/obstacles:obstacle_count: Value 2.0000 deviated from baseline 3.0000±0.0909 (z=11.0, confirmed x209) (sev=1.00)
[monitor_node-6] [WARN] [1789950858.393985307] [diagnostic_monitor]: ANOMALY on [perception_node] /perception/obstacles:obstacle_count: Value 2.0000 deviated from baseline 3.0000±0.0909 (z=11.0, confirmed x210) (sev=1.00)
[monitor_node-6] [WARN] [1789950858.496320976] [diagnostic_monitor]: ANOMALY on [perception_node] /perception/obstacles:obstacle_count: Value 2.0000 deviated from baseline 3.0000±0.0909 (z=11.0, confirmed x211) (sev=1.00)
[monitor_node-6] [WARN] [1789950858.593432741] [diagnostic_monitor]: ANOMALY on [perception_node] /perception/obstacles:obstacle_count: Value 2.0000 deviated from baseline 3.0000±0.0909 (z=11.0, confirmed x212) (sev=1.00)
[monitor_node-6] [WARN] [1789950858.693836492] [diagnostic_monitor]: ANOMALY on [perception_node] /perception/obstacles:obstacle_count: Value 2.0000 deviated from baseline 3.0000±0.0909 (z=11.0, confirmed x213) (sev=1.00)
[monitor_node-6] [WARN] [1789950858.793611099] [diagnostic_monitor]: ANOMALY on [perception_node] /perception/obstacles:obstacle_count: Value 2.0000 deviated from baseline 3.0000±0.0909 (z=11.0, confirmed x214) (sev=1.00)
[monitor_node-6] [WARN] [1789950858.894078842] [diagnostic_monitor]: ANOMALY on [perception_node] /perception/obstacles:obstacle_count: Value 2.0000 deviated from baseline 3.0000±0.0909 (z=11.0, confirmed x215) (sev=1.00)
[monitor_node-6] [WARN] [1789950858.993883652] [diagnostic_monitor]: ANOMALY on [perception_node] /perception/obstacles:obstacle_count: Value 2.0000 deviated from baseline 3.0000±0.0909 (z=11.0, confirmed x216) (sev=1.00)
[monitor_node-6] [WARN] [1789950859.093990006] [diagnostic_monitor]: ANOMALY on [perception_node] /perception/obstacles:obstacle_count: Value 2.0000 deviated from baseline 3.0000±0.0909 (z=11.0, confirmed x217) (sev=1.00)
[monitor_node-6] [WARN] [1789950859.193706665] [diagnostic_monitor]: ANOMALY on [perception_node] /perception/obstacles:obstacle_count: Value 2.0000 deviated from baseline 3.0000±0.0909 (z=11.0, confirmed x218) (sev=1.00)
[monitor_node-6] [WARN] [1789950859.293668681] [diagnostic_monitor]: ANOMALY on [perception_node] /perception/obstacles:obstacle_count: Value 2.0000 deviated from baseline 3.0000±0.0909 (z=11.0, confirmed x219) (sev=1.00)
[monitor_node-6] [WARN] [1789950859.394130800] [diagnostic_monitor]: ANOMALY on [perception_node] /perception/obstacles:obstacle_count: Value 2.0000 deviated from baseline 3.0000±0.0909 (z=11.0, confirmed x220) (sev=1.00)
[monitor_node-6] [WARN] [1789950859.495658663] [diagnostic_monitor]: ANOMALY on [perception_node] /perception/obstacles:obstacle_count: Value 2.0000 deviated from baseline 3.0000±0.0909 (z=11.0, confirmed x221) (sev=1.00)
[monitor_node-6] [WARN] [1789950859.593703909] [diagnostic_monitor]: ANOMALY on [perception_node] /perception/obstacles:obstacle_count: Value 2.0000 deviated from baseline 3.0000±0.0909 (z=11.0, confirmed x222) (sev=1.00)
[monitor_node-6] [WARN] [1789950859.693995938] [diagnostic_monitor]: ANOMALY on [perception_node] /perception/obstacles:obstacle_count: Value 2.0000 deviated from baseline 3.0000±0.0909 (z=11.0, confirmed x223) (sev=1.00)
[monitor_node-6] [WARN] [1789950859.793848940] [diagnostic_monitor]: ANOMALY on [perception_node] /perception/obstacles:obstacle_count: Value 2.0000 deviated from baseline 3.0000±0.0909 (z=11.0, confirmed x224) (sev=1.00)
[monitor_node-6] [WARN] [1789950859.893905081] [diagnostic_monitor]: ANOMALY on [perception_node] /perception/obstacles:obstacle_count: Value 2.0000 deviated from baseline 3.0000±0.0909 (z=11.0, confirmed x225) (sev=1.00)
[monitor_node-6] [WARN] [1789950859.994225824] [diagnostic_monitor]: ANOMALY on [perception_node] /perception/obstacles:obstacle_count: Value 2.0000 deviated from baseline 3.0000±0.0909 (z=11.0, confirmed x226) (sev=1.00)
[monitor_node-6] [WARN] [1789950860.093988208] [diagnostic_monitor]: ANOMALY on [perception_node] /perception/obstacles:obstacle_count: Value 2.0000 deviated from baseline 3.0000±0.0909 (z=11.0, confirmed x227) (sev=1.00)
[monitor_node-6] [WARN] [1789950860.193808172] [diagnostic_monitor]: ANOMALY on [perception_node] /perception/obstacles:obstacle_count: Value 2.0000 deviated from baseline 3.0000±0.0909 (z=11.0, confirmed x228) (sev=1.00)
[monitor_node-6] [WARN] [1789950860.294181053] [diagnostic_monitor]: ANOMALY on [perception_node] /perception/obstacles:obstacle_count: Value 2.0000 deviated from baseline 3.0000±0.0909 (z=11.0, confirmed x229) (sev=1.00)
[monitor_node-6] [WARN] [1789950860.393958356] [diagnostic_monitor]: ANOMALY on [perception_node] /perception/obstacles:obstacle_count: Value 1.0000 deviated from baseline 3.0000±0.0909 (z=22.0, confirmed x230) (sev=1.00)
[monitor_node-6] [WARN] [1789950860.496297991] [diagnostic_monitor]: ANOMALY on [perception_node] /perception/obstacles:obstacle_count: Value 1.0000 deviated from baseline 3.0000±0.0909 (z=22.0, confirmed x231) (sev=1.00)
[monitor_node-6] [WARN] [1789950860.593647287] [diagnostic_monitor]: ANOMALY on [perception_node] /perception/obstacles:obstacle_count: Value 1.0000 deviated from baseline 3.0000±0.0909 (z=22.0, confirmed x232) (sev=1.00)
[monitor_node-6] [WARN] [1789950860.693756645] [diagnostic_monitor]: ANOMALY on [perception_node] /perception/obstacles:obstacle_count: Value 1.0000 deviated from baseline 3.0000±0.0909 (z=22.0, confirmed x233) (sev=1.00)
[monitor_node-6] [WARN] [1789950860.793749180] [diagnostic_monitor]: ANOMALY on [perception_node] /perception/obstacles:obstacle_count: Value 1.0000 deviated from baseline 3.0000±0.0909 (z=22.0, confirmed x234) (sev=1.00)
[monitor_node-6] [WARN] [1789950860.893948588] [diagnostic_monitor]: ANOMALY on [perception_node] /perception/obstacles:obstacle_count: Value 1.0000 deviated from baseline 3.0000±0.0909 (z=22.0, confirmed x235) (sev=1.00)
[monitor_node-6] [WARN] [1789950860.994545441] [diagnostic_monitor]: ANOMALY on [perception_node] /perception/obstacles:obstacle_count: Value 2.0000 deviated from baseline 3.0000±0.0909 (z=11.0, confirmed x236) (sev=1.00)
[monitor_node-6] [WARN] [1789950861.094072162] [diagnostic_monitor]: ANOMALY on [perception_node] /perception/obstacles:obstacle_count: Value 2.0000 deviated from baseline 3.0000±0.0909 (z=11.0, confirmed x237) (sev=1.00)
[monitor_node-6] [WARN] [1789950861.193954864] [diagnostic_monitor]: ANOMALY on [perception_node] /perception/obstacles:obstacle_count: Value 2.0000 deviated from baseline 3.0000±0.0909 (z=11.0, confirmed x238) (sev=1.00)
[monitor_node-6] [WARN] [1789950861.294197338] [diagnostic_monitor]: ANOMALY on [perception_node] /perception/obstacles:obstacle_count: Value 2.0000 deviated from baseline 3.0000±0.0909 (z=11.0, confirmed x239) (sev=1.00)
[monitor_node-6] [WARN] [1789950861.394113738] [diagnostic_monitor]: ANOMALY on [perception_node] /perception/obstacles:obstacle_count: Value 2.0000 deviated from baseline 3.0000±0.0909 (z=11.0, confirmed x240) (sev=1.00)
[monitor_node-6] [WARN] [1789950861.507733730] [diagnostic_monitor]: ANOMALY on [perception_node] /perception/obstacles:obstacle_count: Value 2.0000 deviated from baseline 3.0000±0.0909 (z=11.0, confirmed x241) (sev=1.00)
[monitor_node-6] [WARN] [1789950861.594149159] [diagnostic_monitor]: ANOMALY on [perception_node] /perception/obstacles:obstacle_count: Value 2.0000 deviated from baseline 3.0000±0.0909 (z=11.0, confirmed x242) (sev=1.00)
[monitor_node-6] [WARN] [1789950861.693911160] [diagnostic_monitor]: ANOMALY on [perception_node] /perception/obstacles:obstacle_count: Value 2.0000 deviated from baseline 3.0000±0.0909 (z=11.0, confirmed x243) (sev=1.00)
[monitor_node-6] [WARN] [1789950861.793491000] [diagnostic_monitor]: ANOMALY on [perception_node] /perception/obstacles:obstacle_count: Value 2.0000 deviated from baseline 3.0000±0.0909 (z=11.0, confirmed x244) (sev=1.00)
[monitor_node-6] [WARN] [1789950861.894079846] [diagnostic_monitor]: ANOMALY on [perception_node] /perception/obstacles:obstacle_count: Value 2.0000 deviated from baseline 3.0000±0.0909 (z=11.0, confirmed x245) (sev=1.00)
[monitor_node-6] [WARN] [1789950861.994787251] [diagnostic_monitor]: ANOMALY on [perception_node] /perception/obstacles:obstacle_count: Value 2.0000 deviated from baseline 3.0000±0.0909 (z=11.0, confirmed x246) (sev=1.00)
[monitor_node-6] [WARN] [1789950862.094293019] [diagnostic_monitor]: ANOMALY on [perception_node] /perception/obstacles:obstacle_count: Value 2.0000 deviated from baseline 3.0000±0.0909 (z=11.0, confirmed x247) (sev=1.00)
[monitor_node-6] [WARN] [1789950862.193922684] [diagnostic_monitor]: ANOMALY on [perception_node] /perception/obstacles:obstacle_count: Value 2.0000 deviated from baseline 3.0000±0.0909 (z=11.0, confirmed x248) (sev=1.00)
[monitor_node-6] [WARN] [1789950863.394732664] [diagnostic_monitor]: ANOMALY on [perception_node] /perception/obstacles:obstacle_count: Value 4.0000 deviated from baseline 3.0000±0.0893 (z=11.2, confirmed x2) (sev=1.00)
[monitor_node-6] [WARN] [1789950863.496105074] [diagnostic_monitor]: ANOMALY on [perception_node] /perception/obstacles:obstacle_count: Value 4.0000 deviated from baseline 3.0000±0.0893 (z=11.2, confirmed x3) (sev=1.00)
[monitor_node-6] [WARN] [1789950863.594319271] [diagnostic_monitor]: ANOMALY on [perception_node] /perception/obstacles:obstacle_count: Value 4.0000 deviated from baseline 3.0000±0.0893 (z=11.2, confirmed x4) (sev=1.00)
[monitor_node-6] [WARN] [1789950863.693951488] [diagnostic_monitor]: ANOMALY on [perception_node] /perception/obstacles:obstacle_count: Value 4.0000 deviated from baseline 3.0000±0.0893 (z=11.2, confirmed x5) (sev=1.00)
[monitor_node-6] [WARN] [1789950863.794061403] [diagnostic_monitor]: ANOMALY on [perception_node] /perception/obstacles:obstacle_count: Value 4.0000 deviated from baseline 3.0000±0.0893 (z=11.2, confirmed x6) (sev=1.00)
[monitor_node-6] [WARN] [1789950863.893962034] [diagnostic_monitor]: ANOMALY on [perception_node] /perception/obstacles:obstacle_count: Value 4.0000 deviated from baseline 3.0000±0.0893 (z=11.2, confirmed x7) (sev=1.00)
[monitor_node-6] [WARN] [1789950863.994471300] [diagnostic_monitor]: ANOMALY on [perception_node] /perception/obstacles:obstacle_count: Value 4.0000 deviated from baseline 3.0000±0.0893 (z=11.2, confirmed x8) (sev=1.00)
[monitor_node-6] [WARN] [1789950864.094172296] [diagnostic_monitor]: ANOMALY on [perception_node] /perception/obstacles:obstacle_count: Value 4.0000 deviated from baseline 3.0000±0.0893 (z=11.2, confirmed x9) (sev=1.00)
[monitor_node-6] [WARN] [1789950864.194229095] [diagnostic_monitor]: ANOMALY on [perception_node] /perception/obstacles:obstacle_count: Value 4.0000 deviated from baseline 3.0000±0.0893 (z=11.2, confirmed x10) (sev=1.00)
[monitor_node-6] [WARN] [1789950864.294225260] [diagnostic_monitor]: ANOMALY on [perception_node] /perception/obstacles:obstacle_count: Value 4.0000 deviated from baseline 3.0000±0.0893 (z=11.2, confirmed x11) (sev=1.00)
[monitor_node-6] [WARN] [1789950864.393898650] [diagnostic_monitor]: ANOMALY on [perception_node] /perception/obstacles:obstacle_count: Value 4.0000 deviated from baseline 3.0000±0.0893 (z=11.2, confirmed x12) (sev=1.00)
[monitor_node-6] [WARN] [1789950864.495658984] [diagnostic_monitor]: ANOMALY on [perception_node] /perception/obstacles:obstacle_count: Value 4.0000 deviated from baseline 3.0000±0.0893 (z=11.2, confirmed x13) (sev=1.00)
[monitor_node-6] [WARN] [1789950864.593980341] [diagnostic_monitor]: ANOMALY on [perception_node] /perception/obstacles:obstacle_count: Value 4.0000 deviated from baseline 3.0000±0.0893 (z=11.2, confirmed x14) (sev=1.00)
[monitor_node-6] [WARN] [1789950864.693822134] [diagnostic_monitor]: ANOMALY on [perception_node] /perception/obstacles:obstacle_count: Value 5.0000 deviated from baseline 3.0000±0.0893 (z=22.4, confirmed x15) (sev=1.00)
[monitor_node-6] [WARN] [1789950864.793859633] [diagnostic_monitor]: ANOMALY on [perception_node] /perception/obstacles:obstacle_count: Value 5.0000 deviated from baseline 3.0000±0.0893 (z=22.4, confirmed x16) (sev=1.00)
[monitor_node-6] [WARN] [1789950864.894046042] [diagnostic_monitor]: ANOMALY on [perception_node] /perception/obstacles:obstacle_count: Value 5.0000 deviated from baseline 3.0000±0.0893 (z=22.4, confirmed x17) (sev=1.00)
[monitor_node-6] [WARN] [1789950864.994216039] [diagnostic_monitor]: ANOMALY on [perception_node] /perception/obstacles:obstacle_count: Value 5.0000 deviated from baseline 3.0000±0.0893 (z=22.4, confirmed x18) (sev=1.00)
[monitor_node-6] [WARN] [1789950865.094164714] [diagnostic_monitor]: ANOMALY on [perception_node] /perception/obstacles:obstacle_count: Value 5.0000 deviated from baseline 3.0000±0.0893 (z=22.4, confirmed x19) (sev=1.00)
[monitor_node-6] [WARN] [1789950865.193775633] [diagnostic_monitor]: ANOMALY on [perception_node] /perception/obstacles:obstacle_count: Value 5.0000 deviated from baseline 3.0000±0.0893 (z=22.4, confirmed x20) (sev=1.00)
[monitor_node-6] [WARN] [1789950865.293868716] [diagnostic_monitor]: ANOMALY on [perception_node] /perception/obstacles:obstacle_count: Value 5.0000 deviated from baseline 3.0000±0.0893 (z=22.4, confirmed x21) (sev=1.00)
[monitor_node-6] [WARN] [1789950865.393644062] [diagnostic_monitor]: ANOMALY on [perception_node] /perception/obstacles:obstacle_count: Value 4.0000 deviated from baseline 3.0000±0.0893 (z=11.2, confirmed x22) (sev=1.00)
[monitor_node-6] [WARN] [1789950865.495553418] [diagnostic_monitor]: ANOMALY on [perception_node] /perception/obstacles:obstacle_count: Value 4.0000 deviated from baseline 3.0000±0.0893 (z=11.2, confirmed x23) (sev=1.00)
[monitor_node-6] [WARN] [1789950865.593760261] [diagnostic_monitor]: ANOMALY on [perception_node] /perception/obstacles:obstacle_count: Value 4.0000 deviated from baseline 3.0000±0.0893 (z=11.2, confirmed x24) (sev=1.00)
[monitor_node-6] [WARN] [1789950865.694098157] [diagnostic_monitor]: ANOMALY on [perception_node] /perception/obstacles:obstacle_count: Value 4.0000 deviated from baseline 3.0000±0.0893 (z=11.2, confirmed x25) (sev=1.00)
[monitor_node-6] [WARN] [1789950865.793798492] [diagnostic_monitor]: ANOMALY on [perception_node] /perception/obstacles:obstacle_count: Value 4.0000 deviated from baseline 3.0000±0.0893 (z=11.2, confirmed x26) (sev=1.00)
[monitor_node-6] [WARN] [1789950865.893777851] [diagnostic_monitor]: ANOMALY on [perception_node] /perception/obstacles:obstacle_count: Value 4.0000 deviated from baseline 3.0000±0.0893 (z=11.2, confirmed x27) (sev=1.00)
[monitor_node-6] [WARN] [1789950865.994810923] [diagnostic_monitor]: ANOMALY on [perception_node] /perception/obstacles:obstacle_count: Value 4.0000 deviated from baseline 3.0000±0.0893 (z=11.2, confirmed x28) (sev=1.00)
[monitor_node-6] [WARN] [1789950866.094038282] [diagnostic_monitor]: ANOMALY on [perception_node] /perception/obstacles:obstacle_count: Value 4.0000 deviated from baseline 3.0000±0.0893 (z=11.2, confirmed x29) (sev=1.00)
[monitor_node-6] [WARN] [1789950866.193840189] [diagnostic_monitor]: ANOMALY on [perception_node] /perception/obstacles:obstacle_count: Value 4.0000 deviated from baseline 3.0000±0.0893 (z=11.2, confirmed x30) (sev=1.00)
[monitor_node-6] [WARN] [1789950866.293898700] [diagnostic_monitor]: ANOMALY on [perception_node] /perception/obstacles:obstacle_count: Value 4.0000 deviated from baseline 3.0000±0.0893 (z=11.2, confirmed x31) (sev=1.00)
[monitor_node-6] [WARN] [1789950866.393747264] [diagnostic_monitor]: ANOMALY on [perception_node] /perception/obstacles:obstacle_count: Value 4.0000 deviated from baseline 3.0000±0.0893 (z=11.2, confirmed x32) (sev=1.00)
[monitor_node-6] [WARN] [1789950866.495879307] [diagnostic_monitor]: ANOMALY on [perception_node] /perception/obstacles:obstacle_count: Value 4.0000 deviated from baseline 3.0000±0.0893 (z=11.2, confirmed x33) (sev=1.00)
[monitor_node-6] [WARN] [1789950866.593621550] [diagnostic_monitor]: ANOMALY on [perception_node] /perception/obstacles:obstacle_count: Value 4.0000 deviated from baseline 3.0000±0.0893 (z=11.2, confirmed x34) (sev=1.00)
[monitor_node-6] [WARN] [1789950866.694216212] [diagnostic_monitor]: ANOMALY on [perception_node] /perception/obstacles:obstacle_count: Value 5.0000 deviated from baseline 3.0000±0.0893 (z=22.4, confirmed x35) (sev=1.00)
[monitor_node-6] [WARN] [1789950866.794162597] [diagnostic_monitor]: ANOMALY on [perception_node] /perception/obstacles:obstacle_count: Value 5.0000 deviated from baseline 3.0000±0.0893 (z=22.4, confirmed x36) (sev=1.00)
[monitor_node-6] [WARN] [1789950866.893898395] [diagnostic_monitor]: ANOMALY on [perception_node] /perception/obstacles:obstacle_count: Value 5.0000 deviated from baseline 3.0000±0.0893 (z=22.4, confirmed x37) (sev=1.00)
[monitor_node-6] [WARN] [1789950866.994151365] [diagnostic_monitor]: ANOMALY on [perception_node] /perception/obstacles:obstacle_count: Value 4.0000 deviated from baseline 3.0000±0.0893 (z=11.2, confirmed x38) (sev=1.00)
[monitor_node-6] [WARN] [1789950867.093655294] [diagnostic_monitor]: ANOMALY on [perception_node] /perception/obstacles:obstacle_count: Value 4.0000 deviated from baseline 3.0000±0.0893 (z=11.2, confirmed x39) (sev=1.00)
[monitor_node-6] [WARN] [1789950867.193773068] [diagnostic_monitor]: ANOMALY on [perception_node] /perception/obstacles:obstacle_count: Value 4.0000 deviated from baseline 3.0000±0.0893 (z=11.2, confirmed x40) (sev=1.00)
[monitor_node-6] [WARN] [1789950867.293656137] [diagnostic_monitor]: ANOMALY on [perception_node] /perception/obstacles:obstacle_count: Value 4.0000 deviated from baseline 3.0000±0.0893 (z=11.2, confirmed x41) (sev=1.00)
[monitor_node-6] [WARN] [1789950867.394234006] [diagnostic_monitor]: ANOMALY on [perception_node] /perception/obstacles:obstacle_count: Value 4.0000 deviated from baseline 3.0000±0.0893 (z=11.2, confirmed x42) (sev=1.00)
[monitor_node-6] [WARN] [1789950867.496729138] [diagnostic_monitor]: ANOMALY on [perception_node] /perception/obstacles:obstacle_count: Value 4.0000 deviated from baseline 3.0000±0.0893 (z=11.2, confirmed x43) (sev=1.00)
[monitor_node-6] [WARN] [1789950867.593621437] [diagnostic_monitor]: ANOMALY on [perception_node] /perception/obstacles:obstacle_count: Value 4.0000 deviated from baseline 3.0000±0.0893 (z=11.2, confirmed x44) (sev=1.00)
[monitor_node-6] [WARN] [1789950867.693851885] [diagnostic_monitor]: ANOMALY on [perception_node] /perception/obstacles:obstacle_count: Value 4.0000 deviated from baseline 3.0000±0.0893 (z=11.2, confirmed x45) (sev=1.00)
[monitor_node-6] [WARN] [1789950867.793942825] [diagnostic_monitor]: ANOMALY on [perception_node] /perception/obstacles:obstacle_count: Value 4.0000 deviated from baseline 3.0000±0.0893 (z=11.2, confirmed x46) (sev=1.00)
[monitor_node-6] [WARN] [1789950867.893610794] [diagnostic_monitor]: ANOMALY on [perception_node] /perception/obstacles:obstacle_count: Value 4.0000 deviated from baseline 3.0000±0.0893 (z=11.2, confirmed x47) (sev=1.00)
[monitor_node-6] [WARN] [1789950867.994070165] [diagnostic_monitor]: ANOMALY on [perception_node] /perception/obstacles:obstacle_count: Value 4.0000 deviated from baseline 3.0000±0.0893 (z=11.2, confirmed x48) (sev=1.00)
[monitor_node-6] [WARN] [1789950868.094043128] [diagnostic_monitor]: ANOMALY on [perception_node] /perception/obstacles:obstacle_count: Value 4.0000 deviated from baseline 3.0000±0.0893 (z=11.2, confirmed x49) (sev=1.00)
[monitor_node-6] [WARN] [1789950868.194206472] [diagnostic_monitor]: ANOMALY on [perception_node] /perception/obstacles:obstacle_count: Value 4.0000 deviated from baseline 3.0000±0.0893 (z=11.2, confirmed x50) (sev=1.00)
[monitor_node-6] [WARN] [1789950868.293910363] [diagnostic_monitor]: ANOMALY on [perception_node] /perception/obstacles:obstacle_count: Value 4.0000 deviated from baseline 3.0000±0.0893 (z=11.2, confirmed x51) (sev=1.00)
[monitor_node-6] [WARN] [1789950868.393680274] [diagnostic_monitor]: ANOMALY on [perception_node] /perception/obstacles:obstacle_count: Value 4.0000 deviated from baseline 3.0000±0.0893 (z=11.2, confirmed x52) (sev=1.00)
[monitor_node-6] [WARN] [1789950868.496760728] [diagnostic_monitor]: ANOMALY on [perception_node] /perception/obstacles:obstacle_count: Value 4.0000 deviated from baseline 3.0000±0.0893 (z=11.2, confirmed x53) (sev=1.00)
[monitor_node-6] [WARN] [1789950868.593885385] [diagnostic_monitor]: ANOMALY on [perception_node] /perception/obstacles:obstacle_count: Value 4.0000 deviated from baseline 3.0000±0.0893 (z=11.2, confirmed x54) (sev=1.00)
[monitor_node-6] [WARN] [1789950871.594280470] [diagnostic_monitor]: ANOMALY on [perception_node] /perception/obstacles:obstacle_count: Value 4.0000 deviated from baseline 3.0000±0.0848 (z=11.8, confirmed x2) (sev=1.00)
[monitor_node-6] [WARN] [1789950872.093473876] [diagnostic_monitor]: ANOMALY on [perception_node] /perception/obstacles:obstacle_count: Value 2.0000 deviated from baseline 3.0000±0.0844 (z=11.9, confirmed x2) (sev=1.00)
[monitor_node-6] [WARN] [1789950872.193447760] [diagnostic_monitor]: ANOMALY on [perception_node] /perception/obstacles:obstacle_count: Value 2.0000 deviated from baseline 3.0000±0.0844 (z=11.9, confirmed x3) (sev=1.00)
[monitor_node-6] [WARN] [1789950872.631138050] [diagnostic_monitor]: ANOMALY on [control_node] /cmd_vel:linear_vel: Value 0.1036 deviated from baseline 0.4682±0.0516 (z=7.1, confirmed x2) (sev=0.79)
[monitor_node-6] [WARN] [1789950872.830796397] [diagnostic_monitor]: ANOMALY on [control_node] /cmd_vel:linear_vel: Value 0.1024 deviated from baseline 0.4682±0.0516 (z=7.1, confirmed x3) (sev=0.79)
[monitor_node-6] [WARN] [1789950873.030898691] [diagnostic_monitor]: ANOMALY on [control_node] /cmd_vel:linear_vel: Value 0.1294 deviated from baseline 0.4682±0.0516 (z=6.6, confirmed x4) (sev=0.73)
[monitor_node-6] [WARN] [1789950873.593937294] [diagnostic_monitor]: ANOMALY on [perception_node] /perception/obstacles:obstacle_count: Value 4.0000 deviated from baseline 3.0000±0.0826 (z=12.1, confirmed x2) (sev=1.00)
[monitor_node-6] [WARN] [1789950873.693733388] [diagnostic_monitor]: ANOMALY on [perception_node] /perception/obstacles:obstacle_count: Value 4.0000 deviated from baseline 3.0000±0.0826 (z=12.1, confirmed x3) (sev=1.00)
[monitor_node-6] [WARN] [1789950873.794220607] [diagnostic_monitor]: ANOMALY on [perception_node] /perception/obstacles:obstacle_count: Value 4.0000 deviated from baseline 3.0000±0.0826 (z=12.1, confirmed x4) (sev=1.00)
[monitor_node-6] [WARN] [1789950876.693748079] [diagnostic_monitor]: ANOMALY on [perception_node] /perception/obstacles:obstacle_count: Value 2.0000 deviated from baseline 3.0000±0.0792 (z=12.6, confirmed x2) (sev=1.00)
[monitor_node-6] [WARN] [1789950876.793906092] [diagnostic_monitor]: ANOMALY on [perception_node] /perception/obstacles:obstacle_count: Value 2.0000 deviated from baseline 3.0000±0.0792 (z=12.6, confirmed x3) (sev=1.00)
[monitor_node-6] [WARN] [1789950876.894069216] [diagnostic_monitor]: ANOMALY on [perception_node] /perception/obstacles:obstacle_count: Value 2.0000 deviated from baseline 3.0000±0.0792 (z=12.6, confirmed x4) (sev=1.00)
[monitor_node-6] [WARN] [1789950876.994502760] [diagnostic_monitor]: ANOMALY on [perception_node] /perception/obstacles:obstacle_count: Value 2.0000 deviated from baseline 3.0000±0.0792 (z=12.6, confirmed x5) (sev=1.00)
[monitor_node-6] [WARN] [1789950877.093747933] [diagnostic_monitor]: ANOMALY on [perception_node] /perception/obstacles:obstacle_count: Value 2.0000 deviated from baseline 3.0000±0.0792 (z=12.6, confirmed x6) (sev=1.00)
[monitor_node-6] [WARN] [1789950877.193887780] [diagnostic_monitor]: ANOMALY on [perception_node] /perception/obstacles:obstacle_count: Value 2.0000 deviated from baseline 3.0000±0.0792 (z=12.6, confirmed x7) (sev=1.00)
[monitor_node-6] [WARN] [1789950877.293558628] [diagnostic_monitor]: ANOMALY on [perception_node] /perception/obstacles:obstacle_count: Value 2.0000 deviated from baseline 3.0000±0.0792 (z=12.6, confirmed x8) (sev=1.00)
[monitor_node-6] [WARN] [1789950877.793830229] [diagnostic_monitor]: ANOMALY on [perception_node] /perception/obstacles:obstacle_count: Value 2.0000 deviated from baseline 3.0000±0.0788 (z=12.7, confirmed x2) (sev=1.00)
[monitor_node-6] [WARN] [1789950877.893970254] [diagnostic_monitor]: ANOMALY on [perception_node] /perception/obstacles:obstacle_count: Value 2.0000 deviated from baseline 3.0000±0.0788 (z=12.7, confirmed x3) (sev=1.00)
[monitor_node-6] [WARN] [1789950877.993923861] [diagnostic_monitor]: ANOMALY on [perception_node] /perception/obstacles:obstacle_count: Value 2.0000 deviated from baseline 3.0000±0.0788 (z=12.7, confirmed x4) (sev=1.00)
[monitor_node-6] [WARN] [1789950878.094047887] [diagnostic_monitor]: ANOMALY on [perception_node] /perception/obstacles:obstacle_count: Value 2.0000 deviated from baseline 3.0000±0.0788 (z=12.7, confirmed x5) (sev=1.00)
[monitor_node-6] [WARN] [1789950878.194738864] [diagnostic_monitor]: ANOMALY on [perception_node] /perception/obstacles:obstacle_count: Value 2.0000 deviated from baseline 3.0000±0.0788 (z=12.7, confirmed x6) (sev=1.00)
[monitor_node-6] [WARN] [1789950878.294020526] [diagnostic_monitor]: ANOMALY on [perception_node] /perception/obstacles:obstacle_count: Value 2.0000 deviated from baseline 3.0000±0.0788 (z=12.7, confirmed x7) (sev=1.00)
[monitor_node-6] [WARN] [1789950878.394004697] [diagnostic_monitor]: ANOMALY on [perception_node] /perception/obstacles:obstacle_count: Value 2.0000 deviated from baseline 3.0000±0.0788 (z=12.7, confirmed x8) (sev=1.00)
[monitor_node-6] [WARN] [1789950878.495722867] [diagnostic_monitor]: ANOMALY on [perception_node] /perception/obstacles:obstacle_count: Value 2.0000 deviated from baseline 3.0000±0.0788 (z=12.7, confirmed x9) (sev=1.00)
[monitor_node-6] [WARN] [1789950878.594130709] [diagnostic_monitor]: ANOMALY on [perception_node] /perception/obstacles:obstacle_count: Value 2.0000 deviated from baseline 3.0000±0.0788 (z=12.7, confirmed x10) (sev=1.00)
[monitor_node-6] [WARN] [1789950878.693729004] [diagnostic_monitor]: ANOMALY on [perception_node] /perception/obstacles:obstacle_count: Value 2.0000 deviated from baseline 3.0000±0.0788 (z=12.7, confirmed x11) (sev=1.00)
[monitor_node-6] [WARN] [1789950878.793851098] [diagnostic_monitor]: ANOMALY on [perception_node] /perception/obstacles:obstacle_count: Value 2.0000 deviated from baseline 3.0000±0.0788 (z=12.7, confirmed x12) (sev=1.00)
[monitor_node-6] [WARN] [1789950878.893972847] [diagnostic_monitor]: ANOMALY on [perception_node] /perception/obstacles:obstacle_count: Value 2.0000 deviated from baseline 3.0000±0.0788 (z=12.7, confirmed x13) (sev=1.00)
[monitor_node-6] [WARN] [1789950878.993799638] [diagnostic_monitor]: ANOMALY on [perception_node] /perception/obstacles:obstacle_count: Value 2.0000 deviated from baseline 3.0000±0.0788 (z=12.7, confirmed x14) (sev=1.00)
[monitor_node-6] [WARN] [1789950879.094109659] [diagnostic_monitor]: ANOMALY on [perception_node] /perception/obstacles:obstacle_count: Value 2.0000 deviated from baseline 3.0000±0.0788 (z=12.7, confirmed x15) (sev=1.00)
[monitor_node-6] [WARN] [1789950879.194282355] [diagnostic_monitor]: ANOMALY on [perception_node] /perception/obstacles:obstacle_count: Value 2.0000 deviated from baseline 3.0000±0.0788 (z=12.7, confirmed x16) (sev=1.00)
[monitor_node-6] [WARN] [1789950879.293946701] [diagnostic_monitor]: ANOMALY on [perception_node] /perception/obstacles:obstacle_count: Value 2.0000 deviated from baseline 3.0000±0.0788 (z=12.7, confirmed x17) (sev=1.00)
[monitor_node-6] [WARN] [1789950879.394368211] [diagnostic_monitor]: ANOMALY on [perception_node] /perception/obstacles:obstacle_count: Value 2.0000 deviated from baseline 3.0000±0.0788 (z=12.7, confirmed x18) (sev=1.00)
[monitor_node-6] [WARN] [1789950879.495684405] [diagnostic_monitor]: ANOMALY on [perception_node] /perception/obstacles:obstacle_count: Value 2.0000 deviated from baseline 3.0000±0.0788 (z=12.7, confirmed x19) (sev=1.00)
[monitor_node-6] [WARN] [1789950879.593660991] [diagnostic_monitor]: ANOMALY on [perception_node] /perception/obstacles:obstacle_count: Value 2.0000 deviated from baseline 3.0000±0.0788 (z=12.7, confirmed x20) (sev=1.00)
[monitor_node-6] [WARN] [1789950879.693878181] [diagnostic_monitor]: ANOMALY on [perception_node] /perception/obstacles:obstacle_count: Value 2.0000 deviated from baseline 3.0000±0.0788 (z=12.7, confirmed x21) (sev=1.00)
[monitor_node-6] [WARN] [1789950879.793735240] [diagnostic_monitor]: ANOMALY on [perception_node] /perception/obstacles:obstacle_count: Value 2.0000 deviated from baseline 3.0000±0.0788 (z=12.7, confirmed x22) (sev=1.00)
[monitor_node-6] [WARN] [1789950879.893978422] [diagnostic_monitor]: ANOMALY on [perception_node] /perception/obstacles:obstacle_count: Value 2.0000 deviated from baseline 3.0000±0.0788 (z=12.7, confirmed x23) (sev=1.00)
[monitor_node-6] [WARN] [1789950879.994117414] [diagnostic_monitor]: ANOMALY on [perception_node] /perception/obstacles:obstacle_count: Value 2.0000 deviated from baseline 3.0000±0.0788 (z=12.7, confirmed x24) (sev=1.00)
[monitor_node-6] [WARN] [1789950880.093998160] [diagnostic_monitor]: ANOMALY on [perception_node] /perception/obstacles:obstacle_count: Value 2.0000 deviated from baseline 3.0000±0.0788 (z=12.7, confirmed x25) (sev=1.00)
[monitor_node-6] [WARN] [1789950880.193555272] [diagnostic_monitor]: ANOMALY on [perception_node] /perception/obstacles:obstacle_count: Value 2.0000 deviated from baseline 3.0000±0.0788 (z=12.7, confirmed x26) (sev=1.00)
[monitor_node-6] [WARN] [1789950880.294688690] [diagnostic_monitor]: ANOMALY on [perception_node] /perception/obstacles:obstacle_count: Value 2.0000 deviated from baseline 3.0000±0.0788 (z=12.7, confirmed x27) (sev=1.00)
[monitor_node-6] [WARN] [1789950880.394264587] [diagnostic_monitor]: ANOMALY on [perception_node] /perception/obstacles:obstacle_count: Value 2.0000 deviated from baseline 3.0000±0.0788 (z=12.7, confirmed x28) (sev=1.00)
[monitor_node-6] [WARN] [1789950880.496187800] [diagnostic_monitor]: ANOMALY on [perception_node] /perception/obstacles:obstacle_count: Value 2.0000 deviated from baseline 3.0000±0.0788 (z=12.7, confirmed x29) (sev=1.00)
[monitor_node-6] [WARN] [1789950880.593681684] [diagnostic_monitor]: ANOMALY on [perception_node] /perception/obstacles:obstacle_count: Value 2.0000 deviated from baseline 3.0000±0.0788 (z=12.7, confirmed x30) (sev=1.00)
[monitor_node-6] [WARN] [1789950880.694172837] [diagnostic_monitor]: ANOMALY on [perception_node] /perception/obstacles:obstacle_count: Value 2.0000 deviated from baseline 3.0000±0.0788 (z=12.7, confirmed x31) (sev=1.00)
[monitor_node-6] [WARN] [1789950880.793986621] [diagnostic_monitor]: ANOMALY on [perception_node] /perception/obstacles:obstacle_count: Value 2.0000 deviated from baseline 3.0000±0.0788 (z=12.7, confirmed x32) (sev=1.00)
[monitor_node-6] [WARN] [1789950880.893899808] [diagnostic_monitor]: ANOMALY on [perception_node] /perception/obstacles:obstacle_count: Value 2.0000 deviated from baseline 3.0000±0.0788 (z=12.7, confirmed x33) (sev=1.00)
[monitor_node-6] [WARN] [1789950880.993932484] [diagnostic_monitor]: ANOMALY on [perception_node] /perception/obstacles:obstacle_count: Value 2.0000 deviated from baseline 3.0000±0.0788 (z=12.7, confirmed x34) (sev=1.00)
[monitor_node-6] [WARN] [1789950881.094012532] [diagnostic_monitor]: ANOMALY on [perception_node] /perception/obstacles:obstacle_count: Value 2.0000 deviated from baseline 3.0000±0.0788 (z=12.7, confirmed x35) (sev=1.00)
[monitor_node-6] [WARN] [1789950881.193811881] [diagnostic_monitor]: ANOMALY on [perception_node] /perception/obstacles:obstacle_count: Value 2.0000 deviated from baseline 3.0000±0.0788 (z=12.7, confirmed x36) (sev=1.00)
[monitor_node-6] [WARN] [1789950881.293792272] [diagnostic_monitor]: ANOMALY on [perception_node] /perception/obstacles:obstacle_count: Value 2.0000 deviated from baseline 3.0000±0.0788 (z=12.7, confirmed x37) (sev=1.00)
[monitor_node-6] [WARN] [1789950881.393678168] [diagnostic_monitor]: ANOMALY on [perception_node] /perception/obstacles:obstacle_count: Value 2.0000 deviated from baseline 3.0000±0.0788 (z=12.7, confirmed x38) (sev=1.00)
[monitor_node-6] [WARN] [1789950881.496051208] [diagnostic_monitor]: ANOMALY on [perception_node] /perception/obstacles:obstacle_count: Value 2.0000 deviated from baseline 3.0000±0.0788 (z=12.7, confirmed x39) (sev=1.00)
[monitor_node-6] [WARN] [1789950881.593789170] [diagnostic_monitor]: ANOMALY on [perception_node] /perception/obstacles:obstacle_count: Value 2.0000 deviated from baseline 3.0000±0.0788 (z=12.7, confirmed x40) (sev=1.00)
[monitor_node-6] [WARN] [1789950881.694129208] [diagnostic_monitor]: ANOMALY on [perception_node] /perception/obstacles:obstacle_count: Value 2.0000 deviated from baseline 3.0000±0.0788 (z=12.7, confirmed x41) (sev=1.00)
[monitor_node-6] [WARN] [1789950881.794542621] [diagnostic_monitor]: ANOMALY on [perception_node] /perception/obstacles:obstacle_count: Value 2.0000 deviated from baseline 3.0000±0.0788 (z=12.7, confirmed x42) (sev=1.00)
[monitor_node-6] [WARN] [1789950881.893976036] [diagnostic_monitor]: ANOMALY on [perception_node] /perception/obstacles:obstacle_count: Value 2.0000 deviated from baseline 3.0000±0.0788 (z=12.7, confirmed x43) (sev=1.00)
[monitor_node-6] [WARN] [1789950881.993895733] [diagnostic_monitor]: ANOMALY on [perception_node] /perception/obstacles:obstacle_count: Value 2.0000 deviated from baseline 3.0000±0.0788 (z=12.7, confirmed x44) (sev=1.00)
[monitor_node-6] [WARN] [1789950882.094016160] [diagnostic_monitor]: ANOMALY on [perception_node] /perception/obstacles:obstacle_count: Value 2.0000 deviated from baseline 3.0000±0.0788 (z=12.7, confirmed x45) (sev=1.00)
[monitor_node-6] [WARN] [1789950882.193646481] [diagnostic_monitor]: ANOMALY on [perception_node] /perception/obstacles:obstacle_count: Value 2.0000 deviated from baseline 3.0000±0.0788 (z=12.7, confirmed x46) (sev=1.00)
[monitor_node-6] [WARN] [1789950882.293560271] [diagnostic_monitor]: ANOMALY on [perception_node] /perception/obstacles:obstacle_count: Value 2.0000 deviated from baseline 3.0000±0.0788 (z=12.7, confirmed x47) (sev=1.00)
[monitor_node-6] [WARN] [1789950882.417191405] [diagnostic_monitor]: ANOMALY on [perception_node] /perception/obstacles:obstacle_count: Value 2.0000 deviated from baseline 3.0000±0.0788 (z=12.7, confirmed x48) (sev=1.00)
[monitor_node-6] [WARN] [1789950882.500336501] [diagnostic_monitor]: ANOMALY on [perception_node] /perception/obstacles:obstacle_count: Value 2.0000 deviated from baseline 3.0000±0.0788 (z=12.7, confirmed x49) (sev=1.00)
[monitor_node-6] [WARN] [1789950882.593672598] [diagnostic_monitor]: ANOMALY on [perception_node] /perception/obstacles:obstacle_count: Value 2.0000 deviated from baseline 3.0000±0.0788 (z=12.7, confirmed x50) (sev=1.00)
[monitor_node-6] [WARN] [1789950882.693722021] [diagnostic_monitor]: ANOMALY on [perception_node] /perception/obstacles:obstacle_count: Value 2.0000 deviated from baseline 3.0000±0.0788 (z=12.7, confirmed x51) (sev=1.00)
[monitor_node-6] [WARN] [1789950882.793846001] [diagnostic_monitor]: ANOMALY on [perception_node] /perception/obstacles:obstacle_count: Value 2.0000 deviated from baseline 3.0000±0.0788 (z=12.7, confirmed x52) (sev=1.00)
[monitor_node-6] [WARN] [1789950883.093651923] [diagnostic_monitor]: ANOMALY on [perception_node] /perception/obstacles:obstacle_count: Value 2.0000 deviated from baseline 3.0000±0.0787 (z=12.7, confirmed x2) (sev=1.00)
[monitor_node-6] [WARN] [1789950883.193965286] [diagnostic_monitor]: ANOMALY on [perception_node] /perception/obstacles:obstacle_count: Value 2.0000 deviated from baseline 3.0000±0.0787 (z=12.7, confirmed x3) (sev=1.00)
[monitor_node-6] [WARN] [1789950883.293792733] [diagnostic_monitor]: ANOMALY on [perception_node] /perception/obstacles:obstacle_count: Value 2.0000 deviated from baseline 3.0000±0.0787 (z=12.7, confirmed x4) (sev=1.00)
[monitor_node-6] [WARN] [1789950883.393369703] [diagnostic_monitor]: ANOMALY on [perception_node] /perception/obstacles:obstacle_count: Value 1.0000 deviated from baseline 3.0000±0.0787 (z=25.4, confirmed x5) (sev=1.00)
[monitor_node-6] [WARN] [1789950883.496246513] [diagnostic_monitor]: ANOMALY on [perception_node] /perception/obstacles:obstacle_count: Value 1.0000 deviated from baseline 3.0000±0.0787 (z=25.4, confirmed x6) (sev=1.00)
[monitor_node-6] [WARN] [1789950883.593784624] [diagnostic_monitor]: ANOMALY on [perception_node] /perception/obstacles:obstacle_count: Value 1.0000 deviated from baseline 3.0000±0.0787 (z=25.4, confirmed x7) (sev=1.00)
[monitor_node-6] [WARN] [1789950883.693795708] [diagnostic_monitor]: ANOMALY on [perception_node] /perception/obstacles:obstacle_count: Value 1.0000 deviated from baseline 3.0000±0.0787 (z=25.4, confirmed x8) (sev=1.00)
[monitor_node-6] [WARN] [1789950883.793992540] [diagnostic_monitor]: ANOMALY on [perception_node] /perception/obstacles:obstacle_count: Value 2.0000 deviated from baseline 3.0000±0.0787 (z=12.7, confirmed x9) (sev=1.00)
[monitor_node-6] [WARN] [1789950883.893829021] [diagnostic_monitor]: ANOMALY on [perception_node] /perception/obstacles:obstacle_count: Value 2.0000 deviated from baseline 3.0000±0.0787 (z=12.7, confirmed x10) (sev=1.00)
[monitor_node-6] [WARN] [1789950883.993888016] [diagnostic_monitor]: ANOMALY on [perception_node] /perception/obstacles:obstacle_count: Value 2.0000 deviated from baseline 3.0000±0.0787 (z=12.7, confirmed x11) (sev=1.00)
[monitor_node-6] [WARN] [1789950884.093455091] [diagnostic_monitor]: ANOMALY on [perception_node] /perception/obstacles:obstacle_count: Value 2.0000 deviated from baseline 3.0000±0.0787 (z=12.7, confirmed x12) (sev=1.00)
[monitor_node-6] [WARN] [1789950884.193868246] [diagnostic_monitor]: ANOMALY on [perception_node] /perception/obstacles:obstacle_count: Value 2.0000 deviated from baseline 3.0000±0.0787 (z=12.7, confirmed x13) (sev=1.00)
[monitor_node-6] [WARN] [1789950884.294104439] [diagnostic_monitor]: ANOMALY on [perception_node] /perception/obstacles:obstacle_count: Value 2.0000 deviated from baseline 3.0000±0.0787 (z=12.7, confirmed x14) (sev=1.00)
[monitor_node-6] [WARN] [1789950884.393479060] [diagnostic_monitor]: ANOMALY on [perception_node] /perception/obstacles:obstacle_count: Value 2.0000 deviated from baseline 3.0000±0.0787 (z=12.7, confirmed x15) (sev=1.00)
[monitor_node-6] [WARN] [1789950884.496715726] [diagnostic_monitor]: ANOMALY on [perception_node] /perception/obstacles:obstacle_count: Value 2.0000 deviated from baseline 3.0000±0.0787 (z=12.7, confirmed x16) (sev=1.00)
[monitor_node-6] [WARN] [1789950884.593840954] [diagnostic_monitor]: ANOMALY on [perception_node] /perception/obstacles:obstacle_count: Value 2.0000 deviated from baseline 3.0000±0.0787 (z=12.7, confirmed x17) (sev=1.00)
[monitor_node-6] [WARN] [1789950884.693721352] [diagnostic_monitor]: ANOMALY on [perception_node] /perception/obstacles:obstacle_count: Value 2.0000 deviated from baseline 3.0000±0.0787 (z=12.7, confirmed x18) (sev=1.00)
[monitor_node-6] [WARN] [1789950884.794057092] [diagnostic_monitor]: ANOMALY on [perception_node] /perception/obstacles:obstacle_count: Value 2.0000 deviated from baseline 3.0000±0.0787 (z=12.7, confirmed x19) (sev=1.00)
[monitor_node-6] [WARN] [1789950884.893869672] [diagnostic_monitor]: ANOMALY on [perception_node] /perception/obstacles:obstacle_count: Value 2.0000 deviated from baseline 3.0000±0.0787 (z=12.7, confirmed x20) (sev=1.00)
[monitor_node-6] [WARN] [1789950885.393950329] [diagnostic_monitor]: ANOMALY on [perception_node] /perception/obstacles:obstacle_count: Value 2.0000 deviated from baseline 3.0000±0.0783 (z=12.8, confirmed x2) (sev=1.00)
[monitor_node-6] [WARN] [1789950885.496336117] [diagnostic_monitor]: ANOMALY on [perception_node] /perception/obstacles:obstacle_count: Value 2.0000 deviated from baseline 3.0000±0.0783 (z=12.8, confirmed x3) (sev=1.00)
[monitor_node-6] [WARN] [1789950885.593460903] [diagnostic_monitor]: ANOMALY on [perception_node] /perception/obstacles:obstacle_count: Value 2.0000 deviated from baseline 3.0000±0.0783 (z=12.8, confirmed x4) (sev=1.00)
[monitor_node-6] [WARN] [1789950885.694132231] [diagnostic_monitor]: ANOMALY on [perception_node] /perception/obstacles:obstacle_count: Value 2.0000 deviated from baseline 3.0000±0.0783 (z=12.8, confirmed x5) (sev=1.00)
[monitor_node-6] [WARN] [1789950885.793806602] [diagnostic_monitor]: ANOMALY on [perception_node] /perception/obstacles:obstacle_count: Value 2.0000 deviated from baseline 3.0000±0.0783 (z=12.8, confirmed x6) (sev=1.00)
[monitor_node-6] [WARN] [1789950885.894153438] [diagnostic_monitor]: ANOMALY on [perception_node] /perception/obstacles:obstacle_count: Value 2.0000 deviated from baseline 3.0000±0.0783 (z=12.8, confirmed x7) (sev=1.00)
[monitor_node-6] [WARN] [1789950887.831328174] [diagnostic_monitor]: ANOMALY on [control_node] /cmd_vel:linear_vel: Value 0.1579 deviated from baseline 0.4624±0.0565 (z=5.4, confirmed x2) (sev=0.60)
[monitor_node-6] [WARN] [1789950887.995115852] [diagnostic_monitor]: ANOMALY on [perception_node] /perception/obstacles:obstacle_count: Value 4.0000 deviated from baseline 3.0000±0.0761 (z=13.1, confirmed x2) (sev=1.00)
[monitor_node-6] [WARN] [1789950888.030727151] [diagnostic_monitor]: ANOMALY on [control_node] /cmd_vel:linear_vel: Value 0.1911 deviated from baseline 0.4624±0.0565 (z=4.8, confirmed x3) (sev=0.53)
[monitor_node-6] [WARN] [1789950888.093688544] [diagnostic_monitor]: ANOMALY on [perception_node] /perception/obstacles:obstacle_count: Value 4.0000 deviated from baseline 3.0000±0.0761 (z=13.1, confirmed x3) (sev=1.00)
[monitor_node-6] [WARN] [1789950888.193986051] [diagnostic_monitor]: ANOMALY on [perception_node] /perception/obstacles:obstacle_count: Value 4.0000 deviated from baseline 3.0000±0.0761 (z=13.1, confirmed x4) (sev=1.00)
[monitor_node-6] [WARN] [1789950888.294168810] [diagnostic_monitor]: ANOMALY on [perception_node] /perception/obstacles:obstacle_count: Value 4.0000 deviated from baseline 3.0000±0.0761 (z=13.1, confirmed x5) (sev=1.00)
[monitor_node-6] [WARN] [1789950888.394101779] [diagnostic_monitor]: ANOMALY on [perception_node] /perception/obstacles:obstacle_count: Value 4.0000 deviated from baseline 3.0000±0.0761 (z=13.1, confirmed x6) (sev=1.00)
[monitor_node-6] [WARN] [1789950888.496114231] [diagnostic_monitor]: ANOMALY on [perception_node] /perception/obstacles:obstacle_count: Value 4.0000 deviated from baseline 3.0000±0.0761 (z=13.1, confirmed x7) (sev=1.00)
[monitor_node-6] [WARN] [1789950888.593663333] [diagnostic_monitor]: ANOMALY on [perception_node] /perception/obstacles:obstacle_count: Value 4.0000 deviated from baseline 3.0000±0.0761 (z=13.1, confirmed x8) (sev=1.00)
[monitor_node-6] [WARN] [1789950889.994667378] [diagnostic_monitor]: ANOMALY on [perception_node] /perception/obstacles:obstacle_count: Value 4.0000 deviated from baseline 3.0000±0.0748 (z=13.4, confirmed x2) (sev=1.00)
[monitor_node-6] [WARN] [1789950890.093925065] [diagnostic_monitor]: ANOMALY on [perception_node] /perception/obstacles:obstacle_count: Value 4.0000 deviated from baseline 3.0000±0.0748 (z=13.4, confirmed x3) (sev=1.00)
[monitor_node-6] [WARN] [1789950890.193907533] [diagnostic_monitor]: ANOMALY on [perception_node] /perception/obstacles:obstacle_count: Value 4.0000 deviated from baseline 3.0000±0.0748 (z=13.4, confirmed x4) (sev=1.00)
[monitor_node-6] [WARN] [1789950890.293780384] [diagnostic_monitor]: ANOMALY on [perception_node] /perception/obstacles:obstacle_count: Value 4.0000 deviated from baseline 3.0000±0.0748 (z=13.4, confirmed x5) (sev=1.00)
[monitor_node-6] [WARN] [1789950890.393788411] [diagnostic_monitor]: ANOMALY on [perception_node] /perception/obstacles:obstacle_count: Value 4.0000 deviated from baseline 3.0000±0.0748 (z=13.4, confirmed x6) (sev=1.00)
[monitor_node-6] [WARN] [1789950890.431215928] [diagnostic_monitor]: ANOMALY on [control_node] /cmd_vel:linear_vel: Value 0.1000 deviated from baseline 0.4611±0.0579 (z=6.2, confirmed x2) (sev=0.69)
[monitor_node-6] [WARN] [1789950890.495607745] [diagnostic_monitor]: ANOMALY on [perception_node] /perception/obstacles:obstacle_count: Value 4.0000 deviated from baseline 3.0000±0.0748 (z=13.4, confirmed x7) (sev=1.00)
[monitor_node-6] [WARN] [1789950890.593899797] [diagnostic_monitor]: ANOMALY on [perception_node] /perception/obstacles:obstacle_count: Value 4.0000 deviated from baseline 3.0000±0.0748 (z=13.4, confirmed x8) (sev=1.00)
[monitor_node-6] [WARN] [1789950890.631395885] [diagnostic_monitor]: ANOMALY on [control_node] /cmd_vel:linear_vel: Value 0.1000 deviated from baseline 0.4611±0.0579 (z=6.2, confirmed x3) (sev=0.69)
[monitor_node-6] [WARN] [1789950890.693864265] [diagnostic_monitor]: ANOMALY on [perception_node] /perception/obstacles:obstacle_count: Value 4.0000 deviated from baseline 3.0000±0.0748 (z=13.4, confirmed x9) (sev=1.00)
[monitor_node-6] [WARN] [1789950890.794172590] [diagnostic_monitor]: ANOMALY on [perception_node] /perception/obstacles:obstacle_count: Value 4.0000 deviated from baseline 3.0000±0.0748 (z=13.4, confirmed x10) (sev=1.00)
[monitor_node-6] [WARN] [1789950890.830710496] [diagnostic_monitor]: ANOMALY on [control_node] /cmd_vel:linear_vel: Value 0.1000 deviated from baseline 0.4611±0.0579 (z=6.2, confirmed x4) (sev=0.69)
[monitor_node-6] [WARN] [1789950890.893687708] [diagnostic_monitor]: ANOMALY on [perception_node] /perception/obstacles:obstacle_count: Value 4.0000 deviated from baseline 3.0000±0.0748 (z=13.4, confirmed x11) (sev=1.00)
[monitor_node-6] [WARN] [1789950890.994186802] [diagnostic_monitor]: ANOMALY on [perception_node] /perception/obstacles:obstacle_count: Value 4.0000 deviated from baseline 3.0000±0.0748 (z=13.4, confirmed x12) (sev=1.00)
[monitor_node-6] [WARN] [1789950891.031377324] [diagnostic_monitor]: ANOMALY on [control_node] /cmd_vel:linear_vel: Value 0.1278 deviated from baseline 0.4611±0.0579 (z=5.8, confirmed x5) (sev=0.64)
[monitor_node-6] [WARN] [1789950891.093965480] [diagnostic_monitor]: ANOMALY on [perception_node] /perception/obstacles:obstacle_count: Value 4.0000 deviated from baseline 3.0000±0.0748 (z=13.4, confirmed x13) (sev=1.00)
[monitor_node-6] [WARN] [1789950891.193956433] [diagnostic_monitor]: ANOMALY on [perception_node] /perception/obstacles:obstacle_count: Value 4.0000 deviated from baseline 3.0000±0.0748 (z=13.4, confirmed x14) (sev=1.00)
[monitor_node-6] [WARN] [1789950891.231424769] [diagnostic_monitor]: ANOMALY on [control_node] /cmd_vel:linear_vel: Value 0.1654 deviated from baseline 0.4611±0.0579 (z=5.1, confirmed x6) (sev=0.57)
[monitor_node-6] [WARN] [1789950891.294052078] [diagnostic_monitor]: ANOMALY on [perception_node] /perception/obstacles:obstacle_count: Value 4.0000 deviated from baseline 3.0000±0.0748 (z=13.4, confirmed x15) (sev=1.00)
[monitor_node-6] [WARN] [1789950891.431079027] [diagnostic_monitor]: ANOMALY on [control_node] /cmd_vel:linear_vel: Value 0.2027 deviated from baseline 0.4611±0.0579 (z=4.5, confirmed x7) (sev=0.50)
[monitor_node-6] [WARN] [1789950891.694108671] [diagnostic_monitor]: ANOMALY on [perception_node] /perception/obstacles:obstacle_count: Value 4.0000 deviated from baseline 3.0000±0.0746 (z=13.4, confirmed x2) (sev=1.00)
[monitor_node-6] [WARN] [1789950891.793981161] [diagnostic_monitor]: ANOMALY on [perception_node] /perception/obstacles:obstacle_count: Value 4.0000 deviated from baseline 3.0000±0.0746 (z=13.4, confirmed x3) (sev=1.00)
[monitor_node-6] [WARN] [1789950891.894269917] [diagnostic_monitor]: ANOMALY on [perception_node] /perception/obstacles:obstacle_count: Value 4.0000 deviated from baseline 3.0000±0.0746 (z=13.4, confirmed x4) (sev=1.00)
[monitor_node-6] [WARN] [1789950891.994544475] [diagnostic_monitor]: ANOMALY on [perception_node] /perception/obstacles:obstacle_count: Value 4.0000 deviated from baseline 3.0000±0.0746 (z=13.4, confirmed x5) (sev=1.00)
[monitor_node-6] [WARN] [1789950893.894251824] [diagnostic_monitor]: ANOMALY on [perception_node] /perception/obstacles:obstacle_count: Value 2.0000 deviated from baseline 3.0000±0.0729 (z=13.7, confirmed x2) (sev=1.00)
[monitor_node-6] [WARN] [1789950893.994495468] [diagnostic_monitor]: ANOMALY on [perception_node] /perception/obstacles:obstacle_count: Value 2.0000 deviated from baseline 3.0000±0.0729 (z=13.7, confirmed x3) (sev=1.00)
[monitor_node-6] [WARN] [1789950894.093889897] [diagnostic_monitor]: ANOMALY on [perception_node] /perception/obstacles:obstacle_count: Value 2.0000 deviated from baseline 3.0000±0.0729 (z=13.7, confirmed x4) (sev=1.00)
[monitor_node-6] [WARN] [1789950894.194126551] [diagnostic_monitor]: ANOMALY on [perception_node] /perception/obstacles:obstacle_count: Value 2.0000 deviated from baseline 3.0000±0.0729 (z=13.7, confirmed x5) (sev=1.00)
[monitor_node-6] [WARN] [1789950894.294094351] [diagnostic_monitor]: ANOMALY on [perception_node] /perception/obstacles:obstacle_count: Value 2.0000 deviated from baseline 3.0000±0.0729 (z=13.7, confirmed x6) (sev=1.00)
[monitor_node-6] [WARN] [1789950894.394071271] [diagnostic_monitor]: ANOMALY on [perception_node] /perception/obstacles:obstacle_count: Value 2.0000 deviated from baseline 3.0000±0.0729 (z=13.7, confirmed x7) (sev=1.00)
[monitor_node-6] [WARN] [1789950894.495925347] [diagnostic_monitor]: ANOMALY on [perception_node] /perception/obstacles:obstacle_count: Value 2.0000 deviated from baseline 3.0000±0.0729 (z=13.7, confirmed x8) (sev=1.00)
[monitor_node-6] [WARN] [1789950894.593959520] [diagnostic_monitor]: ANOMALY on [perception_node] /perception/obstacles:obstacle_count: Value 2.0000 deviated from baseline 3.0000±0.0729 (z=13.7, confirmed x9) (sev=1.00)
[monitor_node-6] [WARN] [1789950894.693639775] [diagnostic_monitor]: ANOMALY on [perception_node] /perception/obstacles:obstacle_count: Value 2.0000 deviated from baseline 3.0000±0.0729 (z=13.7, confirmed x10) (sev=1.00)
[monitor_node-6] [WARN] [1789950894.793893027] [diagnostic_monitor]: ANOMALY on [perception_node] /perception/obstacles:obstacle_count: Value 2.0000 deviated from baseline 3.0000±0.0729 (z=13.7, confirmed x11) (sev=1.00)
[monitor_node-6] [WARN] [1789950894.894329494] [diagnostic_monitor]: ANOMALY on [perception_node] /perception/obstacles:obstacle_count: Value 2.0000 deviated from baseline 3.0000±0.0729 (z=13.7, confirmed x12) (sev=1.00)
[monitor_node-6] [WARN] [1789950894.993884718] [diagnostic_monitor]: ANOMALY on [perception_node] /perception/obstacles:obstacle_count: Value 2.0000 deviated from baseline 3.0000±0.0729 (z=13.7, confirmed x13) (sev=1.00)
[monitor_node-6] [WARN] [1789950895.093824782] [diagnostic_monitor]: ANOMALY on [perception_node] /perception/obstacles:obstacle_count: Value 2.0000 deviated from baseline 3.0000±0.0729 (z=13.7, confirmed x14) (sev=1.00)
[monitor_node-6] [WARN] [1789950895.193574453] [diagnostic_monitor]: ANOMALY on [perception_node] /perception/obstacles:obstacle_count: Value 2.0000 deviated from baseline 3.0000±0.0729 (z=13.7, confirmed x15) (sev=1.00)
[monitor_node-6] [WARN] [1789950895.293907194] [diagnostic_monitor]: ANOMALY on [perception_node] /perception/obstacles:obstacle_count: Value 2.0000 deviated from baseline 3.0000±0.0729 (z=13.7, confirmed x16) (sev=1.00)
[monitor_node-6] [WARN] [1789950895.394261403] [diagnostic_monitor]: ANOMALY on [perception_node] /perception/obstacles:obstacle_count: Value 2.0000 deviated from baseline 3.0000±0.0729 (z=13.7, confirmed x17) (sev=1.00)
[monitor_node-6] [WARN] [1789950895.496561872] [diagnostic_monitor]: ANOMALY on [perception_node] /perception/obstacles:obstacle_count: Value 2.0000 deviated from baseline 3.0000±0.0729 (z=13.7, confirmed x18) (sev=1.00)
[monitor_node-6] [WARN] [1789950895.594316033] [diagnostic_monitor]: ANOMALY on [perception_node] /perception/obstacles:obstacle_count: Value 2.0000 deviated from baseline 3.0000±0.0729 (z=13.7, confirmed x19) (sev=1.00)
[monitor_node-6] [WARN] [1789950895.693898289] [diagnostic_monitor]: ANOMALY on [perception_node] /perception/obstacles:obstacle_count: Value 2.0000 deviated from baseline 3.0000±0.0729 (z=13.7, confirmed x20) (sev=1.00)
[monitor_node-6] [WARN] [1789950895.793784925] [diagnostic_monitor]: ANOMALY on [perception_node] /perception/obstacles:obstacle_count: Value 2.0000 deviated from baseline 3.0000±0.0729 (z=13.7, confirmed x21) (sev=1.00)
[monitor_node-6] [WARN] [1789950895.894282486] [diagnostic_monitor]: ANOMALY on [perception_node] /perception/obstacles:obstacle_count: Value 2.0000 deviated from baseline 3.0000±0.0729 (z=13.7, confirmed x22) (sev=1.00)
[monitor_node-6] [WARN] [1789950895.994473324] [diagnostic_monitor]: ANOMALY on [perception_node] /perception/obstacles:obstacle_count: Value 2.0000 deviated from baseline 3.0000±0.0729 (z=13.7, confirmed x23) (sev=1.00)
[monitor_node-6] [WARN] [1789950896.093422493] [diagnostic_monitor]: ANOMALY on [perception_node] /perception/obstacles:obstacle_count: Value 2.0000 deviated from baseline 3.0000±0.0729 (z=13.7, confirmed x24) (sev=1.00)
[monitor_node-6] [WARN] [1789950896.193662083] [diagnostic_monitor]: ANOMALY on [perception_node] /perception/obstacles:obstacle_count: Value 2.0000 deviated from baseline 3.0000±0.0729 (z=13.7, confirmed x25) (sev=1.00)
[monitor_node-6] [WARN] [1789950896.294080213] [diagnostic_monitor]: ANOMALY on [perception_node] /perception/obstacles:obstacle_count: Value 2.0000 deviated from baseline 3.0000±0.0729 (z=13.7, confirmed x26) (sev=1.00)
[monitor_node-6] [WARN] [1789950896.393792613] [diagnostic_monitor]: ANOMALY on [perception_node] /perception/obstacles:obstacle_count: Value 1.0000 deviated from baseline 3.0000±0.0729 (z=27.4, confirmed x27) (sev=1.00)
[monitor_node-6] [WARN] [1789950896.496475518] [diagnostic_monitor]: ANOMALY on [perception_node] /perception/obstacles:obstacle_count: Value 1.0000 deviated from baseline 3.0000±0.0729 (z=27.4, confirmed x28) (sev=1.00)
[monitor_node-6] [WARN] [1789950896.593425593] [diagnostic_monitor]: ANOMALY on [perception_node] /perception/obstacles:obstacle_count: Value 1.0000 deviated from baseline 3.0000±0.0729 (z=27.4, confirmed x29) (sev=1.00)
[monitor_node-6] [WARN] [1789950896.694118872] [diagnostic_monitor]: ANOMALY on [perception_node] /perception/obstacles:obstacle_count: Value 1.0000 deviated from baseline 3.0000±0.0729 (z=27.4, confirmed x30) (sev=1.00)
[monitor_node-6] [WARN] [1789950896.793981687] [diagnostic_monitor]: ANOMALY on [perception_node] /perception/obstacles:obstacle_count: Value 2.0000 deviated from baseline 3.0000±0.0729 (z=13.7, confirmed x31) (sev=1.00)
[monitor_node-6] [WARN] [1789950896.894778635] [diagnostic_monitor]: ANOMALY on [perception_node] /perception/obstacles:obstacle_count: Value 2.0000 deviated from baseline 3.0000±0.0729 (z=13.7, confirmed x32) (sev=1.00)
[monitor_node-6] [WARN] [1789950896.993953375] [diagnostic_monitor]: ANOMALY on [perception_node] /perception/obstacles:obstacle_count: Value 2.0000 deviated from baseline 3.0000±0.0729 (z=13.7, confirmed x33) (sev=1.00)
[monitor_node-6] [WARN] [1789950897.093714555] [diagnostic_monitor]: ANOMALY on [perception_node] /perception/obstacles:obstacle_count: Value 2.0000 deviated from baseline 3.0000±0.0729 (z=13.7, confirmed x34) (sev=1.00)
[monitor_node-6] [WARN] [1789950897.193878119] [diagnostic_monitor]: ANOMALY on [perception_node] /perception/obstacles:obstacle_count: Value 2.0000 deviated from baseline 3.0000±0.0729 (z=13.7, confirmed x35) (sev=1.00)
[monitor_node-6] [WARN] [1789950897.293824395] [diagnostic_monitor]: ANOMALY on [perception_node] /perception/obstacles:obstacle_count: Value 2.0000 deviated from baseline 3.0000±0.0729 (z=13.7, confirmed x36) (sev=1.00)
[monitor_node-6] [WARN] [1789950897.393860222] [diagnostic_monitor]: ANOMALY on [perception_node] /perception/obstacles:obstacle_count: Value 2.0000 deviated from baseline 3.0000±0.0729 (z=13.7, confirmed x37) (sev=1.00)
[monitor_node-6] [WARN] [1789950897.496181296] [diagnostic_monitor]: ANOMALY on [perception_node] /perception/obstacles:obstacle_count: Value 2.0000 deviated from baseline 3.0000±0.0729 (z=13.7, confirmed x38) (sev=1.00)
[monitor_node-6] [WARN] [1789950898.294442733] [diagnostic_monitor]: ANOMALY on [perception_node] /perception/obstacles:obstacle_count: Value 2.0000 deviated from baseline 3.0000±0.0724 (z=13.8, confirmed x2) (sev=1.00)
[monitor_node-6] [WARN] [1789950898.393723679] [diagnostic_monitor]: ANOMALY on [perception_node] /perception/obstacles:obstacle_count: Value 2.0000 deviated from baseline 3.0000±0.0724 (z=13.8, confirmed x3) (sev=1.00)
[monitor_node-6] [WARN] [1789950898.497457168] [diagnostic_monitor]: ANOMALY on [perception_node] /perception/obstacles:obstacle_count: Value 2.0000 deviated from baseline 3.0000±0.0724 (z=13.8, confirmed x4) (sev=1.00)
[monitor_node-6] [WARN] [1789950898.594076944] [diagnostic_monitor]: ANOMALY on [perception_node] /perception/obstacles:obstacle_count: Value 2.0000 deviated from baseline 3.0000±0.0724 (z=13.8, confirmed x5) (sev=1.00)
[monitor_node-6] [WARN] [1789950898.694286266] [diagnostic_monitor]: ANOMALY on [perception_node] /perception/obstacles:obstacle_count: Value 1.0000 deviated from baseline 3.0000±0.0724 (z=27.6, confirmed x6) (sev=1.00)
[monitor_node-6] [WARN] [1789950898.793941542] [diagnostic_monitor]: ANOMALY on [perception_node] /perception/obstacles:obstacle_count: Value 2.0000 deviated from baseline 3.0000±0.0724 (z=13.8, confirmed x7) (sev=1.00)
[monitor_node-6] [WARN] [1789950898.893941678] [diagnostic_monitor]: ANOMALY on [perception_node] /perception/obstacles:obstacle_count: Value 2.0000 deviated from baseline 3.0000±0.0724 (z=13.8, confirmed x8) (sev=1.00)
[monitor_node-6] [WARN] [1789950898.994304542] [diagnostic_monitor]: ANOMALY on [perception_node] /perception/obstacles:obstacle_count: Value 2.0000 deviated from baseline 3.0000±0.0724 (z=13.8, confirmed x9) (sev=1.00)
[monitor_node-6] [WARN] [1789950899.093944973] [diagnostic_monitor]: ANOMALY on [perception_node] /perception/obstacles:obstacle_count: Value 2.0000 deviated from baseline 3.0000±0.0724 (z=13.8, confirmed x10) (sev=1.00)
[monitor_node-6] [WARN] [1789950899.193826468] [diagnostic_monitor]: ANOMALY on [perception_node] /perception/obstacles:obstacle_count: Value 2.0000 deviated from baseline 3.0000±0.0724 (z=13.8, confirmed x11) (sev=1.00)
[monitor_node-6] [WARN] [1789950899.293832064] [diagnostic_monitor]: ANOMALY on [perception_node] /perception/obstacles:obstacle_count: Value 2.0000 deviated from baseline 3.0000±0.0724 (z=13.8, confirmed x12) (sev=1.00)
[monitor_node-6] [WARN] [1789950899.393988552] [diagnostic_monitor]: ANOMALY on [perception_node] /perception/obstacles:obstacle_count: Value 2.0000 deviated from baseline 3.0000±0.0724 (z=13.8, confirmed x13) (sev=1.00)
[monitor_node-6] [WARN] [1789950899.497251609] [diagnostic_monitor]: ANOMALY on [perception_node] /perception/obstacles:obstacle_count: Value 2.0000 deviated from baseline 3.0000±0.0724 (z=13.8, confirmed x14) (sev=1.00)
[monitor_node-6] [WARN] [1789950899.593814446] [diagnostic_monitor]: ANOMALY on [perception_node] /perception/obstacles:obstacle_count: Value 2.0000 deviated from baseline 3.0000±0.0724 (z=13.8, confirmed x15) (sev=1.00)
[monitor_node-6] [WARN] [1789950899.693694317] [diagnostic_monitor]: ANOMALY on [perception_node] /perception/obstacles:obstacle_count: Value 2.0000 deviated from baseline 3.0000±0.0724 (z=13.8, confirmed x16) (sev=1.00)
[monitor_node-6] [WARN] [1789950899.793821888] [diagnostic_monitor]: ANOMALY on [perception_node] /perception/obstacles:obstacle_count: Value 2.0000 deviated from baseline 3.0000±0.0724 (z=13.8, confirmed x17) (sev=1.00)
[monitor_node-6] [WARN] [1789950899.893987427] [diagnostic_monitor]: ANOMALY on [perception_node] /perception/obstacles:obstacle_count: Value 2.0000 deviated from baseline 3.0000±0.0724 (z=13.8, confirmed x18) (sev=1.00)
[monitor_node-6] [WARN] [1789950899.993981777] [diagnostic_monitor]: ANOMALY on [perception_node] /perception/obstacles:obstacle_count: Value 2.0000 deviated from baseline 3.0000±0.0724 (z=13.8, confirmed x19) (sev=1.00)
[monitor_node-6] [WARN] [1789950900.094149227] [diagnostic_monitor]: ANOMALY on [perception_node] /perception/obstacles:obstacle_count: Value 2.0000 deviated from baseline 3.0000±0.0724 (z=13.8, confirmed x20) (sev=1.00)
[monitor_node-6] [WARN] [1789950900.193457083] [diagnostic_monitor]: ANOMALY on [perception_node] /perception/obstacles:obstacle_count: Value 2.0000 deviated from baseline 3.0000±0.0724 (z=13.8, confirmed x21) (sev=1.00)
[monitor_node-6] [WARN] [1789950900.293790493] [diagnostic_monitor]: ANOMALY on [perception_node] /perception/obstacles:obstacle_count: Value 2.0000 deviated from baseline 3.0000±0.0724 (z=13.8, confirmed x22) (sev=1.00)
[monitor_node-6] [WARN] [1789950900.393942284] [diagnostic_monitor]: ANOMALY on [perception_node] /perception/obstacles:obstacle_count: Value 2.0000 deviated from baseline 3.0000±0.0724 (z=13.8, confirmed x23) (sev=1.00)
[monitor_node-6] [WARN] [1789950900.496207003] [diagnostic_monitor]: ANOMALY on [perception_node] /perception/obstacles:obstacle_count: Value 2.0000 deviated from baseline 3.0000±0.0724 (z=13.8, confirmed x24) (sev=1.00)
[monitor_node-6] [WARN] [1789950900.594040860] [diagnostic_monitor]: ANOMALY on [perception_node] /perception/obstacles:obstacle_count: Value 2.0000 deviated from baseline 3.0000±0.0724 (z=13.8, confirmed x25) (sev=1.00)
[monitor_node-6] [WARN] [1789950900.693638182] [diagnostic_monitor]: ANOMALY on [perception_node] /perception/obstacles:obstacle_count: Value 2.0000 deviated from baseline 3.0000±0.0724 (z=13.8, confirmed x26) (sev=1.00)
[monitor_node-6] [WARN] [1789950900.794050561] [diagnostic_monitor]: ANOMALY on [perception_node] /perception/obstacles:obstacle_count: Value 2.0000 deviated from baseline 3.0000±0.0724 (z=13.8, confirmed x27) (sev=1.00)
[monitor_node-6] [WARN] [1789950900.894416254] [diagnostic_monitor]: ANOMALY on [perception_node] /perception/obstacles:obstacle_count: Value 2.0000 deviated from baseline 3.0000±0.0724 (z=13.8, confirmed x28) (sev=1.00)
[monitor_node-6] [WARN] [1789950900.995009593] [diagnostic_monitor]: ANOMALY on [perception_node] /perception/obstacles:obstacle_count: Value 2.0000 deviated from baseline 3.0000±0.0724 (z=13.8, confirmed x29) (sev=1.00)
[monitor_node-6] [WARN] [1789950901.094118254] [diagnostic_monitor]: ANOMALY on [perception_node] /perception/obstacles:obstacle_count: Value 2.0000 deviated from baseline 3.0000±0.0724 (z=13.8, confirmed x30) (sev=1.00)
[monitor_node-6] [WARN] [1789950901.194338652] [diagnostic_monitor]: ANOMALY on [perception_node] /perception/obstacles:obstacle_count: Value 2.0000 deviated from baseline 3.0000±0.0724 (z=13.8, confirmed x31) (sev=1.00)
[monitor_node-6] [WARN] [1789950901.294048323] [diagnostic_monitor]: ANOMALY on [perception_node] /perception/obstacles:obstacle_count: Value 2.0000 deviated from baseline 3.0000±0.0724 (z=13.8, confirmed x32) (sev=1.00)
[monitor_node-6] [WARN] [1789950901.393779821] [diagnostic_monitor]: ANOMALY on [perception_node] /perception/obstacles:obstacle_count: Value 2.0000 deviated from baseline 3.0000±0.0724 (z=13.8, confirmed x33) (sev=1.00)
[monitor_node-6] [WARN] [1789950901.497055591] [diagnostic_monitor]: ANOMALY on [perception_node] /perception/obstacles:obstacle_count: Value 2.0000 deviated from baseline 3.0000±0.0724 (z=13.8, confirmed x34) (sev=1.00)
[monitor_node-6] [WARN] [1789950901.594156136] [diagnostic_monitor]: ANOMALY on [perception_node] /perception/obstacles:obstacle_count: Value 2.0000 deviated from baseline 3.0000±0.0724 (z=13.8, confirmed x35) (sev=1.00)
[monitor_node-6] [WARN] [1789950904.394153786] [diagnostic_monitor]: ANOMALY on [perception_node] /perception/obstacles:obstacle_count: Value 4.0000 deviated from baseline 3.0000±0.0700 (z=14.3, confirmed x2) (sev=1.00)
[monitor_node-6] [WARN] [1789950904.496307683] [diagnostic_monitor]: ANOMALY on [perception_node] /perception/obstacles:obstacle_count: Value 4.0000 deviated from baseline 3.0000±0.0700 (z=14.3, confirmed x3) (sev=1.00)
[monitor_node-6] [WARN] [1789950904.594043294] [diagnostic_monitor]: ANOMALY on [perception_node] /perception/obstacles:obstacle_count: Value 4.0000 deviated from baseline 3.0000±0.0700 (z=14.3, confirmed x4) (sev=1.00)
[monitor_node-6] [WARN] [1789950906.194300481] [diagnostic_monitor]: ANOMALY on [perception_node] /perception/obstacles:obstacle_count: Value 2.0000 deviated from baseline 3.0000±0.0688 (z=14.5, confirmed x2) (sev=1.00)
[monitor_node-6] [WARN] [1789950906.293920053] [diagnostic_monitor]: ANOMALY on [perception_node] /perception/obstacles:obstacle_count: Value 2.0000 deviated from baseline 3.0000±0.0688 (z=14.5, confirmed x3) (sev=1.00)
[monitor_node-6] [WARN] [1789950906.393930752] [diagnostic_monitor]: ANOMALY on [perception_node] /perception/obstacles:obstacle_count: Value 2.0000 deviated from baseline 3.0000±0.0688 (z=14.5, confirmed x4) (sev=1.00)
[monitor_node-6] [WARN] [1789950906.496239725] [diagnostic_monitor]: ANOMALY on [perception_node] /perception/obstacles:obstacle_count: Value 2.0000 deviated from baseline 3.0000±0.0688 (z=14.5, confirmed x5) (sev=1.00)
[monitor_node-6] [WARN] [1789950906.594454226] [diagnostic_monitor]: ANOMALY on [perception_node] /perception/obstacles:obstacle_count: Value 2.0000 deviated from baseline 3.0000±0.0688 (z=14.5, confirmed x6) (sev=1.00)
[monitor_node-6] [WARN] [1789950906.693762865] [diagnostic_monitor]: ANOMALY on [perception_node] /perception/obstacles:obstacle_count: Value 2.0000 deviated from baseline 3.0000±0.0688 (z=14.5, confirmed x7) (sev=1.00)
[monitor_node-6] [WARN] [1789950906.793813483] [diagnostic_monitor]: ANOMALY on [perception_node] /perception/obstacles:obstacle_count: Value 2.0000 deviated from baseline 3.0000±0.0688 (z=14.5, confirmed x8) (sev=1.00)
[monitor_node-6] [WARN] [1789950906.893810943] [diagnostic_monitor]: ANOMALY on [perception_node] /perception/obstacles:obstacle_count: Value 2.0000 deviated from baseline 3.0000±0.0688 (z=14.5, confirmed x9) (sev=1.00)
[monitor_node-6] [WARN] [1789950906.994239068] [diagnostic_monitor]: ANOMALY on [perception_node] /perception/obstacles:obstacle_count: Value 2.0000 deviated from baseline 3.0000±0.0688 (z=14.5, confirmed x10) (sev=1.00)
[monitor_node-6] [WARN] [1789950907.093820617] [diagnostic_monitor]: ANOMALY on [perception_node] /perception/obstacles:obstacle_count: Value 2.0000 deviated from baseline 3.0000±0.0688 (z=14.5, confirmed x11) (sev=1.00)
[monitor_node-6] [WARN] [1789950907.194096117] [diagnostic_monitor]: ANOMALY on [perception_node] /perception/obstacles:obstacle_count: Value 2.0000 deviated from baseline 3.0000±0.0688 (z=14.5, confirmed x12) (sev=1.00)
[monitor_node-6] [WARN] [1789950907.294220792] [diagnostic_monitor]: ANOMALY on [perception_node] /perception/obstacles:obstacle_count: Value 2.0000 deviated from baseline 3.0000±0.0688 (z=14.5, confirmed x13) (sev=1.00)
[monitor_node-6] [WARN] [1789950907.393834455] [diagnostic_monitor]: ANOMALY on [perception_node] /perception/obstacles:obstacle_count: Value 1.0000 deviated from baseline 3.0000±0.0688 (z=29.1, confirmed x14) (sev=1.00)
[monitor_node-6] [WARN] [1789950907.496121246] [diagnostic_monitor]: ANOMALY on [perception_node] /perception/obstacles:obstacle_count: Value 1.0000 deviated from baseline 3.0000±0.0688 (z=29.1, confirmed x15) (sev=1.00)
[monitor_node-6] [WARN] [1789950907.593980038] [diagnostic_monitor]: ANOMALY on [perception_node] /perception/obstacles:obstacle_count: Value 1.0000 deviated from baseline 3.0000±0.0688 (z=29.1, confirmed x16) (sev=1.00)
[monitor_node-6] [WARN] [1789950907.693632034] [diagnostic_monitor]: ANOMALY on [perception_node] /perception/obstacles:obstacle_count: Value 1.0000 deviated from baseline 3.0000±0.0688 (z=29.1, confirmed x17) (sev=1.00)
[monitor_node-6] [WARN] [1789950907.793930952] [diagnostic_monitor]: ANOMALY on [perception_node] /perception/obstacles:obstacle_count: Value 1.0000 deviated from baseline 3.0000±0.0688 (z=29.1, confirmed x18) (sev=1.00)
[monitor_node-6] [WARN] [1789950907.893795476] [diagnostic_monitor]: ANOMALY on [perception_node] /perception/obstacles:obstacle_count: Value 1.0000 deviated from baseline 3.0000±0.0688 (z=29.1, confirmed x19) (sev=1.00)
[monitor_node-6] [WARN] [1789950907.994168221] [diagnostic_monitor]: ANOMALY on [perception_node] /perception/obstacles:obstacle_count: Value 1.0000 deviated from baseline 3.0000±0.0688 (z=29.1, confirmed x20) (sev=1.00)
[monitor_node-6] [WARN] [1789950908.093723546] [diagnostic_monitor]: ANOMALY on [perception_node] /perception/obstacles:obstacle_count: Value 1.0000 deviated from baseline 3.0000±0.0688 (z=29.1, confirmed x21) (sev=1.00)
[monitor_node-6] [WARN] [1789950908.193677359] [diagnostic_monitor]: ANOMALY on [perception_node] /perception/obstacles:obstacle_count: Value 1.0000 deviated from baseline 3.0000±0.0688 (z=29.1, confirmed x22) (sev=1.00)
[monitor_node-6] [WARN] [1789950908.293954655] [diagnostic_monitor]: ANOMALY on [perception_node] /perception/obstacles:obstacle_count: Value 1.0000 deviated from baseline 3.0000±0.0688 (z=29.1, confirmed x23) (sev=1.00)
[monitor_node-6] [WARN] [1789950908.393674489] [diagnostic_monitor]: ANOMALY on [perception_node] /perception/obstacles:obstacle_count: Value 1.0000 deviated from baseline 3.0000±0.0688 (z=29.1, confirmed x24) (sev=1.00)
[monitor_node-6] [WARN] [1789950908.496451913] [diagnostic_monitor]: ANOMALY on [perception_node] /perception/obstacles:obstacle_count: Value 1.0000 deviated from baseline 3.0000±0.0688 (z=29.1, confirmed x25) (sev=1.00)
[monitor_node-6] [WARN] [1789950908.593513691] [diagnostic_monitor]: ANOMALY on [perception_node] /perception/obstacles:obstacle_count: Value 1.0000 deviated from baseline 3.0000±0.0688 (z=29.1, confirmed x26) (sev=1.00)
[monitor_node-6] [WARN] [1789950908.693908692] [diagnostic_monitor]: ANOMALY on [perception_node] /perception/obstacles:obstacle_count: Value 1.0000 deviated from baseline 3.0000±0.0688 (z=29.1, confirmed x27) (sev=1.00)
[monitor_node-6] [WARN] [1789950908.793701521] [diagnostic_monitor]: ANOMALY on [perception_node] /perception/obstacles:obstacle_count: Value 1.0000 deviated from baseline 3.0000±0.0688 (z=29.1, confirmed x28) (sev=1.00)
[monitor_node-6] [WARN] [1789950908.894183777] [diagnostic_monitor]: ANOMALY on [perception_node] /perception/obstacles:obstacle_count: Value 1.0000 deviated from baseline 3.0000±0.0688 (z=29.1, confirmed x29) (sev=1.00)
[monitor_node-6] [WARN] [1789950908.994056609] [diagnostic_monitor]: ANOMALY on [perception_node] /perception/obstacles:obstacle_count: Value 1.0000 deviated from baseline 3.0000±0.0688 (z=29.1, confirmed x30) (sev=1.00)
[monitor_node-6] [WARN] [1789950909.094037819] [diagnostic_monitor]: ANOMALY on [perception_node] /perception/obstacles:obstacle_count: Value 2.0000 deviated from baseline 3.0000±0.0688 (z=14.5, confirmed x31) (sev=1.00)
[monitor_node-6] [WARN] [1789950909.193549172] [diagnostic_monitor]: ANOMALY on [perception_node] /perception/obstacles:obstacle_count: Value 2.0000 deviated from baseline 3.0000±0.0688 (z=14.5, confirmed x32) (sev=1.00)
[monitor_node-6] [WARN] [1789950909.293595219] [diagnostic_monitor]: ANOMALY on [perception_node] /perception/obstacles:obstacle_count: Value 2.0000 deviated from baseline 3.0000±0.0688 (z=14.5, confirmed x33) (sev=1.00)
[monitor_node-6] [WARN] [1789950909.393495851] [diagnostic_monitor]: ANOMALY on [perception_node] /perception/obstacles:obstacle_count: Value 2.0000 deviated from baseline 3.0000±0.0688 (z=14.5, confirmed x34) (sev=1.00)
[monitor_node-6] [WARN] [1789950909.496022549] [diagnostic_monitor]: ANOMALY on [perception_node] /perception/obstacles:obstacle_count: Value 2.0000 deviated from baseline 3.0000±0.0688 (z=14.5, confirmed x35) (sev=1.00)
[monitor_node-6] [WARN] [1789950909.593938626] [diagnostic_monitor]: ANOMALY on [perception_node] /perception/obstacles:obstacle_count: Value 2.0000 deviated from baseline 3.0000±0.0688 (z=14.5, confirmed x36) (sev=1.00)
[monitor_node-6] [WARN] [1789950909.694118884] [diagnostic_monitor]: ANOMALY on [perception_node] /perception/obstacles:obstacle_count: Value 2.0000 deviated from baseline 3.0000±0.0688 (z=14.5, confirmed x37) (sev=1.00)
[monitor_node-6] [WARN] [1789950909.794108199] [diagnostic_monitor]: ANOMALY on [perception_node] /perception/obstacles:obstacle_count: Value 2.0000 deviated from baseline 3.0000±0.0688 (z=14.5, confirmed x38) (sev=1.00)
[monitor_node-6] [WARN] [1789950909.893914660] [diagnostic_monitor]: ANOMALY on [perception_node] /perception/obstacles:obstacle_count: Value 2.0000 deviated from baseline 3.0000±0.0688 (z=14.5, confirmed x39) (sev=1.00)
[monitor_node-6] [WARN] [1789950909.995064764] [diagnostic_monitor]: ANOMALY on [perception_node] /perception/obstacles:obstacle_count: Value 2.0000 deviated from baseline 3.0000±0.0688 (z=14.5, confirmed x40) (sev=1.00)
[monitor_node-6] [WARN] [1789950910.093569100] [diagnostic_monitor]: ANOMALY on [perception_node] /perception/obstacles:obstacle_count: Value 2.0000 deviated from baseline 3.0000±0.0688 (z=14.5, confirmed x41) (sev=1.00)
[monitor_node-6] [WARN] [1789950910.193699116] [diagnostic_monitor]: ANOMALY on [perception_node] /perception/obstacles:obstacle_count: Value 2.0000 deviated from baseline 3.0000±0.0688 (z=14.5, confirmed x42) (sev=1.00)
[monitor_node-6] [WARN] [1789950910.293662624] [diagnostic_monitor]: ANOMALY on [perception_node] /perception/obstacles:obstacle_count: Value 2.0000 deviated from baseline 3.0000±0.0688 (z=14.5, confirmed x43) (sev=1.00)
[monitor_node-6] [WARN] [1789950910.394668877] [diagnostic_monitor]: ANOMALY on [perception_node] /perception/obstacles:obstacle_count: Value 2.0000 deviated from baseline 3.0000±0.0688 (z=14.5, confirmed x44) (sev=1.00)
[monitor_node-6] [WARN] [1789950910.496590443] [diagnostic_monitor]: ANOMALY on [perception_node] /perception/obstacles:obstacle_count: Value 2.0000 deviated from baseline 3.0000±0.0688 (z=14.5, confirmed x45) (sev=1.00)
[monitor_node-6] [WARN] [1789950910.594287948] [diagnostic_monitor]: ANOMALY on [perception_node] /perception/obstacles:obstacle_count: Value 2.0000 deviated from baseline 3.0000±0.0688 (z=14.5, confirmed x46) (sev=1.00)
[monitor_node-6] [WARN] [1789950910.693452924] [diagnostic_monitor]: ANOMALY on [perception_node] /perception/obstacles:obstacle_count: Value 2.0000 deviated from baseline 3.0000±0.0688 (z=14.5, confirmed x47) (sev=1.00)
[monitor_node-6] [WARN] [1789950910.793683530] [diagnostic_monitor]: ANOMALY on [perception_node] /perception/obstacles:obstacle_count: Value 2.0000 deviated from baseline 3.0000±0.0688 (z=14.5, confirmed x48) (sev=1.00)
[monitor_node-6] [WARN] [1789950910.893800806] [diagnostic_monitor]: ANOMALY on [perception_node] /perception/obstacles:obstacle_count: Value 2.0000 deviated from baseline 3.0000±0.0688 (z=14.5, confirmed x49) (sev=1.00)
[monitor_node-6] [WARN] [1789950910.994151124] [diagnostic_monitor]: ANOMALY on [perception_node] /perception/obstacles:obstacle_count: Value 2.0000 deviated from baseline 3.0000±0.0688 (z=14.5, confirmed x50) (sev=1.00)
[monitor_node-6] [WARN] [1789950911.093622105] [diagnostic_monitor]: ANOMALY on [perception_node] /perception/obstacles:obstacle_count: Value 2.0000 deviated from baseline 3.0000±0.0688 (z=14.5, confirmed x51) (sev=1.00)
[monitor_node-6] [WARN] [1789950911.193914612] [diagnostic_monitor]: ANOMALY on [perception_node] /perception/obstacles:obstacle_count: Value 2.0000 deviated from baseline 3.0000±0.0688 (z=14.5, confirmed x52) (sev=1.00)
[monitor_node-6] [WARN] [1789950911.293922415] [diagnostic_monitor]: ANOMALY on [perception_node] /perception/obstacles:obstacle_count: Value 2.0000 deviated from baseline 3.0000±0.0688 (z=14.5, confirmed x53) (sev=1.00)
[monitor_node-6] [WARN] [1789950911.394029008] [diagnostic_monitor]: ANOMALY on [perception_node] /perception/obstacles:obstacle_count: Value 2.0000 deviated from baseline 3.0000±0.0688 (z=14.5, confirmed x54) (sev=1.00)
[monitor_node-6] [WARN] [1789950911.497795652] [diagnostic_monitor]: ANOMALY on [perception_node] /perception/obstacles:obstacle_count: Value 2.0000 deviated from baseline 3.0000±0.0688 (z=14.5, confirmed x55) (sev=1.00)
[monitor_node-6] [WARN] [1789950915.794083895] [diagnostic_monitor]: ANOMALY on [perception_node] /perception/obstacles:obstacle_count: Value 4.0000 deviated from baseline 3.0000±0.0658 (z=15.2, confirmed x2) (sev=1.00)
[monitor_node-6] [WARN] [1789950915.894094696] [diagnostic_monitor]: ANOMALY on [perception_node] /perception/obstacles:obstacle_count: Value 4.0000 deviated from baseline 3.0000±0.0658 (z=15.2, confirmed x3) (sev=1.00)
[monitor_node-6] [WARN] [1789950915.994277673] [diagnostic_monitor]: ANOMALY on [perception_node] /perception/obstacles:obstacle_count: Value 4.0000 deviated from baseline 3.0000±0.0658 (z=15.2, confirmed x4) (sev=1.00)
[monitor_node-6] [WARN] [1789950916.094125667] [diagnostic_monitor]: ANOMALY on [perception_node] /perception/obstacles:obstacle_count: Value 4.0000 deviated from baseline 3.0000±0.0658 (z=15.2, confirmed x5) (sev=1.00)
[monitor_node-6] [WARN] [1789950916.193470988] [diagnostic_monitor]: ANOMALY on [perception_node] /perception/obstacles:obstacle_count: Value 4.0000 deviated from baseline 3.0000±0.0658 (z=15.2, confirmed x6) (sev=1.00)
[monitor_node-6] [WARN] [1789950916.294162173] [diagnostic_monitor]: ANOMALY on [perception_node] /perception/obstacles:obstacle_count: Value 4.0000 deviated from baseline 3.0000±0.0658 (z=15.2, confirmed x7) (sev=1.00)
[monitor_node-6] [WARN] [1789950916.393958968] [diagnostic_monitor]: ANOMALY on [perception_node] /perception/obstacles:obstacle_count: Value 4.0000 deviated from baseline 3.0000±0.0658 (z=15.2, confirmed x8) (sev=1.00)
[monitor_node-6] [WARN] [1789950916.495662028] [diagnostic_monitor]: ANOMALY on [perception_node] /perception/obstacles:obstacle_count: Value 4.0000 deviated from baseline 3.0000±0.0658 (z=15.2, confirmed x9) (sev=1.00)
[monitor_node-6] [WARN] [1789950916.593780416] [diagnostic_monitor]: ANOMALY on [perception_node] /perception/obstacles:obstacle_count: Value 4.0000 deviated from baseline 3.0000±0.0658 (z=15.2, confirmed x10) (sev=1.00)
[monitor_node-6] [WARN] [1789950917.495831240] [diagnostic_monitor]: ANOMALY on [perception_node] /perception/obstacles:obstacle_count: Value 4.0000 deviated from baseline 3.0000±0.0653 (z=15.3, confirmed x2) (sev=1.00)
[monitor_node-6] [WARN] [1789950917.594045984] [diagnostic_monitor]: ANOMALY on [perception_node] /perception/obstacles:obstacle_count: Value 4.0000 deviated from baseline 3.0000±0.0653 (z=15.3, confirmed x3) (sev=1.00)
[monitor_node-6] [WARN] [1789950917.693883044] [diagnostic_monitor]: ANOMALY on [perception_node] /perception/obstacles:obstacle_count: Value 4.0000 deviated from baseline 3.0000±0.0653 (z=15.3, confirmed x4) (sev=1.00)
[monitor_node-6] [WARN] [1789950917.794240819] [diagnostic_monitor]: ANOMALY on [perception_node] /perception/obstacles:obstacle_count: Value 4.0000 deviated from baseline 3.0000±0.0653 (z=15.3, confirmed x5) (sev=1.00)
[monitor_node-6] [WARN] [1789950917.893916473] [diagnostic_monitor]: ANOMALY on [perception_node] /perception/obstacles:obstacle_count: Value 4.0000 deviated from baseline 3.0000±0.0653 (z=15.3, confirmed x6) (sev=1.00)
[monitor_node-6] [WARN] [1789950917.993825273] [diagnostic_monitor]: ANOMALY on [perception_node] /perception/obstacles:obstacle_count: Value 4.0000 deviated from baseline 3.0000±0.0653 (z=15.3, confirmed x7) (sev=1.00)
[monitor_node-6] [WARN] [1789950918.094230781] [diagnostic_monitor]: ANOMALY on [perception_node] /perception/obstacles:obstacle_count: Value 4.0000 deviated from baseline 3.0000±0.0653 (z=15.3, confirmed x8) (sev=1.00)
[monitor_node-6] [WARN] [1789950918.194318066] [diagnostic_monitor]: ANOMALY on [perception_node] /perception/obstacles:obstacle_count: Value 4.0000 deviated from baseline 3.0000±0.0653 (z=15.3, confirmed x9) (sev=1.00)
[monitor_node-6] [WARN] [1789950918.294302753] [diagnostic_monitor]: ANOMALY on [perception_node] /perception/obstacles:obstacle_count: Value 4.0000 deviated from baseline 3.0000±0.0653 (z=15.3, confirmed x10) (sev=1.00)
[monitor_node-6] [WARN] [1789950918.394194548] [diagnostic_monitor]: ANOMALY on [perception_node] /perception/obstacles:obstacle_count: Value 4.0000 deviated from baseline 3.0000±0.0653 (z=15.3, confirmed x11) (sev=1.00)
[monitor_node-6] [WARN] [1789950918.495596552] [diagnostic_monitor]: ANOMALY on [perception_node] /perception/obstacles:obstacle_count: Value 4.0000 deviated from baseline 3.0000±0.0653 (z=15.3, confirmed x12) (sev=1.00)
[monitor_node-6] [WARN] [1789950918.594109663] [diagnostic_monitor]: ANOMALY on [perception_node] /perception/obstacles:obstacle_count: Value 4.0000 deviated from baseline 3.0000±0.0653 (z=15.3, confirmed x13) (sev=1.00)
[monitor_node-6] [WARN] [1789950920.193758660] [diagnostic_monitor]: ANOMALY on [perception_node] /perception/obstacles:obstacle_count: Value 2.0000 deviated from baseline 3.0000±0.0643 (z=15.5, confirmed x2) (sev=1.00)
[monitor_node-6] [WARN] [1789950920.293632272] [diagnostic_monitor]: ANOMALY on [perception_node] /perception/obstacles:obstacle_count: Value 2.0000 deviated from baseline 3.0000±0.0643 (z=15.5, confirmed x3) (sev=1.00)
[monitor_node-6] [WARN] [1789950920.394091416] [diagnostic_monitor]: ANOMALY on [perception_node] /perception/obstacles:obstacle_count: Value 2.0000 deviated from baseline 3.0000±0.0643 (z=15.5, confirmed x4) (sev=1.00)
[monitor_node-6] [WARN] [1789950920.495413061] [diagnostic_monitor]: ANOMALY on [perception_node] /perception/obstacles:obstacle_count: Value 2.0000 deviated from baseline 3.0000±0.0643 (z=15.5, confirmed x5) (sev=1.00)
[monitor_node-6] [WARN] [1789950920.593844867] [diagnostic_monitor]: ANOMALY on [perception_node] /perception/obstacles:obstacle_count: Value 2.0000 deviated from baseline 3.0000±0.0643 (z=15.5, confirmed x6) (sev=1.00)
[monitor_node-6] [WARN] [1789950920.693807248] [diagnostic_monitor]: ANOMALY on [perception_node] /perception/obstacles:obstacle_count: Value 2.0000 deviated from baseline 3.0000±0.0643 (z=15.5, confirmed x7) (sev=1.00)
[monitor_node-6] [WARN] [1789950920.794357781] [diagnostic_monitor]: ANOMALY on [perception_node] /perception/obstacles:obstacle_count: Value 2.0000 deviated from baseline 3.0000±0.0643 (z=15.5, confirmed x8) (sev=1.00)
[monitor_node-6] [WARN] [1789950920.893773850] [diagnostic_monitor]: ANOMALY on [perception_node] /perception/obstacles:obstacle_count: Value 2.0000 deviated from baseline 3.0000±0.0643 (z=15.5, confirmed x9) (sev=1.00)
[monitor_node-6] [WARN] [1789950920.994783435] [diagnostic_monitor]: ANOMALY on [perception_node] /perception/obstacles:obstacle_count: Value 2.0000 deviated from baseline 3.0000±0.0643 (z=15.5, confirmed x10) (sev=1.00)
[monitor_node-6] [WARN] [1789950921.093750368] [diagnostic_monitor]: ANOMALY on [perception_node] /perception/obstacles:obstacle_count: Value 1.0000 deviated from baseline 3.0000±0.0643 (z=31.1, confirmed x11) (sev=1.00)
[monitor_node-6] [WARN] [1789950921.193568895] [diagnostic_monitor]: ANOMALY on [perception_node] /perception/obstacles:obstacle_count: Value 1.0000 deviated from baseline 3.0000±0.0643 (z=31.1, confirmed x12) (sev=1.00)
[monitor_node-6] [WARN] [1789950921.294219536] [diagnostic_monitor]: ANOMALY on [perception_node] /perception/obstacles:obstacle_count: Value 1.0000 deviated from baseline 3.0000±0.0643 (z=31.1, confirmed x13) (sev=1.00)
[monitor_node-6] [WARN] [1789950921.393671268] [diagnostic_monitor]: ANOMALY on [perception_node] /perception/obstacles:obstacle_count: Value 1.0000 deviated from baseline 3.0000±0.0643 (z=31.1, confirmed x14) (sev=1.00)
[monitor_node-6] [WARN] [1789950921.496203399] [diagnostic_monitor]: ANOMALY on [perception_node] /perception/obstacles:obstacle_count: Value 1.0000 deviated from baseline 3.0000±0.0643 (z=31.1, confirmed x15) (sev=1.00)
[monitor_node-6] [WARN] [1789950921.593577165] [diagnostic_monitor]: ANOMALY on [perception_node] /perception/obstacles:obstacle_count: Value 1.0000 deviated from baseline 3.0000±0.0643 (z=31.1, confirmed x16) (sev=1.00)
[monitor_node-6] [WARN] [1789950921.693879304] [diagnostic_monitor]: ANOMALY on [perception_node] /perception/obstacles:obstacle_count: Value 1.0000 deviated from baseline 3.0000±0.0643 (z=31.1, confirmed x17) (sev=1.00)
[monitor_node-6] [WARN] [1789950921.794078569] [diagnostic_monitor]: ANOMALY on [perception_node] /perception/obstacles:obstacle_count: Value 1.0000 deviated from baseline 3.0000±0.0643 (z=31.1, confirmed x18) (sev=1.00)
[monitor_node-6] [WARN] [1789950921.893785780] [diagnostic_monitor]: ANOMALY on [perception_node] /perception/obstacles:obstacle_count: Value 1.0000 deviated from baseline 3.0000±0.0643 (z=31.1, confirmed x19) (sev=1.00)
[monitor_node-6] [WARN] [1789950921.994239724] [diagnostic_monitor]: ANOMALY on [perception_node] /perception/obstacles:obstacle_count: Value 0.0000 deviated from baseline 3.0000±0.0643 (z=46.6, confirmed x20) (sev=1.00)
[monitor_node-6] [WARN] [1789950922.093700509] [diagnostic_monitor]: ANOMALY on [perception_node] /perception/obstacles:obstacle_count: Value 0.0000 deviated from baseline 3.0000±0.0643 (z=46.6, confirmed x21) (sev=1.00)
[monitor_node-6] [WARN] [1789950922.193716512] [diagnostic_monitor]: ANOMALY on [perception_node] /perception/obstacles:obstacle_count: Value 0.0000 deviated from baseline 3.0000±0.0643 (z=46.6, confirmed x22) (sev=1.00)
[monitor_node-6] [WARN] [1789950922.293610845] [diagnostic_monitor]: ANOMALY on [perception_node] /perception/obstacles:obstacle_count: Value 0.0000 deviated from baseline 3.0000±0.0643 (z=46.6, confirmed x23) (sev=1.00)
[monitor_node-6] [WARN] [1789950922.393410188] [diagnostic_monitor]: ANOMALY on [perception_node] /perception/obstacles:obstacle_count: Value 0.0000 deviated from baseline 3.0000±0.0643 (z=46.6, confirmed x24) (sev=1.00)
[monitor_node-6] [WARN] [1789950922.495852318] [diagnostic_monitor]: ANOMALY on [perception_node] /perception/obstacles:obstacle_count: Value 0.0000 deviated from baseline 3.0000±0.0643 (z=46.6, confirmed x25) (sev=1.00)
[monitor_node-6] [WARN] [1789950922.593673691] [diagnostic_monitor]: ANOMALY on [perception_node] /perception/obstacles:obstacle_count: Value 0.0000 deviated from baseline 3.0000±0.0643 (z=46.6, confirmed x26) (sev=1.00)
[monitor_node-6] [WARN] [1789950922.694162037] [diagnostic_monitor]: ANOMALY on [perception_node] /perception/obstacles:obstacle_count: Value 0.0000 deviated from baseline 3.0000±0.0643 (z=46.6, confirmed x27) (sev=1.00)
[monitor_node-6] [WARN] [1789950922.794237780] [diagnostic_monitor]: ANOMALY on [perception_node] /perception/obstacles:obstacle_count: Value 0.0000 deviated from baseline 3.0000±0.0643 (z=46.6, confirmed x28) (sev=1.00)
[monitor_node-6] [WARN] [1789950922.894006762] [diagnostic_monitor]: ANOMALY on [perception_node] /perception/obstacles:obstacle_count: Value 0.0000 deviated from baseline 3.0000±0.0643 (z=46.6, confirmed x29) (sev=1.00)
[monitor_node-6] [WARN] [1789950922.994162537] [diagnostic_monitor]: ANOMALY on [perception_node] /perception/obstacles:obstacle_count: Value 0.0000 deviated from baseline 3.0000±0.0643 (z=46.6, confirmed x30) (sev=1.00)
[monitor_node-6] [WARN] [1789950923.093497573] [diagnostic_monitor]: ANOMALY on [perception_node] /perception/obstacles:obstacle_count: Value 0.0000 deviated from baseline 3.0000±0.0643 (z=46.6, confirmed x31) (sev=1.00)
[monitor_node-6] [WARN] [1789950923.193570955] [diagnostic_monitor]: ANOMALY on [perception_node] /perception/obstacles:obstacle_count: Value 0.0000 deviated from baseline 3.0000±0.0643 (z=46.6, confirmed x32) (sev=1.00)
[monitor_node-6] [WARN] [1789950923.293939520] [diagnostic_monitor]: ANOMALY on [perception_node] /perception/obstacles:obstacle_count: Value 0.0000 deviated from baseline 3.0000±0.0643 (z=46.6, confirmed x33) (sev=1.00)
[monitor_node-6] [WARN] [1789950923.393862470] [diagnostic_monitor]: ANOMALY on [perception_node] /perception/obstacles:obstacle_count: Value 0.0000 deviated from baseline 3.0000±0.0643 (z=46.6, confirmed x34) (sev=1.00)
[monitor_node-6] [WARN] [1789950923.496033039] [diagnostic_monitor]: ANOMALY on [perception_node] /perception/obstacles:obstacle_count: Value 0.0000 deviated from baseline 3.0000±0.0643 (z=46.6, confirmed x35) (sev=1.00)
[monitor_node-6] [WARN] [1789950923.601986087] [diagnostic_monitor]: ANOMALY on [perception_node] /perception/obstacles:obstacle_count: Value 0.0000 deviated from baseline 3.0000±0.0643 (z=46.6, confirmed x36) (sev=1.00)
[monitor_node-6] [WARN] [1789950923.694920265] [diagnostic_monitor]: ANOMALY on [perception_node] /perception/obstacles:obstacle_count: Value 0.0000 deviated from baseline 3.0000±0.0643 (z=46.6, confirmed x37) (sev=1.00)
[monitor_node-6] [WARN] [1789950923.793454672] [diagnostic_monitor]: ANOMALY on [perception_node] /perception/obstacles:obstacle_count: Value 0.0000 deviated from baseline 3.0000±0.0643 (z=46.6, confirmed x38) (sev=1.00)
[monitor_node-6] [WARN] [1789950923.893960897] [diagnostic_monitor]: ANOMALY on [perception_node] /perception/obstacles:obstacle_count: Value 0.0000 deviated from baseline 3.0000±0.0643 (z=46.6, confirmed x39) (sev=1.00)
[monitor_node-6] [WARN] [1789950923.994230274] [diagnostic_monitor]: ANOMALY on [perception_node] /perception/obstacles:obstacle_count: Value 0.0000 deviated from baseline 3.0000±0.0643 (z=46.6, confirmed x40) (sev=1.00)
[monitor_node-6] [WARN] [1789950924.059470264] [diagnostic_monitor]: ANOMALY on [localization_node] /localization/pose:pose_uncertainty: Value 0.3363 deviated from baseline 0.0742±0.0242 (z=10.8, confirmed x2) (sev=1.00)
[monitor_node-6] [WARN] [1789950924.093452478] [diagnostic_monitor]: ANOMALY on [perception_node] /perception/obstacles:obstacle_count: Value 0.0000 deviated from baseline 3.0000±0.0643 (z=46.6, confirmed x41) (sev=1.00)
[monitor_node-6] [WARN] [1789950924.109301106] [diagnostic_monitor]: ANOMALY on [localization_node] /localization/pose:pose_uncertainty: Value 0.3447 deviated from baseline 0.0742±0.0242 (z=11.2, confirmed x3) (sev=1.00)
[monitor_node-6] [WARN] [1789950924.159301679] [diagnostic_monitor]: ANOMALY on [localization_node] /localization/pose:pose_uncertainty: Value 0.3533 deviated from baseline 0.0742±0.0242 (z=11.6, confirmed x4) (sev=1.00)
[monitor_node-6] [WARN] [1789950924.194175556] [diagnostic_monitor]: ANOMALY on [perception_node] /perception/obstacles:obstacle_count: Value 0.0000 deviated from baseline 3.0000±0.0643 (z=46.6, confirmed x42) (sev=1.00)
[monitor_node-6] [WARN] [1789950924.209684381] [diagnostic_monitor]: ANOMALY on [localization_node] /localization/pose:pose_uncertainty: Value 0.3618 deviated from baseline 0.0742±0.0242 (z=11.9, confirmed x5) (sev=1.00)
[monitor_node-6] [WARN] [1789950924.259765764] [diagnostic_monitor]: ANOMALY on [localization_node] /localization/pose:pose_uncertainty: Value 0.3703 deviated from baseline 0.0742±0.0242 (z=12.3, confirmed x6) (sev=1.00)
[monitor_node-6] [WARN] [1789950924.294109491] [diagnostic_monitor]: ANOMALY on [perception_node] /perception/obstacles:obstacle_count: Value 1.0000 deviated from baseline 3.0000±0.0643 (z=31.1, confirmed x43) (sev=1.00)
[monitor_node-6] [WARN] [1789950924.393703067] [diagnostic_monitor]: ANOMALY on [perception_node] /perception/obstacles:obstacle_count: Value 1.0000 deviated from baseline 3.0000±0.0643 (z=31.1, confirmed x44) (sev=1.00)
[monitor_node-6] [WARN] [1789950924.495729311] [diagnostic_monitor]: ANOMALY on [perception_node] /perception/obstacles:obstacle_count: Value 1.0000 deviated from baseline 3.0000±0.0643 (z=31.1, confirmed x45) (sev=1.00)
[monitor_node-6] [WARN] [1789950924.593873161] [diagnostic_monitor]: ANOMALY on [perception_node] /perception/obstacles:obstacle_count: Value 1.0000 deviated from baseline 3.0000±0.0643 (z=31.1, confirmed x46) (sev=1.00)
[monitor_node-6] [WARN] [1789950924.693904887] [diagnostic_monitor]: ANOMALY on [perception_node] /perception/obstacles:obstacle_count: Value 1.0000 deviated from baseline 3.0000±0.0643 (z=31.1, confirmed x47) (sev=1.00)
[monitor_node-6] [WARN] [1789950924.793883548] [diagnostic_monitor]: ANOMALY on [perception_node] /perception/obstacles:obstacle_count: Value 1.0000 deviated from baseline 3.0000±0.0643 (z=31.1, confirmed x48) (sev=1.00)
[monitor_node-6] [WARN] [1789950924.894071050] [diagnostic_monitor]: ANOMALY on [perception_node] /perception/obstacles:obstacle_count: Value 1.0000 deviated from baseline 3.0000±0.0643 (z=31.1, confirmed x49) (sev=1.00)
[monitor_node-6] [WARN] [1789950924.994149964] [diagnostic_monitor]: ANOMALY on [perception_node] /perception/obstacles:obstacle_count: Value 1.0000 deviated from baseline 3.0000±0.0643 (z=31.1, confirmed x50) (sev=1.00)
[monitor_node-6] [WARN] [1789950925.093636835] [diagnostic_monitor]: ANOMALY on [perception_node] /perception/obstacles:obstacle_count: Value 1.0000 deviated from baseline 3.0000±0.0643 (z=31.1, confirmed x51) (sev=1.00)
[monitor_node-6] [WARN] [1789950925.193923584] [diagnostic_monitor]: ANOMALY on [perception_node] /perception/obstacles:obstacle_count: Value 1.0000 deviated from baseline 3.0000±0.0643 (z=31.1, confirmed x52) (sev=1.00)
[monitor_node-6] [WARN] [1789950925.294026148] [diagnostic_monitor]: ANOMALY on [perception_node] /perception/obstacles:obstacle_count: Value 1.0000 deviated from baseline 3.0000±0.0643 (z=31.1, confirmed x53) (sev=1.00)
[monitor_node-6] [WARN] [1789950925.393933226] [diagnostic_monitor]: ANOMALY on [perception_node] /perception/obstacles:obstacle_count: Value 1.0000 deviated from baseline 3.0000±0.0643 (z=31.1, confirmed x54) (sev=1.00)
[monitor_node-6] [WARN] [1789950925.497638419] [diagnostic_monitor]: ANOMALY on [perception_node] /perception/obstacles:obstacle_count: Value 1.0000 deviated from baseline 3.0000±0.0643 (z=31.1, confirmed x55) (sev=1.00)
[monitor_node-6] [WARN] [1789950925.593581394] [diagnostic_monitor]: ANOMALY on [perception_node] /perception/obstacles:obstacle_count: Value 1.0000 deviated from baseline 3.0000±0.0643 (z=31.1, confirmed x56) (sev=1.00)
[monitor_node-6] [WARN] [1789950925.693896450] [diagnostic_monitor]: ANOMALY on [perception_node] /perception/obstacles:obstacle_count: Value 1.0000 deviated from baseline 3.0000±0.0643 (z=31.1, confirmed x57) (sev=1.00)
[monitor_node-6] [WARN] [1789950925.793943753] [diagnostic_monitor]: ANOMALY on [perception_node] /perception/obstacles:obstacle_count: Value 1.0000 deviated from baseline 3.0000±0.0643 (z=31.1, confirmed x58) (sev=1.00)
[monitor_node-6] [WARN] [1789950925.893960317] [diagnostic_monitor]: ANOMALY on [perception_node] /perception/obstacles:obstacle_count: Value 1.0000 deviated from baseline 3.0000±0.0643 (z=31.1, confirmed x59) (sev=1.00)
[monitor_node-6] [WARN] [1789950925.994672827] [diagnostic_monitor]: ANOMALY on [perception_node] /perception/obstacles:obstacle_count: Value 1.0000 deviated from baseline 3.0000±0.0643 (z=31.1, confirmed x60) (sev=1.00)
[monitor_node-6] [WARN] [1789950926.093836906] [diagnostic_monitor]: ANOMALY on [perception_node] /perception/obstacles:obstacle_count: Value 2.0000 deviated from baseline 3.0000±0.0643 (z=15.5, confirmed x61) (sev=1.00)
[monitor_node-6] [WARN] [1789950926.193662142] [diagnostic_monitor]: ANOMALY on [perception_node] /perception/obstacles:obstacle_count: Value 2.0000 deviated from baseline 3.0000±0.0643 (z=15.5, confirmed x62) (sev=1.00)
[monitor_node-6] [WARN] [1789950926.293919868] [diagnostic_monitor]: ANOMALY on [perception_node] /perception/obstacles:obstacle_count: Value 2.0000 deviated from baseline 3.0000±0.0643 (z=15.5, confirmed x63) (sev=1.00)
[monitor_node-6] [WARN] [1789950926.394043633] [diagnostic_monitor]: ANOMALY on [perception_node] /perception/obstacles:obstacle_count: Value 2.0000 deviated from baseline 3.0000±0.0643 (z=15.5, confirmed x64) (sev=1.00)
[monitor_node-6] [WARN] [1789950926.496554441] [diagnostic_monitor]: ANOMALY on [perception_node] /perception/obstacles:obstacle_count: Value 2.0000 deviated from baseline 3.0000±0.0643 (z=15.5, confirmed x65) (sev=1.00)
[monitor_node-6] [WARN] [1789950926.594057198] [diagnostic_monitor]: ANOMALY on [perception_node] /perception/obstacles:obstacle_count: Value 2.0000 deviated from baseline 3.0000±0.0643 (z=15.5, confirmed x66) (sev=1.00)
[monitor_node-6] [WARN] [1789950926.694109667] [diagnostic_monitor]: ANOMALY on [perception_node] /perception/obstacles:obstacle_count: Value 2.0000 deviated from baseline 3.0000±0.0643 (z=15.5, confirmed x67) (sev=1.00)
[monitor_node-6] [WARN] [1789950926.793792936] [diagnostic_monitor]: ANOMALY on [perception_node] /perception/obstacles:obstacle_count: Value 2.0000 deviated from baseline 3.0000±0.0643 (z=15.5, confirmed x68) (sev=1.00)
[monitor_node-6] [WARN] [1789950926.894779941] [diagnostic_monitor]: ANOMALY on [perception_node] /perception/obstacles:obstacle_count: Value 2.0000 deviated from baseline 3.0000±0.0643 (z=15.5, confirmed x69) (sev=1.00)
[monitor_node-6] [WARN] [1789950926.995618559] [diagnostic_monitor]: ANOMALY on [perception_node] /perception/obstacles:obstacle_count: Value 2.0000 deviated from baseline 3.0000±0.0643 (z=15.5, confirmed x70) (sev=1.00)
[monitor_node-6] [WARN] [1789950927.093829535] [diagnostic_monitor]: ANOMALY on [perception_node] /perception/obstacles:obstacle_count: Value 2.0000 deviated from baseline 3.0000±0.0643 (z=15.5, confirmed x71) (sev=1.00)
[monitor_node-6] [WARN] [1789950927.193898819] [diagnostic_monitor]: ANOMALY on [perception_node] /perception/obstacles:obstacle_count: Value 2.0000 deviated from baseline 3.0000±0.0643 (z=15.5, confirmed x72) (sev=1.00)
[monitor_node-6] [WARN] [1789950927.293932105] [diagnostic_monitor]: ANOMALY on [perception_node] /perception/obstacles:obstacle_count: Value 2.0000 deviated from baseline 3.0000±0.0643 (z=15.5, confirmed x73) (sev=1.00)
[monitor_node-6] [WARN] [1789950927.393789262] [diagnostic_monitor]: ANOMALY on [perception_node] /perception/obstacles:obstacle_count: Value 2.0000 deviated from baseline 3.0000±0.0643 (z=15.5, confirmed x74) (sev=1.00)
[monitor_node-6] [WARN] [1789950927.496687233] [diagnostic_monitor]: ANOMALY on [perception_node] /perception/obstacles:obstacle_count: Value 2.0000 deviated from baseline 3.0000±0.0643 (z=15.5, confirmed x75) (sev=1.00)
[monitor_node-6] [WARN] [1789950927.594100603] [diagnostic_monitor]: ANOMALY on [perception_node] /perception/obstacles:obstacle_count: Value 2.0000 deviated from baseline 3.0000±0.0643 (z=15.5, confirmed x76) (sev=1.00)
[monitor_node-6] [WARN] [1789950927.693829897] [diagnostic_monitor]: ANOMALY on [perception_node] /perception/obstacles:obstacle_count: Value 2.0000 deviated from baseline 3.0000±0.0643 (z=15.5, confirmed x77) (sev=1.00)
[monitor_node-6] [WARN] [1789950927.793773853] [diagnostic_monitor]: ANOMALY on [perception_node] /perception/obstacles:obstacle_count: Value 2.0000 deviated from baseline 3.0000±0.0643 (z=15.5, confirmed x78) (sev=1.00)
[monitor_node-6] [WARN] [1789950927.893701245] [diagnostic_monitor]: ANOMALY on [perception_node] /perception/obstacles:obstacle_count: Value 2.0000 deviated from baseline 3.0000±0.0643 (z=15.5, confirmed x79) (sev=1.00)
[monitor_node-6] [WARN] [1789950927.994487657] [diagnostic_monitor]: ANOMALY on [perception_node] /perception/obstacles:obstacle_count: Value 1.0000 deviated from baseline 3.0000±0.0643 (z=31.1, confirmed x80) (sev=1.00)
[monitor_node-6] [WARN] [1789950928.093841771] [diagnostic_monitor]: ANOMALY on [perception_node] /perception/obstacles:obstacle_count: Value 1.0000 deviated from baseline 3.0000±0.0643 (z=31.1, confirmed x81) (sev=1.00)
[monitor_node-6] [WARN] [1789950928.193884064] [diagnostic_monitor]: ANOMALY on [perception_node] /perception/obstacles:obstacle_count: Value 1.0000 deviated from baseline 3.0000±0.0643 (z=31.1, confirmed x82) (sev=1.00)
[monitor_node-6] [WARN] [1789950928.293908350] [diagnostic_monitor]: ANOMALY on [perception_node] /perception/obstacles:obstacle_count: Value 1.0000 deviated from baseline 3.0000±0.0643 (z=31.1, confirmed x83) (sev=1.00)
[monitor_node-6] [WARN] [1789950928.393964219] [diagnostic_monitor]: ANOMALY on [perception_node] /perception/obstacles:obstacle_count: Value 1.0000 deviated from baseline 3.0000±0.0643 (z=31.1, confirmed x84) (sev=1.00)
[monitor_node-6] [WARN] [1789950928.496523337] [diagnostic_monitor]: ANOMALY on [perception_node] /perception/obstacles:obstacle_count: Value 1.0000 deviated from baseline 3.0000±0.0643 (z=31.1, confirmed x85) (sev=1.00)
[monitor_node-6] [WARN] [1789950928.594393148] [diagnostic_monitor]: ANOMALY on [perception_node] /perception/obstacles:obstacle_count: Value 1.0000 deviated from baseline 3.0000±0.0643 (z=31.1, confirmed x86) (sev=1.00)
[monitor_node-6] [WARN] [1789950928.693868638] [diagnostic_monitor]: ANOMALY on [perception_node] /perception/obstacles:obstacle_count: Value 1.0000 deviated from baseline 3.0000±0.0643 (z=31.1, confirmed x87) (sev=1.00)
[monitor_node-6] [WARN] [1789950928.793775104] [diagnostic_monitor]: ANOMALY on [perception_node] /perception/obstacles:obstacle_count: Value 1.0000 deviated from baseline 3.0000±0.0643 (z=31.1, confirmed x88) (sev=1.00)
[monitor_node-6] [WARN] [1789950928.894163198] [diagnostic_monitor]: ANOMALY on [perception_node] /perception/obstacles:obstacle_count: Value 1.0000 deviated from baseline 3.0000±0.0643 (z=31.1, confirmed x89) (sev=1.00)
[monitor_node-6] [WARN] [1789950928.994382066] [diagnostic_monitor]: ANOMALY on [perception_node] /perception/obstacles:obstacle_count: Value 1.0000 deviated from baseline 3.0000±0.0643 (z=31.1, confirmed x90) (sev=1.00)
[monitor_node-6] [WARN] [1789950929.093798482] [diagnostic_monitor]: ANOMALY on [perception_node] /perception/obstacles:obstacle_count: Value 1.0000 deviated from baseline 3.0000±0.0643 (z=31.1, confirmed x91) (sev=1.00)
[monitor_node-6] [WARN] [1789950929.193816984] [diagnostic_monitor]: ANOMALY on [perception_node] /perception/obstacles:obstacle_count: Value 1.0000 deviated from baseline 3.0000±0.0643 (z=31.1, confirmed x92) (sev=1.00)
[monitor_node-6] [WARN] [1789950929.294087499] [diagnostic_monitor]: ANOMALY on [perception_node] /perception/obstacles:obstacle_count: Value 1.0000 deviated from baseline 3.0000±0.0643 (z=31.1, confirmed x93) (sev=1.00)
[monitor_node-6] [WARN] [1789950929.393791350] [diagnostic_monitor]: ANOMALY on [perception_node] /perception/obstacles:obstacle_count: Value 1.0000 deviated from baseline 3.0000±0.0643 (z=31.1, confirmed x94) (sev=1.00)
[monitor_node-6] [WARN] [1789950929.496880485] [diagnostic_monitor]: ANOMALY on [perception_node] /perception/obstacles:obstacle_count: Value 1.0000 deviated from baseline 3.0000±0.0643 (z=31.1, confirmed x95) (sev=1.00)
[monitor_node-6] [WARN] [1789950929.593855811] [diagnostic_monitor]: ANOMALY on [perception_node] /perception/obstacles:obstacle_count: Value 1.0000 deviated from baseline 3.0000±0.0643 (z=31.1, confirmed x96) (sev=1.00)
[monitor_node-6] [WARN] [1789950929.693567639] [diagnostic_monitor]: ANOMALY on [perception_node] /perception/obstacles:obstacle_count: Value 1.0000 deviated from baseline 3.0000±0.0643 (z=31.1, confirmed x97) (sev=1.00)
[monitor_node-6] [WARN] [1789950929.793655430] [diagnostic_monitor]: ANOMALY on [perception_node] /perception/obstacles:obstacle_count: Value 1.0000 deviated from baseline 3.0000±0.0643 (z=31.1, confirmed x98) (sev=1.00)
[monitor_node-6] [WARN] [1789950929.893966678] [diagnostic_monitor]: ANOMALY on [perception_node] /perception/obstacles:obstacle_count: Value 1.0000 deviated from baseline 3.0000±0.0643 (z=31.1, confirmed x99) (sev=1.00)
[monitor_node-6] [WARN] [1789950929.994494376] [diagnostic_monitor]: ANOMALY on [perception_node] /perception/obstacles:obstacle_count: Value 1.0000 deviated from baseline 3.0000±0.0643 (z=31.1, confirmed x100) (sev=1.00)
[monitor_node-6] [WARN] [1789950930.093845741] [diagnostic_monitor]: ANOMALY on [perception_node] /perception/obstacles:obstacle_count: Value 1.0000 deviated from baseline 3.0000±0.0643 (z=31.1, confirmed x101) (sev=1.00)
[monitor_node-6] [WARN] [1789950930.194288240] [diagnostic_monitor]: ANOMALY on [perception_node] /perception/obstacles:obstacle_count: Value 1.0000 deviated from baseline 3.0000±0.0643 (z=31.1, confirmed x102) (sev=1.00)
[monitor_node-6] [WARN] [1789950930.294028094] [diagnostic_monitor]: ANOMALY on [perception_node] /perception/obstacles:obstacle_count: Value 1.0000 deviated from baseline 3.0000±0.0643 (z=31.1, confirmed x103) (sev=1.00)
[monitor_node-6] [WARN] [1789950930.393636095] [diagnostic_monitor]: ANOMALY on [perception_node] /perception/obstacles:obstacle_count: Value 1.0000 deviated from baseline 3.0000±0.0643 (z=31.1, confirmed x104) (sev=1.00)
[monitor_node-6] [WARN] [1789950930.496554449] [diagnostic_monitor]: ANOMALY on [perception_node] /perception/obstacles:obstacle_count: Value 1.0000 deviated from baseline 3.0000±0.0643 (z=31.1, confirmed x105) (sev=1.00)
[monitor_node-6] [WARN] [1789950930.593368428] [diagnostic_monitor]: ANOMALY on [perception_node] /perception/obstacles:obstacle_count: Value 1.0000 deviated from baseline 3.0000±0.0643 (z=31.1, confirmed x106) (sev=1.00)
[monitor_node-6] [WARN] [1789950930.693900965] [diagnostic_monitor]: ANOMALY on [perception_node] /perception/obstacles:obstacle_count: Value 1.0000 deviated from baseline 3.0000±0.0643 (z=31.1, confirmed x107) (sev=1.00)
[monitor_node-6] [WARN] [1789950930.794121666] [diagnostic_monitor]: ANOMALY on [perception_node] /perception/obstacles:obstacle_count: Value 1.0000 deviated from baseline 3.0000±0.0643 (z=31.1, confirmed x108) (sev=1.00)
[monitor_node-6] [WARN] [1789950930.894063397] [diagnostic_monitor]: ANOMALY on [perception_node] /perception/obstacles:obstacle_count: Value 1.0000 deviated from baseline 3.0000±0.0643 (z=31.1, confirmed x109) (sev=1.00)
[monitor_node-6] [WARN] [1789950930.994085555] [diagnostic_monitor]: ANOMALY on [perception_node] /perception/obstacles:obstacle_count: Value 1.0000 deviated from baseline 3.0000±0.0643 (z=31.1, confirmed x110) (sev=1.00)
[monitor_node-6] [WARN] [1789950931.094779344] [diagnostic_monitor]: ANOMALY on [perception_node] /perception/obstacles:obstacle_count: Value 1.0000 deviated from baseline 3.0000±0.0643 (z=31.1, confirmed x111) (sev=1.00)
[monitor_node-6] [WARN] [1789950931.193958987] [diagnostic_monitor]: ANOMALY on [perception_node] /perception/obstacles:obstacle_count: Value 1.0000 deviated from baseline 3.0000±0.0643 (z=31.1, confirmed x112) (sev=1.00)
[monitor_node-6] [WARN] [1789950931.293925529] [diagnostic_monitor]: ANOMALY on [perception_node] /perception/obstacles:obstacle_count: Value 1.0000 deviated from baseline 3.0000±0.0643 (z=31.1, confirmed x113) (sev=1.00)
[monitor_node-6] [WARN] [1789950931.393466777] [diagnostic_monitor]: ANOMALY on [perception_node] /perception/obstacles:obstacle_count: Value 1.0000 deviated from baseline 3.0000±0.0643 (z=31.1, confirmed x114) (sev=1.00)
[monitor_node-6] [WARN] [1789950931.496029767] [diagnostic_monitor]: ANOMALY on [perception_node] /perception/obstacles:obstacle_count: Value 1.0000 deviated from baseline 3.0000±0.0643 (z=31.1, confirmed x115) (sev=1.00)
[monitor_node-6] [WARN] [1789950931.593956094] [diagnostic_monitor]: ANOMALY on [perception_node] /perception/obstacles:obstacle_count: Value 1.0000 deviated from baseline 3.0000±0.0643 (z=31.1, confirmed x116) (sev=1.00)
[monitor_node-6] [WARN] [1789950931.693679175] [diagnostic_monitor]: ANOMALY on [perception_node] /perception/obstacles:obstacle_count: Value 2.0000 deviated from baseline 3.0000±0.0643 (z=15.5, confirmed x117) (sev=1.00)
[monitor_node-6] [WARN] [1789950931.794157787] [diagnostic_monitor]: ANOMALY on [perception_node] /perception/obstacles:obstacle_count: Value 2.0000 deviated from baseline 3.0000±0.0643 (z=15.5, confirmed x118) (sev=1.00)
[monitor_node-6] [WARN] [1789950931.893658927] [diagnostic_monitor]: ANOMALY on [perception_node] /perception/obstacles:obstacle_count: Value 2.0000 deviated from baseline 3.0000±0.0643 (z=15.5, confirmed x119) (sev=1.00)
[monitor_node-6] [WARN] [1789950932.003453988] [diagnostic_monitor]: ANOMALY on [perception_node] /perception/obstacles:obstacle_count: Value 2.0000 deviated from baseline 3.0000±0.0643 (z=15.5, confirmed x120) (sev=1.00)
[monitor_node-6] [WARN] [1789950932.093768182] [diagnostic_monitor]: ANOMALY on [perception_node] /perception/obstacles:obstacle_count: Value 2.0000 deviated from baseline 3.0000±0.0643 (z=15.5, confirmed x121) (sev=1.00)
[monitor_node-6] [WARN] [1789950932.194228144] [diagnostic_monitor]: ANOMALY on [perception_node] /perception/obstacles:obstacle_count: Value 2.0000 deviated from baseline 3.0000±0.0643 (z=15.5, confirmed x122) (sev=1.00)
[monitor_node-6] [WARN] [1789950932.293403605] [diagnostic_monitor]: ANOMALY on [perception_node] /perception/obstacles:obstacle_count: Value 2.0000 deviated from baseline 3.0000±0.0643 (z=15.5, confirmed x123) (sev=1.00)
[monitor_node-6] [WARN] [1789950932.393551187] [diagnostic_monitor]: ANOMALY on [perception_node] /perception/obstacles:obstacle_count: Value 2.0000 deviated from baseline 3.0000±0.0643 (z=15.5, confirmed x124) (sev=1.00)
[monitor_node-6] [WARN] [1789950932.497975496] [diagnostic_monitor]: ANOMALY on [perception_node] /perception/obstacles:obstacle_count: Value 2.0000 deviated from baseline 3.0000±0.0643 (z=15.5, confirmed x125) (sev=1.00)
[monitor_node-6] [WARN] [1789950932.593994392] [diagnostic_monitor]: ANOMALY on [perception_node] /perception/obstacles:obstacle_count: Value 2.0000 deviated from baseline 3.0000±0.0643 (z=15.5, confirmed x126) (sev=1.00)
[monitor_node-6] [WARN] [1789950932.694390678] [diagnostic_monitor]: ANOMALY on [perception_node] /perception/obstacles:obstacle_count: Value 2.0000 deviated from baseline 3.0000±0.0643 (z=15.5, confirmed x127) (sev=1.00)
[monitor_node-6] [WARN] [1789950932.793932623] [diagnostic_monitor]: ANOMALY on [perception_node] /perception/obstacles:obstacle_count: Value 2.0000 deviated from baseline 3.0000±0.0643 (z=15.5, confirmed x128) (sev=1.00)
[monitor_node-6] [WARN] [1789950932.893929071] [diagnostic_monitor]: ANOMALY on [perception_node] /perception/obstacles:obstacle_count: Value 2.0000 deviated from baseline 3.0000±0.0643 (z=15.5, confirmed x129) (sev=1.00)
[monitor_node-6] [WARN] [1789950932.994228817] [diagnostic_monitor]: ANOMALY on [perception_node] /perception/obstacles:obstacle_count: Value 2.0000 deviated from baseline 3.0000±0.0643 (z=15.5, confirmed x130) (sev=1.00)
[monitor_node-6] [WARN] [1789950933.093961705] [diagnostic_monitor]: ANOMALY on [perception_node] /perception/obstacles:obstacle_count: Value 2.0000 deviated from baseline 3.0000±0.0643 (z=15.5, confirmed x131) (sev=1.00)
[monitor_node-6] [WARN] [1789950933.193510176] [diagnostic_monitor]: ANOMALY on [perception_node] /perception/obstacles:obstacle_count: Value 2.0000 deviated from baseline 3.0000±0.0643 (z=15.5, confirmed x132) (sev=1.00)
[monitor_node-6] [WARN] [1789950933.294279971] [diagnostic_monitor]: ANOMALY on [perception_node] /perception/obstacles:obstacle_count: Value 2.0000 deviated from baseline 3.0000±0.0643 (z=15.5, confirmed x133) (sev=1.00)
[monitor_node-6] [WARN] [1789950933.394145666] [diagnostic_monitor]: ANOMALY on [perception_node] /perception/obstacles:obstacle_count: Value 2.0000 deviated from baseline 3.0000±0.0643 (z=15.5, confirmed x134) (sev=1.00)
[monitor_node-6] [WARN] [1789950933.496893771] [diagnostic_monitor]: ANOMALY on [perception_node] /perception/obstacles:obstacle_count: Value 2.0000 deviated from baseline 3.0000±0.0643 (z=15.5, confirmed x135) (sev=1.00)
[monitor_node-6] [WARN] [1789950933.593486127] [diagnostic_monitor]: ANOMALY on [perception_node] /perception/obstacles:obstacle_count: Value 2.0000 deviated from baseline 3.0000±0.0643 (z=15.5, confirmed x136) (sev=1.00)
[monitor_node-6] [WARN] [1789950933.693749860] [diagnostic_monitor]: ANOMALY on [perception_node] /perception/obstacles:obstacle_count: Value 2.0000 deviated from baseline 3.0000±0.0643 (z=15.5, confirmed x137) (sev=1.00)
[monitor_node-6] [WARN] [1789950933.794053680] [diagnostic_monitor]: ANOMALY on [perception_node] /perception/obstacles:obstacle_count: Value 2.0000 deviated from baseline 3.0000±0.0643 (z=15.5, confirmed x138) (sev=1.00)
[monitor_node-6] [WARN] [1789950933.893987461] [diagnostic_monitor]: ANOMALY on [perception_node] /perception/obstacles:obstacle_count: Value 2.0000 deviated from baseline 3.0000±0.0643 (z=15.5, confirmed x139) (sev=1.00)
[monitor_node-6] [WARN] [1789950933.993852865] [diagnostic_monitor]: ANOMALY on [perception_node] /perception/obstacles:obstacle_count: Value 2.0000 deviated from baseline 3.0000±0.0643 (z=15.5, confirmed x140) (sev=1.00)
[monitor_node-6] [WARN] [1789950934.093690088] [diagnostic_monitor]: ANOMALY on [perception_node] /perception/obstacles:obstacle_count: Value 2.0000 deviated from baseline 3.0000±0.0643 (z=15.5, confirmed x141) (sev=1.00)
[monitor_node-6] [WARN] [1789950934.193607010] [diagnostic_monitor]: ANOMALY on [perception_node] /perception/obstacles:obstacle_count: Value 2.0000 deviated from baseline 3.0000±0.0643 (z=15.5, confirmed x142) (sev=1.00)
[monitor_node-6] [WARN] [1789950934.294282658] [diagnostic_monitor]: ANOMALY on [perception_node] /perception/obstacles:obstacle_count: Value 2.0000 deviated from baseline 3.0000±0.0643 (z=15.5, confirmed x143) (sev=1.00)
[monitor_node-6] [WARN] [1789950934.394043805] [diagnostic_monitor]: ANOMALY on [perception_node] /perception/obstacles:obstacle_count: Value 2.0000 deviated from baseline 3.0000±0.0643 (z=15.5, confirmed x144) (sev=1.00)
[monitor_node-6] [WARN] [1789950934.496981296] [diagnostic_monitor]: ANOMALY on [perception_node] /perception/obstacles:obstacle_count: Value 2.0000 deviated from baseline 3.0000±0.0643 (z=15.5, confirmed x145) (sev=1.00)
[monitor_node-6] [WARN] [1789950934.593468655] [diagnostic_monitor]: ANOMALY on [perception_node] /perception/obstacles:obstacle_count: Value 2.0000 deviated from baseline 3.0000±0.0643 (z=15.5, confirmed x146) (sev=1.00)
[monitor_node-6] [WARN] [1789950934.693714789] [diagnostic_monitor]: ANOMALY on [perception_node] /perception/obstacles:obstacle_count: Value 2.0000 deviated from baseline 3.0000±0.0643 (z=15.5, confirmed x147) (sev=1.00)
[monitor_node-6] [WARN] [1789950934.793808173] [diagnostic_monitor]: ANOMALY on [perception_node] /perception/obstacles:obstacle_count: Value 2.0000 deviated from baseline 3.0000±0.0643 (z=15.5, confirmed x148) (sev=1.00)
[monitor_node-6] [WARN] [1789950934.893730163] [diagnostic_monitor]: ANOMALY on [perception_node] /perception/obstacles:obstacle_count: Value 2.0000 deviated from baseline 3.0000±0.0643 (z=15.5, confirmed x149) (sev=1.00)
[monitor_node-6] [WARN] [1789950934.994205688] [diagnostic_monitor]: ANOMALY on [perception_node] /perception/obstacles:obstacle_count: Value 2.0000 deviated from baseline 3.0000±0.0643 (z=15.5, confirmed x150) (sev=1.00)
[monitor_node-6] [WARN] [1789950935.094192263] [diagnostic_monitor]: ANOMALY on [perception_node] /perception/obstacles:obstacle_count: Value 2.0000 deviated from baseline 3.0000±0.0643 (z=15.5, confirmed x151) (sev=1.00)
[monitor_node-6] [WARN] [1789950935.193821208] [diagnostic_monitor]: ANOMALY on [perception_node] /perception/obstacles:obstacle_count: Value 2.0000 deviated from baseline 3.0000±0.0643 (z=15.5, confirmed x152) (sev=1.00)
[monitor_node-6] [WARN] [1789950935.294421949] [diagnostic_monitor]: ANOMALY on [perception_node] /perception/obstacles:obstacle_count: Value 2.0000 deviated from baseline 3.0000±0.0643 (z=15.5, confirmed x153) (sev=1.00)
[monitor_node-6] [WARN] [1789950935.393701612] [diagnostic_monitor]: ANOMALY on [perception_node] /perception/obstacles:obstacle_count: Value 2.0000 deviated from baseline 3.0000±0.0643 (z=15.5, confirmed x154) (sev=1.00)
[monitor_node-6] [WARN] [1789950935.496451544] [diagnostic_monitor]: ANOMALY on [perception_node] /perception/obstacles:obstacle_count: Value 2.0000 deviated from baseline 3.0000±0.0643 (z=15.5, confirmed x155) (sev=1.00)
[monitor_node-6] [WARN] [1789950935.593689233] [diagnostic_monitor]: ANOMALY on [perception_node] /perception/obstacles:obstacle_count: Value 2.0000 deviated from baseline 3.0000±0.0643 (z=15.5, confirmed x156) (sev=1.00)
[monitor_node-6] [WARN] [1789950935.693733483] [diagnostic_monitor]: ANOMALY on [perception_node] /perception/obstacles:obstacle_count: Value 2.0000 deviated from baseline 3.0000±0.0643 (z=15.5, confirmed x157) (sev=1.00)
[monitor_node-6] [WARN] [1789950935.794069511] [diagnostic_monitor]: ANOMALY on [perception_node] /perception/obstacles:obstacle_count: Value 2.0000 deviated from baseline 3.0000±0.0643 (z=15.5, confirmed x158) (sev=1.00)
[monitor_node-6] [WARN] [1789950935.894078832] [diagnostic_monitor]: ANOMALY on [perception_node] /perception/obstacles:obstacle_count: Value 2.0000 deviated from baseline 3.0000±0.0643 (z=15.5, confirmed x159) (sev=1.00)
[monitor_node-6] [WARN] [1789950935.994474222] [diagnostic_monitor]: ANOMALY on [perception_node] /perception/obstacles:obstacle_count: Value 2.0000 deviated from baseline 3.0000±0.0643 (z=15.5, confirmed x160) (sev=1.00)
[monitor_node-6] [WARN] [1789950936.093891568] [diagnostic_monitor]: ANOMALY on [perception_node] /perception/obstacles:obstacle_count: Value 2.0000 deviated from baseline 3.0000±0.0643 (z=15.5, confirmed x161) (sev=1.00)
[monitor_node-6] [WARN] [1789950936.193789591] [diagnostic_monitor]: ANOMALY on [perception_node] /perception/obstacles:obstacle_count: Value 2.0000 deviated from baseline 3.0000±0.0643 (z=15.5, confirmed x162) (sev=1.00)
[monitor_node-6] [WARN] [1789950936.294045841] [diagnostic_monitor]: ANOMALY on [perception_node] /perception/obstacles:obstacle_count: Value 1.0000 deviated from baseline 3.0000±0.0643 (z=31.1, confirmed x163) (sev=1.00)
[monitor_node-6] [WARN] [1789950936.393644274] [diagnostic_monitor]: ANOMALY on [perception_node] /perception/obstacles:obstacle_count: Value 1.0000 deviated from baseline 3.0000±0.0643 (z=31.1, confirmed x164) (sev=1.00)
[monitor_node-6] [WARN] [1789950936.496739409] [diagnostic_monitor]: ANOMALY on [perception_node] /perception/obstacles:obstacle_count: Value 1.0000 deviated from baseline 3.0000±0.0643 (z=31.1, confirmed x165) (sev=1.00)
[monitor_node-6] [WARN] [1789950936.593897950] [diagnostic_monitor]: ANOMALY on [perception_node] /perception/obstacles:obstacle_count: Value 1.0000 deviated from baseline 3.0000±0.0643 (z=31.1, confirmed x166) (sev=1.00)
[monitor_node-6] [WARN] [1789950936.694055284] [diagnostic_monitor]: ANOMALY on [perception_node] /perception/obstacles:obstacle_count: Value 1.0000 deviated from baseline 3.0000±0.0643 (z=31.1, confirmed x167) (sev=1.00)
[monitor_node-6] [WARN] [1789950936.793755245] [diagnostic_monitor]: ANOMALY on [perception_node] /perception/obstacles:obstacle_count: Value 1.0000 deviated from baseline 3.0000±0.0643 (z=31.1, confirmed x168) (sev=1.00)
[monitor_node-6] [WARN] [1789950936.893863611] [diagnostic_monitor]: ANOMALY on [perception_node] /perception/obstacles:obstacle_count: Value 1.0000 deviated from baseline 3.0000±0.0643 (z=31.1, confirmed x169) (sev=1.00)
[monitor_node-6] [WARN] [1789950936.993882404] [diagnostic_monitor]: ANOMALY on [perception_node] /perception/obstacles:obstacle_count: Value 1.0000 deviated from baseline 3.0000±0.0643 (z=31.1, confirmed x170) (sev=1.00)
[monitor_node-6] [WARN] [1789950937.093885595] [diagnostic_monitor]: ANOMALY on [perception_node] /perception/obstacles:obstacle_count: Value 1.0000 deviated from baseline 3.0000±0.0643 (z=31.1, confirmed x171) (sev=1.00)
[monitor_node-6] [WARN] [1789950937.193484360] [diagnostic_monitor]: ANOMALY on [perception_node] /perception/obstacles:obstacle_count: Value 1.0000 deviated from baseline 3.0000±0.0643 (z=31.1, confirmed x172) (sev=1.00)
[monitor_node-6] [WARN] [1789950937.294092428] [diagnostic_monitor]: ANOMALY on [perception_node] /perception/obstacles:obstacle_count: Value 1.0000 deviated from baseline 3.0000±0.0643 (z=31.1, confirmed x173) (sev=1.00)
[monitor_node-6] [WARN] [1789950937.393785165] [diagnostic_monitor]: ANOMALY on [perception_node] /perception/obstacles:obstacle_count: Value 1.0000 deviated from baseline 3.0000±0.0643 (z=31.1, confirmed x174) (sev=1.00)
[monitor_node-6] [WARN] [1789950937.496171550] [diagnostic_monitor]: ANOMALY on [perception_node] /perception/obstacles:obstacle_count: Value 1.0000 deviated from baseline 3.0000±0.0643 (z=31.1, confirmed x175) (sev=1.00)
[monitor_node-6] [WARN] [1789950937.593679646] [diagnostic_monitor]: ANOMALY on [perception_node] /perception/obstacles:obstacle_count: Value 1.0000 deviated from baseline 3.0000±0.0643 (z=31.1, confirmed x176) (sev=1.00)
[monitor_node-6] [WARN] [1789950937.693723596] [diagnostic_monitor]: ANOMALY on [perception_node] /perception/obstacles:obstacle_count: Value 1.0000 deviated from baseline 3.0000±0.0643 (z=31.1, confirmed x177) (sev=1.00)
[monitor_node-6] [WARN] [1789950937.794021084] [diagnostic_monitor]: ANOMALY on [perception_node] /perception/obstacles:obstacle_count: Value 1.0000 deviated from baseline 3.0000±0.0643 (z=31.1, confirmed x178) (sev=1.00)
[monitor_node-6] [WARN] [1789950937.894077420] [diagnostic_monitor]: ANOMALY on [perception_node] /perception/obstacles:obstacle_count: Value 1.0000 deviated from baseline 3.0000±0.0643 (z=31.1, confirmed x179) (sev=1.00)
[monitor_node-6] [WARN] [1789950937.994451999] [diagnostic_monitor]: ANOMALY on [perception_node] /perception/obstacles:obstacle_count: Value 1.0000 deviated from baseline 3.0000±0.0643 (z=31.1, confirmed x180) (sev=1.00)
[monitor_node-6] [WARN] [1789950938.093913838] [diagnostic_monitor]: ANOMALY on [perception_node] /perception/obstacles:obstacle_count: Value 1.0000 deviated from baseline 3.0000±0.0643 (z=31.1, confirmed x181) (sev=1.00)
[monitor_node-6] [WARN] [1789950938.194192059] [diagnostic_monitor]: ANOMALY on [perception_node] /perception/obstacles:obstacle_count: Value 1.0000 deviated from baseline 3.0000±0.0643 (z=31.1, confirmed x182) (sev=1.00)
[monitor_node-6] [WARN] [1789950938.294136181] [diagnostic_monitor]: ANOMALY on [perception_node] /perception/obstacles:obstacle_count: Value 1.0000 deviated from baseline 3.0000±0.0643 (z=31.1, confirmed x183) (sev=1.00)
[monitor_node-6] [WARN] [1789950938.393767507] [diagnostic_monitor]: ANOMALY on [perception_node] /perception/obstacles:obstacle_count: Value 1.0000 deviated from baseline 3.0000±0.0643 (z=31.1, confirmed x184) (sev=1.00)
[monitor_node-6] [WARN] [1789950938.495772790] [diagnostic_monitor]: ANOMALY on [perception_node] /perception/obstacles:obstacle_count: Value 1.0000 deviated from baseline 3.0000±0.0643 (z=31.1, confirmed x185) (sev=1.00)
[monitor_node-6] [WARN] [1789950938.593620506] [diagnostic_monitor]: ANOMALY on [perception_node] /perception/obstacles:obstacle_count: Value 1.0000 deviated from baseline 3.0000±0.0643 (z=31.1, confirmed x186) (sev=1.00)
[monitor_node-6] [WARN] [1789950938.693775318] [diagnostic_monitor]: ANOMALY on [perception_node] /perception/obstacles:obstacle_count: Value 1.0000 deviated from baseline 3.0000±0.0643 (z=31.1, confirmed x187) (sev=1.00)
[monitor_node-6] [WARN] [1789950938.793705431] [diagnostic_monitor]: ANOMALY on [perception_node] /perception/obstacles:obstacle_count: Value 1.0000 deviated from baseline 3.0000±0.0643 (z=31.1, confirmed x188) (sev=1.00)
[monitor_node-6] [WARN] [1789950938.893946900] [diagnostic_monitor]: ANOMALY on [perception_node] /perception/obstacles:obstacle_count: Value 1.0000 deviated from baseline 3.0000±0.0643 (z=31.1, confirmed x189) (sev=1.00)
[monitor_node-6] [WARN] [1789950938.994636909] [diagnostic_monitor]: ANOMALY on [perception_node] /perception/obstacles:obstacle_count: Value 1.0000 deviated from baseline 3.0000±0.0643 (z=31.1, confirmed x190) (sev=1.00)
[monitor_node-6] [WARN] [1789950939.093588841] [diagnostic_monitor]: ANOMALY on [perception_node] /perception/obstacles:obstacle_count: Value 1.0000 deviated from baseline 3.0000±0.0643 (z=31.1, confirmed x191) (sev=1.00)
[monitor_node-6] [WARN] [1789950939.193901630] [diagnostic_monitor]: ANOMALY on [perception_node] /perception/obstacles:obstacle_count: Value 1.0000 deviated from baseline 3.0000±0.0643 (z=31.1, confirmed x192) (sev=1.00)
[monitor_node-6] [WARN] [1789950939.293825299] [diagnostic_monitor]: ANOMALY on [perception_node] /perception/obstacles:obstacle_count: Value 1.0000 deviated from baseline 3.0000±0.0643 (z=31.1, confirmed x193) (sev=1.00)
[monitor_node-6] [WARN] [1789950939.393715365] [diagnostic_monitor]: ANOMALY on [perception_node] /perception/obstacles:obstacle_count: Value 1.0000 deviated from baseline 3.0000±0.0643 (z=31.1, confirmed x194) (sev=1.00)
[monitor_node-6] [WARN] [1789950939.495779343] [diagnostic_monitor]: ANOMALY on [perception_node] /perception/obstacles:obstacle_count: Value 1.0000 deviated from baseline 3.0000±0.0643 (z=31.1, confirmed x195) (sev=1.00)
[monitor_node-6] [WARN] [1789950939.593581911] [diagnostic_monitor]: ANOMALY on [perception_node] /perception/obstacles:obstacle_count: Value 1.0000 deviated from baseline 3.0000±0.0643 (z=31.1, confirmed x196) (sev=1.00)
[monitor_node-6] [WARN] [1789950939.693458323] [diagnostic_monitor]: ANOMALY on [perception_node] /perception/obstacles:obstacle_count: Value 1.0000 deviated from baseline 3.0000±0.0643 (z=31.1, confirmed x197) (sev=1.00)
[monitor_node-6] [WARN] [1789950939.794287458] [diagnostic_monitor]: ANOMALY on [perception_node] /perception/obstacles:obstacle_count: Value 1.0000 deviated from baseline 3.0000±0.0643 (z=31.1, confirmed x198) (sev=1.00)
[monitor_node-6] [WARN] [1789950939.893685062] [diagnostic_monitor]: ANOMALY on [perception_node] /perception/obstacles:obstacle_count: Value 1.0000 deviated from baseline 3.0000±0.0643 (z=31.1, confirmed x199) (sev=1.00)
[monitor_node-6] [WARN] [1789950939.994556901] [diagnostic_monitor]: ANOMALY on [perception_node] /perception/obstacles:obstacle_count: Value 1.0000 deviated from baseline 3.0000±0.0643 (z=31.1, confirmed x200) (sev=1.00)
[monitor_node-6] [WARN] [1789950940.093871012] [diagnostic_monitor]: ANOMALY on [perception_node] /perception/obstacles:obstacle_count: Value 1.0000 deviated from baseline 3.0000±0.0643 (z=31.1, confirmed x201) (sev=1.00)
[monitor_node-6] [WARN] [1789950940.193810285] [diagnostic_monitor]: ANOMALY on [perception_node] /perception/obstacles:obstacle_count: Value 1.0000 deviated from baseline 3.0000±0.0643 (z=31.1, confirmed x202) (sev=1.00)
[monitor_node-6] [WARN] [1789950940.293920237] [diagnostic_monitor]: ANOMALY on [perception_node] /perception/obstacles:obstacle_count: Value 2.0000 deviated from baseline 3.0000±0.0643 (z=15.5, confirmed x203) (sev=1.00)
[monitor_node-6] [WARN] [1789950940.393705158] [diagnostic_monitor]: ANOMALY on [perception_node] /perception/obstacles:obstacle_count: Value 2.0000 deviated from baseline 3.0000±0.0643 (z=15.5, confirmed x204) (sev=1.00)
[monitor_node-6] [WARN] [1789950940.794099265] [diagnostic_monitor]: ANOMALY on [perception_node] /perception/obstacles:obstacle_count: Value 2.0000 deviated from baseline 3.0000±0.0642 (z=15.6, confirmed x2) (sev=1.00)
[monitor_node-6] [WARN] [1789950940.894111926] [diagnostic_monitor]: ANOMALY on [perception_node] /perception/obstacles:obstacle_count: Value 2.0000 deviated from baseline 3.0000±0.0642 (z=15.6, confirmed x3) (sev=1.00)
[monitor_node-6] [WARN] [1789950941.004325323] [diagnostic_monitor]: ANOMALY on [perception_node] /perception/obstacles:obstacle_count: Value 2.0000 deviated from baseline 3.0000±0.0642 (z=15.6, confirmed x4) (sev=1.00)
[monitor_node-6] [WARN] [1789950941.093897073] [diagnostic_monitor]: ANOMALY on [perception_node] /perception/obstacles:obstacle_count: Value 2.0000 deviated from baseline 3.0000±0.0642 (z=15.6, confirmed x5) (sev=1.00)
[monitor_node-6] [WARN] [1789950941.194242922] [diagnostic_monitor]: ANOMALY on [perception_node] /perception/obstacles:obstacle_count: Value 2.0000 deviated from baseline 3.0000±0.0642 (z=15.6, confirmed x6) (sev=1.00)
[monitor_node-6] [WARN] [1789950941.293491499] [diagnostic_monitor]: ANOMALY on [perception_node] /perception/obstacles:obstacle_count: Value 2.0000 deviated from baseline 3.0000±0.0642 (z=15.6, confirmed x7) (sev=1.00)
[monitor_node-6] [WARN] [1789950941.393768193] [diagnostic_monitor]: ANOMALY on [perception_node] /perception/obstacles:obstacle_count: Value 2.0000 deviated from baseline 3.0000±0.0642 (z=15.6, confirmed x8) (sev=1.00)
[monitor_node-6] [WARN] [1789950941.496362034] [diagnostic_monitor]: ANOMALY on [perception_node] /perception/obstacles:obstacle_count: Value 2.0000 deviated from baseline 3.0000±0.0642 (z=15.6, confirmed x9) (sev=1.00)
[monitor_node-6] [WARN] [1789950941.593641621] [diagnostic_monitor]: ANOMALY on [perception_node] /perception/obstacles:obstacle_count: Value 2.0000 deviated from baseline 3.0000±0.0642 (z=15.6, confirmed x10) (sev=1.00)
[monitor_node-6] [WARN] [1789950941.694027092] [diagnostic_monitor]: ANOMALY on [perception_node] /perception/obstacles:obstacle_count: Value 2.0000 deviated from baseline 3.0000±0.0642 (z=15.6, confirmed x11) (sev=1.00)
[monitor_node-6] [WARN] [1789950941.793981550] [diagnostic_monitor]: ANOMALY on [perception_node] /perception/obstacles:obstacle_count: Value 2.0000 deviated from baseline 3.0000±0.0642 (z=15.6, confirmed x12) (sev=1.00)
[monitor_node-6] [WARN] [1789950941.893669908] [diagnostic_monitor]: ANOMALY on [perception_node] /perception/obstacles:obstacle_count: Value 2.0000 deviated from baseline 3.0000±0.0642 (z=15.6, confirmed x13) (sev=1.00)
[monitor_node-6] [WARN] [1789950941.994419129] [diagnostic_monitor]: ANOMALY on [perception_node] /perception/obstacles:obstacle_count: Value 2.0000 deviated from baseline 3.0000±0.0642 (z=15.6, confirmed x14) (sev=1.00)
[monitor_node-6] [WARN] [1789950942.093448272] [diagnostic_monitor]: ANOMALY on [perception_node] /perception/obstacles:obstacle_count: Value 2.0000 deviated from baseline 3.0000±0.0642 (z=15.6, confirmed x15) (sev=1.00)
[monitor_node-6] [WARN] [1789950942.194055160] [diagnostic_monitor]: ANOMALY on [perception_node] /perception/obstacles:obstacle_count: Value 2.0000 deviated from baseline 3.0000±0.0642 (z=15.6, confirmed x16) (sev=1.00)
[monitor_node-6] [WARN] [1789950942.294002585] [diagnostic_monitor]: ANOMALY on [perception_node] /perception/obstacles:obstacle_count: Value 2.0000 deviated from baseline 3.0000±0.0642 (z=15.6, confirmed x17) (sev=1.00)
[monitor_node-6] [WARN] [1789950942.394027893] [diagnostic_monitor]: ANOMALY on [perception_node] /perception/obstacles:obstacle_count: Value 2.0000 deviated from baseline 3.0000±0.0642 (z=15.6, confirmed x18) (sev=1.00)
[monitor_node-6] [WARN] [1789950942.496060025] [diagnostic_monitor]: ANOMALY on [perception_node] /perception/obstacles:obstacle_count: Value 2.0000 deviated from baseline 3.0000±0.0642 (z=15.6, confirmed x19) (sev=1.00)
[monitor_node-6] [WARN] [1789950942.594000082] [diagnostic_monitor]: ANOMALY on [perception_node] /perception/obstacles:obstacle_count: Value 2.0000 deviated from baseline 3.0000±0.0642 (z=15.6, confirmed x20) (sev=1.00)
[monitor_node-6] [WARN] [1789950942.693978564] [diagnostic_monitor]: ANOMALY on [perception_node] /perception/obstacles:obstacle_count: Value 2.0000 deviated from baseline 3.0000±0.0642 (z=15.6, confirmed x21) (sev=1.00)
[monitor_node-6] [WARN] [1789950942.793791860] [diagnostic_monitor]: ANOMALY on [perception_node] /perception/obstacles:obstacle_count: Value 2.0000 deviated from baseline 3.0000±0.0642 (z=15.6, confirmed x22) (sev=1.00)
[monitor_node-6] [WARN] [1789950942.893839531] [diagnostic_monitor]: ANOMALY on [perception_node] /perception/obstacles:obstacle_count: Value 2.0000 deviated from baseline 3.0000±0.0642 (z=15.6, confirmed x23) (sev=1.00)
[monitor_node-6] [WARN] [1789950942.993898774] [diagnostic_monitor]: ANOMALY on [perception_node] /perception/obstacles:obstacle_count: Value 2.0000 deviated from baseline 3.0000±0.0642 (z=15.6, confirmed x24) (sev=1.00)
[monitor_node-6] [WARN] [1789950943.093916651] [diagnostic_monitor]: ANOMALY on [perception_node] /perception/obstacles:obstacle_count: Value 2.0000 deviated from baseline 3.0000±0.0642 (z=15.6, confirmed x25) (sev=1.00)
[monitor_node-6] [WARN] [1789950943.194252560] [diagnostic_monitor]: ANOMALY on [perception_node] /perception/obstacles:obstacle_count: Value 2.0000 deviated from baseline 3.0000±0.0642 (z=15.6, confirmed x26) (sev=1.00)
[monitor_node-6] [WARN] [1789950943.293692201] [diagnostic_monitor]: ANOMALY on [perception_node] /perception/obstacles:obstacle_count: Value 2.0000 deviated from baseline 3.0000±0.0642 (z=15.6, confirmed x27) (sev=1.00)
[monitor_node-6] [WARN] [1789950943.393957667] [diagnostic_monitor]: ANOMALY on [perception_node] /perception/obstacles:obstacle_count: Value 2.0000 deviated from baseline 3.0000±0.0642 (z=15.6, confirmed x28) (sev=1.00)
[monitor_node-6] [WARN] [1789950943.496594362] [diagnostic_monitor]: ANOMALY on [perception_node] /perception/obstacles:obstacle_count: Value 2.0000 deviated from baseline 3.0000±0.0642 (z=15.6, confirmed x29) (sev=1.00)
[monitor_node-6] [WARN] [1789950943.593760625] [diagnostic_monitor]: ANOMALY on [perception_node] /perception/obstacles:obstacle_count: Value 2.0000 deviated from baseline 3.0000±0.0642 (z=15.6, confirmed x30) (sev=1.00)
[monitor_node-6] [WARN] [1789950943.694196151] [diagnostic_monitor]: ANOMALY on [perception_node] /perception/obstacles:obstacle_count: Value 2.0000 deviated from baseline 3.0000±0.0642 (z=15.6, confirmed x31) (sev=1.00)
[monitor_node-6] [WARN] [1789950943.793740897] [diagnostic_monitor]: ANOMALY on [perception_node] /perception/obstacles:obstacle_count: Value 2.0000 deviated from baseline 3.0000±0.0642 (z=15.6, confirmed x32) (sev=1.00)
[monitor_node-6] [WARN] [1789950943.894022040] [diagnostic_monitor]: ANOMALY on [perception_node] /perception/obstacles:obstacle_count: Value 2.0000 deviated from baseline 3.0000±0.0642 (z=15.6, confirmed x33) (sev=1.00)
[monitor_node-6] [WARN] [1789950943.993899336] [diagnostic_monitor]: ANOMALY on [perception_node] /perception/obstacles:obstacle_count: Value 2.0000 deviated from baseline 3.0000±0.0642 (z=15.6, confirmed x34) (sev=1.00)
[monitor_node-6] [WARN] [1789950944.094160595] [diagnostic_monitor]: ANOMALY on [perception_node] /perception/obstacles:obstacle_count: Value 2.0000 deviated from baseline 3.0000±0.0642 (z=15.6, confirmed x35) (sev=1.00)
[monitor_node-6] [WARN] [1789950944.194038018] [diagnostic_monitor]: ANOMALY on [perception_node] /perception/obstacles:obstacle_count: Value 1.0000 deviated from baseline 3.0000±0.0642 (z=31.1, confirmed x36) (sev=1.00)
[monitor_node-6] [WARN] [1789950944.293658578] [diagnostic_monitor]: ANOMALY on [perception_node] /perception/obstacles:obstacle_count: Value 1.0000 deviated from baseline 3.0000±0.0642 (z=31.1, confirmed x37) (sev=1.00)
[monitor_node-6] [WARN] [1789950944.394375858] [diagnostic_monitor]: ANOMALY on [perception_node] /perception/obstacles:obstacle_count: Value 1.0000 deviated from baseline 3.0000±0.0642 (z=31.1, confirmed x38) (sev=1.00)
[monitor_node-6] [WARN] [1789950944.497945877] [diagnostic_monitor]: ANOMALY on [perception_node] /perception/obstacles:obstacle_count: Value 1.0000 deviated from baseline 3.0000±0.0642 (z=31.1, confirmed x39) (sev=1.00)
[monitor_node-6] [WARN] [1789950944.593500471] [diagnostic_monitor]: ANOMALY on [perception_node] /perception/obstacles:obstacle_count: Value 1.0000 deviated from baseline 3.0000±0.0642 (z=31.1, confirmed x40) (sev=1.00)
[monitor_node-6] [WARN] [1789950944.693748230] [diagnostic_monitor]: ANOMALY on [perception_node] /perception/obstacles:obstacle_count: Value 1.0000 deviated from baseline 3.0000±0.0642 (z=31.1, confirmed x41) (sev=1.00)
[monitor_node-6] [WARN] [1789950944.793918183] [diagnostic_monitor]: ANOMALY on [perception_node] /perception/obstacles:obstacle_count: Value 1.0000 deviated from baseline 3.0000±0.0642 (z=31.1, confirmed x42) (sev=1.00)
[monitor_node-6] [WARN] [1789950944.894046777] [diagnostic_monitor]: ANOMALY on [perception_node] /perception/obstacles:obstacle_count: Value 2.0000 deviated from baseline 3.0000±0.0642 (z=15.6, confirmed x43) (sev=1.00)
[monitor_node-6] [WARN] [1789950944.994221618] [diagnostic_monitor]: ANOMALY on [perception_node] /perception/obstacles:obstacle_count: Value 2.0000 deviated from baseline 3.0000±0.0642 (z=15.6, confirmed x44) (sev=1.00)
[monitor_node-6] [WARN] [1789950945.094042761] [diagnostic_monitor]: ANOMALY on [perception_node] /perception/obstacles:obstacle_count: Value 2.0000 deviated from baseline 3.0000±0.0642 (z=15.6, confirmed x45) (sev=1.00)
[monitor_node-6] [WARN] [1789950945.193720189] [diagnostic_monitor]: ANOMALY on [perception_node] /perception/obstacles:obstacle_count: Value 2.0000 deviated from baseline 3.0000±0.0642 (z=15.6, confirmed x46) (sev=1.00)
[monitor_node-6] [WARN] [1789950945.293629748] [diagnostic_monitor]: ANOMALY on [perception_node] /perception/obstacles:obstacle_count: Value 2.0000 deviated from baseline 3.0000±0.0642 (z=15.6, confirmed x47) (sev=1.00)
[monitor_node-6] [WARN] [1789950945.893766404] [diagnostic_monitor]: ANOMALY on [perception_node] /perception/obstacles:obstacle_count: Value 5.0000 deviated from baseline 3.0000±0.0640 (z=31.2, confirmed x2) (sev=1.00)
[monitor_node-6] [WARN] [1789950945.993952107] [diagnostic_monitor]: ANOMALY on [perception_node] /perception/obstacles:obstacle_count: Value 4.0000 deviated from baseline 3.0000±0.0640 (z=15.6, confirmed x3) (sev=1.00)
[monitor_node-6] [WARN] [1789950946.093852892] [diagnostic_monitor]: ANOMALY on [perception_node] /perception/obstacles:obstacle_count: Value 4.0000 deviated from baseline 3.0000±0.0640 (z=15.6, confirmed x4) (sev=1.00)
[monitor_node-6] [WARN] [1789950946.193792723] [diagnostic_monitor]: ANOMALY on [perception_node] /perception/obstacles:obstacle_count: Value 4.0000 deviated from baseline 3.0000±0.0640 (z=15.6, confirmed x5) (sev=1.00)
[monitor_node-6] [WARN] [1789950946.293872235] [diagnostic_monitor]: ANOMALY on [perception_node] /perception/obstacles:obstacle_count: Value 4.0000 deviated from baseline 3.0000±0.0640 (z=15.6, confirmed x6) (sev=1.00)
[monitor_node-6] [WARN] [1789950946.393867051] [diagnostic_monitor]: ANOMALY on [perception_node] /perception/obstacles:obstacle_count: Value 4.0000 deviated from baseline 3.0000±0.0640 (z=15.6, confirmed x7) (sev=1.00)
[monitor_node-6] [WARN] [1789950946.495711953] [diagnostic_monitor]: ANOMALY on [perception_node] /perception/obstacles:obstacle_count: Value 4.0000 deviated from baseline 3.0000±0.0640 (z=15.6, confirmed x8) (sev=1.00)
[monitor_node-6] [WARN] [1789950946.594077088] [diagnostic_monitor]: ANOMALY on [perception_node] /perception/obstacles:obstacle_count: Value 4.0000 deviated from baseline 3.0000±0.0640 (z=15.6, confirmed x9) (sev=1.00)
[monitor_node-6] [WARN] [1789950946.693799902] [diagnostic_monitor]: ANOMALY on [perception_node] /perception/obstacles:obstacle_count: Value 4.0000 deviated from baseline 3.0000±0.0640 (z=15.6, confirmed x10) (sev=1.00)
[monitor_node-6] [WARN] [1789950946.793795000] [diagnostic_monitor]: ANOMALY on [perception_node] /perception/obstacles:obstacle_count: Value 4.0000 deviated from baseline 3.0000±0.0640 (z=15.6, confirmed x11) (sev=1.00)
[monitor_node-6] [WARN] [1789950946.894400043] [diagnostic_monitor]: ANOMALY on [perception_node] /perception/obstacles:obstacle_count: Value 4.0000 deviated from baseline 3.0000±0.0640 (z=15.6, confirmed x12) (sev=1.00)
[monitor_node-6] [WARN] [1789950946.994244531] [diagnostic_monitor]: ANOMALY on [perception_node] /perception/obstacles:obstacle_count: Value 4.0000 deviated from baseline 3.0000±0.0640 (z=15.6, confirmed x13) (sev=1.00)
[monitor_node-6] [WARN] [1789950947.094091803] [diagnostic_monitor]: ANOMALY on [perception_node] /perception/obstacles:obstacle_count: Value 4.0000 deviated from baseline 3.0000±0.0640 (z=15.6, confirmed x14) (sev=1.00)
[monitor_node-6] [WARN] [1789950947.193463662] [diagnostic_monitor]: ANOMALY on [perception_node] /perception/obstacles:obstacle_count: Value 4.0000 deviated from baseline 3.0000±0.0640 (z=15.6, confirmed x15) (sev=1.00)
[monitor_node-6] [WARN] [1789950947.294011439] [diagnostic_monitor]: ANOMALY on [perception_node] /perception/obstacles:obstacle_count: Value 4.0000 deviated from baseline 3.0000±0.0640 (z=15.6, confirmed x16) (sev=1.00)
[monitor_node-6] [WARN] [1789950947.393627264] [diagnostic_monitor]: ANOMALY on [perception_node] /perception/obstacles:obstacle_count: Value 4.0000 deviated from baseline 3.0000±0.0640 (z=15.6, confirmed x17) (sev=1.00)
[monitor_node-6] [WARN] [1789950947.495670024] [diagnostic_monitor]: ANOMALY on [perception_node] /perception/obstacles:obstacle_count: Value 4.0000 deviated from baseline 3.0000±0.0640 (z=15.6, confirmed x18) (sev=1.00)
[monitor_node-6] [WARN] [1789950947.594031402] [diagnostic_monitor]: ANOMALY on [perception_node] /perception/obstacles:obstacle_count: Value 4.0000 deviated from baseline 3.0000±0.0640 (z=15.6, confirmed x19) (sev=1.00)
[monitor_node-6] [WARN] [1789950947.693828000] [diagnostic_monitor]: ANOMALY on [perception_node] /perception/obstacles:obstacle_count: Value 4.0000 deviated from baseline 3.0000±0.0640 (z=15.6, confirmed x20) (sev=1.00)
[monitor_node-6] [WARN] [1789950947.793683453] [diagnostic_monitor]: ANOMALY on [perception_node] /perception/obstacles:obstacle_count: Value 4.0000 deviated from baseline 3.0000±0.0640 (z=15.6, confirmed x21) (sev=1.00)
[monitor_node-6] [WARN] [1789950947.893916009] [diagnostic_monitor]: ANOMALY on [perception_node] /perception/obstacles:obstacle_count: Value 5.0000 deviated from baseline 3.0000±0.0640 (z=31.2, confirmed x22) (sev=1.00)
[monitor_node-6] [WARN] [1789950947.994283377] [diagnostic_monitor]: ANOMALY on [perception_node] /perception/obstacles:obstacle_count: Value 5.0000 deviated from baseline 3.0000±0.0640 (z=31.2, confirmed x23) (sev=1.00)
[monitor_node-6] [WARN] [1789950948.094098902] [diagnostic_monitor]: ANOMALY on [perception_node] /perception/obstacles:obstacle_count: Value 5.0000 deviated from baseline 3.0000±0.0640 (z=31.2, confirmed x24) (sev=1.00)
[monitor_node-6] [WARN] [1789950948.193367391] [diagnostic_monitor]: ANOMALY on [perception_node] /perception/obstacles:obstacle_count: Value 5.0000 deviated from baseline 3.0000±0.0640 (z=31.2, confirmed x25) (sev=1.00)
[monitor_node-6] [WARN] [1789950948.293566889] [diagnostic_monitor]: ANOMALY on [perception_node] /perception/obstacles:obstacle_count: Value 5.0000 deviated from baseline 3.0000±0.0640 (z=31.2, confirmed x26) (sev=1.00)
[monitor_node-6] [WARN] [1789950948.393870634] [diagnostic_monitor]: ANOMALY on [perception_node] /perception/obstacles:obstacle_count: Value 5.0000 deviated from baseline 3.0000±0.0640 (z=31.2, confirmed x27) (sev=1.00)
[monitor_node-6] [WARN] [1789950948.496022263] [diagnostic_monitor]: ANOMALY on [perception_node] /perception/obstacles:obstacle_count: Value 5.0000 deviated from baseline 3.0000±0.0640 (z=31.2, confirmed x28) (sev=1.00)
[monitor_node-6] [WARN] [1789950948.593881855] [diagnostic_monitor]: ANOMALY on [perception_node] /perception/obstacles:obstacle_count: Value 5.0000 deviated from baseline 3.0000±0.0640 (z=31.2, confirmed x29) (sev=1.00)
[monitor_node-6] [WARN] [1789950948.693854441] [diagnostic_monitor]: ANOMALY on [perception_node] /perception/obstacles:obstacle_count: Value 5.0000 deviated from baseline 3.0000±0.0640 (z=31.2, confirmed x30) (sev=1.00)
[monitor_node-6] [WARN] [1789950948.794272226] [diagnostic_monitor]: ANOMALY on [perception_node] /perception/obstacles:obstacle_count: Value 5.0000 deviated from baseline 3.0000±0.0640 (z=31.2, confirmed x31) (sev=1.00)
[monitor_node-6] [WARN] [1789950948.894048488] [diagnostic_monitor]: ANOMALY on [perception_node] /perception/obstacles:obstacle_count: Value 5.0000 deviated from baseline 3.0000±0.0640 (z=31.2, confirmed x32) (sev=1.00)
[monitor_node-6] [WARN] [1789950948.994431082] [diagnostic_monitor]: ANOMALY on [perception_node] /perception/obstacles:obstacle_count: Value 4.0000 deviated from baseline 3.0000±0.0640 (z=15.6, confirmed x33) (sev=1.00)
[monitor_node-6] [WARN] [1789950949.093759120] [diagnostic_monitor]: ANOMALY on [perception_node] /perception/obstacles:obstacle_count: Value 4.0000 deviated from baseline 3.0000±0.0640 (z=15.6, confirmed x34) (sev=1.00)
[monitor_node-6] [WARN] [1789950949.194040803] [diagnostic_monitor]: ANOMALY on [perception_node] /perception/obstacles:obstacle_count: Value 4.0000 deviated from baseline 3.0000±0.0640 (z=15.6, confirmed x35) (sev=1.00)
[monitor_node-6] [WARN] [1789950949.294307372] [diagnostic_monitor]: ANOMALY on [perception_node] /perception/obstacles:obstacle_count: Value 4.0000 deviated from baseline 3.0000±0.0640 (z=15.6, confirmed x36) (sev=1.00)
[monitor_node-6] [WARN] [1789950949.394122817] [diagnostic_monitor]: ANOMALY on [perception_node] /perception/obstacles:obstacle_count: Value 4.0000 deviated from baseline 3.0000±0.0640 (z=15.6, confirmed x37) (sev=1.00)
[monitor_node-6] [WARN] [1789950949.495572068] [diagnostic_monitor]: ANOMALY on [perception_node] /perception/obstacles:obstacle_count: Value 4.0000 deviated from baseline 3.0000±0.0640 (z=15.6, confirmed x38) (sev=1.00)
[monitor_node-6] [WARN] [1789950949.594003444] [diagnostic_monitor]: ANOMALY on [perception_node] /perception/obstacles:obstacle_count: Value 4.0000 deviated from baseline 3.0000±0.0640 (z=15.6, confirmed x39) (sev=1.00)
[monitor_node-6] [WARN] [1789950949.693702476] [diagnostic_monitor]: ANOMALY on [perception_node] /perception/obstacles:obstacle_count: Value 4.0000 deviated from baseline 3.0000±0.0640 (z=15.6, confirmed x40) (sev=1.00)
[monitor_node-6] [WARN] [1789950949.793700773] [diagnostic_monitor]: ANOMALY on [perception_node] /perception/obstacles:obstacle_count: Value 4.0000 deviated from baseline 3.0000±0.0640 (z=15.6, confirmed x41) (sev=1.00)
[monitor_node-6] [WARN] [1789950949.894829930] [diagnostic_monitor]: ANOMALY on [perception_node] /perception/obstacles:obstacle_count: Value 4.0000 deviated from baseline 3.0000±0.0640 (z=15.6, confirmed x42) (sev=1.00)
[monitor_node-6] [WARN] [1789950950.002035150] [diagnostic_monitor]: ANOMALY on [perception_node] /perception/obstacles:obstacle_count: Value 5.0000 deviated from baseline 3.0000±0.0640 (z=31.2, confirmed x43) (sev=1.00)
[monitor_node-6] [WARN] [1789950950.093782412] [diagnostic_monitor]: ANOMALY on [perception_node] /perception/obstacles:obstacle_count: Value 5.0000 deviated from baseline 3.0000±0.0640 (z=31.2, confirmed x44) (sev=1.00)
[monitor_node-6] [WARN] [1789950950.193839613] [diagnostic_monitor]: ANOMALY on [perception_node] /perception/obstacles:obstacle_count: Value 4.0000 deviated from baseline 3.0000±0.0640 (z=15.6, confirmed x45) (sev=1.00)
[monitor_node-6] [WARN] [1789950950.294282771] [diagnostic_monitor]: ANOMALY on [perception_node] /perception/obstacles:obstacle_count: Value 4.0000 deviated from baseline 3.0000±0.0640 (z=15.6, confirmed x46) (sev=1.00)
[monitor_node-6] [WARN] [1789950950.393956594] [diagnostic_monitor]: ANOMALY on [perception_node] /perception/obstacles:obstacle_count: Value 4.0000 deviated from baseline 3.0000±0.0640 (z=15.6, confirmed x47) (sev=1.00)
[monitor_node-6] [WARN] [1789950950.497049484] [diagnostic_monitor]: ANOMALY on [perception_node] /perception/obstacles:obstacle_count: Value 4.0000 deviated from baseline 3.0000±0.0640 (z=15.6, confirmed x48) (sev=1.00)
[monitor_node-6] [WARN] [1789950950.594011044] [diagnostic_monitor]: ANOMALY on [perception_node] /perception/obstacles:obstacle_count: Value 4.0000 deviated from baseline 3.0000±0.0640 (z=15.6, confirmed x49) (sev=1.00)
[monitor_node-6] [WARN] [1789950950.694086821] [diagnostic_monitor]: ANOMALY on [perception_node] /perception/obstacles:obstacle_count: Value 4.0000 deviated from baseline 3.0000±0.0640 (z=15.6, confirmed x50) (sev=1.00)
[monitor_node-6] [WARN] [1789950950.793740474] [diagnostic_monitor]: ANOMALY on [perception_node] /perception/obstacles:obstacle_count: Value 4.0000 deviated from baseline 3.0000±0.0640 (z=15.6, confirmed x51) (sev=1.00)
[monitor_node-6] [WARN] [1789950950.893899669] [diagnostic_monitor]: ANOMALY on [perception_node] /perception/obstacles:obstacle_count: Value 4.0000 deviated from baseline 3.0000±0.0640 (z=15.6, confirmed x52) (sev=1.00)
[monitor_node-6] [WARN] [1789950950.993963563] [diagnostic_monitor]: ANOMALY on [perception_node] /perception/obstacles:obstacle_count: Value 4.0000 deviated from baseline 3.0000±0.0640 (z=15.6, confirmed x53) (sev=1.00)
[monitor_node-6] [WARN] [1789950951.093719944] [diagnostic_monitor]: ANOMALY on [perception_node] /perception/obstacles:obstacle_count: Value 4.0000 deviated from baseline 3.0000±0.0640 (z=15.6, confirmed x54) (sev=1.00)
[monitor_node-6] [WARN] [1789950951.193591197] [diagnostic_monitor]: ANOMALY on [perception_node] /perception/obstacles:obstacle_count: Value 4.0000 deviated from baseline 3.0000±0.0640 (z=15.6, confirmed x55) (sev=1.00)
[monitor_node-6] [WARN] [1789950951.293912197] [diagnostic_monitor]: ANOMALY on [perception_node] /perception/obstacles:obstacle_count: Value 4.0000 deviated from baseline 3.0000±0.0640 (z=15.6, confirmed x56) (sev=1.00)
[monitor_node-6] [WARN] [1789950951.394064888] [diagnostic_monitor]: ANOMALY on [perception_node] /perception/obstacles:obstacle_count: Value 4.0000 deviated from baseline 3.0000±0.0640 (z=15.6, confirmed x57) (sev=1.00)
[monitor_node-6] [WARN] [1789950951.496540811] [diagnostic_monitor]: ANOMALY on [perception_node] /perception/obstacles:obstacle_count: Value 4.0000 deviated from baseline 3.0000±0.0640 (z=15.6, confirmed x58) (sev=1.00)
[monitor_node-6] [WARN] [1789950951.593492971] [diagnostic_monitor]: ANOMALY on [perception_node] /perception/obstacles:obstacle_count: Value 4.0000 deviated from baseline 3.0000±0.0640 (z=15.6, confirmed x59) (sev=1.00)
[monitor_node-6] [WARN] [1789950951.693789205] [diagnostic_monitor]: ANOMALY on [perception_node] /perception/obstacles:obstacle_count: Value 4.0000 deviated from baseline 3.0000±0.0640 (z=15.6, confirmed x60) (sev=1.00)
[monitor_node-6] [WARN] [1789950951.794197270] [diagnostic_monitor]: ANOMALY on [perception_node] /perception/obstacles:obstacle_count: Value 4.0000 deviated from baseline 3.0000±0.0640 (z=15.6, confirmed x61) (sev=1.00)
[monitor_node-6] [WARN] [1789950951.894347928] [diagnostic_monitor]: ANOMALY on [perception_node] /perception/obstacles:obstacle_count: Value 4.0000 deviated from baseline 3.0000±0.0640 (z=15.6, confirmed x62) (sev=1.00)
[monitor_node-6] [WARN] [1789950951.994673432] [diagnostic_monitor]: ANOMALY on [perception_node] /perception/obstacles:obstacle_count: Value 4.0000 deviated from baseline 3.0000±0.0640 (z=15.6, confirmed x63) (sev=1.00)
[monitor_node-6] [WARN] [1789950952.094243697] [diagnostic_monitor]: ANOMALY on [perception_node] /perception/obstacles:obstacle_count: Value 4.0000 deviated from baseline 3.0000±0.0640 (z=15.6, confirmed x64) (sev=1.00)
[monitor_node-6] [WARN] [1789950952.194000584] [diagnostic_monitor]: ANOMALY on [perception_node] /perception/obstacles:obstacle_count: Value 4.0000 deviated from baseline 3.0000±0.0640 (z=15.6, confirmed x65) (sev=1.00)
[monitor_node-6] [WARN] [1789950956.293680655] [diagnostic_monitor]: ANOMALY on [perception_node] /perception/obstacles:obstacle_count: Value 4.0000 deviated from baseline 3.0000±0.0616 (z=16.2, confirmed x2) (sev=1.00)
[monitor_node-6] [WARN] [1789950956.394214475] [diagnostic_monitor]: ANOMALY on [perception_node] /perception/obstacles:obstacle_count: Value 4.0000 deviated from baseline 3.0000±0.0616 (z=16.2, confirmed x3) (sev=1.00)
[monitor_node-6] [WARN] [1789950956.496281967] [diagnostic_monitor]: ANOMALY on [perception_node] /perception/obstacles:obstacle_count: Value 4.0000 deviated from baseline 3.0000±0.0616 (z=16.2, confirmed x4) (sev=1.00)
[monitor_node-6] [WARN] [1789950956.594246108] [diagnostic_monitor]: ANOMALY on [perception_node] /perception/obstacles:obstacle_count: Value 4.0000 deviated from baseline 3.0000±0.0616 (z=16.2, confirmed x5) (sev=1.00)
[monitor_node-6] [WARN] [1789950956.693922154] [diagnostic_monitor]: ANOMALY on [perception_node] /perception/obstacles:obstacle_count: Value 4.0000 deviated from baseline 3.0000±0.0616 (z=16.2, confirmed x6) (sev=1.00)
[monitor_node-6] [WARN] [1789950956.793822696] [diagnostic_monitor]: ANOMALY on [perception_node] /perception/obstacles:obstacle_count: Value 4.0000 deviated from baseline 3.0000±0.0616 (z=16.2, confirmed x7) (sev=1.00)
[monitor_node-6] [WARN] [1789950956.894032037] [diagnostic_monitor]: ANOMALY on [perception_node] /perception/obstacles:obstacle_count: Value 4.0000 deviated from baseline 3.0000±0.0616 (z=16.2, confirmed x8) (sev=1.00)
[monitor_node-6] [WARN] [1789950958.430843048] [diagnostic_monitor]: ANOMALY on [control_node] /cmd_vel:linear_vel: Value 0.1000 deviated from baseline 0.4624±0.0557 (z=6.5, confirmed x2) (sev=0.72)
[monitor_node-6] [WARN] [1789950958.593964083] [diagnostic_monitor]: ANOMALY on [perception_node] /perception/obstacles:obstacle_count: Value 2.0000 deviated from baseline 3.0000±0.0608 (z=16.4, confirmed x2) (sev=1.00)
[monitor_node-6] [WARN] [1789950958.631284991] [diagnostic_monitor]: ANOMALY on [control_node] /cmd_vel:linear_vel: Value 0.1000 deviated from baseline 0.4624±0.0557 (z=6.5, confirmed x3) (sev=0.72)
[monitor_node-6] [WARN] [1789950958.693892921] [diagnostic_monitor]: ANOMALY on [perception_node] /perception/obstacles:obstacle_count: Value 2.0000 deviated from baseline 3.0000±0.0608 (z=16.4, confirmed x3) (sev=1.00)
[monitor_node-6] [WARN] [1789950958.793614901] [diagnostic_monitor]: ANOMALY on [perception_node] /perception/obstacles:obstacle_count: Value 2.0000 deviated from baseline 3.0000±0.0608 (z=16.4, confirmed x4) (sev=1.00)
[monitor_node-6] [WARN] [1789950958.831246256] [diagnostic_monitor]: ANOMALY on [control_node] /cmd_vel:linear_vel: Value 0.1294 deviated from baseline 0.4624±0.0557 (z=6.0, confirmed x4) (sev=0.66)
[monitor_node-6] [WARN] [1789950958.894204223] [diagnostic_monitor]: ANOMALY on [perception_node] /perception/obstacles:obstacle_count: Value 2.0000 deviated from baseline 3.0000±0.0608 (z=16.4, confirmed x5) (sev=1.00)
[monitor_node-6] [WARN] [1789950958.993890490] [diagnostic_monitor]: ANOMALY on [perception_node] /perception/obstacles:obstacle_count: Value 2.0000 deviated from baseline 3.0000±0.0608 (z=16.4, confirmed x6) (sev=1.00)
[monitor_node-6] [WARN] [1789950959.030886864] [diagnostic_monitor]: ANOMALY on [control_node] /cmd_vel:linear_vel: Value 0.1667 deviated from baseline 0.4624±0.0557 (z=5.3, confirmed x5) (sev=0.59)
[monitor_node-6] [WARN] [1789950959.094200793] [diagnostic_monitor]: ANOMALY on [perception_node] /perception/obstacles:obstacle_count: Value 2.0000 deviated from baseline 3.0000±0.0608 (z=16.4, confirmed x7) (sev=1.00)
[monitor_node-6] [WARN] [1789950959.193632977] [diagnostic_monitor]: ANOMALY on [perception_node] /perception/obstacles:obstacle_count: Value 2.0000 deviated from baseline 3.0000±0.0608 (z=16.4, confirmed x8) (sev=1.00)
[monitor_node-6] [WARN] [1789950959.231317642] [diagnostic_monitor]: ANOMALY on [control_node] /cmd_vel:linear_vel: Value 0.2036 deviated from baseline 0.4624±0.0557 (z=4.6, confirmed x6) (sev=0.52)
[monitor_node-6] [WARN] [1789950959.294194245] [diagnostic_monitor]: ANOMALY on [perception_node] /perception/obstacles:obstacle_count: Value 1.0000 deviated from baseline 3.0000±0.0608 (z=32.9, confirmed x9) (sev=1.00)
[monitor_node-6] [WARN] [1789950959.393944447] [diagnostic_monitor]: ANOMALY on [perception_node] /perception/obstacles:obstacle_count: Value 2.0000 deviated from baseline 3.0000±0.0608 (z=16.4, confirmed x10) (sev=1.00)
[monitor_node-6] [WARN] [1789950959.496098702] [diagnostic_monitor]: ANOMALY on [perception_node] /perception/obstacles:obstacle_count: Value 2.0000 deviated from baseline 3.0000±0.0608 (z=16.4, confirmed x11) (sev=1.00)
[monitor_node-6] [WARN] [1789950959.593955517] [diagnostic_monitor]: ANOMALY on [perception_node] /perception/obstacles:obstacle_count: Value 2.0000 deviated from baseline 3.0000±0.0608 (z=16.4, confirmed x12) (sev=1.00)
[monitor_node-6] [WARN] [1789950959.694098369] [diagnostic_monitor]: ANOMALY on [perception_node] /perception/obstacles:obstacle_count: Value 2.0000 deviated from baseline 3.0000±0.0608 (z=16.4, confirmed x13) (sev=1.00)
[monitor_node-6] [WARN] [1789950959.793667889] [diagnostic_monitor]: ANOMALY on [perception_node] /perception/obstacles:obstacle_count: Value 2.0000 deviated from baseline 3.0000±0.0608 (z=16.4, confirmed x14) (sev=1.00)
[monitor_node-6] [WARN] [1789950959.895040552] [diagnostic_monitor]: ANOMALY on [perception_node] /perception/obstacles:obstacle_count: Value 2.0000 deviated from baseline 3.0000±0.0608 (z=16.4, confirmed x15) (sev=1.00)
[monitor_node-6] [WARN] [1789950959.994294287] [diagnostic_monitor]: ANOMALY on [perception_node] /perception/obstacles:obstacle_count: Value 2.0000 deviated from baseline 3.0000±0.0608 (z=16.4, confirmed x16) (sev=1.00)
[monitor_node-6] [WARN] [1789950960.094734789] [diagnostic_monitor]: ANOMALY on [perception_node] /perception/obstacles:obstacle_count: Value 2.0000 deviated from baseline 3.0000±0.0608 (z=16.4, confirmed x17) (sev=1.00)
[monitor_node-6] [WARN] [1789950960.193954969] [diagnostic_monitor]: ANOMALY on [perception_node] /perception/obstacles:obstacle_count: Value 2.0000 deviated from baseline 3.0000±0.0608 (z=16.4, confirmed x18) (sev=1.00)
[monitor_node-6] [WARN] [1789950960.902046467] [diagnostic_monitor]: ANOMALY on [perception_node] /perception/obstacles:obstacle_count: Value 2.0000 deviated from baseline 3.0000±0.0605 (z=16.5, confirmed x2) (sev=1.00)
[monitor_node-6] [WARN] [1789950960.995529673] [diagnostic_monitor]: ANOMALY on [perception_node] /perception/obstacles:obstacle_count: Value 2.0000 deviated from baseline 3.0000±0.0605 (z=16.5, confirmed x3) (sev=1.00)
[monitor_node-6] [WARN] [1789950961.094069944] [diagnostic_monitor]: ANOMALY on [perception_node] /perception/obstacles:obstacle_count: Value 2.0000 deviated from baseline 3.0000±0.0605 (z=16.5, confirmed x4) (sev=1.00)
[monitor_node-6] [WARN] [1789950961.193647390] [diagnostic_monitor]: ANOMALY on [perception_node] /perception/obstacles:obstacle_count: Value 2.0000 deviated from baseline 3.0000±0.0605 (z=16.5, confirmed x5) (sev=1.00)
[monitor_node-6] [WARN] [1789950961.294374815] [diagnostic_monitor]: ANOMALY on [perception_node] /perception/obstacles:obstacle_count: Value 2.0000 deviated from baseline 3.0000±0.0605 (z=16.5, confirmed x6) (sev=1.00)
[monitor_node-6] [WARN] [1789950961.393828527] [diagnostic_monitor]: ANOMALY on [perception_node] /perception/obstacles:obstacle_count: Value 2.0000 deviated from baseline 3.0000±0.0605 (z=16.5, confirmed x7) (sev=1.00)
[monitor_node-6] [WARN] [1789950961.496276544] [diagnostic_monitor]: ANOMALY on [perception_node] /perception/obstacles:obstacle_count: Value 2.0000 deviated from baseline 3.0000±0.0605 (z=16.5, confirmed x8) (sev=1.00)
[monitor_node-6] [WARN] [1789950961.593453663] [diagnostic_monitor]: ANOMALY on [perception_node] /perception/obstacles:obstacle_count: Value 2.0000 deviated from baseline 3.0000±0.0605 (z=16.5, confirmed x9) (sev=1.00)
[monitor_node-6] [WARN] [1789950961.693718880] [diagnostic_monitor]: ANOMALY on [perception_node] /perception/obstacles:obstacle_count: Value 2.0000 deviated from baseline 3.0000±0.0605 (z=16.5, confirmed x10) (sev=1.00)
[monitor_node-6] [WARN] [1789950961.793498571] [diagnostic_monitor]: ANOMALY on [perception_node] /perception/obstacles:obstacle_count: Value 2.0000 deviated from baseline 3.0000±0.0605 (z=16.5, confirmed x11) (sev=1.00)
[monitor_node-6] [WARN] [1789950961.894140565] [diagnostic_monitor]: ANOMALY on [perception_node] /perception/obstacles:obstacle_count: Value 2.0000 deviated from baseline 3.0000±0.0605 (z=16.5, confirmed x12) (sev=1.00)
[monitor_node-6] [WARN] [1789950961.994656622] [diagnostic_monitor]: ANOMALY on [perception_node] /perception/obstacles:obstacle_count: Value 2.0000 deviated from baseline 3.0000±0.0605 (z=16.5, confirmed x13) (sev=1.00)
[monitor_node-6] [WARN] [1789950962.094370699] [diagnostic_monitor]: ANOMALY on [perception_node] /perception/obstacles:obstacle_count: Value 2.0000 deviated from baseline 3.0000±0.0605 (z=16.5, confirmed x14) (sev=1.00)
[monitor_node-6] [WARN] [1789950962.194137534] [diagnostic_monitor]: ANOMALY on [perception_node] /perception/obstacles:obstacle_count: Value 2.0000 deviated from baseline 3.0000±0.0605 (z=16.5, confirmed x15) (sev=1.00)
[monitor_node-6] [WARN] [1789950962.294089303] [diagnostic_monitor]: ANOMALY on [perception_node] /perception/obstacles:obstacle_count: Value 2.0000 deviated from baseline 3.0000±0.0605 (z=16.5, confirmed x16) (sev=1.00)
[monitor_node-6] [WARN] [1789950962.393688929] [diagnostic_monitor]: ANOMALY on [perception_node] /perception/obstacles:obstacle_count: Value 2.0000 deviated from baseline 3.0000±0.0605 (z=16.5, confirmed x17) (sev=1.00)
[monitor_node-6] [WARN] [1789950962.496744486] [diagnostic_monitor]: ANOMALY on [perception_node] /perception/obstacles:obstacle_count: Value 2.0000 deviated from baseline 3.0000±0.0605 (z=16.5, confirmed x18) (sev=1.00)
[monitor_node-6] [WARN] [1789950962.594053445] [diagnostic_monitor]: ANOMALY on [perception_node] /perception/obstacles:obstacle_count: Value 2.0000 deviated from baseline 3.0000±0.0605 (z=16.5, confirmed x19) (sev=1.00)
[monitor_node-6] [WARN] [1789950962.693870463] [diagnostic_monitor]: ANOMALY on [perception_node] /perception/obstacles:obstacle_count: Value 2.0000 deviated from baseline 3.0000±0.0605 (z=16.5, confirmed x20) (sev=1.00)
[monitor_node-6] [WARN] [1789950962.794443776] [diagnostic_monitor]: ANOMALY on [perception_node] /perception/obstacles:obstacle_count: Value 2.0000 deviated from baseline 3.0000±0.0605 (z=16.5, confirmed x21) (sev=1.00)
[monitor_node-6] [WARN] [1789950962.893764016] [diagnostic_monitor]: ANOMALY on [perception_node] /perception/obstacles:obstacle_count: Value 2.0000 deviated from baseline 3.0000±0.0605 (z=16.5, confirmed x22) (sev=1.00)
[monitor_node-6] [WARN] [1789950962.994730208] [diagnostic_monitor]: ANOMALY on [perception_node] /perception/obstacles:obstacle_count: Value 1.0000 deviated from baseline 3.0000±0.0605 (z=33.0, confirmed x23) (sev=1.00)
[monitor_node-6] [WARN] [1789950963.093461290] [diagnostic_monitor]: ANOMALY on [perception_node] /perception/obstacles:obstacle_count: Value 1.0000 deviated from baseline 3.0000±0.0605 (z=33.0, confirmed x24) (sev=1.00)
[monitor_node-6] [WARN] [1789950963.193568240] [diagnostic_monitor]: ANOMALY on [perception_node] /perception/obstacles:obstacle_count: Value 1.0000 deviated from baseline 3.0000±0.0605 (z=33.0, confirmed x25) (sev=1.00)
[monitor_node-6] [WARN] [1789950963.293658576] [diagnostic_monitor]: ANOMALY on [perception_node] /perception/obstacles:obstacle_count: Value 1.0000 deviated from baseline 3.0000±0.0605 (z=33.0, confirmed x26) (sev=1.00)
[monitor_node-6] [WARN] [1789950963.394206165] [diagnostic_monitor]: ANOMALY on [perception_node] /perception/obstacles:obstacle_count: Value 1.0000 deviated from baseline 3.0000±0.0605 (z=33.0, confirmed x27) (sev=1.00)
[monitor_node-6] [WARN] [1789950963.497647571] [diagnostic_monitor]: ANOMALY on [perception_node] /perception/obstacles:obstacle_count: Value 2.0000 deviated from baseline 3.0000±0.0605 (z=16.5, confirmed x28) (sev=1.00)
[monitor_node-6] [WARN] [1789950963.593493989] [diagnostic_monitor]: ANOMALY on [perception_node] /perception/obstacles:obstacle_count: Value 2.0000 deviated from baseline 3.0000±0.0605 (z=16.5, confirmed x29) (sev=1.00)
[monitor_node-6] [WARN] [1789950963.693807965] [diagnostic_monitor]: ANOMALY on [perception_node] /perception/obstacles:obstacle_count: Value 2.0000 deviated from baseline 3.0000±0.0605 (z=16.5, confirmed x30) (sev=1.00)
[monitor_node-6] [WARN] [1789950963.793932492] [diagnostic_monitor]: ANOMALY on [perception_node] /perception/obstacles:obstacle_count: Value 2.0000 deviated from baseline 3.0000±0.0605 (z=16.5, confirmed x31) (sev=1.00)
[monitor_node-6] [WARN] [1789950963.893769485] [diagnostic_monitor]: ANOMALY on [perception_node] /perception/obstacles:obstacle_count: Value 2.0000 deviated from baseline 3.0000±0.0605 (z=16.5, confirmed x32) (sev=1.00)
[monitor_node-6] [WARN] [1789950963.994396659] [diagnostic_monitor]: ANOMALY on [perception_node] /perception/obstacles:obstacle_count: Value 2.0000 deviated from baseline 3.0000±0.0605 (z=16.5, confirmed x33) (sev=1.00)
[monitor_node-6] [WARN] [1789950964.093986431] [diagnostic_monitor]: ANOMALY on [perception_node] /perception/obstacles:obstacle_count: Value 2.0000 deviated from baseline 3.0000±0.0605 (z=16.5, confirmed x34) (sev=1.00)
[monitor_node-6] [WARN] [1789950964.193800328] [diagnostic_monitor]: ANOMALY on [perception_node] /perception/obstacles:obstacle_count: Value 2.0000 deviated from baseline 3.0000±0.0605 (z=16.5, confirmed x35) (sev=1.00)
[monitor_node-6] [WARN] [1789950964.293682388] [diagnostic_monitor]: ANOMALY on [perception_node] /perception/obstacles:obstacle_count: Value 2.0000 deviated from baseline 3.0000±0.0605 (z=16.5, confirmed x36) (sev=1.00)
[monitor_node-6] [WARN] [1789950964.394023788] [diagnostic_monitor]: ANOMALY on [perception_node] /perception/obstacles:obstacle_count: Value 2.0000 deviated from baseline 3.0000±0.0605 (z=16.5, confirmed x37) (sev=1.00)
[monitor_node-6] [WARN] [1789950964.496679502] [diagnostic_monitor]: ANOMALY on [perception_node] /perception/obstacles:obstacle_count: Value 2.0000 deviated from baseline 3.0000±0.0605 (z=16.5, confirmed x38) (sev=1.00)
[monitor_node-6] [WARN] [1789950964.593439023] [diagnostic_monitor]: ANOMALY on [perception_node] /perception/obstacles:obstacle_count: Value 2.0000 deviated from baseline 3.0000±0.0605 (z=16.5, confirmed x39) (sev=1.00)
[monitor_node-6] [WARN] [1789950964.693705213] [diagnostic_monitor]: ANOMALY on [perception_node] /perception/obstacles:obstacle_count: Value 2.0000 deviated from baseline 3.0000±0.0605 (z=16.5, confirmed x40) (sev=1.00)
[monitor_node-6] [WARN] [1789950964.793842491] [diagnostic_monitor]: ANOMALY on [perception_node] /perception/obstacles:obstacle_count: Value 2.0000 deviated from baseline 3.0000±0.0605 (z=16.5, confirmed x41) (sev=1.00)
[monitor_node-6] [WARN] [1789950964.894112042] [diagnostic_monitor]: ANOMALY on [perception_node] /perception/obstacles:obstacle_count: Value 2.0000 deviated from baseline 3.0000±0.0605 (z=16.5, confirmed x42) (sev=1.00)
[monitor_node-6] [WARN] [1789950964.994497014] [diagnostic_monitor]: ANOMALY on [perception_node] /perception/obstacles:obstacle_count: Value 1.0000 deviated from baseline 3.0000±0.0605 (z=33.0, confirmed x43) (sev=1.00)
[monitor_node-6] [WARN] [1789950965.094128274] [diagnostic_monitor]: ANOMALY on [perception_node] /perception/obstacles:obstacle_count: Value 1.0000 deviated from baseline 3.0000±0.0605 (z=33.0, confirmed x44) (sev=1.00)
[monitor_node-6] [WARN] [1789950965.193874294] [diagnostic_monitor]: ANOMALY on [perception_node] /perception/obstacles:obstacle_count: Value 1.0000 deviated from baseline 3.0000±0.0605 (z=33.0, confirmed x45) (sev=1.00)
[monitor_node-6] [WARN] [1789950965.294274889] [diagnostic_monitor]: ANOMALY on [perception_node] /perception/obstacles:obstacle_count: Value 1.0000 deviated from baseline 3.0000±0.0605 (z=33.0, confirmed x46) (sev=1.00)
[monitor_node-6] [WARN] [1789950965.393927204] [diagnostic_monitor]: ANOMALY on [perception_node] /perception/obstacles:obstacle_count: Value 1.0000 deviated from baseline 3.0000±0.0605 (z=33.0, confirmed x47) (sev=1.00)
[monitor_node-6] [WARN] [1789950965.496421607] [diagnostic_monitor]: ANOMALY on [perception_node] /perception/obstacles:obstacle_count: Value 1.0000 deviated from baseline 3.0000±0.0605 (z=33.0, confirmed x48) (sev=1.00)
[monitor_node-6] [WARN] [1789950965.595269557] [diagnostic_monitor]: ANOMALY on [perception_node] /perception/obstacles:obstacle_count: Value 1.0000 deviated from baseline 3.0000±0.0605 (z=33.0, confirmed x49) (sev=1.00)
[monitor_node-6] [WARN] [1789950965.693792092] [diagnostic_monitor]: ANOMALY on [perception_node] /perception/obstacles:obstacle_count: Value 1.0000 deviated from baseline 3.0000±0.0605 (z=33.0, confirmed x50) (sev=1.00)
[monitor_node-6] [WARN] [1789950965.793591780] [diagnostic_monitor]: ANOMALY on [perception_node] /perception/obstacles:obstacle_count: Value 1.0000 deviated from baseline 3.0000±0.0605 (z=33.0, confirmed x51) (sev=1.00)
[monitor_node-6] [WARN] [1789950965.894062724] [diagnostic_monitor]: ANOMALY on [perception_node] /perception/obstacles:obstacle_count: Value 1.0000 deviated from baseline 3.0000±0.0605 (z=33.0, confirmed x52) (sev=1.00)
[monitor_node-6] [WARN] [1789950965.994450730] [diagnostic_monitor]: ANOMALY on [perception_node] /perception/obstacles:obstacle_count: Value 1.0000 deviated from baseline 3.0000±0.0605 (z=33.0, confirmed x53) (sev=1.00)
[monitor_node-6] [WARN] [1789950966.093677166] [diagnostic_monitor]: ANOMALY on [perception_node] /perception/obstacles:obstacle_count: Value 1.0000 deviated from baseline 3.0000±0.0605 (z=33.0, confirmed x54) (sev=1.00)
[monitor_node-6] [WARN] [1789950966.193744658] [diagnostic_monitor]: ANOMALY on [perception_node] /perception/obstacles:obstacle_count: Value 1.0000 deviated from baseline 3.0000±0.0605 (z=33.0, confirmed x55) (sev=1.00)
[monitor_node-6] [WARN] [1789950966.294142147] [diagnostic_monitor]: ANOMALY on [perception_node] /perception/obstacles:obstacle_count: Value 1.0000 deviated from baseline 3.0000±0.0605 (z=33.0, confirmed x56) (sev=1.00)
[monitor_node-6] [WARN] [1789950966.394024424] [diagnostic_monitor]: ANOMALY on [perception_node] /perception/obstacles:obstacle_count: Value 1.0000 deviated from baseline 3.0000±0.0605 (z=33.0, confirmed x57) (sev=1.00)
[monitor_node-6] [WARN] [1789950966.496683994] [diagnostic_monitor]: ANOMALY on [perception_node] /perception/obstacles:obstacle_count: Value 1.0000 deviated from baseline 3.0000±0.0605 (z=33.0, confirmed x58) (sev=1.00)
[monitor_node-6] [WARN] [1789950966.593858639] [diagnostic_monitor]: ANOMALY on [perception_node] /perception/obstacles:obstacle_count: Value 1.0000 deviated from baseline 3.0000±0.0605 (z=33.0, confirmed x59) (sev=1.00)
[monitor_node-6] [WARN] [1789950966.693653800] [diagnostic_monitor]: ANOMALY on [perception_node] /perception/obstacles:obstacle_count: Value 1.0000 deviated from baseline 3.0000±0.0605 (z=33.0, confirmed x60) (sev=1.00)
[monitor_node-6] [WARN] [1789950966.793637032] [diagnostic_monitor]: ANOMALY on [perception_node] /perception/obstacles:obstacle_count: Value 1.0000 deviated from baseline 3.0000±0.0605 (z=33.0, confirmed x61) (sev=1.00)
[monitor_node-6] [WARN] [1789950966.894253021] [diagnostic_monitor]: ANOMALY on [perception_node] /perception/obstacles:obstacle_count: Value 1.0000 deviated from baseline 3.0000±0.0605 (z=33.0, confirmed x62) (sev=1.00)
[monitor_node-6] [WARN] [1789950966.995035385] [diagnostic_monitor]: ANOMALY on [perception_node] /perception/obstacles:obstacle_count: Value 1.0000 deviated from baseline 3.0000±0.0605 (z=33.0, confirmed x63) (sev=1.00)
[monitor_node-6] [WARN] [1789950967.093690901] [diagnostic_monitor]: ANOMALY on [perception_node] /perception/obstacles:obstacle_count: Value 1.0000 deviated from baseline 3.0000±0.0605 (z=33.0, confirmed x64) (sev=1.00)
[monitor_node-6] [WARN] [1789950967.193653806] [diagnostic_monitor]: ANOMALY on [perception_node] /perception/obstacles:obstacle_count: Value 1.0000 deviated from baseline 3.0000±0.0605 (z=33.0, confirmed x65) (sev=1.00)
[monitor_node-6] [WARN] [1789950967.293698002] [diagnostic_monitor]: ANOMALY on [perception_node] /perception/obstacles:obstacle_count: Value 2.0000 deviated from baseline 3.0000±0.0605 (z=16.5, confirmed x66) (sev=1.00)
[monitor_node-6] [WARN] [1789950967.393622195] [diagnostic_monitor]: ANOMALY on [perception_node] /perception/obstacles:obstacle_count: Value 2.0000 deviated from baseline 3.0000±0.0605 (z=16.5, confirmed x67) (sev=1.00)
[monitor_node-6] [WARN] [1789950967.694354940] [diagnostic_monitor]: ANOMALY on [perception_node] /perception/obstacles:obstacle_count: Value 1.0000 deviated from baseline 3.0000±0.0605 (z=33.1, confirmed x2) (sev=1.00)
[monitor_node-6] [WARN] [1789950967.794067156] [diagnostic_monitor]: ANOMALY on [perception_node] /perception/obstacles:obstacle_count: Value 2.0000 deviated from baseline 3.0000±0.0605 (z=16.5, confirmed x3) (sev=1.00)
[monitor_node-6] [WARN] [1789950967.894096704] [diagnostic_monitor]: ANOMALY on [perception_node] /perception/obstacles:obstacle_count: Value 2.0000 deviated from baseline 3.0000±0.0605 (z=16.5, confirmed x4) (sev=1.00)
[monitor_node-6] [WARN] [1789950967.995002322] [diagnostic_monitor]: ANOMALY on [perception_node] /perception/obstacles:obstacle_count: Value 2.0000 deviated from baseline 3.0000±0.0605 (z=16.5, confirmed x5) (sev=1.00)
[monitor_node-6] [WARN] [1789950968.093738975] [diagnostic_monitor]: ANOMALY on [perception_node] /perception/obstacles:obstacle_count: Value 2.0000 deviated from baseline 3.0000±0.0605 (z=16.5, confirmed x6) (sev=1.00)
[monitor_node-6] [WARN] [1789950968.194159770] [diagnostic_monitor]: ANOMALY on [perception_node] /perception/obstacles:obstacle_count: Value 2.0000 deviated from baseline 3.0000±0.0605 (z=16.5, confirmed x7) (sev=1.00)
[monitor_node-6] [WARN] [1789950968.294063810] [diagnostic_monitor]: ANOMALY on [perception_node] /perception/obstacles:obstacle_count: Value 2.0000 deviated from baseline 3.0000±0.0605 (z=16.5, confirmed x8) (sev=1.00)
[monitor_node-6] [WARN] [1789950968.393554436] [diagnostic_monitor]: ANOMALY on [perception_node] /perception/obstacles:obstacle_count: Value 2.0000 deviated from baseline 3.0000±0.0605 (z=16.5, confirmed x9) (sev=1.00)
[monitor_node-6] [WARN] [1789950968.496286900] [diagnostic_monitor]: ANOMALY on [perception_node] /perception/obstacles:obstacle_count: Value 2.0000 deviated from baseline 3.0000±0.0605 (z=16.5, confirmed x10) (sev=1.00)
[monitor_node-6] [WARN] [1789950968.594057093] [diagnostic_monitor]: ANOMALY on [perception_node] /perception/obstacles:obstacle_count: Value 2.0000 deviated from baseline 3.0000±0.0605 (z=16.5, confirmed x11) (sev=1.00)
[monitor_node-6] [WARN] [1789950968.694196456] [diagnostic_monitor]: ANOMALY on [perception_node] /perception/obstacles:obstacle_count: Value 2.0000 deviated from baseline 3.0000±0.0605 (z=16.5, confirmed x12) (sev=1.00)
[monitor_node-6] [WARN] [1789950968.793830287] [diagnostic_monitor]: ANOMALY on [perception_node] /perception/obstacles:obstacle_count: Value 2.0000 deviated from baseline 3.0000±0.0605 (z=16.5, confirmed x13) (sev=1.00)
[monitor_node-6] [WARN] [1789950968.893798348] [diagnostic_monitor]: ANOMALY on [perception_node] /perception/obstacles:obstacle_count: Value 2.0000 deviated from baseline 3.0000±0.0605 (z=16.5, confirmed x14) (sev=1.00)
[monitor_node-6] [WARN] [1789950968.994441081] [diagnostic_monitor]: ANOMALY on [perception_node] /perception/obstacles:obstacle_count: Value 2.0000 deviated from baseline 3.0000±0.0605 (z=16.5, confirmed x15) (sev=1.00)
[monitor_node-6] [WARN] [1789950969.093592343] [diagnostic_monitor]: ANOMALY on [perception_node] /perception/obstacles:obstacle_count: Value 2.0000 deviated from baseline 3.0000±0.0605 (z=16.5, confirmed x16) (sev=1.00)
[monitor_node-6] [WARN] [1789950969.193505996] [diagnostic_monitor]: ANOMALY on [perception_node] /perception/obstacles:obstacle_count: Value 2.0000 deviated from baseline 3.0000±0.0605 (z=16.5, confirmed x17) (sev=1.00)
[monitor_node-6] [WARN] [1789950969.293888998] [diagnostic_monitor]: ANOMALY on [perception_node] /perception/obstacles:obstacle_count: Value 2.0000 deviated from baseline 3.0000±0.0605 (z=16.5, confirmed x18) (sev=1.00)
[monitor_node-6] [WARN] [1789950969.393904453] [diagnostic_monitor]: ANOMALY on [perception_node] /perception/obstacles:obstacle_count: Value 2.0000 deviated from baseline 3.0000±0.0605 (z=16.5, confirmed x19) (sev=1.00)
[monitor_node-6] [WARN] [1789950969.506138127] [diagnostic_monitor]: ANOMALY on [perception_node] /perception/obstacles:obstacle_count: Value 2.0000 deviated from baseline 3.0000±0.0605 (z=16.5, confirmed x20) (sev=1.00)
[monitor_node-6] [WARN] [1789950969.594076623] [diagnostic_monitor]: ANOMALY on [perception_node] /perception/obstacles:obstacle_count: Value 2.0000 deviated from baseline 3.0000±0.0605 (z=16.5, confirmed x21) (sev=1.00)
[monitor_node-6] [WARN] [1789950969.693797028] [diagnostic_monitor]: ANOMALY on [perception_node] /perception/obstacles:obstacle_count: Value 2.0000 deviated from baseline 3.0000±0.0605 (z=16.5, confirmed x22) (sev=1.00)
[monitor_node-6] [WARN] [1789950969.793932494] [diagnostic_monitor]: ANOMALY on [perception_node] /perception/obstacles:obstacle_count: Value 2.0000 deviated from baseline 3.0000±0.0605 (z=16.5, confirmed x23) (sev=1.00)
[monitor_node-6] [WARN] [1789950969.893997621] [diagnostic_monitor]: ANOMALY on [perception_node] /perception/obstacles:obstacle_count: Value 2.0000 deviated from baseline 3.0000±0.0605 (z=16.5, confirmed x24) (sev=1.00)
[monitor_node-6] [WARN] [1789950969.994773765] [diagnostic_monitor]: ANOMALY on [perception_node] /perception/obstacles:obstacle_count: Value 2.0000 deviated from baseline 3.0000±0.0605 (z=16.5, confirmed x25) (sev=1.00)
[monitor_node-6] [WARN] [1789950970.093898518] [diagnostic_monitor]: ANOMALY on [perception_node] /perception/obstacles:obstacle_count: Value 2.0000 deviated from baseline 3.0000±0.0605 (z=16.5, confirmed x26) (sev=1.00)
[monitor_node-6] [WARN] [1789950970.193685792] [diagnostic_monitor]: ANOMALY on [perception_node] /perception/obstacles:obstacle_count: Value 2.0000 deviated from baseline 3.0000±0.0605 (z=16.5, confirmed x27) (sev=1.00)
[monitor_node-6] [WARN] [1789950970.294092467] [diagnostic_monitor]: ANOMALY on [perception_node] /perception/obstacles:obstacle_count: Value 2.0000 deviated from baseline 3.0000±0.0605 (z=16.5, confirmed x28) (sev=1.00)
[monitor_node-6] [WARN] [1789950971.430771430] [diagnostic_monitor]: ANOMALY on [control_node] /cmd_vel:linear_vel: Value 0.1575 deviated from baseline 0.4617±0.0558 (z=5.5, confirmed x2) (sev=0.61)
[monitor_node-6] [WARN] [1789950971.631078887] [diagnostic_monitor]: ANOMALY on [control_node] /cmd_vel:linear_vel: Value 0.1904 deviated from baseline 0.4617±0.0558 (z=4.9, confirmed x3) (sev=0.54)
[monitor_node-6] [WARN] [1789950971.894220436] [diagnostic_monitor]: ANOMALY on [perception_node] /perception/obstacles:obstacle_count: Value 4.0000 deviated from baseline 3.0000±0.0597 (z=16.7, confirmed x2) (sev=1.00)
[monitor_node-6] [WARN] [1789950971.994047692] [diagnostic_monitor]: ANOMALY on [perception_node] /perception/obstacles:obstacle_count: Value 4.0000 deviated from baseline 3.0000±0.0597 (z=16.7, confirmed x3) (sev=1.00)
[monitor_node-6] [WARN] [1789950972.094076802] [diagnostic_monitor]: ANOMALY on [perception_node] /perception/obstacles:obstacle_count: Value 4.0000 deviated from baseline 3.0000±0.0597 (z=16.7, confirmed x4) (sev=1.00)
[monitor_node-6] [WARN] [1789950972.193635339] [diagnostic_monitor]: ANOMALY on [perception_node] /perception/obstacles:obstacle_count: Value 4.0000 deviated from baseline 3.0000±0.0597 (z=16.7, confirmed x5) (sev=1.00)
[monitor_node-6] [WARN] [1789950972.293905026] [diagnostic_monitor]: ANOMALY on [perception_node] /perception/obstacles:obstacle_count: Value 4.0000 deviated from baseline 3.0000±0.0597 (z=16.7, confirmed x6) (sev=1.00)
[monitor_node-6] [WARN] [1789950972.593795654] [diagnostic_monitor]: ANOMALY on [perception_node] /perception/obstacles:obstacle_count: Value 4.0000 deviated from baseline 3.0000±0.0597 (z=16.8, confirmed x2) (sev=1.00)
[monitor_node-6] [WARN] [1789950972.694090701] [diagnostic_monitor]: ANOMALY on [perception_node] /perception/obstacles:obstacle_count: Value 4.0000 deviated from baseline 3.0000±0.0597 (z=16.8, confirmed x3) (sev=1.00)
[monitor_node-6] [WARN] [1789950972.794214640] [diagnostic_monitor]: ANOMALY on [perception_node] /perception/obstacles:obstacle_count: Value 4.0000 deviated from baseline 3.0000±0.0597 (z=16.8, confirmed x4) (sev=1.00)
[monitor_node-6] [WARN] [1789950972.893739931] [diagnostic_monitor]: ANOMALY on [perception_node] /perception/obstacles:obstacle_count: Value 4.0000 deviated from baseline 3.0000±0.0597 (z=16.8, confirmed x5) (sev=1.00)
[monitor_node-6] [WARN] [1789950972.994498575] [diagnostic_monitor]: ANOMALY on [perception_node] /perception/obstacles:obstacle_count: Value 4.0000 deviated from baseline 3.0000±0.0597 (z=16.8, confirmed x6) (sev=1.00)
[monitor_node-6] [WARN] [1789950973.093616956] [diagnostic_monitor]: ANOMALY on [perception_node] /perception/obstacles:obstacle_count: Value 4.0000 deviated from baseline 3.0000±0.0597 (z=16.8, confirmed x7) (sev=1.00)
[monitor_node-6] [WARN] [1789950973.193884600] [diagnostic_monitor]: ANOMALY on [perception_node] /perception/obstacles:obstacle_count: Value 4.0000 deviated from baseline 3.0000±0.0597 (z=16.8, confirmed x8) (sev=1.00)
[monitor_node-6] [WARN] [1789950973.294225916] [diagnostic_monitor]: ANOMALY on [perception_node] /perception/obstacles:obstacle_count: Value 4.0000 deviated from baseline 3.0000±0.0597 (z=16.8, confirmed x9) (sev=1.00)
[monitor_node-6] [WARN] [1789950973.394087215] [diagnostic_monitor]: ANOMALY on [perception_node] /perception/obstacles:obstacle_count: Value 4.0000 deviated from baseline 3.0000±0.0597 (z=16.8, confirmed x10) (sev=1.00)
[monitor_node-6] [WARN] [1789950973.496143634] [diagnostic_monitor]: ANOMALY on [perception_node] /perception/obstacles:obstacle_count: Value 4.0000 deviated from baseline 3.0000±0.0597 (z=16.8, confirmed x11) (sev=1.00)
[monitor_node-6] [WARN] [1789950973.593918794] [diagnostic_monitor]: ANOMALY on [perception_node] /perception/obstacles:obstacle_count: Value 4.0000 deviated from baseline 3.0000±0.0597 (z=16.8, confirmed x12) (sev=1.00)
[monitor_node-6] [WARN] [1789950973.693934878] [diagnostic_monitor]: ANOMALY on [perception_node] /perception/obstacles:obstacle_count: Value 4.0000 deviated from baseline 3.0000±0.0597 (z=16.8, confirmed x13) (sev=1.00)
[monitor_node-6] [WARN] [1789950973.794126199] [diagnostic_monitor]: ANOMALY on [perception_node] /perception/obstacles:obstacle_count: Value 4.0000 deviated from baseline 3.0000±0.0597 (z=16.8, confirmed x14) (sev=1.00)
[monitor_node-6] [WARN] [1789950973.894166005] [diagnostic_monitor]: ANOMALY on [perception_node] /perception/obstacles:obstacle_count: Value 4.0000 deviated from baseline 3.0000±0.0597 (z=16.8, confirmed x15) (sev=1.00)
[monitor_node-6] [WARN] [1789950973.994512778] [diagnostic_monitor]: ANOMALY on [perception_node] /perception/obstacles:obstacle_count: Value 4.0000 deviated from baseline 3.0000±0.0597 (z=16.8, confirmed x16) (sev=1.00)
[monitor_node-6] [WARN] [1789950974.094003802] [diagnostic_monitor]: ANOMALY on [perception_node] /perception/obstacles:obstacle_count: Value 4.0000 deviated from baseline 3.0000±0.0597 (z=16.8, confirmed x17) (sev=1.00)
[monitor_node-6] [WARN] [1789950974.194002774] [diagnostic_monitor]: ANOMALY on [perception_node] /perception/obstacles:obstacle_count: Value 4.0000 deviated from baseline 3.0000±0.0597 (z=16.8, confirmed x18) (sev=1.00)
[monitor_node-6] [WARN] [1789950974.293657472] [diagnostic_monitor]: ANOMALY on [perception_node] /perception/obstacles:obstacle_count: Value 4.0000 deviated from baseline 3.0000±0.0597 (z=16.8, confirmed x19) (sev=1.00)
[monitor_node-6] [WARN] [1789950974.393910850] [diagnostic_monitor]: ANOMALY on [perception_node] /perception/obstacles:obstacle_count: Value 4.0000 deviated from baseline 3.0000±0.0597 (z=16.8, confirmed x20) (sev=1.00)
[monitor_node-6] [WARN] [1789950974.495980786] [diagnostic_monitor]: ANOMALY on [perception_node] /perception/obstacles:obstacle_count: Value 4.0000 deviated from baseline 3.0000±0.0597 (z=16.8, confirmed x21) (sev=1.00)
[monitor_node-6] [WARN] [1789950974.593602612] [diagnostic_monitor]: ANOMALY on [perception_node] /perception/obstacles:obstacle_count: Value 4.0000 deviated from baseline 3.0000±0.0597 (z=16.8, confirmed x22) (sev=1.00)
[monitor_node-6] [WARN] [1789950974.693658278] [diagnostic_monitor]: ANOMALY on [perception_node] /perception/obstacles:obstacle_count: Value 4.0000 deviated from baseline 3.0000±0.0597 (z=16.8, confirmed x23) (sev=1.00)
[monitor_node-6] [WARN] [1789950974.794128430] [diagnostic_monitor]: ANOMALY on [perception_node] /perception/obstacles:obstacle_count: Value 4.0000 deviated from baseline 3.0000±0.0597 (z=16.8, confirmed x24) (sev=1.00)
[monitor_node-6] [WARN] [1789950974.894154665] [diagnostic_monitor]: ANOMALY on [perception_node] /perception/obstacles:obstacle_count: Value 5.0000 deviated from baseline 3.0000±0.0597 (z=33.5, confirmed x25) (sev=1.00)
[monitor_node-6] [WARN] [1789950974.994331644] [diagnostic_monitor]: ANOMALY on [perception_node] /perception/obstacles:obstacle_count: Value 4.0000 deviated from baseline 3.0000±0.0597 (z=16.8, confirmed x26) (sev=1.00)
[monitor_node-6] [WARN] [1789950975.093895154] [diagnostic_monitor]: ANOMALY on [perception_node] /perception/obstacles:obstacle_count: Value 4.0000 deviated from baseline 3.0000±0.0597 (z=16.8, confirmed x27) (sev=1.00)
[monitor_node-6] [WARN] [1789950975.193630480] [diagnostic_monitor]: ANOMALY on [perception_node] /perception/obstacles:obstacle_count: Value 4.0000 deviated from baseline 3.0000±0.0597 (z=16.8, confirmed x28) (sev=1.00)
[monitor_node-6] [WARN] [1789950975.293979674] [diagnostic_monitor]: ANOMALY on [perception_node] /perception/obstacles:obstacle_count: Value 4.0000 deviated from baseline 3.0000±0.0597 (z=16.8, confirmed x29) (sev=1.00)
[monitor_node-6] [WARN] [1789950975.393793905] [diagnostic_monitor]: ANOMALY on [perception_node] /perception/obstacles:obstacle_count: Value 4.0000 deviated from baseline 3.0000±0.0597 (z=16.8, confirmed x30) (sev=1.00)
[monitor_node-6] [WARN] [1789950975.496242108] [diagnostic_monitor]: ANOMALY on [perception_node] /perception/obstacles:obstacle_count: Value 4.0000 deviated from baseline 3.0000±0.0597 (z=16.8, confirmed x31) (sev=1.00)
[monitor_node-6] [WARN] [1789950975.594252701] [diagnostic_monitor]: ANOMALY on [perception_node] /perception/obstacles:obstacle_count: Value 4.0000 deviated from baseline 3.0000±0.0597 (z=16.8, confirmed x32) (sev=1.00)
[monitor_node-6] [WARN] [1789950975.693935764] [diagnostic_monitor]: ANOMALY on [perception_node] /perception/obstacles:obstacle_count: Value 4.0000 deviated from baseline 3.0000±0.0597 (z=16.8, confirmed x33) (sev=1.00)
[monitor_node-6] [WARN] [1789950975.793844246] [diagnostic_monitor]: ANOMALY on [perception_node] /perception/obstacles:obstacle_count: Value 4.0000 deviated from baseline 3.0000±0.0597 (z=16.8, confirmed x34) (sev=1.00)
[monitor_node-6] [WARN] [1789950975.894259621] [diagnostic_monitor]: ANOMALY on [perception_node] /perception/obstacles:obstacle_count: Value 4.0000 deviated from baseline 3.0000±0.0597 (z=16.8, confirmed x35) (sev=1.00)
[monitor_node-6] [WARN] [1789950975.994406752] [diagnostic_monitor]: ANOMALY on [perception_node] /perception/obstacles:obstacle_count: Value 4.0000 deviated from baseline 3.0000±0.0597 (z=16.8, confirmed x36) (sev=1.00)
[monitor_node-6] [WARN] [1789950976.093814431] [diagnostic_monitor]: ANOMALY on [perception_node] /perception/obstacles:obstacle_count: Value 4.0000 deviated from baseline 3.0000±0.0597 (z=16.8, confirmed x37) (sev=1.00)
[monitor_node-6] [WARN] [1789950978.093666504] [diagnostic_monitor]: ANOMALY on [perception_node] /perception/obstacles:obstacle_count: Value 2.0000 deviated from baseline 3.0000±0.0587 (z=17.0, confirmed x2) (sev=1.00)
[monitor_node-6] [WARN] [1789950978.193742403] [diagnostic_monitor]: ANOMALY on [perception_node] /perception/obstacles:obstacle_count: Value 2.0000 deviated from baseline 3.0000±0.0587 (z=17.0, confirmed x3) (sev=1.00)
[monitor_node-6] [WARN] [1789950978.293900263] [diagnostic_monitor]: ANOMALY on [perception_node] /perception/obstacles:obstacle_count: Value 2.0000 deviated from baseline 3.0000±0.0587 (z=17.0, confirmed x4) (sev=1.00)
[monitor_node-6] [WARN] [1789950978.393837351] [diagnostic_monitor]: ANOMALY on [perception_node] /perception/obstacles:obstacle_count: Value 2.0000 deviated from baseline 3.0000±0.0587 (z=17.0, confirmed x5) (sev=1.00)
[monitor_node-6] [WARN] [1789950978.495946821] [diagnostic_monitor]: ANOMALY on [perception_node] /perception/obstacles:obstacle_count: Value 2.0000 deviated from baseline 3.0000±0.0587 (z=17.0, confirmed x6) (sev=1.00)
[monitor_node-6] [WARN] [1789950978.593869260] [diagnostic_monitor]: ANOMALY on [perception_node] /perception/obstacles:obstacle_count: Value 2.0000 deviated from baseline 3.0000±0.0587 (z=17.0, confirmed x7) (sev=1.00)
[monitor_node-6] [WARN] [1789950978.693785490] [diagnostic_monitor]: ANOMALY on [perception_node] /perception/obstacles:obstacle_count: Value 2.0000 deviated from baseline 3.0000±0.0587 (z=17.0, confirmed x8) (sev=1.00)
[monitor_node-6] [WARN] [1789950978.794284619] [diagnostic_monitor]: ANOMALY on [perception_node] /perception/obstacles:obstacle_count: Value 2.0000 deviated from baseline 3.0000±0.0587 (z=17.0, confirmed x9) (sev=1.00)
[monitor_node-6] [WARN] [1789950978.893808593] [diagnostic_monitor]: ANOMALY on [perception_node] /perception/obstacles:obstacle_count: Value 2.0000 deviated from baseline 3.0000±0.0587 (z=17.0, confirmed x10) (sev=1.00)
[monitor_node-6] [WARN] [1789950978.995111292] [diagnostic_monitor]: ANOMALY on [perception_node] /perception/obstacles:obstacle_count: Value 2.0000 deviated from baseline 3.0000±0.0587 (z=17.0, confirmed x11) (sev=1.00)
[monitor_node-6] [WARN] [1789950979.093465913] [diagnostic_monitor]: ANOMALY on [perception_node] /perception/obstacles:obstacle_count: Value 1.0000 deviated from baseline 3.0000±0.0587 (z=34.1, confirmed x12) (sev=1.00)
[monitor_node-6] [WARN] [1789950979.193674143] [diagnostic_monitor]: ANOMALY on [perception_node] /perception/obstacles:obstacle_count: Value 1.0000 deviated from baseline 3.0000±0.0587 (z=34.1, confirmed x13) (sev=1.00)
[monitor_node-6] [WARN] [1789950979.294407758] [diagnostic_monitor]: ANOMALY on [perception_node] /perception/obstacles:obstacle_count: Value 1.0000 deviated from baseline 3.0000±0.0587 (z=34.1, confirmed x14) (sev=1.00)
[monitor_node-6] [WARN] [1789950979.400497217] [diagnostic_monitor]: ANOMALY on [perception_node] /perception/obstacles:obstacle_count: Value 1.0000 deviated from baseline 3.0000±0.0587 (z=34.1, confirmed x15) (sev=1.00)
[monitor_node-6] [WARN] [1789950979.498699810] [diagnostic_monitor]: ANOMALY on [perception_node] /perception/obstacles:obstacle_count: Value 1.0000 deviated from baseline 3.0000±0.0587 (z=34.1, confirmed x16) (sev=1.00)
[monitor_node-6] [WARN] [1789950979.593869781] [diagnostic_monitor]: ANOMALY on [perception_node] /perception/obstacles:obstacle_count: Value 1.0000 deviated from baseline 3.0000±0.0587 (z=34.1, confirmed x17) (sev=1.00)
[monitor_node-6] [WARN] [1789950979.694266447] [diagnostic_monitor]: ANOMALY on [perception_node] /perception/obstacles:obstacle_count: Value 1.0000 deviated from baseline 3.0000±0.0587 (z=34.1, confirmed x18) (sev=1.00)
[monitor_node-6] [WARN] [1789950979.793566290] [diagnostic_monitor]: ANOMALY on [perception_node] /perception/obstacles:obstacle_count: Value 1.0000 deviated from baseline 3.0000±0.0587 (z=34.1, confirmed x19) (sev=1.00)
[monitor_node-6] [WARN] [1789950979.894445528] [diagnostic_monitor]: ANOMALY on [perception_node] /perception/obstacles:obstacle_count: Value 1.0000 deviated from baseline 3.0000±0.0587 (z=34.1, confirmed x20) (sev=1.00)
[monitor_node-6] [WARN] [1789950979.994401990] [diagnostic_monitor]: ANOMALY on [perception_node] /perception/obstacles:obstacle_count: Value 1.0000 deviated from baseline 3.0000±0.0587 (z=34.1, confirmed x21) (sev=1.00)
[monitor_node-6] [WARN] [1789950980.093860546] [diagnostic_monitor]: ANOMALY on [perception_node] /perception/obstacles:obstacle_count: Value 1.0000 deviated from baseline 3.0000±0.0587 (z=34.1, confirmed x22) (sev=1.00)
[monitor_node-6] [WARN] [1789950980.194497158] [diagnostic_monitor]: ANOMALY on [perception_node] /perception/obstacles:obstacle_count: Value 1.0000 deviated from baseline 3.0000±0.0587 (z=34.1, confirmed x23) (sev=1.00)
[monitor_node-6] [WARN] [1789950980.294157404] [diagnostic_monitor]: ANOMALY on [perception_node] /perception/obstacles:obstacle_count: Value 1.0000 deviated from baseline 3.0000±0.0587 (z=34.1, confirmed x24) (sev=1.00)
[monitor_node-6] [WARN] [1789950980.394045071] [diagnostic_monitor]: ANOMALY on [perception_node] /perception/obstacles:obstacle_count: Value 1.0000 deviated from baseline 3.0000±0.0587 (z=34.1, confirmed x25) (sev=1.00)
[monitor_node-6] [WARN] [1789950980.495725156] [diagnostic_monitor]: ANOMALY on [perception_node] /perception/obstacles:obstacle_count: Value 1.0000 deviated from baseline 3.0000±0.0587 (z=34.1, confirmed x26) (sev=1.00)
[monitor_node-6] [WARN] [1789950980.594095366] [diagnostic_monitor]: ANOMALY on [perception_node] /perception/obstacles:obstacle_count: Value 1.0000 deviated from baseline 3.0000±0.0587 (z=34.1, confirmed x27) (sev=1.00)
[monitor_node-6] [WARN] [1789950980.694399002] [diagnostic_monitor]: ANOMALY on [perception_node] /perception/obstacles:obstacle_count: Value 1.0000 deviated from baseline 3.0000±0.0587 (z=34.1, confirmed x28) (sev=1.00)
[monitor_node-6] [WARN] [1789950980.794038231] [diagnostic_monitor]: ANOMALY on [perception_node] /perception/obstacles:obstacle_count: Value 1.0000 deviated from baseline 3.0000±0.0587 (z=34.1, confirmed x29) (sev=1.00)
[monitor_node-6] [WARN] [1789950980.894276623] [diagnostic_monitor]: ANOMALY on [perception_node] /perception/obstacles:obstacle_count: Value 2.0000 deviated from baseline 3.0000±0.0587 (z=17.0, confirmed x30) (sev=1.00)
[monitor_node-6] [WARN] [1789950980.994051529] [diagnostic_monitor]: ANOMALY on [perception_node] /perception/obstacles:obstacle_count: Value 1.0000 deviated from baseline 3.0000±0.0587 (z=34.1, confirmed x31) (sev=1.00)
[monitor_node-6] [WARN] [1789950981.094092387] [diagnostic_monitor]: ANOMALY on [perception_node] /perception/obstacles:obstacle_count: Value 1.0000 deviated from baseline 3.0000±0.0587 (z=34.1, confirmed x32) (sev=1.00)
[monitor_node-6] [WARN] [1789950981.194139613] [diagnostic_monitor]: ANOMALY on [perception_node] /perception/obstacles:obstacle_count: Value 1.0000 deviated from baseline 3.0000±0.0587 (z=34.1, confirmed x33) (sev=1.00)
[monitor_node-6] [WARN] [1789950981.294170886] [diagnostic_monitor]: ANOMALY on [perception_node] /perception/obstacles:obstacle_count: Value 2.0000 deviated from baseline 3.0000±0.0587 (z=17.0, confirmed x34) (sev=1.00)
[monitor_node-6] [WARN] [1789950981.393965383] [diagnostic_monitor]: ANOMALY on [perception_node] /perception/obstacles:obstacle_count: Value 1.0000 deviated from baseline 3.0000±0.0587 (z=34.1, confirmed x35) (sev=1.00)
