[INFO] [launch]: All log files can be found below /home/lynx/.ros/log/2026-09-22-22-20-57-472437-WINDOWS-FIRE-19334
[INFO] [launch]: Default logging verbosity is set to INFO
[INFO] [sim_world-1]: process started with pid [19338]
[INFO] [perception_node-2]: process started with pid [19339]
[INFO] [localization_node-3]: process started with pid [19340]
[INFO] [planning_node-4]: process started with pid [19341]
[INFO] [control_node-5]: process started with pid [19342]
[INFO] [monitor_node-6]: process started with pid [19343]
[monitor_node-6] [INFO] [1790115658.544451658] [diagnostic_monitor]: DiagnosticMonitorNode started. DB: /home/lynx/ros2_rca_ws/events.db, Weights: (wD=0.3, wT=0.3, wS=0.25, wA=0.15), z>3.0 confirmed x2, warmup 4.0s
[planning_node-4] [WARN] [1790115658.633087148] [planning_node]: planning_node: pose source = localization
[planning_node-4] [INFO] [1790115658.635013500] [planning_node]: planning_node ready (pose + obstacles -> /planning/path)
[perception_node-2] [INFO] [1790115658.721289191] [perception_node]: perception_node ready (lidar + camera -> /perception/obstacles)
[control_node-5] [INFO] [1790115658.762414197] [control_node]: control_node ready (path -> /cmd_vel)
[sim_world-1] [INFO] [1790115658.834503317] [sim_world]: sensor node started: lidar_node
[sim_world-1] [INFO] [1790115658.888089979] [sim_world]: sensor node started: camera_node
[sim_world-1] [INFO] [1790115658.920159967] [sim_world]: sensor node started: imu_node
[localization_node-3] [INFO] [1790115658.933451194] [localization_node]: localization_node ready (odom + imu + landmarks -> /localization/pose)
[sim_world-1] [INFO] [1790115658.953460887] [sim_world]: sensor node started: odometry_node
[sim_world-1] [INFO] [1790115658.954208095] [sim_world]: sim_world ready (seed=7, obstacles=12)
[monitor_node-6] [INFO] [1790115659.505438538] [diagnostic_monitor]: Discovered graph: nodes=['camera_node', 'control_node', 'imu_node', 'lidar_node', 'localization_node', 'odometry_node', 'perception_node', 'planning_node', 'sim_world'] edges=[camera_node->perception_node, control_node->sim_world, imu_node->localization_node, lidar_node->perception_node, localization_node->planning_node, odometry_node->localization_node, perception_node->localization_node, perception_node->planning_node, planning_node->control_node]
[monitor_node-6] [INFO] [1790115659.579514066] [diagnostic_monitor]: Dynamically subscribed to monitor topic: /cmd_vel [geometry_msgs/msg/TwistStamped]
[monitor_node-6] [INFO] [1790115659.582313144] [diagnostic_monitor]: Dynamically subscribed to monitor topic: /localization/pose [geometry_msgs/msg/PoseWithCovarianceStamped]
[monitor_node-6] [INFO] [1790115659.585222860] [diagnostic_monitor]: Dynamically subscribed to monitor topic: /perception/obstacles [geometry_msgs/msg/PoseArray]
[monitor_node-6] [INFO] [1790115659.608144021] [diagnostic_monitor]: Dynamically subscribed to monitor topic: /planning/path [nav_msgs/msg/Path]
[monitor_node-6] [INFO] [1790115659.724431052] [diagnostic_monitor]: Dynamically subscribed to monitor topic: /sim/camera/image [sensor_msgs/msg/Image]
[monitor_node-6] [INFO] [1790115659.729784094] [diagnostic_monitor]: Dynamically subscribed to monitor topic: /sim/imu/data [sensor_msgs/msg/Imu]
[monitor_node-6] [INFO] [1790115659.732924331] [diagnostic_monitor]: Dynamically subscribed to monitor topic: /sim/lidar/scan [sensor_msgs/msg/LaserScan]
[monitor_node-6] [INFO] [1790115659.735709322] [diagnostic_monitor]: Dynamically subscribed to monitor topic: /sim/odom [nav_msgs/msg/Odometry]
[monitor_node-6] [WARN] [1790115746.732133516] [diagnostic_monitor]: ANOMALY on [localization_node] /localization/pose:latency: Value 0.2829 deviated from baseline 0.0136±0.0042 (z=63.7, confirmed x2) (sev=1.00)
[monitor_node-6] [WARN] [1790115746.733254355] [diagnostic_monitor]: ANOMALY on [localization_node] /localization/pose:latency: Value 0.2341 deviated from baseline 0.0136±0.0042 (z=52.2, confirmed x3) (sev=1.00)
[monitor_node-6] [INFO] [1790115747.005349347] [diagnostic_monitor]: 
[monitor_node-6] ============================================================
[monitor_node-6] ROOT CAUSE DIAGNOSIS: localization_node (Confidence: 1.000)
[monitor_node-6] ============================================================
[monitor_node-6] Score Breakdown  R(C) = wD*D + wT*T + wS*S + wA*A:
[monitor_node-6]   R(localization_node) = 0.3·D(1.00) + 0.3·T(1.00) + 0.25·S(1.00) + 0.15·A(1.00) = 1.000
[monitor_node-6]   - Dependency D: 1.00 (reaches 0 downstream anomalous node(s); 0 anomalous upstream node(s))
[monitor_node-6]   - Temporal   T: 1.00 (first anomaly at t=1790115746.73s; earliest in window = supporting evidence, not proof of causality)
[monitor_node-6]   - Symptom    S: 1.00 (explains 1/1 anomalous nodes)
[monitor_node-6]   - Severity   A: 1.00 (max normalised severity on node, 2 direct anomaly event(s))
[monitor_node-6] 
[monitor_node-6] Propagation Chain (evidence-ordered, via discovered graph edges):
[monitor_node-6]   localization_node (t=1790115746.73s: /localization/pose:latency, sev=1.00)
[monitor_node-6] 
[monitor_node-6] Candidate Ranking & Evidence Comparison:
[monitor_node-6]   #2 camera_node          R=0.415 (Δ -0.585) [no direct anomaly observed; does not reach observed symptoms via dependency edges]
[monitor_node-6]   #3 imu_node             R=0.415 (Δ -0.585) [no direct anomaly observed; does not reach observed symptoms via dependency edges]
[monitor_node-6]   #4 lidar_node           R=0.415 (Δ -0.585) [no direct anomaly observed; does not reach observed symptoms via dependency edges]
[monitor_node-6] ============================================================
[monitor_node-6] [INFO] [1790115753.004384559] [diagnostic_monitor]: Anomaly window cleared. System operating nominally.
[sim_world-1] [WARN] [1790115761.601060924] [lidar_node]: lidar_node: degradation "noise" param=8 duration=45.0s
[sim_world-1] [WARN] [1790115761.646285412] [lidar_node]: lidar_node: degradation "noise" param=8 duration=45.0s
[sim_world-1] [WARN] [1790115761.697888726] [lidar_node]: lidar_node: degradation "noise" param=8 duration=45.0s
[monitor_node-6] [WARN] [1790115761.797853657] [diagnostic_monitor]: ANOMALY on [lidar_node] /sim/lidar/scan:nan_ratio: Value 0.3222 deviated from baseline 0.0000±0.0001 (z=3222.2, confirmed x2) (sev=1.00)
[monitor_node-6] [WARN] [1790115761.898239356] [diagnostic_monitor]: ANOMALY on [lidar_node] /sim/lidar/scan:nan_ratio: Value 0.3222 deviated from baseline 0.0000±0.0001 (z=3222.2, confirmed x3) (sev=1.00)
[monitor_node-6] [WARN] [1790115761.908481203] [diagnostic_monitor]: ANOMALY on [perception_node] /perception/obstacles:obstacle_empty: Value 1.0000 deviated from baseline 0.0000±0.0001 (z=10000.0, confirmed x2) (sev=1.00)
[monitor_node-6] [WARN] [1790115761.998749634] [diagnostic_monitor]: ANOMALY on [lidar_node] /sim/lidar/scan:nan_ratio: Value 0.3111 deviated from baseline 0.0000±0.0001 (z=3111.1, confirmed x4) (sev=1.00)
[monitor_node-6] [INFO] [1790115762.005118822] [diagnostic_monitor]: 
[monitor_node-6] ============================================================
[monitor_node-6] ROOT CAUSE DIAGNOSIS: lidar_node (Confidence: 1.000)
[monitor_node-6] ============================================================
[monitor_node-6] Score Breakdown  R(C) = wD*D + wT*T + wS*S + wA*A:
[monitor_node-6]   R(lidar_node) = 0.3·D(1.00) + 0.3·T(1.00) + 0.25·S(1.00) + 0.15·A(1.00) = 1.000
[monitor_node-6]   - Dependency D: 1.00 (reaches 1 downstream anomalous node(s); 0 anomalous upstream node(s))
[monitor_node-6]   - Temporal   T: 1.00 (first anomaly at t=1790115761.70s; earliest in window = supporting evidence, not proof of causality)
[monitor_node-6]   - Symptom    S: 1.00 (explains 2/2 anomalous nodes)
[monitor_node-6]   - Severity   A: 1.00 (max normalised severity on node, 3 direct anomaly event(s))
[monitor_node-6] 
[monitor_node-6] Propagation Chain (evidence-ordered, via discovered graph edges):
[monitor_node-6]   lidar_node (t=1790115761.70s: /sim/lidar/scan:nan_ratio, sev=1.00)
[monitor_node-6]     └─→ perception_node via /sim/lidar/scan (t=1790115761.81s, +0.11s after lidar_node: /perception/obstacles:obstacle_empty)
[monitor_node-6] 
[monitor_node-6] Candidate Ranking & Evidence Comparison:
[monitor_node-6]   #2 perception_node      R=0.569 (Δ -0.431) [first anomaly 0.11s after lidar_node; downstream of lidar_node in discovered graph; lower symptom coverage (50% vs 100%)]
[monitor_node-6]   #3 camera_node          R=0.290 (Δ -0.710) [no direct anomaly observed; does not reach observed symptoms via dependency edges; lower symptom coverage (50% vs 100%)]
[monitor_node-6] ============================================================
[monitor_node-6] [WARN] [1790115762.007932452] [diagnostic_monitor]: ANOMALY on [perception_node] /perception/obstacles:obstacle_empty: Value 1.0000 deviated from baseline 0.0000±0.0001 (z=10000.0, confirmed x3) (sev=1.00)
[monitor_node-6] [WARN] [1790115762.097896992] [diagnostic_monitor]: ANOMALY on [lidar_node] /sim/lidar/scan:nan_ratio: Value 0.4333 deviated from baseline 0.0000±0.0001 (z=4333.3, confirmed x5) (sev=1.00)
[monitor_node-6] [WARN] [1790115762.107991965] [diagnostic_monitor]: ANOMALY on [perception_node] /perception/obstacles:obstacle_empty: Value 1.0000 deviated from baseline 0.0000±0.0001 (z=10000.0, confirmed x4) (sev=1.00)
[monitor_node-6] [WARN] [1790115762.197845579] [diagnostic_monitor]: ANOMALY on [lidar_node] /sim/lidar/scan:nan_ratio: Value 0.2333 deviated from baseline 0.0000±0.0001 (z=2333.3, confirmed x6) (sev=1.00)
[monitor_node-6] [WARN] [1790115762.298572723] [diagnostic_monitor]: ANOMALY on [lidar_node] /sim/lidar/scan:nan_ratio: Value 0.3667 deviated from baseline 0.0000±0.0001 (z=3666.7, confirmed x7) (sev=1.00)
[monitor_node-6] [WARN] [1790115762.397654560] [diagnostic_monitor]: ANOMALY on [lidar_node] /sim/lidar/scan:nan_ratio: Value 0.3556 deviated from baseline 0.0000±0.0001 (z=3555.6, confirmed x8) (sev=1.00)
[monitor_node-6] [WARN] [1790115762.408966129] [diagnostic_monitor]: ANOMALY on [perception_node] /perception/obstacles:obstacle_empty: Value 1.0000 deviated from baseline 0.0000±0.0001 (z=10000.0, confirmed x2) (sev=1.00)
[monitor_node-6] [WARN] [1790115762.497940742] [diagnostic_monitor]: ANOMALY on [lidar_node] /sim/lidar/scan:nan_ratio: Value 0.3222 deviated from baseline 0.0000±0.0001 (z=3222.2, confirmed x9) (sev=1.00)
[monitor_node-6] [WARN] [1790115762.508056277] [diagnostic_monitor]: ANOMALY on [perception_node] /perception/obstacles:obstacle_empty: Value 1.0000 deviated from baseline 0.0000±0.0001 (z=10000.0, confirmed x3) (sev=1.00)
[monitor_node-6] [WARN] [1790115762.598250028] [diagnostic_monitor]: ANOMALY on [lidar_node] /sim/lidar/scan:nan_ratio: Value 0.3333 deviated from baseline 0.0000±0.0001 (z=3333.3, confirmed x10) (sev=1.00)
[monitor_node-6] [WARN] [1790115762.608308440] [diagnostic_monitor]: ANOMALY on [perception_node] /perception/obstacles:obstacle_empty: Value 1.0000 deviated from baseline 0.0000±0.0001 (z=10000.0, confirmed x4) (sev=1.00)
[monitor_node-6] [WARN] [1790115762.697975809] [diagnostic_monitor]: ANOMALY on [lidar_node] /sim/lidar/scan:nan_ratio: Value 0.3111 deviated from baseline 0.0000±0.0001 (z=3111.1, confirmed x11) (sev=1.00)
[monitor_node-6] [WARN] [1790115762.708627624] [diagnostic_monitor]: ANOMALY on [perception_node] /perception/obstacles:obstacle_empty: Value 1.0000 deviated from baseline 0.0000±0.0001 (z=10000.0, confirmed x5) (sev=1.00)
[monitor_node-6] [WARN] [1790115762.798585713] [diagnostic_monitor]: ANOMALY on [lidar_node] /sim/lidar/scan:nan_ratio: Value 0.3000 deviated from baseline 0.0000±0.0001 (z=3000.0, confirmed x12) (sev=1.00)
[monitor_node-6] [WARN] [1790115762.899218745] [diagnostic_monitor]: ANOMALY on [lidar_node] /sim/lidar/scan:nan_ratio: Value 0.3667 deviated from baseline 0.0000±0.0001 (z=3666.7, confirmed x13) (sev=1.00)
[monitor_node-6] [WARN] [1790115762.999050780] [diagnostic_monitor]: ANOMALY on [lidar_node] /sim/lidar/scan:nan_ratio: Value 0.2889 deviated from baseline 0.0000±0.0001 (z=2888.9, confirmed x14) (sev=1.00)
[monitor_node-6] [WARN] [1790115763.098658844] [diagnostic_monitor]: ANOMALY on [lidar_node] /sim/lidar/scan:nan_ratio: Value 0.2333 deviated from baseline 0.0000±0.0001 (z=2333.3, confirmed x15) (sev=1.00)
[monitor_node-6] [WARN] [1790115763.198013825] [diagnostic_monitor]: ANOMALY on [lidar_node] /sim/lidar/scan:nan_ratio: Value 0.3889 deviated from baseline 0.0000±0.0001 (z=3888.9, confirmed x16) (sev=1.00)
[monitor_node-6] [WARN] [1790115763.298964861] [diagnostic_monitor]: ANOMALY on [lidar_node] /sim/lidar/scan:nan_ratio: Value 0.4333 deviated from baseline 0.0000±0.0001 (z=4333.3, confirmed x17) (sev=1.00)
[monitor_node-6] [WARN] [1790115763.308546241] [diagnostic_monitor]: ANOMALY on [perception_node] /perception/obstacles:obstacle_empty: Value 1.0000 deviated from baseline 0.0000±0.0001 (z=10000.0, confirmed x2) (sev=1.00)
[monitor_node-6] [WARN] [1790115763.398277491] [diagnostic_monitor]: ANOMALY on [lidar_node] /sim/lidar/scan:nan_ratio: Value 0.2889 deviated from baseline 0.0000±0.0001 (z=2888.9, confirmed x18) (sev=1.00)
[monitor_node-6] [WARN] [1790115763.498577462] [diagnostic_monitor]: ANOMALY on [lidar_node] /sim/lidar/scan:nan_ratio: Value 0.2444 deviated from baseline 0.0000±0.0001 (z=2444.4, confirmed x19) (sev=1.00)
[monitor_node-6] [WARN] [1790115763.597758692] [diagnostic_monitor]: ANOMALY on [lidar_node] /sim/lidar/scan:nan_ratio: Value 0.2333 deviated from baseline 0.0000±0.0001 (z=2333.3, confirmed x20) (sev=1.00)
[monitor_node-6] [WARN] [1790115763.697795116] [diagnostic_monitor]: ANOMALY on [lidar_node] /sim/lidar/scan:nan_ratio: Value 0.3000 deviated from baseline 0.0000±0.0001 (z=3000.0, confirmed x21) (sev=1.00)
[monitor_node-6] [WARN] [1790115763.799445417] [diagnostic_monitor]: ANOMALY on [lidar_node] /sim/lidar/scan:nan_ratio: Value 0.4000 deviated from baseline 0.0000±0.0001 (z=4000.0, confirmed x22) (sev=1.00)
[monitor_node-6] [WARN] [1790115763.897415066] [diagnostic_monitor]: ANOMALY on [lidar_node] /sim/lidar/scan:nan_ratio: Value 0.3333 deviated from baseline 0.0000±0.0001 (z=3333.3, confirmed x23) (sev=1.00)
[monitor_node-6] [WARN] [1790115763.908461603] [diagnostic_monitor]: ANOMALY on [perception_node] /perception/obstacles:obstacle_empty: Value 1.0000 deviated from baseline 0.0000±0.0001 (z=10000.0, confirmed x2) (sev=1.00)
[monitor_node-6] [WARN] [1790115763.998236775] [diagnostic_monitor]: ANOMALY on [lidar_node] /sim/lidar/scan:nan_ratio: Value 0.2889 deviated from baseline 0.0000±0.0001 (z=2888.9, confirmed x24) (sev=1.00)
[monitor_node-6] [WARN] [1790115764.097956339] [diagnostic_monitor]: ANOMALY on [lidar_node] /sim/lidar/scan:nan_ratio: Value 0.2556 deviated from baseline 0.0000±0.0001 (z=2555.6, confirmed x25) (sev=1.00)
[monitor_node-6] [WARN] [1790115764.198780978] [diagnostic_monitor]: ANOMALY on [lidar_node] /sim/lidar/scan:nan_ratio: Value 0.2889 deviated from baseline 0.0000±0.0001 (z=2888.9, confirmed x26) (sev=1.00)
[monitor_node-6] [WARN] [1790115764.298134388] [diagnostic_monitor]: ANOMALY on [lidar_node] /sim/lidar/scan:nan_ratio: Value 0.3889 deviated from baseline 0.0000±0.0001 (z=3888.9, confirmed x27) (sev=1.00)
[monitor_node-6] [WARN] [1790115764.397605688] [diagnostic_monitor]: ANOMALY on [lidar_node] /sim/lidar/scan:nan_ratio: Value 0.2667 deviated from baseline 0.0000±0.0001 (z=2666.7, confirmed x28) (sev=1.00)
[monitor_node-6] [WARN] [1790115764.497473642] [diagnostic_monitor]: ANOMALY on [lidar_node] /sim/lidar/scan:nan_ratio: Value 0.3222 deviated from baseline 0.0000±0.0001 (z=3222.2, confirmed x29) (sev=1.00)
[monitor_node-6] [WARN] [1790115764.598613077] [diagnostic_monitor]: ANOMALY on [lidar_node] /sim/lidar/scan:nan_ratio: Value 0.2778 deviated from baseline 0.0000±0.0001 (z=2777.8, confirmed x30) (sev=1.00)
[monitor_node-6] [WARN] [1790115764.697941751] [diagnostic_monitor]: ANOMALY on [lidar_node] /sim/lidar/scan:nan_ratio: Value 0.4000 deviated from baseline 0.0000±0.0001 (z=4000.0, confirmed x31) (sev=1.00)
[monitor_node-6] [WARN] [1790115764.798450291] [diagnostic_monitor]: ANOMALY on [lidar_node] /sim/lidar/scan:nan_ratio: Value 0.3444 deviated from baseline 0.0000±0.0001 (z=3444.4, confirmed x32) (sev=1.00)
[monitor_node-6] [WARN] [1790115764.808252113] [diagnostic_monitor]: ANOMALY on [perception_node] /perception/obstacles:obstacle_empty: Value 1.0000 deviated from baseline 0.0000±0.0001 (z=10000.0, confirmed x2) (sev=1.00)
[monitor_node-6] [WARN] [1790115764.897545532] [diagnostic_monitor]: ANOMALY on [lidar_node] /sim/lidar/scan:nan_ratio: Value 0.3556 deviated from baseline 0.0000±0.0001 (z=3555.6, confirmed x33) (sev=1.00)
[monitor_node-6] [WARN] [1790115764.908476520] [diagnostic_monitor]: ANOMALY on [perception_node] /perception/obstacles:obstacle_empty: Value 1.0000 deviated from baseline 0.0000±0.0001 (z=10000.0, confirmed x3) (sev=1.00)
[monitor_node-6] [WARN] [1790115764.998136240] [diagnostic_monitor]: ANOMALY on [lidar_node] /sim/lidar/scan:nan_ratio: Value 0.3222 deviated from baseline 0.0000±0.0001 (z=3222.2, confirmed x34) (sev=1.00)
[monitor_node-6] [WARN] [1790115765.008077091] [diagnostic_monitor]: ANOMALY on [perception_node] /perception/obstacles:obstacle_empty: Value 1.0000 deviated from baseline 0.0000±0.0001 (z=10000.0, confirmed x4) (sev=1.00)
[monitor_node-6] [WARN] [1790115765.097367407] [diagnostic_monitor]: ANOMALY on [lidar_node] /sim/lidar/scan:nan_ratio: Value 0.3444 deviated from baseline 0.0000±0.0001 (z=3444.4, confirmed x35) (sev=1.00)
[monitor_node-6] [WARN] [1790115765.108292095] [diagnostic_monitor]: ANOMALY on [perception_node] /perception/obstacles:obstacle_empty: Value 1.0000 deviated from baseline 0.0000±0.0001 (z=10000.0, confirmed x5) (sev=1.00)
[monitor_node-6] [WARN] [1790115765.198278908] [diagnostic_monitor]: ANOMALY on [lidar_node] /sim/lidar/scan:nan_ratio: Value 0.3000 deviated from baseline 0.0000±0.0001 (z=3000.0, confirmed x36) (sev=1.00)
[monitor_node-6] [WARN] [1790115765.298847504] [diagnostic_monitor]: ANOMALY on [lidar_node] /sim/lidar/scan:nan_ratio: Value 0.4000 deviated from baseline 0.0000±0.0001 (z=4000.0, confirmed x37) (sev=1.00)
[monitor_node-6] [WARN] [1790115765.397646045] [diagnostic_monitor]: ANOMALY on [lidar_node] /sim/lidar/scan:nan_ratio: Value 0.2889 deviated from baseline 0.0000±0.0001 (z=2888.9, confirmed x38) (sev=1.00)
[monitor_node-6] [WARN] [1790115765.498517659] [diagnostic_monitor]: ANOMALY on [lidar_node] /sim/lidar/scan:nan_ratio: Value 0.4111 deviated from baseline 0.0000±0.0001 (z=4111.1, confirmed x39) (sev=1.00)
[monitor_node-6] [WARN] [1790115765.598037904] [diagnostic_monitor]: ANOMALY on [lidar_node] /sim/lidar/scan:nan_ratio: Value 0.3111 deviated from baseline 0.0000±0.0001 (z=3111.1, confirmed x40) (sev=1.00)
[monitor_node-6] [WARN] [1790115765.608350248] [diagnostic_monitor]: ANOMALY on [perception_node] /perception/obstacles:obstacle_empty: Value 1.0000 deviated from baseline 0.0000±0.0001 (z=10000.0, confirmed x2) (sev=1.00)
[monitor_node-6] [WARN] [1790115765.697831069] [diagnostic_monitor]: ANOMALY on [lidar_node] /sim/lidar/scan:nan_ratio: Value 0.3000 deviated from baseline 0.0000±0.0001 (z=3000.0, confirmed x41) (sev=1.00)
[monitor_node-6] [WARN] [1790115765.798407400] [diagnostic_monitor]: ANOMALY on [lidar_node] /sim/lidar/scan:nan_ratio: Value 0.3222 deviated from baseline 0.0000±0.0001 (z=3222.2, confirmed x42) (sev=1.00)
[monitor_node-6] [WARN] [1790115765.898093192] [diagnostic_monitor]: ANOMALY on [lidar_node] /sim/lidar/scan:nan_ratio: Value 0.2667 deviated from baseline 0.0000±0.0001 (z=2666.7, confirmed x43) (sev=1.00)
[monitor_node-6] [WARN] [1790115765.997738936] [diagnostic_monitor]: ANOMALY on [lidar_node] /sim/lidar/scan:nan_ratio: Value 0.3333 deviated from baseline 0.0000±0.0001 (z=3333.3, confirmed x44) (sev=1.00)
[monitor_node-6] [WARN] [1790115766.097933936] [diagnostic_monitor]: ANOMALY on [lidar_node] /sim/lidar/scan:nan_ratio: Value 0.3000 deviated from baseline 0.0000±0.0001 (z=3000.0, confirmed x45) (sev=1.00)
[monitor_node-6] [WARN] [1790115766.198229041] [diagnostic_monitor]: ANOMALY on [lidar_node] /sim/lidar/scan:nan_ratio: Value 0.3556 deviated from baseline 0.0000±0.0001 (z=3555.6, confirmed x46) (sev=1.00)
[monitor_node-6] [WARN] [1790115766.298090847] [diagnostic_monitor]: ANOMALY on [lidar_node] /sim/lidar/scan:nan_ratio: Value 0.3778 deviated from baseline 0.0000±0.0001 (z=3777.8, confirmed x47) (sev=1.00)
[monitor_node-6] [WARN] [1790115766.308440284] [diagnostic_monitor]: ANOMALY on [perception_node] /perception/obstacles:obstacle_empty: Value 1.0000 deviated from baseline 0.0000±0.0001 (z=10000.0, confirmed x2) (sev=1.00)
[monitor_node-6] [WARN] [1790115766.398650951] [diagnostic_monitor]: ANOMALY on [lidar_node] /sim/lidar/scan:nan_ratio: Value 0.3333 deviated from baseline 0.0000±0.0001 (z=3333.3, confirmed x48) (sev=1.00)
[monitor_node-6] [WARN] [1790115766.408288431] [diagnostic_monitor]: ANOMALY on [perception_node] /perception/obstacles:obstacle_empty: Value 1.0000 deviated from baseline 0.0000±0.0001 (z=10000.0, confirmed x3) (sev=1.00)
[monitor_node-6] [WARN] [1790115766.499061739] [diagnostic_monitor]: ANOMALY on [lidar_node] /sim/lidar/scan:nan_ratio: Value 0.2444 deviated from baseline 0.0000±0.0001 (z=2444.4, confirmed x49) (sev=1.00)
[monitor_node-6] [WARN] [1790115766.598205489] [diagnostic_monitor]: ANOMALY on [lidar_node] /sim/lidar/scan:nan_ratio: Value 0.2778 deviated from baseline 0.0000±0.0001 (z=2777.8, confirmed x50) (sev=1.00)
[monitor_node-6] [WARN] [1790115766.697976978] [diagnostic_monitor]: ANOMALY on [lidar_node] /sim/lidar/scan:nan_ratio: Value 0.3222 deviated from baseline 0.0000±0.0001 (z=3222.2, confirmed x51) (sev=1.00)
[monitor_node-6] [WARN] [1790115766.798172947] [diagnostic_monitor]: ANOMALY on [lidar_node] /sim/lidar/scan:nan_ratio: Value 0.3444 deviated from baseline 0.0000±0.0001 (z=3444.4, confirmed x52) (sev=1.00)
[monitor_node-6] [WARN] [1790115766.808169388] [diagnostic_monitor]: ANOMALY on [perception_node] /perception/obstacles:obstacle_empty: Value 1.0000 deviated from baseline 0.0000±0.0001 (z=10000.0, confirmed x2) (sev=1.00)
[monitor_node-6] [WARN] [1790115766.897234968] [diagnostic_monitor]: ANOMALY on [lidar_node] /sim/lidar/scan:nan_ratio: Value 0.2778 deviated from baseline 0.0000±0.0001 (z=2777.8, confirmed x53) (sev=1.00)
[monitor_node-6] [WARN] [1790115766.997710984] [diagnostic_monitor]: ANOMALY on [lidar_node] /sim/lidar/scan:nan_ratio: Value 0.3778 deviated from baseline 0.0000±0.0001 (z=3777.8, confirmed x54) (sev=1.00)
[monitor_node-6] [WARN] [1790115767.097562056] [diagnostic_monitor]: ANOMALY on [lidar_node] /sim/lidar/scan:nan_ratio: Value 0.3444 deviated from baseline 0.0000±0.0001 (z=3444.4, confirmed x55) (sev=1.00)
[monitor_node-6] [WARN] [1790115767.108531943] [diagnostic_monitor]: ANOMALY on [perception_node] /perception/obstacles:obstacle_empty: Value 1.0000 deviated from baseline 0.0000±0.0001 (z=10000.0, confirmed x2) (sev=1.00)
[monitor_node-6] [WARN] [1790115767.198267116] [diagnostic_monitor]: ANOMALY on [lidar_node] /sim/lidar/scan:nan_ratio: Value 0.2444 deviated from baseline 0.0000±0.0001 (z=2444.4, confirmed x56) (sev=1.00)
[monitor_node-6] [WARN] [1790115767.297976183] [diagnostic_monitor]: ANOMALY on [lidar_node] /sim/lidar/scan:nan_ratio: Value 0.2889 deviated from baseline 0.0000±0.0001 (z=2888.9, confirmed x57) (sev=1.00)
[monitor_node-6] [WARN] [1790115767.398112535] [diagnostic_monitor]: ANOMALY on [lidar_node] /sim/lidar/scan:nan_ratio: Value 0.2667 deviated from baseline 0.0000±0.0001 (z=2666.7, confirmed x58) (sev=1.00)
[monitor_node-6] [WARN] [1790115767.498058761] [diagnostic_monitor]: ANOMALY on [lidar_node] /sim/lidar/scan:nan_ratio: Value 0.3222 deviated from baseline 0.0000±0.0001 (z=3222.2, confirmed x59) (sev=1.00)
[monitor_node-6] [WARN] [1790115767.598530826] [diagnostic_monitor]: ANOMALY on [lidar_node] /sim/lidar/scan:nan_ratio: Value 0.3222 deviated from baseline 0.0000±0.0001 (z=3222.2, confirmed x60) (sev=1.00)
[monitor_node-6] [WARN] [1790115767.609024269] [diagnostic_monitor]: ANOMALY on [perception_node] /perception/obstacles:obstacle_empty: Value 1.0000 deviated from baseline 0.0000±0.0001 (z=10000.0, confirmed x2) (sev=1.00)
[monitor_node-6] [WARN] [1790115767.698128639] [diagnostic_monitor]: ANOMALY on [lidar_node] /sim/lidar/scan:nan_ratio: Value 0.3000 deviated from baseline 0.0000±0.0001 (z=3000.0, confirmed x61) (sev=1.00)
[monitor_node-6] [WARN] [1790115767.797945331] [diagnostic_monitor]: ANOMALY on [lidar_node] /sim/lidar/scan:nan_ratio: Value 0.3222 deviated from baseline 0.0000±0.0001 (z=3222.2, confirmed x62) (sev=1.00)
[monitor_node-6] [WARN] [1790115767.897814794] [diagnostic_monitor]: ANOMALY on [lidar_node] /sim/lidar/scan:nan_ratio: Value 0.2444 deviated from baseline 0.0000±0.0001 (z=2444.4, confirmed x63) (sev=1.00)
[monitor_node-6] [WARN] [1790115767.997621710] [diagnostic_monitor]: ANOMALY on [lidar_node] /sim/lidar/scan:nan_ratio: Value 0.3222 deviated from baseline 0.0000±0.0001 (z=3222.2, confirmed x64) (sev=1.00)
[monitor_node-6] [WARN] [1790115768.097803618] [diagnostic_monitor]: ANOMALY on [lidar_node] /sim/lidar/scan:nan_ratio: Value 0.3000 deviated from baseline 0.0000±0.0001 (z=3000.0, confirmed x65) (sev=1.00)
[monitor_node-6] [WARN] [1790115768.198188322] [diagnostic_monitor]: ANOMALY on [lidar_node] /sim/lidar/scan:nan_ratio: Value 0.2778 deviated from baseline 0.0000±0.0001 (z=2777.8, confirmed x66) (sev=1.00)
[monitor_node-6] [WARN] [1790115768.298051101] [diagnostic_monitor]: ANOMALY on [lidar_node] /sim/lidar/scan:nan_ratio: Value 0.3333 deviated from baseline 0.0000±0.0001 (z=3333.3, confirmed x67) (sev=1.00)
[monitor_node-6] [WARN] [1790115768.398573717] [diagnostic_monitor]: ANOMALY on [lidar_node] /sim/lidar/scan:nan_ratio: Value 0.3667 deviated from baseline 0.0000±0.0001 (z=3666.7, confirmed x68) (sev=1.00)
[monitor_node-6] [WARN] [1790115768.408383901] [diagnostic_monitor]: ANOMALY on [perception_node] /perception/obstacles:obstacle_empty: Value 1.0000 deviated from baseline 0.0000±0.0001 (z=10000.0, confirmed x2) (sev=1.00)
[monitor_node-6] [WARN] [1790115768.498540011] [diagnostic_monitor]: ANOMALY on [lidar_node] /sim/lidar/scan:nan_ratio: Value 0.4000 deviated from baseline 0.0000±0.0001 (z=4000.0, confirmed x69) (sev=1.00)
[monitor_node-6] [WARN] [1790115768.509178038] [diagnostic_monitor]: ANOMALY on [perception_node] /perception/obstacles:obstacle_empty: Value 1.0000 deviated from baseline 0.0000±0.0001 (z=10000.0, confirmed x3) (sev=1.00)
[monitor_node-6] [WARN] [1790115768.598113359] [diagnostic_monitor]: ANOMALY on [lidar_node] /sim/lidar/scan:nan_ratio: Value 0.3778 deviated from baseline 0.0000±0.0001 (z=3777.8, confirmed x70) (sev=1.00)
[monitor_node-6] [WARN] [1790115768.609014625] [diagnostic_monitor]: ANOMALY on [perception_node] /perception/obstacles:obstacle_empty: Value 1.0000 deviated from baseline 0.0000±0.0001 (z=10000.0, confirmed x4) (sev=1.00)
[monitor_node-6] [WARN] [1790115768.698452063] [diagnostic_monitor]: ANOMALY on [lidar_node] /sim/lidar/scan:nan_ratio: Value 0.4000 deviated from baseline 0.0000±0.0001 (z=4000.0, confirmed x71) (sev=1.00)
[monitor_node-6] [WARN] [1790115768.708426342] [diagnostic_monitor]: ANOMALY on [perception_node] /perception/obstacles:obstacle_empty: Value 1.0000 deviated from baseline 0.0000±0.0001 (z=10000.0, confirmed x5) (sev=1.00)
[monitor_node-6] [WARN] [1790115768.797745516] [diagnostic_monitor]: ANOMALY on [lidar_node] /sim/lidar/scan:nan_ratio: Value 0.3333 deviated from baseline 0.0000±0.0001 (z=3333.3, confirmed x72) (sev=1.00)
[monitor_node-6] [WARN] [1790115768.807958277] [diagnostic_monitor]: ANOMALY on [perception_node] /perception/obstacles:obstacle_empty: Value 1.0000 deviated from baseline 0.0000±0.0001 (z=10000.0, confirmed x6) (sev=1.00)
[monitor_node-6] [WARN] [1790115768.898181722] [diagnostic_monitor]: ANOMALY on [lidar_node] /sim/lidar/scan:nan_ratio: Value 0.3667 deviated from baseline 0.0000±0.0001 (z=3666.7, confirmed x73) (sev=1.00)
[monitor_node-6] [WARN] [1790115768.908755293] [diagnostic_monitor]: ANOMALY on [perception_node] /perception/obstacles:obstacle_empty: Value 1.0000 deviated from baseline 0.0000±0.0001 (z=10000.0, confirmed x7) (sev=1.00)
[monitor_node-6] [WARN] [1790115768.998431411] [diagnostic_monitor]: ANOMALY on [lidar_node] /sim/lidar/scan:nan_ratio: Value 0.3111 deviated from baseline 0.0000±0.0001 (z=3111.1, confirmed x74) (sev=1.00)
[monitor_node-6] [WARN] [1790115769.008015172] [diagnostic_monitor]: ANOMALY on [perception_node] /perception/obstacles:obstacle_empty: Value 1.0000 deviated from baseline 0.0000±0.0001 (z=10000.0, confirmed x8) (sev=1.00)
[monitor_node-6] [WARN] [1790115769.097638524] [diagnostic_monitor]: ANOMALY on [lidar_node] /sim/lidar/scan:nan_ratio: Value 0.3556 deviated from baseline 0.0000±0.0001 (z=3555.6, confirmed x75) (sev=1.00)
[monitor_node-6] [WARN] [1790115769.108524746] [diagnostic_monitor]: ANOMALY on [perception_node] /perception/obstacles:obstacle_empty: Value 1.0000 deviated from baseline 0.0000±0.0001 (z=10000.0, confirmed x9) (sev=1.00)
[monitor_node-6] [WARN] [1790115769.198146887] [diagnostic_monitor]: ANOMALY on [lidar_node] /sim/lidar/scan:nan_ratio: Value 0.3333 deviated from baseline 0.0000±0.0001 (z=3333.3, confirmed x76) (sev=1.00)
[monitor_node-6] [WARN] [1790115769.207951820] [diagnostic_monitor]: ANOMALY on [perception_node] /perception/obstacles:obstacle_empty: Value 1.0000 deviated from baseline 0.0000±0.0001 (z=10000.0, confirmed x10) (sev=1.00)
[monitor_node-6] [WARN] [1790115769.297777560] [diagnostic_monitor]: ANOMALY on [lidar_node] /sim/lidar/scan:nan_ratio: Value 0.3333 deviated from baseline 0.0000±0.0001 (z=3333.3, confirmed x77) (sev=1.00)
[monitor_node-6] [WARN] [1790115769.308349011] [diagnostic_monitor]: ANOMALY on [perception_node] /perception/obstacles:obstacle_empty: Value 1.0000 deviated from baseline 0.0000±0.0001 (z=10000.0, confirmed x11) (sev=1.00)
[monitor_node-6] [WARN] [1790115769.397700266] [diagnostic_monitor]: ANOMALY on [lidar_node] /sim/lidar/scan:nan_ratio: Value 0.3111 deviated from baseline 0.0000±0.0001 (z=3111.1, confirmed x78) (sev=1.00)
[monitor_node-6] [WARN] [1790115769.408049266] [diagnostic_monitor]: ANOMALY on [perception_node] /perception/obstacles:obstacle_empty: Value 1.0000 deviated from baseline 0.0000±0.0001 (z=10000.0, confirmed x12) (sev=1.00)
[monitor_node-6] [WARN] [1790115769.498232105] [diagnostic_monitor]: ANOMALY on [lidar_node] /sim/lidar/scan:nan_ratio: Value 0.3778 deviated from baseline 0.0000±0.0001 (z=3777.8, confirmed x79) (sev=1.00)
[monitor_node-6] [WARN] [1790115769.509783051] [diagnostic_monitor]: ANOMALY on [perception_node] /perception/obstacles:obstacle_empty: Value 1.0000 deviated from baseline 0.0000±0.0001 (z=10000.0, confirmed x13) (sev=1.00)
[monitor_node-6] [WARN] [1790115769.598032088] [diagnostic_monitor]: ANOMALY on [lidar_node] /sim/lidar/scan:nan_ratio: Value 0.3444 deviated from baseline 0.0000±0.0001 (z=3444.4, confirmed x80) (sev=1.00)
[monitor_node-6] [WARN] [1790115769.608332658] [diagnostic_monitor]: ANOMALY on [perception_node] /perception/obstacles:obstacle_empty: Value 1.0000 deviated from baseline 0.0000±0.0001 (z=10000.0, confirmed x14) (sev=1.00)
[monitor_node-6] [WARN] [1790115769.698184346] [diagnostic_monitor]: ANOMALY on [lidar_node] /sim/lidar/scan:nan_ratio: Value 0.3444 deviated from baseline 0.0000±0.0001 (z=3444.4, confirmed x81) (sev=1.00)
[monitor_node-6] [WARN] [1790115769.708512624] [diagnostic_monitor]: ANOMALY on [perception_node] /perception/obstacles:obstacle_empty: Value 1.0000 deviated from baseline 0.0000±0.0001 (z=10000.0, confirmed x15) (sev=1.00)
[monitor_node-6] [WARN] [1790115769.799143045] [diagnostic_monitor]: ANOMALY on [lidar_node] /sim/lidar/scan:nan_ratio: Value 0.3333 deviated from baseline 0.0000±0.0001 (z=3333.3, confirmed x82) (sev=1.00)
[monitor_node-6] [WARN] [1790115769.808437587] [diagnostic_monitor]: ANOMALY on [perception_node] /perception/obstacles:obstacle_empty: Value 1.0000 deviated from baseline 0.0000±0.0001 (z=10000.0, confirmed x16) (sev=1.00)
[monitor_node-6] [WARN] [1790115769.898078675] [diagnostic_monitor]: ANOMALY on [lidar_node] /sim/lidar/scan:nan_ratio: Value 0.3333 deviated from baseline 0.0000±0.0001 (z=3333.3, confirmed x83) (sev=1.00)
[monitor_node-6] [WARN] [1790115769.908710191] [diagnostic_monitor]: ANOMALY on [perception_node] /perception/obstacles:obstacle_empty: Value 1.0000 deviated from baseline 0.0000±0.0001 (z=10000.0, confirmed x17) (sev=1.00)
[monitor_node-6] [WARN] [1790115769.998647152] [diagnostic_monitor]: ANOMALY on [lidar_node] /sim/lidar/scan:nan_ratio: Value 0.3222 deviated from baseline 0.0000±0.0001 (z=3222.2, confirmed x84) (sev=1.00)
[monitor_node-6] [WARN] [1790115770.008589194] [diagnostic_monitor]: ANOMALY on [perception_node] /perception/obstacles:obstacle_empty: Value 1.0000 deviated from baseline 0.0000±0.0001 (z=10000.0, confirmed x18) (sev=1.00)
[monitor_node-6] [WARN] [1790115770.097323511] [diagnostic_monitor]: ANOMALY on [lidar_node] /sim/lidar/scan:nan_ratio: Value 0.2556 deviated from baseline 0.0000±0.0001 (z=2555.6, confirmed x85) (sev=1.00)
[monitor_node-6] [WARN] [1790115770.198445783] [diagnostic_monitor]: ANOMALY on [lidar_node] /sim/lidar/scan:nan_ratio: Value 0.2778 deviated from baseline 0.0000±0.0001 (z=2777.8, confirmed x86) (sev=1.00)
[monitor_node-6] [WARN] [1790115770.297677737] [diagnostic_monitor]: ANOMALY on [lidar_node] /sim/lidar/scan:nan_ratio: Value 0.4111 deviated from baseline 0.0000±0.0001 (z=4111.1, confirmed x87) (sev=1.00)
[monitor_node-6] [WARN] [1790115770.397626313] [diagnostic_monitor]: ANOMALY on [lidar_node] /sim/lidar/scan:nan_ratio: Value 0.2556 deviated from baseline 0.0000±0.0001 (z=2555.6, confirmed x88) (sev=1.00)
[monitor_node-6] [WARN] [1790115770.498021261] [diagnostic_monitor]: ANOMALY on [lidar_node] /sim/lidar/scan:nan_ratio: Value 0.2556 deviated from baseline 0.0000±0.0001 (z=2555.6, confirmed x89) (sev=1.00)
[monitor_node-6] [WARN] [1790115770.599114442] [diagnostic_monitor]: ANOMALY on [lidar_node] /sim/lidar/scan:nan_ratio: Value 0.3889 deviated from baseline 0.0000±0.0001 (z=3888.9, confirmed x90) (sev=1.00)
[monitor_node-6] [WARN] [1790115770.698132460] [diagnostic_monitor]: ANOMALY on [lidar_node] /sim/lidar/scan:nan_ratio: Value 0.4000 deviated from baseline 0.0000±0.0001 (z=4000.0, confirmed x91) (sev=1.00)
[monitor_node-6] [WARN] [1790115770.708292732] [diagnostic_monitor]: ANOMALY on [perception_node] /perception/obstacles:obstacle_empty: Value 1.0000 deviated from baseline 0.0000±0.0001 (z=10000.0, confirmed x2) (sev=1.00)
[monitor_node-6] [WARN] [1790115770.798461527] [diagnostic_monitor]: ANOMALY on [lidar_node] /sim/lidar/scan:nan_ratio: Value 0.3889 deviated from baseline 0.0000±0.0001 (z=3888.9, confirmed x92) (sev=1.00)
[monitor_node-6] [WARN] [1790115770.808378726] [diagnostic_monitor]: ANOMALY on [perception_node] /perception/obstacles:obstacle_empty: Value 1.0000 deviated from baseline 0.0000±0.0001 (z=10000.0, confirmed x3) (sev=1.00)
[monitor_node-6] [WARN] [1790115770.897508784] [diagnostic_monitor]: ANOMALY on [lidar_node] /sim/lidar/scan:nan_ratio: Value 0.2556 deviated from baseline 0.0000±0.0001 (z=2555.6, confirmed x93) (sev=1.00)
[monitor_node-6] [WARN] [1790115770.997888437] [diagnostic_monitor]: ANOMALY on [lidar_node] /sim/lidar/scan:nan_ratio: Value 0.2444 deviated from baseline 0.0000±0.0001 (z=2444.4, confirmed x94) (sev=1.00)
[monitor_node-6] [WARN] [1790115771.098119916] [diagnostic_monitor]: ANOMALY on [lidar_node] /sim/lidar/scan:nan_ratio: Value 0.4000 deviated from baseline 0.0000±0.0001 (z=4000.0, confirmed x95) (sev=1.00)
[monitor_node-6] [WARN] [1790115771.198121701] [diagnostic_monitor]: ANOMALY on [lidar_node] /sim/lidar/scan:nan_ratio: Value 0.3111 deviated from baseline 0.0000±0.0001 (z=3111.1, confirmed x96) (sev=1.00)
[monitor_node-6] [WARN] [1790115771.209524928] [diagnostic_monitor]: ANOMALY on [perception_node] /perception/obstacles:obstacle_empty: Value 1.0000 deviated from baseline 0.0000±0.0001 (z=10000.0, confirmed x2) (sev=1.00)
[monitor_node-6] [WARN] [1790115771.297709443] [diagnostic_monitor]: ANOMALY on [lidar_node] /sim/lidar/scan:nan_ratio: Value 0.4000 deviated from baseline 0.0000±0.0001 (z=4000.0, confirmed x97) (sev=1.00)
[monitor_node-6] [WARN] [1790115771.308347377] [diagnostic_monitor]: ANOMALY on [perception_node] /perception/obstacles:obstacle_empty: Value 1.0000 deviated from baseline 0.0000±0.0001 (z=10000.0, confirmed x3) (sev=1.00)
[monitor_node-6] [WARN] [1790115771.398348174] [diagnostic_monitor]: ANOMALY on [lidar_node] /sim/lidar/scan:nan_ratio: Value 0.3000 deviated from baseline 0.0000±0.0001 (z=3000.0, confirmed x98) (sev=1.00)
[monitor_node-6] [WARN] [1790115771.498608035] [diagnostic_monitor]: ANOMALY on [lidar_node] /sim/lidar/scan:nan_ratio: Value 0.3000 deviated from baseline 0.0000±0.0001 (z=3000.0, confirmed x99) (sev=1.00)
[monitor_node-6] [WARN] [1790115771.598449676] [diagnostic_monitor]: ANOMALY on [lidar_node] /sim/lidar/scan:nan_ratio: Value 0.2889 deviated from baseline 0.0000±0.0001 (z=2888.9, confirmed x100) (sev=1.00)
[monitor_node-6] [WARN] [1790115771.697980052] [diagnostic_monitor]: ANOMALY on [lidar_node] /sim/lidar/scan:nan_ratio: Value 0.3556 deviated from baseline 0.0000±0.0001 (z=3555.6, confirmed x101) (sev=1.00)
[monitor_node-6] [WARN] [1790115771.797840197] [diagnostic_monitor]: ANOMALY on [lidar_node] /sim/lidar/scan:nan_ratio: Value 0.3222 deviated from baseline 0.0000±0.0001 (z=3222.2, confirmed x102) (sev=1.00)
[monitor_node-6] [WARN] [1790115771.808384843] [diagnostic_monitor]: ANOMALY on [perception_node] /perception/obstacles:obstacle_empty: Value 1.0000 deviated from baseline 0.0000±0.0001 (z=10000.0, confirmed x2) (sev=1.00)
[monitor_node-6] [WARN] [1790115771.897908339] [diagnostic_monitor]: ANOMALY on [lidar_node] /sim/lidar/scan:nan_ratio: Value 0.3556 deviated from baseline 0.0000±0.0001 (z=3555.6, confirmed x103) (sev=1.00)
[monitor_node-6] [WARN] [1790115771.908214497] [diagnostic_monitor]: ANOMALY on [perception_node] /perception/obstacles:obstacle_empty: Value 1.0000 deviated from baseline 0.0000±0.0001 (z=10000.0, confirmed x3) (sev=1.00)
[monitor_node-6] [WARN] [1790115771.998688966] [diagnostic_monitor]: ANOMALY on [lidar_node] /sim/lidar/scan:nan_ratio: Value 0.3444 deviated from baseline 0.0000±0.0001 (z=3444.4, confirmed x104) (sev=1.00)
[monitor_node-6] [WARN] [1790115772.008546421] [diagnostic_monitor]: ANOMALY on [perception_node] /perception/obstacles:obstacle_empty: Value 1.0000 deviated from baseline 0.0000±0.0001 (z=10000.0, confirmed x4) (sev=1.00)
[monitor_node-6] [WARN] [1790115772.098852274] [diagnostic_monitor]: ANOMALY on [lidar_node] /sim/lidar/scan:nan_ratio: Value 0.3333 deviated from baseline 0.0000±0.0001 (z=3333.3, confirmed x105) (sev=1.00)
[monitor_node-6] [WARN] [1790115772.108873630] [diagnostic_monitor]: ANOMALY on [perception_node] /perception/obstacles:obstacle_empty: Value 1.0000 deviated from baseline 0.0000±0.0001 (z=10000.0, confirmed x5) (sev=1.00)
[monitor_node-6] [WARN] [1790115772.197839847] [diagnostic_monitor]: ANOMALY on [lidar_node] /sim/lidar/scan:nan_ratio: Value 0.3333 deviated from baseline 0.0000±0.0001 (z=3333.3, confirmed x106) (sev=1.00)
[monitor_node-6] [WARN] [1790115772.208102222] [diagnostic_monitor]: ANOMALY on [perception_node] /perception/obstacles:obstacle_empty: Value 1.0000 deviated from baseline 0.0000±0.0001 (z=10000.0, confirmed x6) (sev=1.00)
[monitor_node-6] [WARN] [1790115772.298752037] [diagnostic_monitor]: ANOMALY on [lidar_node] /sim/lidar/scan:nan_ratio: Value 0.4111 deviated from baseline 0.0000±0.0001 (z=4111.1, confirmed x107) (sev=1.00)
[monitor_node-6] [WARN] [1790115772.308366077] [diagnostic_monitor]: ANOMALY on [perception_node] /perception/obstacles:obstacle_empty: Value 1.0000 deviated from baseline 0.0000±0.0001 (z=10000.0, confirmed x7) (sev=1.00)
[monitor_node-6] [WARN] [1790115772.398509543] [diagnostic_monitor]: ANOMALY on [lidar_node] /sim/lidar/scan:nan_ratio: Value 0.2444 deviated from baseline 0.0000±0.0001 (z=2444.4, confirmed x108) (sev=1.00)
[monitor_node-6] [WARN] [1790115772.498326605] [diagnostic_monitor]: ANOMALY on [lidar_node] /sim/lidar/scan:nan_ratio: Value 0.3111 deviated from baseline 0.0000±0.0001 (z=3111.1, confirmed x109) (sev=1.00)
[monitor_node-6] [WARN] [1790115772.598615645] [diagnostic_monitor]: ANOMALY on [lidar_node] /sim/lidar/scan:nan_ratio: Value 0.3333 deviated from baseline 0.0000±0.0001 (z=3333.3, confirmed x110) (sev=1.00)
[monitor_node-6] [WARN] [1790115772.608438811] [diagnostic_monitor]: ANOMALY on [perception_node] /perception/obstacles:obstacle_empty: Value 1.0000 deviated from baseline 0.0000±0.0001 (z=10000.0, confirmed x2) (sev=1.00)
[monitor_node-6] [WARN] [1790115772.698557846] [diagnostic_monitor]: ANOMALY on [lidar_node] /sim/lidar/scan:nan_ratio: Value 0.3111 deviated from baseline 0.0000±0.0001 (z=3111.1, confirmed x111) (sev=1.00)
[monitor_node-6] [WARN] [1790115772.708332074] [diagnostic_monitor]: ANOMALY on [perception_node] /perception/obstacles:obstacle_empty: Value 1.0000 deviated from baseline 0.0000±0.0001 (z=10000.0, confirmed x3) (sev=1.00)
[monitor_node-6] [WARN] [1790115772.798795841] [diagnostic_monitor]: ANOMALY on [lidar_node] /sim/lidar/scan:nan_ratio: Value 0.3889 deviated from baseline 0.0000±0.0001 (z=3888.9, confirmed x112) (sev=1.00)
[monitor_node-6] [WARN] [1790115772.808284525] [diagnostic_monitor]: ANOMALY on [perception_node] /perception/obstacles:obstacle_empty: Value 1.0000 deviated from baseline 0.0000±0.0001 (z=10000.0, confirmed x4) (sev=1.00)
[monitor_node-6] [WARN] [1790115772.897506504] [diagnostic_monitor]: ANOMALY on [lidar_node] /sim/lidar/scan:nan_ratio: Value 0.2556 deviated from baseline 0.0000±0.0001 (z=2555.6, confirmed x113) (sev=1.00)
[monitor_node-6] [WARN] [1790115772.999246347] [diagnostic_monitor]: ANOMALY on [lidar_node] /sim/lidar/scan:nan_ratio: Value 0.3667 deviated from baseline 0.0000±0.0001 (z=3666.7, confirmed x114) (sev=1.00)
[monitor_node-6] [WARN] [1790115773.098670831] [diagnostic_monitor]: ANOMALY on [lidar_node] /sim/lidar/scan:nan_ratio: Value 0.2000 deviated from baseline 0.0000±0.0001 (z=2000.0, confirmed x115) (sev=1.00)
[monitor_node-6] [WARN] [1790115773.197884581] [diagnostic_monitor]: ANOMALY on [lidar_node] /sim/lidar/scan:nan_ratio: Value 0.3333 deviated from baseline 0.0000±0.0001 (z=3333.3, confirmed x116) (sev=1.00)
[monitor_node-6] [WARN] [1790115773.300168702] [diagnostic_monitor]: ANOMALY on [lidar_node] /sim/lidar/scan:nan_ratio: Value 0.3222 deviated from baseline 0.0000±0.0001 (z=3222.2, confirmed x117) (sev=1.00)
[monitor_node-6] [WARN] [1790115773.308438040] [diagnostic_monitor]: ANOMALY on [perception_node] /perception/obstacles:obstacle_empty: Value 1.0000 deviated from baseline 0.0000±0.0001 (z=10000.0, confirmed x2) (sev=1.00)
[monitor_node-6] [WARN] [1790115773.398272053] [diagnostic_monitor]: ANOMALY on [lidar_node] /sim/lidar/scan:nan_ratio: Value 0.2333 deviated from baseline 0.0000±0.0001 (z=2333.3, confirmed x118) (sev=1.00)
[monitor_node-6] [WARN] [1790115773.498494463] [diagnostic_monitor]: ANOMALY on [lidar_node] /sim/lidar/scan:nan_ratio: Value 0.3111 deviated from baseline 0.0000±0.0001 (z=3111.1, confirmed x119) (sev=1.00)
[monitor_node-6] [WARN] [1790115773.597900189] [diagnostic_monitor]: ANOMALY on [lidar_node] /sim/lidar/scan:nan_ratio: Value 0.3778 deviated from baseline 0.0000±0.0001 (z=3777.8, confirmed x120) (sev=1.00)
[monitor_node-6] [WARN] [1790115773.608730026] [diagnostic_monitor]: ANOMALY on [perception_node] /perception/obstacles:obstacle_empty: Value 1.0000 deviated from baseline 0.0000±0.0001 (z=10000.0, confirmed x2) (sev=1.00)
[monitor_node-6] [WARN] [1790115773.698153486] [diagnostic_monitor]: ANOMALY on [lidar_node] /sim/lidar/scan:nan_ratio: Value 0.3556 deviated from baseline 0.0000±0.0001 (z=3555.6, confirmed x121) (sev=1.00)
[monitor_node-6] [WARN] [1790115773.708210911] [diagnostic_monitor]: ANOMALY on [perception_node] /perception/obstacles:obstacle_empty: Value 1.0000 deviated from baseline 0.0000±0.0001 (z=10000.0, confirmed x3) (sev=1.00)
[monitor_node-6] [WARN] [1790115773.797973303] [diagnostic_monitor]: ANOMALY on [lidar_node] /sim/lidar/scan:nan_ratio: Value 0.2556 deviated from baseline 0.0000±0.0001 (z=2555.6, confirmed x122) (sev=1.00)
[monitor_node-6] [WARN] [1790115773.897335066] [diagnostic_monitor]: ANOMALY on [lidar_node] /sim/lidar/scan:nan_ratio: Value 0.3111 deviated from baseline 0.0000±0.0001 (z=3111.1, confirmed x123) (sev=1.00)
[monitor_node-6] [WARN] [1790115773.998448909] [diagnostic_monitor]: ANOMALY on [lidar_node] /sim/lidar/scan:nan_ratio: Value 0.2778 deviated from baseline 0.0000±0.0001 (z=2777.8, confirmed x124) (sev=1.00)
[monitor_node-6] [WARN] [1790115774.097856721] [diagnostic_monitor]: ANOMALY on [lidar_node] /sim/lidar/scan:nan_ratio: Value 0.3222 deviated from baseline 0.0000±0.0001 (z=3222.2, confirmed x125) (sev=1.00)
[monitor_node-6] [WARN] [1790115774.198043450] [diagnostic_monitor]: ANOMALY on [lidar_node] /sim/lidar/scan:nan_ratio: Value 0.3667 deviated from baseline 0.0000±0.0001 (z=3666.7, confirmed x126) (sev=1.00)
[monitor_node-6] [WARN] [1790115774.208511736] [diagnostic_monitor]: ANOMALY on [perception_node] /perception/obstacles:obstacle_empty: Value 1.0000 deviated from baseline 0.0000±0.0001 (z=10000.0, confirmed x2) (sev=1.00)
[monitor_node-6] [WARN] [1790115774.297818089] [diagnostic_monitor]: ANOMALY on [lidar_node] /sim/lidar/scan:nan_ratio: Value 0.2333 deviated from baseline 0.0000±0.0001 (z=2333.3, confirmed x127) (sev=1.00)
[monitor_node-6] [WARN] [1790115774.397736979] [diagnostic_monitor]: ANOMALY on [lidar_node] /sim/lidar/scan:nan_ratio: Value 0.2667 deviated from baseline 0.0000±0.0001 (z=2666.7, confirmed x128) (sev=1.00)
[monitor_node-6] [WARN] [1790115774.498173696] [diagnostic_monitor]: ANOMALY on [lidar_node] /sim/lidar/scan:nan_ratio: Value 0.3333 deviated from baseline 0.0000±0.0001 (z=3333.3, confirmed x129) (sev=1.00)
[monitor_node-6] [WARN] [1790115774.598454328] [diagnostic_monitor]: ANOMALY on [lidar_node] /sim/lidar/scan:nan_ratio: Value 0.2667 deviated from baseline 0.0000±0.0001 (z=2666.7, confirmed x130) (sev=1.00)
[monitor_node-6] [WARN] [1790115774.697776831] [diagnostic_monitor]: ANOMALY on [lidar_node] /sim/lidar/scan:nan_ratio: Value 0.3222 deviated from baseline 0.0000±0.0001 (z=3222.2, confirmed x131) (sev=1.00)
[monitor_node-6] [WARN] [1790115774.798765665] [diagnostic_monitor]: ANOMALY on [lidar_node] /sim/lidar/scan:nan_ratio: Value 0.3444 deviated from baseline 0.0000±0.0001 (z=3444.4, confirmed x132) (sev=1.00)
[monitor_node-6] [WARN] [1790115774.808273980] [diagnostic_monitor]: ANOMALY on [perception_node] /perception/obstacles:obstacle_empty: Value 1.0000 deviated from baseline 0.0000±0.0001 (z=10000.0, confirmed x2) (sev=1.00)
[monitor_node-6] [WARN] [1790115774.898117105] [diagnostic_monitor]: ANOMALY on [lidar_node] /sim/lidar/scan:nan_ratio: Value 0.2333 deviated from baseline 0.0000±0.0001 (z=2333.3, confirmed x133) (sev=1.00)
[monitor_node-6] [WARN] [1790115774.998023869] [diagnostic_monitor]: ANOMALY on [lidar_node] /sim/lidar/scan:nan_ratio: Value 0.2333 deviated from baseline 0.0000±0.0001 (z=2333.3, confirmed x134) (sev=1.00)
[monitor_node-6] [WARN] [1790115775.097465166] [diagnostic_monitor]: ANOMALY on [lidar_node] /sim/lidar/scan:nan_ratio: Value 0.2556 deviated from baseline 0.0000±0.0001 (z=2555.6, confirmed x135) (sev=1.00)
[monitor_node-6] [WARN] [1790115775.198092830] [diagnostic_monitor]: ANOMALY on [lidar_node] /sim/lidar/scan:nan_ratio: Value 0.3444 deviated from baseline 0.0000±0.0001 (z=3444.4, confirmed x136) (sev=1.00)
[monitor_node-6] [WARN] [1790115775.297835413] [diagnostic_monitor]: ANOMALY on [lidar_node] /sim/lidar/scan:nan_ratio: Value 0.2778 deviated from baseline 0.0000±0.0001 (z=2777.8, confirmed x137) (sev=1.00)
[monitor_node-6] [WARN] [1790115775.398631532] [diagnostic_monitor]: ANOMALY on [lidar_node] /sim/lidar/scan:nan_ratio: Value 0.3111 deviated from baseline 0.0000±0.0001 (z=3111.1, confirmed x138) (sev=1.00)
[monitor_node-6] [WARN] [1790115775.498423938] [diagnostic_monitor]: ANOMALY on [lidar_node] /sim/lidar/scan:nan_ratio: Value 0.3444 deviated from baseline 0.0000±0.0001 (z=3444.4, confirmed x139) (sev=1.00)
[monitor_node-6] [WARN] [1790115775.508429424] [diagnostic_monitor]: ANOMALY on [perception_node] /perception/obstacles:obstacle_empty: Value 1.0000 deviated from baseline 0.0000±0.0001 (z=10000.0, confirmed x2) (sev=1.00)
[monitor_node-6] [WARN] [1790115775.598172746] [diagnostic_monitor]: ANOMALY on [lidar_node] /sim/lidar/scan:nan_ratio: Value 0.3222 deviated from baseline 0.0000±0.0001 (z=3222.2, confirmed x140) (sev=1.00)
[monitor_node-6] [WARN] [1790115775.608233668] [diagnostic_monitor]: ANOMALY on [perception_node] /perception/obstacles:obstacle_empty: Value 1.0000 deviated from baseline 0.0000±0.0001 (z=10000.0, confirmed x3) (sev=1.00)
[monitor_node-6] [WARN] [1790115775.698117258] [diagnostic_monitor]: ANOMALY on [lidar_node] /sim/lidar/scan:nan_ratio: Value 0.3444 deviated from baseline 0.0000±0.0001 (z=3444.4, confirmed x141) (sev=1.00)
[monitor_node-6] [WARN] [1790115775.707837492] [diagnostic_monitor]: ANOMALY on [perception_node] /perception/obstacles:obstacle_empty: Value 1.0000 deviated from baseline 0.0000±0.0001 (z=10000.0, confirmed x4) (sev=1.00)
[monitor_node-6] [WARN] [1790115775.798339021] [diagnostic_monitor]: ANOMALY on [lidar_node] /sim/lidar/scan:nan_ratio: Value 0.3444 deviated from baseline 0.0000±0.0001 (z=3444.4, confirmed x142) (sev=1.00)
[monitor_node-6] [WARN] [1790115775.808146761] [diagnostic_monitor]: ANOMALY on [perception_node] /perception/obstacles:obstacle_empty: Value 1.0000 deviated from baseline 0.0000±0.0001 (z=10000.0, confirmed x5) (sev=1.00)
[monitor_node-6] [WARN] [1790115775.898250594] [diagnostic_monitor]: ANOMALY on [lidar_node] /sim/lidar/scan:nan_ratio: Value 0.2667 deviated from baseline 0.0000±0.0001 (z=2666.7, confirmed x143) (sev=1.00)
[monitor_node-6] [WARN] [1790115775.998625111] [diagnostic_monitor]: ANOMALY on [lidar_node] /sim/lidar/scan:nan_ratio: Value 0.2778 deviated from baseline 0.0000±0.0001 (z=2777.8, confirmed x144) (sev=1.00)
[monitor_node-6] [WARN] [1790115776.097660957] [diagnostic_monitor]: ANOMALY on [lidar_node] /sim/lidar/scan:nan_ratio: Value 0.3778 deviated from baseline 0.0000±0.0001 (z=3777.8, confirmed x145) (sev=1.00)
[monitor_node-6] [WARN] [1790115776.197674350] [diagnostic_monitor]: ANOMALY on [lidar_node] /sim/lidar/scan:nan_ratio: Value 0.2889 deviated from baseline 0.0000±0.0001 (z=2888.9, confirmed x146) (sev=1.00)
[monitor_node-6] [WARN] [1790115776.298030235] [diagnostic_monitor]: ANOMALY on [lidar_node] /sim/lidar/scan:nan_ratio: Value 0.2778 deviated from baseline 0.0000±0.0001 (z=2777.8, confirmed x147) (sev=1.00)
[monitor_node-6] [WARN] [1790115776.398347264] [diagnostic_monitor]: ANOMALY on [lidar_node] /sim/lidar/scan:nan_ratio: Value 0.3000 deviated from baseline 0.0000±0.0001 (z=3000.0, confirmed x148) (sev=1.00)
[monitor_node-6] [WARN] [1790115776.499123824] [diagnostic_monitor]: ANOMALY on [lidar_node] /sim/lidar/scan:nan_ratio: Value 0.3000 deviated from baseline 0.0000±0.0001 (z=3000.0, confirmed x149) (sev=1.00)
[monitor_node-6] [WARN] [1790115776.598107892] [diagnostic_monitor]: ANOMALY on [lidar_node] /sim/lidar/scan:nan_ratio: Value 0.3222 deviated from baseline 0.0000±0.0001 (z=3222.2, confirmed x150) (sev=1.00)
[monitor_node-6] [WARN] [1790115776.698175495] [diagnostic_monitor]: ANOMALY on [lidar_node] /sim/lidar/scan:nan_ratio: Value 0.2889 deviated from baseline 0.0000±0.0001 (z=2888.9, confirmed x151) (sev=1.00)
[monitor_node-6] [WARN] [1790115776.797726423] [diagnostic_monitor]: ANOMALY on [lidar_node] /sim/lidar/scan:nan_ratio: Value 0.3556 deviated from baseline 0.0000±0.0001 (z=3555.6, confirmed x152) (sev=1.00)
[monitor_node-6] [WARN] [1790115776.898084409] [diagnostic_monitor]: ANOMALY on [lidar_node] /sim/lidar/scan:nan_ratio: Value 0.2556 deviated from baseline 0.0000±0.0001 (z=2555.6, confirmed x153) (sev=1.00)
[monitor_node-6] [WARN] [1790115776.998899796] [diagnostic_monitor]: ANOMALY on [lidar_node] /sim/lidar/scan:nan_ratio: Value 0.3222 deviated from baseline 0.0000±0.0001 (z=3222.2, confirmed x154) (sev=1.00)
[monitor_node-6] [WARN] [1790115777.097837629] [diagnostic_monitor]: ANOMALY on [lidar_node] /sim/lidar/scan:nan_ratio: Value 0.3222 deviated from baseline 0.0000±0.0001 (z=3222.2, confirmed x155) (sev=1.00)
[monitor_node-6] [WARN] [1790115777.108362372] [diagnostic_monitor]: ANOMALY on [perception_node] /perception/obstacles:obstacle_empty: Value 1.0000 deviated from baseline 0.0000±0.0001 (z=10000.0, confirmed x2) (sev=1.00)
[monitor_node-6] [WARN] [1790115777.198017701] [diagnostic_monitor]: ANOMALY on [lidar_node] /sim/lidar/scan:nan_ratio: Value 0.3444 deviated from baseline 0.0000±0.0001 (z=3444.4, confirmed x156) (sev=1.00)
[monitor_node-6] [WARN] [1790115777.208039254] [diagnostic_monitor]: ANOMALY on [perception_node] /perception/obstacles:obstacle_empty: Value 1.0000 deviated from baseline 0.0000±0.0001 (z=10000.0, confirmed x3) (sev=1.00)
[monitor_node-6] [WARN] [1790115777.298658210] [diagnostic_monitor]: ANOMALY on [lidar_node] /sim/lidar/scan:nan_ratio: Value 0.3222 deviated from baseline 0.0000±0.0001 (z=3222.2, confirmed x157) (sev=1.00)
[monitor_node-6] [WARN] [1790115777.308447587] [diagnostic_monitor]: ANOMALY on [perception_node] /perception/obstacles:obstacle_empty: Value 1.0000 deviated from baseline 0.0000±0.0001 (z=10000.0, confirmed x4) (sev=1.00)
[monitor_node-6] [WARN] [1790115777.398507408] [diagnostic_monitor]: ANOMALY on [lidar_node] /sim/lidar/scan:nan_ratio: Value 0.3222 deviated from baseline 0.0000±0.0001 (z=3222.2, confirmed x158) (sev=1.00)
[monitor_node-6] [WARN] [1790115777.408198938] [diagnostic_monitor]: ANOMALY on [perception_node] /perception/obstacles:obstacle_empty: Value 1.0000 deviated from baseline 0.0000±0.0001 (z=10000.0, confirmed x5) (sev=1.00)
[monitor_node-6] [WARN] [1790115777.498430691] [diagnostic_monitor]: ANOMALY on [lidar_node] /sim/lidar/scan:nan_ratio: Value 0.3444 deviated from baseline 0.0000±0.0001 (z=3444.4, confirmed x159) (sev=1.00)
[monitor_node-6] [WARN] [1790115777.508561151] [diagnostic_monitor]: ANOMALY on [perception_node] /perception/obstacles:obstacle_empty: Value 1.0000 deviated from baseline 0.0000±0.0001 (z=10000.0, confirmed x6) (sev=1.00)
[monitor_node-6] [WARN] [1790115777.597987722] [diagnostic_monitor]: ANOMALY on [lidar_node] /sim/lidar/scan:nan_ratio: Value 0.2222 deviated from baseline 0.0000±0.0001 (z=2222.2, confirmed x160) (sev=1.00)
[monitor_node-6] [WARN] [1790115777.697966151] [diagnostic_monitor]: ANOMALY on [lidar_node] /sim/lidar/scan:nan_ratio: Value 0.3222 deviated from baseline 0.0000±0.0001 (z=3222.2, confirmed x161) (sev=1.00)
[monitor_node-6] [WARN] [1790115777.797835837] [diagnostic_monitor]: ANOMALY on [lidar_node] /sim/lidar/scan:nan_ratio: Value 0.2667 deviated from baseline 0.0000±0.0001 (z=2666.7, confirmed x162) (sev=1.00)
[monitor_node-6] [WARN] [1790115777.897869609] [diagnostic_monitor]: ANOMALY on [lidar_node] /sim/lidar/scan:nan_ratio: Value 0.3778 deviated from baseline 0.0000±0.0001 (z=3777.8, confirmed x163) (sev=1.00)
[monitor_node-6] [WARN] [1790115777.998057387] [diagnostic_monitor]: ANOMALY on [lidar_node] /sim/lidar/scan:nan_ratio: Value 0.3556 deviated from baseline 0.0000±0.0001 (z=3555.6, confirmed x164) (sev=1.00)
[monitor_node-6] [WARN] [1790115778.007924225] [diagnostic_monitor]: ANOMALY on [perception_node] /perception/obstacles:obstacle_empty: Value 1.0000 deviated from baseline 0.0000±0.0001 (z=10000.0, confirmed x2) (sev=1.00)
[monitor_node-6] [WARN] [1790115778.098696194] [diagnostic_monitor]: ANOMALY on [lidar_node] /sim/lidar/scan:nan_ratio: Value 0.3222 deviated from baseline 0.0000±0.0001 (z=3222.2, confirmed x165) (sev=1.00)
[monitor_node-6] [WARN] [1790115778.108583454] [diagnostic_monitor]: ANOMALY on [perception_node] /perception/obstacles:obstacle_empty: Value 1.0000 deviated from baseline 0.0000±0.0001 (z=10000.0, confirmed x3) (sev=1.00)
[monitor_node-6] [WARN] [1790115778.197789551] [diagnostic_monitor]: ANOMALY on [lidar_node] /sim/lidar/scan:nan_ratio: Value 0.2889 deviated from baseline 0.0000±0.0001 (z=2888.9, confirmed x166) (sev=1.00)
[monitor_node-6] [WARN] [1790115778.298394886] [diagnostic_monitor]: ANOMALY on [lidar_node] /sim/lidar/scan:nan_ratio: Value 0.4000 deviated from baseline 0.0000±0.0001 (z=4000.0, confirmed x167) (sev=1.00)
[monitor_node-6] [WARN] [1790115778.398421995] [diagnostic_monitor]: ANOMALY on [lidar_node] /sim/lidar/scan:nan_ratio: Value 0.3000 deviated from baseline 0.0000±0.0001 (z=3000.0, confirmed x168) (sev=1.00)
[monitor_node-6] [WARN] [1790115778.497978643] [diagnostic_monitor]: ANOMALY on [lidar_node] /sim/lidar/scan:nan_ratio: Value 0.3444 deviated from baseline 0.0000±0.0001 (z=3444.4, confirmed x169) (sev=1.00)
[monitor_node-6] [WARN] [1790115778.597927851] [diagnostic_monitor]: ANOMALY on [lidar_node] /sim/lidar/scan:nan_ratio: Value 0.2667 deviated from baseline 0.0000±0.0001 (z=2666.7, confirmed x170) (sev=1.00)
[monitor_node-6] [WARN] [1790115778.698929705] [diagnostic_monitor]: ANOMALY on [lidar_node] /sim/lidar/scan:nan_ratio: Value 0.3667 deviated from baseline 0.0000±0.0001 (z=3666.7, confirmed x171) (sev=1.00)
[monitor_node-6] [WARN] [1790115778.797756046] [diagnostic_monitor]: ANOMALY on [lidar_node] /sim/lidar/scan:nan_ratio: Value 0.3000 deviated from baseline 0.0000±0.0001 (z=3000.0, confirmed x172) (sev=1.00)
[monitor_node-6] [WARN] [1790115778.897978345] [diagnostic_monitor]: ANOMALY on [lidar_node] /sim/lidar/scan:nan_ratio: Value 0.3444 deviated from baseline 0.0000±0.0001 (z=3444.4, confirmed x173) (sev=1.00)
[monitor_node-6] [WARN] [1790115778.998018758] [diagnostic_monitor]: ANOMALY on [lidar_node] /sim/lidar/scan:nan_ratio: Value 0.3111 deviated from baseline 0.0000±0.0001 (z=3111.1, confirmed x174) (sev=1.00)
[monitor_node-6] [WARN] [1790115779.015187084] [diagnostic_monitor]: ANOMALY on [perception_node] /perception/obstacles:obstacle_empty: Value 1.0000 deviated from baseline 0.0000±0.0001 (z=10000.0, confirmed x2) (sev=1.00)
[monitor_node-6] [WARN] [1790115779.098157474] [diagnostic_monitor]: ANOMALY on [lidar_node] /sim/lidar/scan:nan_ratio: Value 0.2778 deviated from baseline 0.0000±0.0001 (z=2777.8, confirmed x175) (sev=1.00)
[monitor_node-6] [WARN] [1790115779.197974388] [diagnostic_monitor]: ANOMALY on [lidar_node] /sim/lidar/scan:nan_ratio: Value 0.2667 deviated from baseline 0.0000±0.0001 (z=2666.7, confirmed x176) (sev=1.00)
[monitor_node-6] [WARN] [1790115779.298519980] [diagnostic_monitor]: ANOMALY on [lidar_node] /sim/lidar/scan:nan_ratio: Value 0.3000 deviated from baseline 0.0000±0.0001 (z=3000.0, confirmed x177) (sev=1.00)
[monitor_node-6] [WARN] [1790115779.398077965] [diagnostic_monitor]: ANOMALY on [lidar_node] /sim/lidar/scan:nan_ratio: Value 0.3222 deviated from baseline 0.0000±0.0001 (z=3222.2, confirmed x178) (sev=1.00)
[monitor_node-6] [WARN] [1790115779.497262862] [diagnostic_monitor]: ANOMALY on [lidar_node] /sim/lidar/scan:nan_ratio: Value 0.2889 deviated from baseline 0.0000±0.0001 (z=2888.9, confirmed x179) (sev=1.00)
[monitor_node-6] [WARN] [1790115779.597995505] [diagnostic_monitor]: ANOMALY on [lidar_node] /sim/lidar/scan:nan_ratio: Value 0.2889 deviated from baseline 0.0000±0.0001 (z=2888.9, confirmed x180) (sev=1.00)
[monitor_node-6] [WARN] [1790115779.697969191] [diagnostic_monitor]: ANOMALY on [lidar_node] /sim/lidar/scan:nan_ratio: Value 0.2444 deviated from baseline 0.0000±0.0001 (z=2444.4, confirmed x181) (sev=1.00)
[monitor_node-6] [WARN] [1790115779.797666338] [diagnostic_monitor]: ANOMALY on [lidar_node] /sim/lidar/scan:nan_ratio: Value 0.3667 deviated from baseline 0.0000±0.0001 (z=3666.7, confirmed x182) (sev=1.00)
[monitor_node-6] [WARN] [1790115779.897638558] [diagnostic_monitor]: ANOMALY on [lidar_node] /sim/lidar/scan:nan_ratio: Value 0.3111 deviated from baseline 0.0000±0.0001 (z=3111.1, confirmed x183) (sev=1.00)
[monitor_node-6] [WARN] [1790115779.908271532] [diagnostic_monitor]: ANOMALY on [perception_node] /perception/obstacles:obstacle_empty: Value 1.0000 deviated from baseline 0.0000±0.0001 (z=10000.0, confirmed x2) (sev=1.00)
[monitor_node-6] [WARN] [1790115779.998086471] [diagnostic_monitor]: ANOMALY on [lidar_node] /sim/lidar/scan:nan_ratio: Value 0.3778 deviated from baseline 0.0000±0.0001 (z=3777.8, confirmed x184) (sev=1.00)
[monitor_node-6] [WARN] [1790115780.008345473] [diagnostic_monitor]: ANOMALY on [perception_node] /perception/obstacles:obstacle_empty: Value 1.0000 deviated from baseline 0.0000±0.0001 (z=10000.0, confirmed x3) (sev=1.00)
[monitor_node-6] [WARN] [1790115780.097774886] [diagnostic_monitor]: ANOMALY on [lidar_node] /sim/lidar/scan:nan_ratio: Value 0.3111 deviated from baseline 0.0000±0.0001 (z=3111.1, confirmed x185) (sev=1.00)
[monitor_node-6] [WARN] [1790115780.108497134] [diagnostic_monitor]: ANOMALY on [perception_node] /perception/obstacles:obstacle_empty: Value 1.0000 deviated from baseline 0.0000±0.0001 (z=10000.0, confirmed x4) (sev=1.00)
[monitor_node-6] [WARN] [1790115780.198010552] [diagnostic_monitor]: ANOMALY on [lidar_node] /sim/lidar/scan:nan_ratio: Value 0.2667 deviated from baseline 0.0000±0.0001 (z=2666.7, confirmed x186) (sev=1.00)
[monitor_node-6] [WARN] [1790115780.297854922] [diagnostic_monitor]: ANOMALY on [lidar_node] /sim/lidar/scan:nan_ratio: Value 0.3556 deviated from baseline 0.0000±0.0001 (z=3555.6, confirmed x187) (sev=1.00)
[monitor_node-6] [WARN] [1790115780.398919187] [diagnostic_monitor]: ANOMALY on [lidar_node] /sim/lidar/scan:nan_ratio: Value 0.3222 deviated from baseline 0.0000±0.0001 (z=3222.2, confirmed x188) (sev=1.00)
[monitor_node-6] [WARN] [1790115780.408904704] [diagnostic_monitor]: ANOMALY on [perception_node] /perception/obstacles:obstacle_empty: Value 1.0000 deviated from baseline 0.0000±0.0001 (z=10000.0, confirmed x2) (sev=1.00)
[monitor_node-6] [WARN] [1790115780.498064877] [diagnostic_monitor]: ANOMALY on [lidar_node] /sim/lidar/scan:nan_ratio: Value 0.2778 deviated from baseline 0.0000±0.0001 (z=2777.8, confirmed x189) (sev=1.00)
[monitor_node-6] [WARN] [1790115780.599771415] [diagnostic_monitor]: ANOMALY on [lidar_node] /sim/lidar/scan:nan_ratio: Value 0.3333 deviated from baseline 0.0000±0.0001 (z=3333.3, confirmed x190) (sev=1.00)
[monitor_node-6] [WARN] [1790115780.699051393] [diagnostic_monitor]: ANOMALY on [lidar_node] /sim/lidar/scan:nan_ratio: Value 0.4000 deviated from baseline 0.0000±0.0001 (z=4000.0, confirmed x191) (sev=1.00)
[monitor_node-6] [WARN] [1790115780.709040521] [diagnostic_monitor]: ANOMALY on [perception_node] /perception/obstacles:obstacle_empty: Value 1.0000 deviated from baseline 0.0000±0.0001 (z=10000.0, confirmed x2) (sev=1.00)
[monitor_node-6] [WARN] [1790115780.798718722] [diagnostic_monitor]: ANOMALY on [lidar_node] /sim/lidar/scan:nan_ratio: Value 0.2667 deviated from baseline 0.0000±0.0001 (z=2666.7, confirmed x192) (sev=1.00)
[monitor_node-6] [WARN] [1790115780.898283555] [diagnostic_monitor]: ANOMALY on [lidar_node] /sim/lidar/scan:nan_ratio: Value 0.4111 deviated from baseline 0.0000±0.0001 (z=4111.1, confirmed x193) (sev=1.00)
[monitor_node-6] [WARN] [1790115781.000895325] [diagnostic_monitor]: ANOMALY on [lidar_node] /sim/lidar/scan:nan_ratio: Value 0.3111 deviated from baseline 0.0000±0.0001 (z=3111.1, confirmed x194) (sev=1.00)
[monitor_node-6] [WARN] [1790115781.008434534] [diagnostic_monitor]: ANOMALY on [perception_node] /perception/obstacles:obstacle_empty: Value 1.0000 deviated from baseline 0.0000±0.0001 (z=10000.0, confirmed x2) (sev=1.00)
[monitor_node-6] [WARN] [1790115781.098499875] [diagnostic_monitor]: ANOMALY on [lidar_node] /sim/lidar/scan:nan_ratio: Value 0.3667 deviated from baseline 0.0000±0.0001 (z=3666.7, confirmed x195) (sev=1.00)
[monitor_node-6] [WARN] [1790115781.108505361] [diagnostic_monitor]: ANOMALY on [perception_node] /perception/obstacles:obstacle_empty: Value 1.0000 deviated from baseline 0.0000±0.0001 (z=10000.0, confirmed x3) (sev=1.00)
[monitor_node-6] [WARN] [1790115781.198504899] [diagnostic_monitor]: ANOMALY on [lidar_node] /sim/lidar/scan:nan_ratio: Value 0.2889 deviated from baseline 0.0000±0.0001 (z=2888.9, confirmed x196) (sev=1.00)
[monitor_node-6] [WARN] [1790115781.298235301] [diagnostic_monitor]: ANOMALY on [lidar_node] /sim/lidar/scan:nan_ratio: Value 0.3222 deviated from baseline 0.0000±0.0001 (z=3222.2, confirmed x197) (sev=1.00)
[monitor_node-6] [WARN] [1790115781.398917149] [diagnostic_monitor]: ANOMALY on [lidar_node] /sim/lidar/scan:nan_ratio: Value 0.3444 deviated from baseline 0.0000±0.0001 (z=3444.4, confirmed x198) (sev=1.00)
[monitor_node-6] [WARN] [1790115781.409028032] [diagnostic_monitor]: ANOMALY on [perception_node] /perception/obstacles:obstacle_empty: Value 1.0000 deviated from baseline 0.0000±0.0001 (z=10000.0, confirmed x2) (sev=1.00)
[monitor_node-6] [WARN] [1790115781.498478154] [diagnostic_monitor]: ANOMALY on [lidar_node] /sim/lidar/scan:nan_ratio: Value 0.2333 deviated from baseline 0.0000±0.0001 (z=2333.3, confirmed x199) (sev=1.00)
[monitor_node-6] [WARN] [1790115781.599059137] [diagnostic_monitor]: ANOMALY on [lidar_node] /sim/lidar/scan:nan_ratio: Value 0.3556 deviated from baseline 0.0000±0.0001 (z=3555.6, confirmed x200) (sev=1.00)
[monitor_node-6] [WARN] [1790115781.697952246] [diagnostic_monitor]: ANOMALY on [lidar_node] /sim/lidar/scan:nan_ratio: Value 0.3222 deviated from baseline 0.0000±0.0001 (z=3222.2, confirmed x201) (sev=1.00)
[monitor_node-6] [WARN] [1790115781.709594571] [diagnostic_monitor]: ANOMALY on [perception_node] /perception/obstacles:obstacle_empty: Value 1.0000 deviated from baseline 0.0000±0.0001 (z=10000.0, confirmed x2) (sev=1.00)
[monitor_node-6] [WARN] [1790115781.798075991] [diagnostic_monitor]: ANOMALY on [lidar_node] /sim/lidar/scan:nan_ratio: Value 0.3333 deviated from baseline 0.0000±0.0001 (z=3333.3, confirmed x202) (sev=1.00)
[monitor_node-6] [WARN] [1790115781.808373288] [diagnostic_monitor]: ANOMALY on [perception_node] /perception/obstacles:obstacle_empty: Value 1.0000 deviated from baseline 0.0000±0.0001 (z=10000.0, confirmed x3) (sev=1.00)
[monitor_node-6] [WARN] [1790115781.898040784] [diagnostic_monitor]: ANOMALY on [lidar_node] /sim/lidar/scan:nan_ratio: Value 0.3111 deviated from baseline 0.0000±0.0001 (z=3111.1, confirmed x203) (sev=1.00)
[monitor_node-6] [WARN] [1790115781.908362483] [diagnostic_monitor]: ANOMALY on [perception_node] /perception/obstacles:obstacle_empty: Value 1.0000 deviated from baseline 0.0000±0.0001 (z=10000.0, confirmed x4) (sev=1.00)
[monitor_node-6] [WARN] [1790115781.998534809] [diagnostic_monitor]: ANOMALY on [lidar_node] /sim/lidar/scan:nan_ratio: Value 0.2556 deviated from baseline 0.0000±0.0001 (z=2555.6, confirmed x204) (sev=1.00)
[monitor_node-6] [WARN] [1790115782.103921873] [diagnostic_monitor]: ANOMALY on [lidar_node] /sim/lidar/scan:nan_ratio: Value 0.2444 deviated from baseline 0.0000±0.0001 (z=2444.4, confirmed x205) (sev=1.00)
[monitor_node-6] [WARN] [1790115782.198391212] [diagnostic_monitor]: ANOMALY on [lidar_node] /sim/lidar/scan:nan_ratio: Value 0.4222 deviated from baseline 0.0000±0.0001 (z=4222.2, confirmed x206) (sev=1.00)
[monitor_node-6] [WARN] [1790115782.297974884] [diagnostic_monitor]: ANOMALY on [lidar_node] /sim/lidar/scan:nan_ratio: Value 0.3333 deviated from baseline 0.0000±0.0001 (z=3333.3, confirmed x207) (sev=1.00)
[monitor_node-6] [WARN] [1790115782.308432693] [diagnostic_monitor]: ANOMALY on [perception_node] /perception/obstacles:obstacle_empty: Value 1.0000 deviated from baseline 0.0000±0.0001 (z=10000.0, confirmed x2) (sev=1.00)
[monitor_node-6] [WARN] [1790115782.398875191] [diagnostic_monitor]: ANOMALY on [lidar_node] /sim/lidar/scan:nan_ratio: Value 0.3000 deviated from baseline 0.0000±0.0001 (z=3000.0, confirmed x208) (sev=1.00)
[monitor_node-6] [WARN] [1790115782.498277630] [diagnostic_monitor]: ANOMALY on [lidar_node] /sim/lidar/scan:nan_ratio: Value 0.3000 deviated from baseline 0.0000±0.0001 (z=3000.0, confirmed x209) (sev=1.00)
[monitor_node-6] [WARN] [1790115782.598594146] [diagnostic_monitor]: ANOMALY on [lidar_node] /sim/lidar/scan:nan_ratio: Value 0.3222 deviated from baseline 0.0000±0.0001 (z=3222.2, confirmed x210) (sev=1.00)
[monitor_node-6] [WARN] [1790115782.702895961] [diagnostic_monitor]: ANOMALY on [lidar_node] /sim/lidar/scan:nan_ratio: Value 0.2556 deviated from baseline 0.0000±0.0001 (z=2555.6, confirmed x211) (sev=1.00)
[monitor_node-6] [WARN] [1790115782.798450947] [diagnostic_monitor]: ANOMALY on [lidar_node] /sim/lidar/scan:nan_ratio: Value 0.3000 deviated from baseline 0.0000±0.0001 (z=3000.0, confirmed x212) (sev=1.00)
[monitor_node-6] [WARN] [1790115782.898881847] [diagnostic_monitor]: ANOMALY on [lidar_node] /sim/lidar/scan:nan_ratio: Value 0.3111 deviated from baseline 0.0000±0.0001 (z=3111.1, confirmed x213) (sev=1.00)
[monitor_node-6] [WARN] [1790115782.998267565] [diagnostic_monitor]: ANOMALY on [lidar_node] /sim/lidar/scan:nan_ratio: Value 0.2667 deviated from baseline 0.0000±0.0001 (z=2666.7, confirmed x214) (sev=1.00)
[monitor_node-6] [WARN] [1790115783.098955332] [diagnostic_monitor]: ANOMALY on [lidar_node] /sim/lidar/scan:nan_ratio: Value 0.3111 deviated from baseline 0.0000±0.0001 (z=3111.1, confirmed x215) (sev=1.00)
[monitor_node-6] [WARN] [1790115783.198066517] [diagnostic_monitor]: ANOMALY on [lidar_node] /sim/lidar/scan:nan_ratio: Value 0.2889 deviated from baseline 0.0000±0.0001 (z=2888.9, confirmed x216) (sev=1.00)
[monitor_node-6] [WARN] [1790115783.298360260] [diagnostic_monitor]: ANOMALY on [lidar_node] /sim/lidar/scan:nan_ratio: Value 0.2889 deviated from baseline 0.0000±0.0001 (z=2888.9, confirmed x217) (sev=1.00)
[monitor_node-6] [WARN] [1790115783.399216278] [diagnostic_monitor]: ANOMALY on [lidar_node] /sim/lidar/scan:nan_ratio: Value 0.3222 deviated from baseline 0.0000±0.0001 (z=3222.2, confirmed x218) (sev=1.00)
[monitor_node-6] [WARN] [1790115783.498743938] [diagnostic_monitor]: ANOMALY on [lidar_node] /sim/lidar/scan:nan_ratio: Value 0.3556 deviated from baseline 0.0000±0.0001 (z=3555.6, confirmed x219) (sev=1.00)
[monitor_node-6] [WARN] [1790115783.509081041] [diagnostic_monitor]: ANOMALY on [perception_node] /perception/obstacles:obstacle_empty: Value 1.0000 deviated from baseline 0.0000±0.0001 (z=10000.0, confirmed x2) (sev=1.00)
[monitor_node-6] [WARN] [1790115783.599451356] [diagnostic_monitor]: ANOMALY on [lidar_node] /sim/lidar/scan:nan_ratio: Value 0.2667 deviated from baseline 0.0000±0.0001 (z=2666.7, confirmed x220) (sev=1.00)
[monitor_node-6] [WARN] [1790115783.697968448] [diagnostic_monitor]: ANOMALY on [lidar_node] /sim/lidar/scan:nan_ratio: Value 0.3222 deviated from baseline 0.0000±0.0001 (z=3222.2, confirmed x221) (sev=1.00)
[monitor_node-6] [WARN] [1790115783.798579035] [diagnostic_monitor]: ANOMALY on [lidar_node] /sim/lidar/scan:nan_ratio: Value 0.3667 deviated from baseline 0.0000±0.0001 (z=3666.7, confirmed x222) (sev=1.00)
[monitor_node-6] [WARN] [1790115783.808645790] [diagnostic_monitor]: ANOMALY on [perception_node] /perception/obstacles:obstacle_empty: Value 1.0000 deviated from baseline 0.0000±0.0001 (z=10000.0, confirmed x2) (sev=1.00)
[monitor_node-6] [WARN] [1790115783.898739053] [diagnostic_monitor]: ANOMALY on [lidar_node] /sim/lidar/scan:nan_ratio: Value 0.3000 deviated from baseline 0.0000±0.0001 (z=3000.0, confirmed x223) (sev=1.00)
[monitor_node-6] [WARN] [1790115783.998466991] [diagnostic_monitor]: ANOMALY on [lidar_node] /sim/lidar/scan:nan_ratio: Value 0.3222 deviated from baseline 0.0000±0.0001 (z=3222.2, confirmed x224) (sev=1.00)
[monitor_node-6] [WARN] [1790115784.098364387] [diagnostic_monitor]: ANOMALY on [lidar_node] /sim/lidar/scan:nan_ratio: Value 0.2222 deviated from baseline 0.0000±0.0001 (z=2222.2, confirmed x225) (sev=1.00)
[monitor_node-6] [WARN] [1790115784.198803016] [diagnostic_monitor]: ANOMALY on [lidar_node] /sim/lidar/scan:nan_ratio: Value 0.3556 deviated from baseline 0.0000±0.0001 (z=3555.6, confirmed x226) (sev=1.00)
[monitor_node-6] [WARN] [1790115784.298912563] [diagnostic_monitor]: ANOMALY on [lidar_node] /sim/lidar/scan:nan_ratio: Value 0.3444 deviated from baseline 0.0000±0.0001 (z=3444.4, confirmed x227) (sev=1.00)
[monitor_node-6] [WARN] [1790115784.308839721] [diagnostic_monitor]: ANOMALY on [perception_node] /perception/obstacles:obstacle_empty: Value 1.0000 deviated from baseline 0.0000±0.0001 (z=10000.0, confirmed x2) (sev=1.00)
[monitor_node-6] [WARN] [1790115784.398353765] [diagnostic_monitor]: ANOMALY on [lidar_node] /sim/lidar/scan:nan_ratio: Value 0.3222 deviated from baseline 0.0000±0.0001 (z=3222.2, confirmed x228) (sev=1.00)
[monitor_node-6] [WARN] [1790115784.408384618] [diagnostic_monitor]: ANOMALY on [perception_node] /perception/obstacles:obstacle_empty: Value 1.0000 deviated from baseline 0.0000±0.0001 (z=10000.0, confirmed x3) (sev=1.00)
[monitor_node-6] [WARN] [1790115784.498442871] [diagnostic_monitor]: ANOMALY on [lidar_node] /sim/lidar/scan:nan_ratio: Value 0.3444 deviated from baseline 0.0000±0.0001 (z=3444.4, confirmed x229) (sev=1.00)
[monitor_node-6] [WARN] [1790115784.509493187] [diagnostic_monitor]: ANOMALY on [perception_node] /perception/obstacles:obstacle_empty: Value 1.0000 deviated from baseline 0.0000±0.0001 (z=10000.0, confirmed x4) (sev=1.00)
[monitor_node-6] [WARN] [1790115784.598761027] [diagnostic_monitor]: ANOMALY on [lidar_node] /sim/lidar/scan:nan_ratio: Value 0.3222 deviated from baseline 0.0000±0.0001 (z=3222.2, confirmed x230) (sev=1.00)
[monitor_node-6] [WARN] [1790115784.608699555] [diagnostic_monitor]: ANOMALY on [perception_node] /perception/obstacles:obstacle_empty: Value 1.0000 deviated from baseline 0.0000±0.0001 (z=10000.0, confirmed x5) (sev=1.00)
[monitor_node-6] [WARN] [1790115784.698263909] [diagnostic_monitor]: ANOMALY on [lidar_node] /sim/lidar/scan:nan_ratio: Value 0.3444 deviated from baseline 0.0000±0.0001 (z=3444.4, confirmed x231) (sev=1.00)
[monitor_node-6] [WARN] [1790115784.708907369] [diagnostic_monitor]: ANOMALY on [perception_node] /perception/obstacles:obstacle_empty: Value 1.0000 deviated from baseline 0.0000±0.0001 (z=10000.0, confirmed x6) (sev=1.00)
[monitor_node-6] [WARN] [1790115784.798140837] [diagnostic_monitor]: ANOMALY on [lidar_node] /sim/lidar/scan:nan_ratio: Value 0.3111 deviated from baseline 0.0000±0.0001 (z=3111.1, confirmed x232) (sev=1.00)
[monitor_node-6] [WARN] [1790115784.809004799] [diagnostic_monitor]: ANOMALY on [perception_node] /perception/obstacles:obstacle_empty: Value 1.0000 deviated from baseline 0.0000±0.0001 (z=10000.0, confirmed x7) (sev=1.00)
[monitor_node-6] [WARN] [1790115784.897696271] [diagnostic_monitor]: ANOMALY on [lidar_node] /sim/lidar/scan:nan_ratio: Value 0.3111 deviated from baseline 0.0000±0.0001 (z=3111.1, confirmed x233) (sev=1.00)
[monitor_node-6] [WARN] [1790115784.908283138] [diagnostic_monitor]: ANOMALY on [perception_node] /perception/obstacles:obstacle_empty: Value 1.0000 deviated from baseline 0.0000±0.0001 (z=10000.0, confirmed x8) (sev=1.00)
[monitor_node-6] [WARN] [1790115784.998851705] [diagnostic_monitor]: ANOMALY on [lidar_node] /sim/lidar/scan:nan_ratio: Value 0.3333 deviated from baseline 0.0000±0.0001 (z=3333.3, confirmed x234) (sev=1.00)
[monitor_node-6] [WARN] [1790115785.008237365] [diagnostic_monitor]: ANOMALY on [perception_node] /perception/obstacles:obstacle_empty: Value 1.0000 deviated from baseline 0.0000±0.0001 (z=10000.0, confirmed x9) (sev=1.00)
[monitor_node-6] [WARN] [1790115785.098019122] [diagnostic_monitor]: ANOMALY on [lidar_node] /sim/lidar/scan:nan_ratio: Value 0.3556 deviated from baseline 0.0000±0.0001 (z=3555.6, confirmed x235) (sev=1.00)
[monitor_node-6] [WARN] [1790115785.108666938] [diagnostic_monitor]: ANOMALY on [perception_node] /perception/obstacles:obstacle_empty: Value 1.0000 deviated from baseline 0.0000±0.0001 (z=10000.0, confirmed x10) (sev=1.00)
[monitor_node-6] [WARN] [1790115785.198067386] [diagnostic_monitor]: ANOMALY on [lidar_node] /sim/lidar/scan:nan_ratio: Value 0.3444 deviated from baseline 0.0000±0.0001 (z=3444.4, confirmed x236) (sev=1.00)
[monitor_node-6] [WARN] [1790115785.208260421] [diagnostic_monitor]: ANOMALY on [perception_node] /perception/obstacles:obstacle_empty: Value 1.0000 deviated from baseline 0.0000±0.0001 (z=10000.0, confirmed x11) (sev=1.00)
[monitor_node-6] [WARN] [1790115785.299789691] [diagnostic_monitor]: ANOMALY on [lidar_node] /sim/lidar/scan:nan_ratio: Value 0.2556 deviated from baseline 0.0000±0.0001 (z=2555.6, confirmed x237) (sev=1.00)
[monitor_node-6] [WARN] [1790115785.398627809] [diagnostic_monitor]: ANOMALY on [lidar_node] /sim/lidar/scan:nan_ratio: Value 0.3444 deviated from baseline 0.0000±0.0001 (z=3444.4, confirmed x238) (sev=1.00)
[monitor_node-6] [WARN] [1790115785.498284925] [diagnostic_monitor]: ANOMALY on [lidar_node] /sim/lidar/scan:nan_ratio: Value 0.4333 deviated from baseline 0.0000±0.0001 (z=4333.3, confirmed x239) (sev=1.00)
[monitor_node-6] [WARN] [1790115785.512805349] [diagnostic_monitor]: ANOMALY on [perception_node] /perception/obstacles:obstacle_empty: Value 1.0000 deviated from baseline 0.0000±0.0001 (z=10000.0, confirmed x2) (sev=1.00)
[monitor_node-6] [WARN] [1790115785.599042924] [diagnostic_monitor]: ANOMALY on [lidar_node] /sim/lidar/scan:nan_ratio: Value 0.3000 deviated from baseline 0.0000±0.0001 (z=3000.0, confirmed x240) (sev=1.00)
[monitor_node-6] [WARN] [1790115785.698450011] [diagnostic_monitor]: ANOMALY on [lidar_node] /sim/lidar/scan:nan_ratio: Value 0.2889 deviated from baseline 0.0000±0.0001 (z=2888.9, confirmed x241) (sev=1.00)
[monitor_node-6] [WARN] [1790115785.797508818] [diagnostic_monitor]: ANOMALY on [lidar_node] /sim/lidar/scan:nan_ratio: Value 0.4222 deviated from baseline 0.0000±0.0001 (z=4222.2, confirmed x242) (sev=1.00)
[monitor_node-6] [WARN] [1790115785.898452015] [diagnostic_monitor]: ANOMALY on [lidar_node] /sim/lidar/scan:nan_ratio: Value 0.2778 deviated from baseline 0.0000±0.0001 (z=2777.8, confirmed x243) (sev=1.00)
[monitor_node-6] [WARN] [1790115785.999236474] [diagnostic_monitor]: ANOMALY on [lidar_node] /sim/lidar/scan:nan_ratio: Value 0.3222 deviated from baseline 0.0000±0.0001 (z=3222.2, confirmed x244) (sev=1.00)
[monitor_node-6] [WARN] [1790115786.098164254] [diagnostic_monitor]: ANOMALY on [lidar_node] /sim/lidar/scan:nan_ratio: Value 0.3000 deviated from baseline 0.0000±0.0001 (z=3000.0, confirmed x245) (sev=1.00)
[monitor_node-6] [WARN] [1790115786.198155413] [diagnostic_monitor]: ANOMALY on [lidar_node] /sim/lidar/scan:nan_ratio: Value 0.3222 deviated from baseline 0.0000±0.0001 (z=3222.2, confirmed x246) (sev=1.00)
[monitor_node-6] [WARN] [1790115786.298413579] [diagnostic_monitor]: ANOMALY on [lidar_node] /sim/lidar/scan:nan_ratio: Value 0.3889 deviated from baseline 0.0000±0.0001 (z=3888.9, confirmed x247) (sev=1.00)
[monitor_node-6] [WARN] [1790115786.308200230] [diagnostic_monitor]: ANOMALY on [perception_node] /perception/obstacles:obstacle_empty: Value 1.0000 deviated from baseline 0.0000±0.0001 (z=10000.0, confirmed x2) (sev=1.00)
[monitor_node-6] [WARN] [1790115786.398021681] [diagnostic_monitor]: ANOMALY on [lidar_node] /sim/lidar/scan:nan_ratio: Value 0.3778 deviated from baseline 0.0000±0.0001 (z=3777.8, confirmed x248) (sev=1.00)
[monitor_node-6] [WARN] [1790115786.408708361] [diagnostic_monitor]: ANOMALY on [perception_node] /perception/obstacles:obstacle_empty: Value 1.0000 deviated from baseline 0.0000±0.0001 (z=10000.0, confirmed x3) (sev=1.00)
[monitor_node-6] [WARN] [1790115786.504823716] [diagnostic_monitor]: ANOMALY on [lidar_node] /sim/lidar/scan:nan_ratio: Value 0.2778 deviated from baseline 0.0000±0.0001 (z=2777.8, confirmed x249) (sev=1.00)
[monitor_node-6] [WARN] [1790115786.598207069] [diagnostic_monitor]: ANOMALY on [lidar_node] /sim/lidar/scan:nan_ratio: Value 0.3111 deviated from baseline 0.0000±0.0001 (z=3111.1, confirmed x250) (sev=1.00)
[monitor_node-6] [WARN] [1790115786.698547372] [diagnostic_monitor]: ANOMALY on [lidar_node] /sim/lidar/scan:nan_ratio: Value 0.2889 deviated from baseline 0.0000±0.0001 (z=2888.9, confirmed x251) (sev=1.00)
[monitor_node-6] [WARN] [1790115786.798559990] [diagnostic_monitor]: ANOMALY on [lidar_node] /sim/lidar/scan:nan_ratio: Value 0.3778 deviated from baseline 0.0000±0.0001 (z=3777.8, confirmed x252) (sev=1.00)
[monitor_node-6] [WARN] [1790115786.897709560] [diagnostic_monitor]: ANOMALY on [lidar_node] /sim/lidar/scan:nan_ratio: Value 0.2556 deviated from baseline 0.0000±0.0001 (z=2555.6, confirmed x253) (sev=1.00)
[monitor_node-6] [WARN] [1790115786.998930532] [diagnostic_monitor]: ANOMALY on [lidar_node] /sim/lidar/scan:nan_ratio: Value 0.3667 deviated from baseline 0.0000±0.0001 (z=3666.7, confirmed x254) (sev=1.00)
[monitor_node-6] [WARN] [1790115787.098509773] [diagnostic_monitor]: ANOMALY on [lidar_node] /sim/lidar/scan:nan_ratio: Value 0.2556 deviated from baseline 0.0000±0.0001 (z=2555.6, confirmed x255) (sev=1.00)
[monitor_node-6] [WARN] [1790115787.199075522] [diagnostic_monitor]: ANOMALY on [lidar_node] /sim/lidar/scan:nan_ratio: Value 0.3111 deviated from baseline 0.0000±0.0001 (z=3111.1, confirmed x256) (sev=1.00)
[monitor_node-6] [WARN] [1790115787.297719176] [diagnostic_monitor]: ANOMALY on [lidar_node] /sim/lidar/scan:nan_ratio: Value 0.3556 deviated from baseline 0.0000±0.0001 (z=3555.6, confirmed x257) (sev=1.00)
[monitor_node-6] [WARN] [1790115787.308255563] [diagnostic_monitor]: ANOMALY on [perception_node] /perception/obstacles:obstacle_empty: Value 1.0000 deviated from baseline 0.0000±0.0001 (z=10000.0, confirmed x2) (sev=1.00)
[monitor_node-6] [WARN] [1790115787.397849956] [diagnostic_monitor]: ANOMALY on [lidar_node] /sim/lidar/scan:nan_ratio: Value 0.2778 deviated from baseline 0.0000±0.0001 (z=2777.8, confirmed x258) (sev=1.00)
[monitor_node-6] [WARN] [1790115787.497609421] [diagnostic_monitor]: ANOMALY on [lidar_node] /sim/lidar/scan:nan_ratio: Value 0.2333 deviated from baseline 0.0000±0.0001 (z=2333.3, confirmed x259) (sev=1.00)
[monitor_node-6] [WARN] [1790115787.598087509] [diagnostic_monitor]: ANOMALY on [lidar_node] /sim/lidar/scan:nan_ratio: Value 0.2556 deviated from baseline 0.0000±0.0001 (z=2555.6, confirmed x260) (sev=1.00)
[monitor_node-6] [WARN] [1790115787.697790938] [diagnostic_monitor]: ANOMALY on [lidar_node] /sim/lidar/scan:nan_ratio: Value 0.3000 deviated from baseline 0.0000±0.0001 (z=3000.0, confirmed x261) (sev=1.00)
[monitor_node-6] [WARN] [1790115787.798379672] [diagnostic_monitor]: ANOMALY on [lidar_node] /sim/lidar/scan:nan_ratio: Value 0.2556 deviated from baseline 0.0000±0.0001 (z=2555.6, confirmed x262) (sev=1.00)
[monitor_node-6] [WARN] [1790115787.897801944] [diagnostic_monitor]: ANOMALY on [lidar_node] /sim/lidar/scan:nan_ratio: Value 0.2889 deviated from baseline 0.0000±0.0001 (z=2888.9, confirmed x263) (sev=1.00)
[monitor_node-6] [WARN] [1790115787.998348426] [diagnostic_monitor]: ANOMALY on [lidar_node] /sim/lidar/scan:nan_ratio: Value 0.4556 deviated from baseline 0.0000±0.0001 (z=4555.6, confirmed x264) (sev=1.00)
[monitor_node-6] [WARN] [1790115788.097676685] [diagnostic_monitor]: ANOMALY on [lidar_node] /sim/lidar/scan:nan_ratio: Value 0.2889 deviated from baseline 0.0000±0.0001 (z=2888.9, confirmed x265) (sev=1.00)
[monitor_node-6] [WARN] [1790115788.198142832] [diagnostic_monitor]: ANOMALY on [lidar_node] /sim/lidar/scan:nan_ratio: Value 0.3556 deviated from baseline 0.0000±0.0001 (z=3555.6, confirmed x266) (sev=1.00)
[monitor_node-6] [WARN] [1790115788.297875659] [diagnostic_monitor]: ANOMALY on [lidar_node] /sim/lidar/scan:nan_ratio: Value 0.2556 deviated from baseline 0.0000±0.0001 (z=2555.6, confirmed x267) (sev=1.00)
[monitor_node-6] [WARN] [1790115788.398820971] [diagnostic_monitor]: ANOMALY on [lidar_node] /sim/lidar/scan:nan_ratio: Value 0.2889 deviated from baseline 0.0000±0.0001 (z=2888.9, confirmed x268) (sev=1.00)
[monitor_node-6] [WARN] [1790115788.498159868] [diagnostic_monitor]: ANOMALY on [lidar_node] /sim/lidar/scan:nan_ratio: Value 0.3889 deviated from baseline 0.0000±0.0001 (z=3888.9, confirmed x269) (sev=1.00)
[monitor_node-6] [WARN] [1790115788.598667485] [diagnostic_monitor]: ANOMALY on [lidar_node] /sim/lidar/scan:nan_ratio: Value 0.3000 deviated from baseline 0.0000±0.0001 (z=3000.0, confirmed x270) (sev=1.00)
[monitor_node-6] [WARN] [1790115788.697660107] [diagnostic_monitor]: ANOMALY on [lidar_node] /sim/lidar/scan:nan_ratio: Value 0.3000 deviated from baseline 0.0000±0.0001 (z=3000.0, confirmed x271) (sev=1.00)
[monitor_node-6] [WARN] [1790115788.797902731] [diagnostic_monitor]: ANOMALY on [lidar_node] /sim/lidar/scan:nan_ratio: Value 0.3222 deviated from baseline 0.0000±0.0001 (z=3222.2, confirmed x272) (sev=1.00)
[monitor_node-6] [WARN] [1790115788.898484291] [diagnostic_monitor]: ANOMALY on [lidar_node] /sim/lidar/scan:nan_ratio: Value 0.3000 deviated from baseline 0.0000±0.0001 (z=3000.0, confirmed x273) (sev=1.00)
[monitor_node-6] [WARN] [1790115788.998613685] [diagnostic_monitor]: ANOMALY on [lidar_node] /sim/lidar/scan:nan_ratio: Value 0.2111 deviated from baseline 0.0000±0.0001 (z=2111.1, confirmed x274) (sev=1.00)
[monitor_node-6] [WARN] [1790115789.098337045] [diagnostic_monitor]: ANOMALY on [lidar_node] /sim/lidar/scan:nan_ratio: Value 0.3333 deviated from baseline 0.0000±0.0001 (z=3333.3, confirmed x275) (sev=1.00)
[monitor_node-6] [WARN] [1790115789.198447957] [diagnostic_monitor]: ANOMALY on [lidar_node] /sim/lidar/scan:nan_ratio: Value 0.2556 deviated from baseline 0.0000±0.0001 (z=2555.6, confirmed x276) (sev=1.00)
[monitor_node-6] [WARN] [1790115789.298976275] [diagnostic_monitor]: ANOMALY on [lidar_node] /sim/lidar/scan:nan_ratio: Value 0.2889 deviated from baseline 0.0000±0.0001 (z=2888.9, confirmed x277) (sev=1.00)
[monitor_node-6] [WARN] [1790115789.398946542] [diagnostic_monitor]: ANOMALY on [lidar_node] /sim/lidar/scan:nan_ratio: Value 0.3556 deviated from baseline 0.0000±0.0001 (z=3555.6, confirmed x278) (sev=1.00)
[monitor_node-6] [WARN] [1790115789.498451763] [diagnostic_monitor]: ANOMALY on [lidar_node] /sim/lidar/scan:nan_ratio: Value 0.2778 deviated from baseline 0.0000±0.0001 (z=2777.8, confirmed x279) (sev=1.00)
[monitor_node-6] [WARN] [1790115789.599356508] [diagnostic_monitor]: ANOMALY on [lidar_node] /sim/lidar/scan:nan_ratio: Value 0.3333 deviated from baseline 0.0000±0.0001 (z=3333.3, confirmed x280) (sev=1.00)
[monitor_node-6] [WARN] [1790115789.701024763] [diagnostic_monitor]: ANOMALY on [lidar_node] /sim/lidar/scan:nan_ratio: Value 0.3778 deviated from baseline 0.0000±0.0001 (z=3777.8, confirmed x281) (sev=1.00)
[monitor_node-6] [WARN] [1790115789.709548537] [diagnostic_monitor]: ANOMALY on [perception_node] /perception/obstacles:obstacle_empty: Value 1.0000 deviated from baseline 0.0000±0.0001 (z=10000.0, confirmed x2) (sev=1.00)
[monitor_node-6] [WARN] [1790115789.798644789] [diagnostic_monitor]: ANOMALY on [lidar_node] /sim/lidar/scan:nan_ratio: Value 0.2889 deviated from baseline 0.0000±0.0001 (z=2888.9, confirmed x282) (sev=1.00)
[monitor_node-6] [WARN] [1790115789.901837432] [diagnostic_monitor]: ANOMALY on [lidar_node] /sim/lidar/scan:nan_ratio: Value 0.3444 deviated from baseline 0.0000±0.0001 (z=3444.4, confirmed x283) (sev=1.00)
[monitor_node-6] [WARN] [1790115789.999354400] [diagnostic_monitor]: ANOMALY on [lidar_node] /sim/lidar/scan:nan_ratio: Value 0.3667 deviated from baseline 0.0000±0.0001 (z=3666.7, confirmed x284) (sev=1.00)
[monitor_node-6] [WARN] [1790115790.008337957] [diagnostic_monitor]: ANOMALY on [perception_node] /perception/obstacles:obstacle_empty: Value 1.0000 deviated from baseline 0.0000±0.0001 (z=10000.0, confirmed x2) (sev=1.00)
[monitor_node-6] [WARN] [1790115790.099331563] [diagnostic_monitor]: ANOMALY on [lidar_node] /sim/lidar/scan:nan_ratio: Value 0.3111 deviated from baseline 0.0000±0.0001 (z=3111.1, confirmed x285) (sev=1.00)
[monitor_node-6] [WARN] [1790115790.108568698] [diagnostic_monitor]: ANOMALY on [perception_node] /perception/obstacles:obstacle_empty: Value 1.0000 deviated from baseline 0.0000±0.0001 (z=10000.0, confirmed x3) (sev=1.00)
[monitor_node-6] [WARN] [1790115790.198366993] [diagnostic_monitor]: ANOMALY on [lidar_node] /sim/lidar/scan:nan_ratio: Value 0.4222 deviated from baseline 0.0000±0.0001 (z=4222.2, confirmed x286) (sev=1.00)
[monitor_node-6] [WARN] [1790115790.209273723] [diagnostic_monitor]: ANOMALY on [perception_node] /perception/obstacles:obstacle_empty: Value 1.0000 deviated from baseline 0.0000±0.0001 (z=10000.0, confirmed x4) (sev=1.00)
[monitor_node-6] [WARN] [1790115790.298609420] [diagnostic_monitor]: ANOMALY on [lidar_node] /sim/lidar/scan:nan_ratio: Value 0.2778 deviated from baseline 0.0000±0.0001 (z=2777.8, confirmed x287) (sev=1.00)
[monitor_node-6] [WARN] [1790115790.397947902] [diagnostic_monitor]: ANOMALY on [lidar_node] /sim/lidar/scan:nan_ratio: Value 0.3000 deviated from baseline 0.0000±0.0001 (z=3000.0, confirmed x288) (sev=1.00)
[monitor_node-6] [WARN] [1790115790.499251902] [diagnostic_monitor]: ANOMALY on [lidar_node] /sim/lidar/scan:nan_ratio: Value 0.4000 deviated from baseline 0.0000±0.0001 (z=4000.0, confirmed x289) (sev=1.00)
[monitor_node-6] [WARN] [1790115790.598098563] [diagnostic_monitor]: ANOMALY on [lidar_node] /sim/lidar/scan:nan_ratio: Value 0.2556 deviated from baseline 0.0000±0.0001 (z=2555.6, confirmed x290) (sev=1.00)
[monitor_node-6] [WARN] [1790115790.698624503] [diagnostic_monitor]: ANOMALY on [lidar_node] /sim/lidar/scan:nan_ratio: Value 0.3778 deviated from baseline 0.0000±0.0001 (z=3777.8, confirmed x291) (sev=1.00)
[monitor_node-6] [WARN] [1790115790.799368273] [diagnostic_monitor]: ANOMALY on [lidar_node] /sim/lidar/scan:nan_ratio: Value 0.2111 deviated from baseline 0.0000±0.0001 (z=2111.1, confirmed x292) (sev=1.00)
[monitor_node-6] [WARN] [1790115790.897856459] [diagnostic_monitor]: ANOMALY on [lidar_node] /sim/lidar/scan:nan_ratio: Value 0.3444 deviated from baseline 0.0000±0.0001 (z=3444.4, confirmed x293) (sev=1.00)
[monitor_node-6] [WARN] [1790115790.998806630] [diagnostic_monitor]: ANOMALY on [lidar_node] /sim/lidar/scan:nan_ratio: Value 0.3778 deviated from baseline 0.0000±0.0001 (z=3777.8, confirmed x294) (sev=1.00)
[monitor_node-6] [WARN] [1790115791.008164768] [diagnostic_monitor]: ANOMALY on [perception_node] /perception/obstacles:obstacle_empty: Value 1.0000 deviated from baseline 0.0000±0.0001 (z=10000.0, confirmed x2) (sev=1.00)
[monitor_node-6] [WARN] [1790115791.098120271] [diagnostic_monitor]: ANOMALY on [lidar_node] /sim/lidar/scan:nan_ratio: Value 0.3333 deviated from baseline 0.0000±0.0001 (z=3333.3, confirmed x295) (sev=1.00)
[monitor_node-6] [WARN] [1790115791.108529173] [diagnostic_monitor]: ANOMALY on [perception_node] /perception/obstacles:obstacle_empty: Value 1.0000 deviated from baseline 0.0000±0.0001 (z=10000.0, confirmed x3) (sev=1.00)
[monitor_node-6] [WARN] [1790115791.197941676] [diagnostic_monitor]: ANOMALY on [lidar_node] /sim/lidar/scan:nan_ratio: Value 0.3000 deviated from baseline 0.0000±0.0001 (z=3000.0, confirmed x296) (sev=1.00)
[monitor_node-6] [WARN] [1790115791.297831489] [diagnostic_monitor]: ANOMALY on [lidar_node] /sim/lidar/scan:nan_ratio: Value 0.2667 deviated from baseline 0.0000±0.0001 (z=2666.7, confirmed x297) (sev=1.00)
[monitor_node-6] [WARN] [1790115791.399513216] [diagnostic_monitor]: ANOMALY on [lidar_node] /sim/lidar/scan:nan_ratio: Value 0.3222 deviated from baseline 0.0000±0.0001 (z=3222.2, confirmed x298) (sev=1.00)
[monitor_node-6] [WARN] [1790115791.498694716] [diagnostic_monitor]: ANOMALY on [lidar_node] /sim/lidar/scan:nan_ratio: Value 0.3000 deviated from baseline 0.0000±0.0001 (z=3000.0, confirmed x299) (sev=1.00)
[monitor_node-6] [WARN] [1790115791.598984212] [diagnostic_monitor]: ANOMALY on [lidar_node] /sim/lidar/scan:nan_ratio: Value 0.2667 deviated from baseline 0.0000±0.0001 (z=2666.7, confirmed x300) (sev=1.00)
[monitor_node-6] [WARN] [1790115791.697708989] [diagnostic_monitor]: ANOMALY on [lidar_node] /sim/lidar/scan:nan_ratio: Value 0.3111 deviated from baseline 0.0000±0.0001 (z=3111.1, confirmed x301) (sev=1.00)
[monitor_node-6] [WARN] [1790115791.798716283] [diagnostic_monitor]: ANOMALY on [lidar_node] /sim/lidar/scan:nan_ratio: Value 0.3778 deviated from baseline 0.0000±0.0001 (z=3777.8, confirmed x302) (sev=1.00)
[monitor_node-6] [WARN] [1790115791.808558585] [diagnostic_monitor]: ANOMALY on [perception_node] /perception/obstacles:obstacle_empty: Value 1.0000 deviated from baseline 0.0000±0.0001 (z=10000.0, confirmed x2) (sev=1.00)
[monitor_node-6] [WARN] [1790115791.897703962] [diagnostic_monitor]: ANOMALY on [lidar_node] /sim/lidar/scan:nan_ratio: Value 0.2556 deviated from baseline 0.0000±0.0001 (z=2555.6, confirmed x303) (sev=1.00)
[monitor_node-6] [WARN] [1790115791.998437171] [diagnostic_monitor]: ANOMALY on [lidar_node] /sim/lidar/scan:nan_ratio: Value 0.3667 deviated from baseline 0.0000±0.0001 (z=3666.7, confirmed x304) (sev=1.00)
[monitor_node-6] [WARN] [1790115792.097983238] [diagnostic_monitor]: ANOMALY on [lidar_node] /sim/lidar/scan:nan_ratio: Value 0.3556 deviated from baseline 0.0000±0.0001 (z=3555.6, confirmed x305) (sev=1.00)
[monitor_node-6] [WARN] [1790115792.108359262] [diagnostic_monitor]: ANOMALY on [perception_node] /perception/obstacles:obstacle_empty: Value 1.0000 deviated from baseline 0.0000±0.0001 (z=10000.0, confirmed x2) (sev=1.00)
[monitor_node-6] [WARN] [1790115792.198060232] [diagnostic_monitor]: ANOMALY on [lidar_node] /sim/lidar/scan:nan_ratio: Value 0.2667 deviated from baseline 0.0000±0.0001 (z=2666.7, confirmed x306) (sev=1.00)
[monitor_node-6] [WARN] [1790115792.298174189] [diagnostic_monitor]: ANOMALY on [lidar_node] /sim/lidar/scan:nan_ratio: Value 0.3111 deviated from baseline 0.0000±0.0001 (z=3111.1, confirmed x307) (sev=1.00)
[monitor_node-6] [WARN] [1790115792.397731175] [diagnostic_monitor]: ANOMALY on [lidar_node] /sim/lidar/scan:nan_ratio: Value 0.2667 deviated from baseline 0.0000±0.0001 (z=2666.7, confirmed x308) (sev=1.00)
[monitor_node-6] [WARN] [1790115792.498207773] [diagnostic_monitor]: ANOMALY on [lidar_node] /sim/lidar/scan:nan_ratio: Value 0.3444 deviated from baseline 0.0000±0.0001 (z=3444.4, confirmed x309) (sev=1.00)
[monitor_node-6] [WARN] [1790115792.598873088] [diagnostic_monitor]: ANOMALY on [lidar_node] /sim/lidar/scan:nan_ratio: Value 0.3667 deviated from baseline 0.0000±0.0001 (z=3666.7, confirmed x310) (sev=1.00)
[monitor_node-6] [WARN] [1790115792.608320276] [diagnostic_monitor]: ANOMALY on [perception_node] /perception/obstacles:obstacle_empty: Value 1.0000 deviated from baseline 0.0000±0.0001 (z=10000.0, confirmed x2) (sev=1.00)
[monitor_node-6] [WARN] [1790115792.697830251] [diagnostic_monitor]: ANOMALY on [lidar_node] /sim/lidar/scan:nan_ratio: Value 0.3778 deviated from baseline 0.0000±0.0001 (z=3777.8, confirmed x311) (sev=1.00)
[monitor_node-6] [WARN] [1790115792.708167045] [diagnostic_monitor]: ANOMALY on [perception_node] /perception/obstacles:obstacle_empty: Value 1.0000 deviated from baseline 0.0000±0.0001 (z=10000.0, confirmed x3) (sev=1.00)
[monitor_node-6] [WARN] [1790115792.799002122] [diagnostic_monitor]: ANOMALY on [lidar_node] /sim/lidar/scan:nan_ratio: Value 0.3111 deviated from baseline 0.0000±0.0001 (z=3111.1, confirmed x312) (sev=1.00)
[monitor_node-6] [WARN] [1790115792.808445911] [diagnostic_monitor]: ANOMALY on [perception_node] /perception/obstacles:obstacle_empty: Value 1.0000 deviated from baseline 0.0000±0.0001 (z=10000.0, confirmed x4) (sev=1.00)
[monitor_node-6] [WARN] [1790115792.898944541] [diagnostic_monitor]: ANOMALY on [lidar_node] /sim/lidar/scan:nan_ratio: Value 0.2889 deviated from baseline 0.0000±0.0001 (z=2888.9, confirmed x313) (sev=1.00)
[monitor_node-6] [WARN] [1790115792.998969931] [diagnostic_monitor]: ANOMALY on [lidar_node] /sim/lidar/scan:nan_ratio: Value 0.3667 deviated from baseline 0.0000±0.0001 (z=3666.7, confirmed x314) (sev=1.00)
[monitor_node-6] [WARN] [1790115793.098194081] [diagnostic_monitor]: ANOMALY on [lidar_node] /sim/lidar/scan:nan_ratio: Value 0.4111 deviated from baseline 0.0000±0.0001 (z=4111.1, confirmed x315) (sev=1.00)
[monitor_node-6] [WARN] [1790115793.108437265] [diagnostic_monitor]: ANOMALY on [perception_node] /perception/obstacles:obstacle_empty: Value 1.0000 deviated from baseline 0.0000±0.0001 (z=10000.0, confirmed x2) (sev=1.00)
[monitor_node-6] [WARN] [1790115793.197764676] [diagnostic_monitor]: ANOMALY on [lidar_node] /sim/lidar/scan:nan_ratio: Value 0.3111 deviated from baseline 0.0000±0.0001 (z=3111.1, confirmed x316) (sev=1.00)
[monitor_node-6] [WARN] [1790115793.208630123] [diagnostic_monitor]: ANOMALY on [perception_node] /perception/obstacles:obstacle_empty: Value 1.0000 deviated from baseline 0.0000±0.0001 (z=10000.0, confirmed x3) (sev=1.00)
[monitor_node-6] [WARN] [1790115793.297447787] [diagnostic_monitor]: ANOMALY on [lidar_node] /sim/lidar/scan:nan_ratio: Value 0.3111 deviated from baseline 0.0000±0.0001 (z=3111.1, confirmed x317) (sev=1.00)
[monitor_node-6] [WARN] [1790115793.308962248] [diagnostic_monitor]: ANOMALY on [perception_node] /perception/obstacles:obstacle_empty: Value 1.0000 deviated from baseline 0.0000±0.0001 (z=10000.0, confirmed x4) (sev=1.00)
[monitor_node-6] [WARN] [1790115793.397772936] [diagnostic_monitor]: ANOMALY on [lidar_node] /sim/lidar/scan:nan_ratio: Value 0.3222 deviated from baseline 0.0000±0.0001 (z=3222.2, confirmed x318) (sev=1.00)
[monitor_node-6] [WARN] [1790115793.407933724] [diagnostic_monitor]: ANOMALY on [perception_node] /perception/obstacles:obstacle_empty: Value 1.0000 deviated from baseline 0.0000±0.0001 (z=10000.0, confirmed x5) (sev=1.00)
[monitor_node-6] [WARN] [1790115793.498059429] [diagnostic_monitor]: ANOMALY on [lidar_node] /sim/lidar/scan:nan_ratio: Value 0.3556 deviated from baseline 0.0000±0.0001 (z=3555.6, confirmed x319) (sev=1.00)
[monitor_node-6] [WARN] [1790115793.508173212] [diagnostic_monitor]: ANOMALY on [perception_node] /perception/obstacles:obstacle_empty: Value 1.0000 deviated from baseline 0.0000±0.0001 (z=10000.0, confirmed x6) (sev=1.00)
[monitor_node-6] [WARN] [1790115793.598810591] [diagnostic_monitor]: ANOMALY on [lidar_node] /sim/lidar/scan:nan_ratio: Value 0.2778 deviated from baseline 0.0000±0.0001 (z=2777.8, confirmed x320) (sev=1.00)
[monitor_node-6] [WARN] [1790115793.698210340] [diagnostic_monitor]: ANOMALY on [lidar_node] /sim/lidar/scan:nan_ratio: Value 0.3778 deviated from baseline 0.0000±0.0001 (z=3777.8, confirmed x321) (sev=1.00)
[monitor_node-6] [WARN] [1790115793.798648206] [diagnostic_monitor]: ANOMALY on [lidar_node] /sim/lidar/scan:nan_ratio: Value 0.2667 deviated from baseline 0.0000±0.0001 (z=2666.7, confirmed x322) (sev=1.00)
[monitor_node-6] [WARN] [1790115793.897841373] [diagnostic_monitor]: ANOMALY on [lidar_node] /sim/lidar/scan:nan_ratio: Value 0.3556 deviated from baseline 0.0000±0.0001 (z=3555.6, confirmed x323) (sev=1.00)
[monitor_node-6] [WARN] [1790115793.997591526] [diagnostic_monitor]: ANOMALY on [lidar_node] /sim/lidar/scan:nan_ratio: Value 0.3111 deviated from baseline 0.0000±0.0001 (z=3111.1, confirmed x324) (sev=1.00)
[monitor_node-6] [WARN] [1790115794.017032785] [diagnostic_monitor]: ANOMALY on [perception_node] /perception/obstacles:obstacle_empty: Value 1.0000 deviated from baseline 0.0000±0.0001 (z=10000.0, confirmed x2) (sev=1.00)
[monitor_node-6] [WARN] [1790115794.097722017] [diagnostic_monitor]: ANOMALY on [lidar_node] /sim/lidar/scan:nan_ratio: Value 0.2444 deviated from baseline 0.0000±0.0001 (z=2444.4, confirmed x325) (sev=1.00)
[monitor_node-6] [WARN] [1790115794.198244862] [diagnostic_monitor]: ANOMALY on [lidar_node] /sim/lidar/scan:nan_ratio: Value 0.2667 deviated from baseline 0.0000±0.0001 (z=2666.7, confirmed x326) (sev=1.00)
[monitor_node-6] [WARN] [1790115794.298046767] [diagnostic_monitor]: ANOMALY on [lidar_node] /sim/lidar/scan:nan_ratio: Value 0.2667 deviated from baseline 0.0000±0.0001 (z=2666.7, confirmed x327) (sev=1.00)
[monitor_node-6] [WARN] [1790115794.399283146] [diagnostic_monitor]: ANOMALY on [lidar_node] /sim/lidar/scan:nan_ratio: Value 0.3778 deviated from baseline 0.0000±0.0001 (z=3777.8, confirmed x328) (sev=1.00)
[monitor_node-6] [WARN] [1790115794.498670890] [diagnostic_monitor]: ANOMALY on [lidar_node] /sim/lidar/scan:nan_ratio: Value 0.2444 deviated from baseline 0.0000±0.0001 (z=2444.4, confirmed x329) (sev=1.00)
[monitor_node-6] [WARN] [1790115794.604460105] [diagnostic_monitor]: ANOMALY on [lidar_node] /sim/lidar/scan:nan_ratio: Value 0.3222 deviated from baseline 0.0000±0.0001 (z=3222.2, confirmed x330) (sev=1.00)
[monitor_node-6] [WARN] [1790115794.703553320] [diagnostic_monitor]: ANOMALY on [lidar_node] /sim/lidar/scan:nan_ratio: Value 0.3778 deviated from baseline 0.0000±0.0001 (z=3777.8, confirmed x331) (sev=1.00)
[monitor_node-6] [WARN] [1790115794.708583893] [diagnostic_monitor]: ANOMALY on [perception_node] /perception/obstacles:obstacle_empty: Value 1.0000 deviated from baseline 0.0000±0.0001 (z=10000.0, confirmed x2) (sev=1.00)
[monitor_node-6] [WARN] [1790115794.798423342] [diagnostic_monitor]: ANOMALY on [lidar_node] /sim/lidar/scan:nan_ratio: Value 0.2889 deviated from baseline 0.0000±0.0001 (z=2888.9, confirmed x332) (sev=1.00)
[monitor_node-6] [WARN] [1790115794.898764391] [diagnostic_monitor]: ANOMALY on [lidar_node] /sim/lidar/scan:nan_ratio: Value 0.3000 deviated from baseline 0.0000±0.0001 (z=3000.0, confirmed x333) (sev=1.00)
[monitor_node-6] [WARN] [1790115794.998880905] [diagnostic_monitor]: ANOMALY on [lidar_node] /sim/lidar/scan:nan_ratio: Value 0.3667 deviated from baseline 0.0000±0.0001 (z=3666.7, confirmed x334) (sev=1.00)
[monitor_node-6] [WARN] [1790115795.097432966] [diagnostic_monitor]: ANOMALY on [lidar_node] /sim/lidar/scan:nan_ratio: Value 0.2667 deviated from baseline 0.0000±0.0001 (z=2666.7, confirmed x335) (sev=1.00)
[monitor_node-6] [WARN] [1790115795.198703442] [diagnostic_monitor]: ANOMALY on [lidar_node] /sim/lidar/scan:nan_ratio: Value 0.3333 deviated from baseline 0.0000±0.0001 (z=3333.3, confirmed x336) (sev=1.00)
[monitor_node-6] [WARN] [1790115795.298523456] [diagnostic_monitor]: ANOMALY on [lidar_node] /sim/lidar/scan:nan_ratio: Value 0.2889 deviated from baseline 0.0000±0.0001 (z=2888.9, confirmed x337) (sev=1.00)
[monitor_node-6] [WARN] [1790115795.398261774] [diagnostic_monitor]: ANOMALY on [lidar_node] /sim/lidar/scan:nan_ratio: Value 0.2667 deviated from baseline 0.0000±0.0001 (z=2666.7, confirmed x338) (sev=1.00)
[monitor_node-6] [WARN] [1790115795.499706294] [diagnostic_monitor]: ANOMALY on [lidar_node] /sim/lidar/scan:nan_ratio: Value 0.3889 deviated from baseline 0.0000±0.0001 (z=3888.9, confirmed x339) (sev=1.00)
[monitor_node-6] [WARN] [1790115795.599716973] [diagnostic_monitor]: ANOMALY on [lidar_node] /sim/lidar/scan:nan_ratio: Value 0.2889 deviated from baseline 0.0000±0.0001 (z=2888.9, confirmed x340) (sev=1.00)
[monitor_node-6] [WARN] [1790115795.697867280] [diagnostic_monitor]: ANOMALY on [lidar_node] /sim/lidar/scan:nan_ratio: Value 0.3333 deviated from baseline 0.0000±0.0001 (z=3333.3, confirmed x341) (sev=1.00)
[monitor_node-6] [WARN] [1790115795.798581204] [diagnostic_monitor]: ANOMALY on [lidar_node] /sim/lidar/scan:nan_ratio: Value 0.3556 deviated from baseline 0.0000±0.0001 (z=3555.6, confirmed x342) (sev=1.00)
[monitor_node-6] [WARN] [1790115795.808397568] [diagnostic_monitor]: ANOMALY on [perception_node] /perception/obstacles:obstacle_empty: Value 1.0000 deviated from baseline 0.0000±0.0001 (z=10000.0, confirmed x2) (sev=1.00)
[monitor_node-6] [WARN] [1790115795.897408825] [diagnostic_monitor]: ANOMALY on [lidar_node] /sim/lidar/scan:nan_ratio: Value 0.2778 deviated from baseline 0.0000±0.0001 (z=2777.8, confirmed x343) (sev=1.00)
[monitor_node-6] [WARN] [1790115795.998089510] [diagnostic_monitor]: ANOMALY on [lidar_node] /sim/lidar/scan:nan_ratio: Value 0.3667 deviated from baseline 0.0000±0.0001 (z=3666.7, confirmed x344) (sev=1.00)
[monitor_node-6] [WARN] [1790115796.297960707] [diagnostic_monitor]: ANOMALY on [lidar_node] /sim/lidar/scan:nan_ratio: Value 0.2333 deviated from baseline 0.0002±0.0059 (z=39.4, confirmed x2) (sev=1.00)
[monitor_node-6] [WARN] [1790115796.398223842] [diagnostic_monitor]: ANOMALY on [lidar_node] /sim/lidar/scan:nan_ratio: Value 0.3333 deviated from baseline 0.0002±0.0059 (z=56.3, confirmed x3) (sev=1.00)
[monitor_node-6] [WARN] [1790115796.497189529] [diagnostic_monitor]: ANOMALY on [lidar_node] /sim/lidar/scan:nan_ratio: Value 0.4111 deviated from baseline 0.0002±0.0059 (z=69.5, confirmed x4) (sev=1.00)
[monitor_node-6] [WARN] [1790115796.509509468] [diagnostic_monitor]: ANOMALY on [perception_node] /perception/obstacles:obstacle_empty: Value 1.0000 deviated from baseline 0.0000±0.0001 (z=10000.0, confirmed x2) (sev=1.00)
[monitor_node-6] [WARN] [1790115796.598084709] [diagnostic_monitor]: ANOMALY on [lidar_node] /sim/lidar/scan:nan_ratio: Value 0.3333 deviated from baseline 0.0002±0.0059 (z=56.3, confirmed x5) (sev=1.00)
[monitor_node-6] [WARN] [1790115796.607965024] [diagnostic_monitor]: ANOMALY on [perception_node] /perception/obstacles:obstacle_empty: Value 1.0000 deviated from baseline 0.0000±0.0001 (z=10000.0, confirmed x3) (sev=1.00)
[monitor_node-6] [WARN] [1790115796.698093357] [diagnostic_monitor]: ANOMALY on [lidar_node] /sim/lidar/scan:nan_ratio: Value 0.3000 deviated from baseline 0.0002±0.0059 (z=50.7, confirmed x6) (sev=1.00)
[monitor_node-6] [WARN] [1790115796.797899475] [diagnostic_monitor]: ANOMALY on [lidar_node] /sim/lidar/scan:nan_ratio: Value 0.2556 deviated from baseline 0.0002±0.0059 (z=43.2, confirmed x7) (sev=1.00)
[monitor_node-6] [WARN] [1790115796.897644768] [diagnostic_monitor]: ANOMALY on [lidar_node] /sim/lidar/scan:nan_ratio: Value 0.3111 deviated from baseline 0.0002±0.0059 (z=52.6, confirmed x8) (sev=1.00)
[monitor_node-6] [WARN] [1790115796.997772900] [diagnostic_monitor]: ANOMALY on [lidar_node] /sim/lidar/scan:nan_ratio: Value 0.2889 deviated from baseline 0.0002±0.0059 (z=48.8, confirmed x9) (sev=1.00)
[monitor_node-6] [WARN] [1790115797.098278883] [diagnostic_monitor]: ANOMALY on [lidar_node] /sim/lidar/scan:nan_ratio: Value 0.2444 deviated from baseline 0.0002±0.0059 (z=41.3, confirmed x10) (sev=1.00)
[monitor_node-6] [WARN] [1790115797.198482411] [diagnostic_monitor]: ANOMALY on [lidar_node] /sim/lidar/scan:nan_ratio: Value 0.3222 deviated from baseline 0.0002±0.0059 (z=54.5, confirmed x11) (sev=1.00)
[monitor_node-6] [WARN] [1790115797.298761119] [diagnostic_monitor]: ANOMALY on [lidar_node] /sim/lidar/scan:nan_ratio: Value 0.2667 deviated from baseline 0.0002±0.0059 (z=45.1, confirmed x12) (sev=1.00)
[monitor_node-6] [WARN] [1790115797.398832826] [diagnostic_monitor]: ANOMALY on [lidar_node] /sim/lidar/scan:nan_ratio: Value 0.3000 deviated from baseline 0.0002±0.0059 (z=50.7, confirmed x13) (sev=1.00)
[monitor_node-6] [WARN] [1790115797.498377416] [diagnostic_monitor]: ANOMALY on [lidar_node] /sim/lidar/scan:nan_ratio: Value 0.2778 deviated from baseline 0.0002±0.0059 (z=46.9, confirmed x14) (sev=1.00)
[monitor_node-6] [WARN] [1790115797.598407349] [diagnostic_monitor]: ANOMALY on [lidar_node] /sim/lidar/scan:nan_ratio: Value 0.2667 deviated from baseline 0.0002±0.0059 (z=45.1, confirmed x15) (sev=1.00)
[monitor_node-6] [WARN] [1790115797.698379373] [diagnostic_monitor]: ANOMALY on [lidar_node] /sim/lidar/scan:nan_ratio: Value 0.3444 deviated from baseline 0.0002±0.0059 (z=58.2, confirmed x16) (sev=1.00)
[monitor_node-6] [WARN] [1790115797.797848292] [diagnostic_monitor]: ANOMALY on [lidar_node] /sim/lidar/scan:nan_ratio: Value 0.2889 deviated from baseline 0.0002±0.0059 (z=48.8, confirmed x17) (sev=1.00)
[monitor_node-6] [WARN] [1790115797.897869349] [diagnostic_monitor]: ANOMALY on [lidar_node] /sim/lidar/scan:nan_ratio: Value 0.3111 deviated from baseline 0.0002±0.0059 (z=52.6, confirmed x18) (sev=1.00)
[monitor_node-6] [WARN] [1790115797.997992886] [diagnostic_monitor]: ANOMALY on [lidar_node] /sim/lidar/scan:nan_ratio: Value 0.4111 deviated from baseline 0.0002±0.0059 (z=69.5, confirmed x19) (sev=1.00)
[monitor_node-6] [WARN] [1790115798.008446394] [diagnostic_monitor]: ANOMALY on [perception_node] /perception/obstacles:obstacle_empty: Value 1.0000 deviated from baseline 0.0000±0.0001 (z=10000.0, confirmed x2) (sev=1.00)
[monitor_node-6] [WARN] [1790115798.097767127] [diagnostic_monitor]: ANOMALY on [lidar_node] /sim/lidar/scan:nan_ratio: Value 0.2556 deviated from baseline 0.0002±0.0059 (z=43.2, confirmed x20) (sev=1.00)
[monitor_node-6] [WARN] [1790115798.197727702] [diagnostic_monitor]: ANOMALY on [lidar_node] /sim/lidar/scan:nan_ratio: Value 0.3000 deviated from baseline 0.0002±0.0059 (z=50.7, confirmed x21) (sev=1.00)
[monitor_node-6] [WARN] [1790115798.298427228] [diagnostic_monitor]: ANOMALY on [lidar_node] /sim/lidar/scan:nan_ratio: Value 0.3222 deviated from baseline 0.0002±0.0059 (z=54.5, confirmed x22) (sev=1.00)
[monitor_node-6] [WARN] [1790115798.398097010] [diagnostic_monitor]: ANOMALY on [lidar_node] /sim/lidar/scan:nan_ratio: Value 0.2778 deviated from baseline 0.0002±0.0059 (z=46.9, confirmed x23) (sev=1.00)
[monitor_node-6] [WARN] [1790115798.498135527] [diagnostic_monitor]: ANOMALY on [lidar_node] /sim/lidar/scan:nan_ratio: Value 0.4444 deviated from baseline 0.0002±0.0059 (z=75.1, confirmed x24) (sev=1.00)
[monitor_node-6] [WARN] [1790115798.597891290] [diagnostic_monitor]: ANOMALY on [lidar_node] /sim/lidar/scan:nan_ratio: Value 0.3444 deviated from baseline 0.0002±0.0059 (z=58.2, confirmed x25) (sev=1.00)
[monitor_node-6] [WARN] [1790115798.608083408] [diagnostic_monitor]: ANOMALY on [perception_node] /perception/obstacles:obstacle_empty: Value 1.0000 deviated from baseline 0.0000±0.0001 (z=10000.0, confirmed x2) (sev=1.00)
[monitor_node-6] [WARN] [1790115798.697988507] [diagnostic_monitor]: ANOMALY on [lidar_node] /sim/lidar/scan:nan_ratio: Value 0.2556 deviated from baseline 0.0002±0.0059 (z=43.2, confirmed x26) (sev=1.00)
[monitor_node-6] [WARN] [1790115798.798463171] [diagnostic_monitor]: ANOMALY on [lidar_node] /sim/lidar/scan:nan_ratio: Value 0.2556 deviated from baseline 0.0002±0.0059 (z=43.2, confirmed x27) (sev=1.00)
[monitor_node-6] [WARN] [1790115798.899282076] [diagnostic_monitor]: ANOMALY on [lidar_node] /sim/lidar/scan:nan_ratio: Value 0.3000 deviated from baseline 0.0002±0.0059 (z=50.7, confirmed x28) (sev=1.00)
[monitor_node-6] [WARN] [1790115798.998217648] [diagnostic_monitor]: ANOMALY on [lidar_node] /sim/lidar/scan:nan_ratio: Value 0.3222 deviated from baseline 0.0002±0.0059 (z=54.5, confirmed x29) (sev=1.00)
[monitor_node-6] [WARN] [1790115799.098843234] [diagnostic_monitor]: ANOMALY on [lidar_node] /sim/lidar/scan:nan_ratio: Value 0.4000 deviated from baseline 0.0002±0.0059 (z=67.6, confirmed x30) (sev=1.00)
[monitor_node-6] [WARN] [1790115799.108423171] [diagnostic_monitor]: ANOMALY on [perception_node] /perception/obstacles:obstacle_empty: Value 1.0000 deviated from baseline 0.0000±0.0001 (z=10000.0, confirmed x2) (sev=1.00)
[monitor_node-6] [WARN] [1790115799.198793500] [diagnostic_monitor]: ANOMALY on [lidar_node] /sim/lidar/scan:nan_ratio: Value 0.3111 deviated from baseline 0.0002±0.0059 (z=52.6, confirmed x31) (sev=1.00)
[monitor_node-6] [WARN] [1790115799.208828673] [diagnostic_monitor]: ANOMALY on [perception_node] /perception/obstacles:obstacle_empty: Value 1.0000 deviated from baseline 0.0000±0.0001 (z=10000.0, confirmed x3) (sev=1.00)
[monitor_node-6] [WARN] [1790115799.298364162] [diagnostic_monitor]: ANOMALY on [lidar_node] /sim/lidar/scan:nan_ratio: Value 0.2889 deviated from baseline 0.0002±0.0059 (z=48.8, confirmed x32) (sev=1.00)
[monitor_node-6] [WARN] [1790115799.397784741] [diagnostic_monitor]: ANOMALY on [lidar_node] /sim/lidar/scan:nan_ratio: Value 0.2444 deviated from baseline 0.0002±0.0059 (z=41.3, confirmed x33) (sev=1.00)
[monitor_node-6] [WARN] [1790115799.498238145] [diagnostic_monitor]: ANOMALY on [lidar_node] /sim/lidar/scan:nan_ratio: Value 0.3222 deviated from baseline 0.0002±0.0059 (z=54.5, confirmed x34) (sev=1.00)
[monitor_node-6] [WARN] [1790115799.599787335] [diagnostic_monitor]: ANOMALY on [lidar_node] /sim/lidar/scan:nan_ratio: Value 0.3667 deviated from baseline 0.0002±0.0059 (z=62.0, confirmed x35) (sev=1.00)
[monitor_node-6] [WARN] [1790115799.608798455] [diagnostic_monitor]: ANOMALY on [perception_node] /perception/obstacles:obstacle_empty: Value 1.0000 deviated from baseline 0.0000±0.0001 (z=10000.0, confirmed x2) (sev=1.00)
[monitor_node-6] [WARN] [1790115799.698454856] [diagnostic_monitor]: ANOMALY on [lidar_node] /sim/lidar/scan:nan_ratio: Value 0.3222 deviated from baseline 0.0002±0.0059 (z=54.5, confirmed x36) (sev=1.00)
[monitor_node-6] [WARN] [1790115799.709067456] [diagnostic_monitor]: ANOMALY on [perception_node] /perception/obstacles:obstacle_empty: Value 1.0000 deviated from baseline 0.0000±0.0001 (z=10000.0, confirmed x3) (sev=1.00)
[monitor_node-6] [WARN] [1790115799.798073664] [diagnostic_monitor]: ANOMALY on [lidar_node] /sim/lidar/scan:nan_ratio: Value 0.3444 deviated from baseline 0.0002±0.0059 (z=58.2, confirmed x37) (sev=1.00)
[monitor_node-6] [WARN] [1790115799.808571076] [diagnostic_monitor]: ANOMALY on [perception_node] /perception/obstacles:obstacle_empty: Value 1.0000 deviated from baseline 0.0000±0.0001 (z=10000.0, confirmed x4) (sev=1.00)
[monitor_node-6] [WARN] [1790115799.898341383] [diagnostic_monitor]: ANOMALY on [lidar_node] /sim/lidar/scan:nan_ratio: Value 0.2889 deviated from baseline 0.0002±0.0059 (z=48.8, confirmed x38) (sev=1.00)
[monitor_node-6] [WARN] [1790115799.998573820] [diagnostic_monitor]: ANOMALY on [lidar_node] /sim/lidar/scan:nan_ratio: Value 0.3778 deviated from baseline 0.0002±0.0059 (z=63.8, confirmed x39) (sev=1.00)
[monitor_node-6] [WARN] [1790115800.098530925] [diagnostic_monitor]: ANOMALY on [lidar_node] /sim/lidar/scan:nan_ratio: Value 0.2444 deviated from baseline 0.0002±0.0059 (z=41.3, confirmed x40) (sev=1.00)
[monitor_node-6] [WARN] [1790115800.199693501] [diagnostic_monitor]: ANOMALY on [lidar_node] /sim/lidar/scan:nan_ratio: Value 0.2222 deviated from baseline 0.0002±0.0059 (z=37.5, confirmed x41) (sev=1.00)
[monitor_node-6] [WARN] [1790115800.302471893] [diagnostic_monitor]: ANOMALY on [lidar_node] /sim/lidar/scan:nan_ratio: Value 0.3444 deviated from baseline 0.0002±0.0059 (z=58.2, confirmed x42) (sev=1.00)
[monitor_node-6] [WARN] [1790115800.399724928] [diagnostic_monitor]: ANOMALY on [lidar_node] /sim/lidar/scan:nan_ratio: Value 0.4556 deviated from baseline 0.0002±0.0059 (z=77.0, confirmed x43) (sev=1.00)
[monitor_node-6] [WARN] [1790115800.409828144] [diagnostic_monitor]: ANOMALY on [perception_node] /perception/obstacles:obstacle_empty: Value 1.0000 deviated from baseline 0.0000±0.0001 (z=10000.0, confirmed x2) (sev=1.00)
[monitor_node-6] [WARN] [1790115800.498127559] [diagnostic_monitor]: ANOMALY on [lidar_node] /sim/lidar/scan:nan_ratio: Value 0.3667 deviated from baseline 0.0002±0.0059 (z=62.0, confirmed x44) (sev=1.00)
[monitor_node-6] [WARN] [1790115800.508353812] [diagnostic_monitor]: ANOMALY on [perception_node] /perception/obstacles:obstacle_empty: Value 1.0000 deviated from baseline 0.0000±0.0001 (z=10000.0, confirmed x3) (sev=1.00)
[monitor_node-6] [WARN] [1790115800.598792671] [diagnostic_monitor]: ANOMALY on [lidar_node] /sim/lidar/scan:nan_ratio: Value 0.3111 deviated from baseline 0.0002±0.0059 (z=52.6, confirmed x45) (sev=1.00)
[monitor_node-6] [WARN] [1790115800.608645075] [diagnostic_monitor]: ANOMALY on [perception_node] /perception/obstacles:obstacle_empty: Value 1.0000 deviated from baseline 0.0000±0.0001 (z=10000.0, confirmed x4) (sev=1.00)
[monitor_node-6] [WARN] [1790115800.698817814] [diagnostic_monitor]: ANOMALY on [lidar_node] /sim/lidar/scan:nan_ratio: Value 0.2667 deviated from baseline 0.0002±0.0059 (z=45.1, confirmed x46) (sev=1.00)
[monitor_node-6] [WARN] [1790115800.798219698] [diagnostic_monitor]: ANOMALY on [lidar_node] /sim/lidar/scan:nan_ratio: Value 0.2444 deviated from baseline 0.0002±0.0059 (z=41.3, confirmed x47) (sev=1.00)
[monitor_node-6] [WARN] [1790115800.897546477] [diagnostic_monitor]: ANOMALY on [lidar_node] /sim/lidar/scan:nan_ratio: Value 0.3000 deviated from baseline 0.0002±0.0059 (z=50.7, confirmed x48) (sev=1.00)
[monitor_node-6] [WARN] [1790115800.998053874] [diagnostic_monitor]: ANOMALY on [lidar_node] /sim/lidar/scan:nan_ratio: Value 0.3667 deviated from baseline 0.0002±0.0059 (z=62.0, confirmed x49) (sev=1.00)
[monitor_node-6] [WARN] [1790115801.099343171] [diagnostic_monitor]: ANOMALY on [lidar_node] /sim/lidar/scan:nan_ratio: Value 0.3444 deviated from baseline 0.0002±0.0059 (z=58.2, confirmed x50) (sev=1.00)
[monitor_node-6] [WARN] [1790115801.108853585] [diagnostic_monitor]: ANOMALY on [perception_node] /perception/obstacles:obstacle_empty: Value 1.0000 deviated from baseline 0.0000±0.0001 (z=10000.0, confirmed x2) (sev=1.00)
[monitor_node-6] [WARN] [1790115801.198266764] [diagnostic_monitor]: ANOMALY on [lidar_node] /sim/lidar/scan:nan_ratio: Value 0.3333 deviated from baseline 0.0002±0.0059 (z=56.3, confirmed x51) (sev=1.00)
[monitor_node-6] [WARN] [1790115801.209142117] [diagnostic_monitor]: ANOMALY on [perception_node] /perception/obstacles:obstacle_empty: Value 1.0000 deviated from baseline 0.0000±0.0001 (z=10000.0, confirmed x3) (sev=1.00)
[monitor_node-6] [WARN] [1790115801.299936542] [diagnostic_monitor]: ANOMALY on [lidar_node] /sim/lidar/scan:nan_ratio: Value 0.3667 deviated from baseline 0.0002±0.0059 (z=62.0, confirmed x52) (sev=1.00)
[monitor_node-6] [WARN] [1790115801.308543136] [diagnostic_monitor]: ANOMALY on [perception_node] /perception/obstacles:obstacle_empty: Value 1.0000 deviated from baseline 0.0000±0.0001 (z=10000.0, confirmed x4) (sev=1.00)
[monitor_node-6] [WARN] [1790115801.400032363] [diagnostic_monitor]: ANOMALY on [lidar_node] /sim/lidar/scan:nan_ratio: Value 0.3000 deviated from baseline 0.0002±0.0059 (z=50.7, confirmed x53) (sev=1.00)
[monitor_node-6] [WARN] [1790115801.500560807] [diagnostic_monitor]: ANOMALY on [lidar_node] /sim/lidar/scan:nan_ratio: Value 0.2556 deviated from baseline 0.0002±0.0059 (z=43.2, confirmed x54) (sev=1.00)
[monitor_node-6] [WARN] [1790115801.600892006] [diagnostic_monitor]: ANOMALY on [lidar_node] /sim/lidar/scan:nan_ratio: Value 0.3111 deviated from baseline 0.0002±0.0059 (z=52.6, confirmed x55) (sev=1.00)
[monitor_node-6] [WARN] [1790115801.697928905] [diagnostic_monitor]: ANOMALY on [lidar_node] /sim/lidar/scan:nan_ratio: Value 0.2556 deviated from baseline 0.0002±0.0059 (z=43.2, confirmed x56) (sev=1.00)
[monitor_node-6] [WARN] [1790115801.798449047] [diagnostic_monitor]: ANOMALY on [lidar_node] /sim/lidar/scan:nan_ratio: Value 0.4000 deviated from baseline 0.0002±0.0059 (z=67.6, confirmed x57) (sev=1.00)
[monitor_node-6] [WARN] [1790115801.897856292] [diagnostic_monitor]: ANOMALY on [lidar_node] /sim/lidar/scan:nan_ratio: Value 0.3333 deviated from baseline 0.0002±0.0059 (z=56.3, confirmed x58) (sev=1.00)
[monitor_node-6] [WARN] [1790115801.908359464] [diagnostic_monitor]: ANOMALY on [perception_node] /perception/obstacles:obstacle_empty: Value 1.0000 deviated from baseline 0.0000±0.0001 (z=10000.0, confirmed x2) (sev=1.00)
[monitor_node-6] [WARN] [1790115801.999984407] [diagnostic_monitor]: ANOMALY on [lidar_node] /sim/lidar/scan:nan_ratio: Value 0.3000 deviated from baseline 0.0002±0.0059 (z=50.7, confirmed x59) (sev=1.00)
[monitor_node-6] [WARN] [1790115802.097908144] [diagnostic_monitor]: ANOMALY on [lidar_node] /sim/lidar/scan:nan_ratio: Value 0.3111 deviated from baseline 0.0002±0.0059 (z=52.6, confirmed x60) (sev=1.00)
[monitor_node-6] [WARN] [1790115802.197958858] [diagnostic_monitor]: ANOMALY on [lidar_node] /sim/lidar/scan:nan_ratio: Value 0.3111 deviated from baseline 0.0002±0.0059 (z=52.6, confirmed x61) (sev=1.00)
[monitor_node-6] [WARN] [1790115802.208067602] [diagnostic_monitor]: ANOMALY on [perception_node] /perception/obstacles:obstacle_empty: Value 1.0000 deviated from baseline 0.0000±0.0001 (z=10000.0, confirmed x2) (sev=1.00)
[monitor_node-6] [WARN] [1790115802.297961002] [diagnostic_monitor]: ANOMALY on [lidar_node] /sim/lidar/scan:nan_ratio: Value 0.4333 deviated from baseline 0.0002±0.0059 (z=73.2, confirmed x62) (sev=1.00)
[monitor_node-6] [WARN] [1790115802.308594647] [diagnostic_monitor]: ANOMALY on [perception_node] /perception/obstacles:obstacle_empty: Value 1.0000 deviated from baseline 0.0000±0.0001 (z=10000.0, confirmed x3) (sev=1.00)
[monitor_node-6] [WARN] [1790115802.398163507] [diagnostic_monitor]: ANOMALY on [lidar_node] /sim/lidar/scan:nan_ratio: Value 0.4222 deviated from baseline 0.0002±0.0059 (z=71.4, confirmed x63) (sev=1.00)
[monitor_node-6] [WARN] [1790115802.408515668] [diagnostic_monitor]: ANOMALY on [perception_node] /perception/obstacles:obstacle_empty: Value 1.0000 deviated from baseline 0.0000±0.0001 (z=10000.0, confirmed x4) (sev=1.00)
[monitor_node-6] [WARN] [1790115802.497646447] [diagnostic_monitor]: ANOMALY on [lidar_node] /sim/lidar/scan:nan_ratio: Value 0.2556 deviated from baseline 0.0002±0.0059 (z=43.2, confirmed x64) (sev=1.00)
[monitor_node-6] [WARN] [1790115802.598120380] [diagnostic_monitor]: ANOMALY on [lidar_node] /sim/lidar/scan:nan_ratio: Value 0.2889 deviated from baseline 0.0002±0.0059 (z=48.8, confirmed x65) (sev=1.00)
[monitor_node-6] [WARN] [1790115802.698618782] [diagnostic_monitor]: ANOMALY on [lidar_node] /sim/lidar/scan:nan_ratio: Value 0.2889 deviated from baseline 0.0002±0.0059 (z=48.8, confirmed x66) (sev=1.00)
[monitor_node-6] [WARN] [1790115802.798049299] [diagnostic_monitor]: ANOMALY on [lidar_node] /sim/lidar/scan:nan_ratio: Value 0.2667 deviated from baseline 0.0002±0.0059 (z=45.1, confirmed x67) (sev=1.00)
[monitor_node-6] [WARN] [1790115802.898102519] [diagnostic_monitor]: ANOMALY on [lidar_node] /sim/lidar/scan:nan_ratio: Value 0.3778 deviated from baseline 0.0002±0.0059 (z=63.8, confirmed x68) (sev=1.00)
[monitor_node-6] [WARN] [1790115802.998136145] [diagnostic_monitor]: ANOMALY on [lidar_node] /sim/lidar/scan:nan_ratio: Value 0.3444 deviated from baseline 0.0002±0.0059 (z=58.2, confirmed x69) (sev=1.00)
[monitor_node-6] [WARN] [1790115803.007854450] [diagnostic_monitor]: ANOMALY on [perception_node] /perception/obstacles:obstacle_empty: Value 1.0000 deviated from baseline 0.0000±0.0001 (z=10000.0, confirmed x2) (sev=1.00)
[monitor_node-6] [WARN] [1790115803.097889349] [diagnostic_monitor]: ANOMALY on [lidar_node] /sim/lidar/scan:nan_ratio: Value 0.3556 deviated from baseline 0.0002±0.0059 (z=60.1, confirmed x70) (sev=1.00)
[monitor_node-6] [WARN] [1790115803.108422172] [diagnostic_monitor]: ANOMALY on [perception_node] /perception/obstacles:obstacle_empty: Value 1.0000 deviated from baseline 0.0000±0.0001 (z=10000.0, confirmed x3) (sev=1.00)
[monitor_node-6] [WARN] [1790115803.198060516] [diagnostic_monitor]: ANOMALY on [lidar_node] /sim/lidar/scan:nan_ratio: Value 0.3333 deviated from baseline 0.0002±0.0059 (z=56.3, confirmed x71) (sev=1.00)
[monitor_node-6] [WARN] [1790115803.209411029] [diagnostic_monitor]: ANOMALY on [perception_node] /perception/obstacles:obstacle_empty: Value 1.0000 deviated from baseline 0.0000±0.0001 (z=10000.0, confirmed x4) (sev=1.00)
[monitor_node-6] [WARN] [1790115803.298616102] [diagnostic_monitor]: ANOMALY on [lidar_node] /sim/lidar/scan:nan_ratio: Value 0.2889 deviated from baseline 0.0002±0.0059 (z=48.8, confirmed x72) (sev=1.00)
[monitor_node-6] [WARN] [1790115803.397990207] [diagnostic_monitor]: ANOMALY on [lidar_node] /sim/lidar/scan:nan_ratio: Value 0.2889 deviated from baseline 0.0002±0.0059 (z=48.8, confirmed x73) (sev=1.00)
[monitor_node-6] [WARN] [1790115803.500319294] [diagnostic_monitor]: ANOMALY on [lidar_node] /sim/lidar/scan:nan_ratio: Value 0.3444 deviated from baseline 0.0002±0.0059 (z=58.2, confirmed x74) (sev=1.00)
[monitor_node-6] [WARN] [1790115803.598372698] [diagnostic_monitor]: ANOMALY on [lidar_node] /sim/lidar/scan:nan_ratio: Value 0.3556 deviated from baseline 0.0002±0.0059 (z=60.1, confirmed x75) (sev=1.00)
[monitor_node-6] [WARN] [1790115803.609887482] [diagnostic_monitor]: ANOMALY on [perception_node] /perception/obstacles:obstacle_empty: Value 1.0000 deviated from baseline 0.0000±0.0001 (z=10000.0, confirmed x2) (sev=1.00)
[monitor_node-6] [WARN] [1790115803.698549440] [diagnostic_monitor]: ANOMALY on [lidar_node] /sim/lidar/scan:nan_ratio: Value 0.3889 deviated from baseline 0.0002±0.0059 (z=65.7, confirmed x76) (sev=1.00)
[monitor_node-6] [WARN] [1790115803.709201087] [diagnostic_monitor]: ANOMALY on [perception_node] /perception/obstacles:obstacle_empty: Value 1.0000 deviated from baseline 0.0000±0.0001 (z=10000.0, confirmed x3) (sev=1.00)
[monitor_node-6] [WARN] [1790115803.797794659] [diagnostic_monitor]: ANOMALY on [lidar_node] /sim/lidar/scan:nan_ratio: Value 0.3667 deviated from baseline 0.0002±0.0059 (z=62.0, confirmed x77) (sev=1.00)
[monitor_node-6] [WARN] [1790115803.808871155] [diagnostic_monitor]: ANOMALY on [perception_node] /perception/obstacles:obstacle_empty: Value 1.0000 deviated from baseline 0.0000±0.0001 (z=10000.0, confirmed x4) (sev=1.00)
[monitor_node-6] [WARN] [1790115803.897855047] [diagnostic_monitor]: ANOMALY on [lidar_node] /sim/lidar/scan:nan_ratio: Value 0.3000 deviated from baseline 0.0002±0.0059 (z=50.7, confirmed x78) (sev=1.00)
[monitor_node-6] [WARN] [1790115803.998342763] [diagnostic_monitor]: ANOMALY on [lidar_node] /sim/lidar/scan:nan_ratio: Value 0.3000 deviated from baseline 0.0002±0.0059 (z=50.7, confirmed x79) (sev=1.00)
[monitor_node-6] [WARN] [1790115804.097881305] [diagnostic_monitor]: ANOMALY on [lidar_node] /sim/lidar/scan:nan_ratio: Value 0.3111 deviated from baseline 0.0002±0.0059 (z=52.6, confirmed x80) (sev=1.00)
[monitor_node-6] [WARN] [1790115804.198187519] [diagnostic_monitor]: ANOMALY on [lidar_node] /sim/lidar/scan:nan_ratio: Value 0.2778 deviated from baseline 0.0002±0.0059 (z=46.9, confirmed x81) (sev=1.00)
[monitor_node-6] [WARN] [1790115804.298473563] [diagnostic_monitor]: ANOMALY on [lidar_node] /sim/lidar/scan:nan_ratio: Value 0.3000 deviated from baseline 0.0002±0.0059 (z=50.7, confirmed x82) (sev=1.00)
[monitor_node-6] [WARN] [1790115804.398429793] [diagnostic_monitor]: ANOMALY on [lidar_node] /sim/lidar/scan:nan_ratio: Value 0.2111 deviated from baseline 0.0002±0.0059 (z=35.7, confirmed x83) (sev=1.00)
[monitor_node-6] [WARN] [1790115804.497700860] [diagnostic_monitor]: ANOMALY on [lidar_node] /sim/lidar/scan:nan_ratio: Value 0.3556 deviated from baseline 0.0002±0.0059 (z=60.1, confirmed x84) (sev=1.00)
[monitor_node-6] [WARN] [1790115804.597828785] [diagnostic_monitor]: ANOMALY on [lidar_node] /sim/lidar/scan:nan_ratio: Value 0.3444 deviated from baseline 0.0002±0.0059 (z=58.2, confirmed x85) (sev=1.00)
[monitor_node-6] [WARN] [1790115804.608442388] [diagnostic_monitor]: ANOMALY on [perception_node] /perception/obstacles:obstacle_empty: Value 1.0000 deviated from baseline 0.0000±0.0001 (z=10000.0, confirmed x2) (sev=1.00)
[monitor_node-6] [WARN] [1790115804.697468225] [diagnostic_monitor]: ANOMALY on [lidar_node] /sim/lidar/scan:nan_ratio: Value 0.3556 deviated from baseline 0.0002±0.0059 (z=60.1, confirmed x86) (sev=1.00)
[monitor_node-6] [WARN] [1790115804.709487121] [diagnostic_monitor]: ANOMALY on [perception_node] /perception/obstacles:obstacle_empty: Value 1.0000 deviated from baseline 0.0000±0.0001 (z=10000.0, confirmed x3) (sev=1.00)
[monitor_node-6] [WARN] [1790115804.798392021] [diagnostic_monitor]: ANOMALY on [lidar_node] /sim/lidar/scan:nan_ratio: Value 0.3000 deviated from baseline 0.0002±0.0059 (z=50.7, confirmed x87) (sev=1.00)
[monitor_node-6] [WARN] [1790115804.897748070] [diagnostic_monitor]: ANOMALY on [lidar_node] /sim/lidar/scan:nan_ratio: Value 0.3556 deviated from baseline 0.0002±0.0059 (z=60.1, confirmed x88) (sev=1.00)
[monitor_node-6] [WARN] [1790115804.998311220] [diagnostic_monitor]: ANOMALY on [lidar_node] /sim/lidar/scan:nan_ratio: Value 0.2667 deviated from baseline 0.0002±0.0059 (z=45.1, confirmed x89) (sev=1.00)
[monitor_node-6] [WARN] [1790115805.097508561] [diagnostic_monitor]: ANOMALY on [lidar_node] /sim/lidar/scan:nan_ratio: Value 0.3444 deviated from baseline 0.0002±0.0059 (z=58.2, confirmed x90) (sev=1.00)
[monitor_node-6] [WARN] [1790115805.198069673] [diagnostic_monitor]: ANOMALY on [lidar_node] /sim/lidar/scan:nan_ratio: Value 0.2889 deviated from baseline 0.0002±0.0059 (z=48.8, confirmed x91) (sev=1.00)
[monitor_node-6] [WARN] [1790115805.298515686] [diagnostic_monitor]: ANOMALY on [lidar_node] /sim/lidar/scan:nan_ratio: Value 0.2778 deviated from baseline 0.0002±0.0059 (z=46.9, confirmed x92) (sev=1.00)
[monitor_node-6] [WARN] [1790115805.397488985] [diagnostic_monitor]: ANOMALY on [lidar_node] /sim/lidar/scan:nan_ratio: Value 0.4222 deviated from baseline 0.0002±0.0059 (z=71.4, confirmed x93) (sev=1.00)
[monitor_node-6] [WARN] [1790115805.497285638] [diagnostic_monitor]: ANOMALY on [lidar_node] /sim/lidar/scan:nan_ratio: Value 0.3333 deviated from baseline 0.0002±0.0059 (z=56.3, confirmed x94) (sev=1.00)
[monitor_node-6] [WARN] [1790115805.509593467] [diagnostic_monitor]: ANOMALY on [perception_node] /perception/obstacles:obstacle_empty: Value 1.0000 deviated from baseline 0.0000±0.0001 (z=10000.0, confirmed x2) (sev=1.00)
[monitor_node-6] [WARN] [1790115805.598126265] [diagnostic_monitor]: ANOMALY on [lidar_node] /sim/lidar/scan:nan_ratio: Value 0.2222 deviated from baseline 0.0002±0.0059 (z=37.5, confirmed x95) (sev=1.00)
[monitor_node-6] [WARN] [1790115805.699275430] [diagnostic_monitor]: ANOMALY on [lidar_node] /sim/lidar/scan:nan_ratio: Value 0.3556 deviated from baseline 0.0002±0.0059 (z=60.1, confirmed x96) (sev=1.00)
[monitor_node-6] [WARN] [1790115805.798141529] [diagnostic_monitor]: ANOMALY on [lidar_node] /sim/lidar/scan:nan_ratio: Value 0.3222 deviated from baseline 0.0002±0.0059 (z=54.5, confirmed x97) (sev=1.00)
[monitor_node-6] [WARN] [1790115805.807982349] [diagnostic_monitor]: ANOMALY on [perception_node] /perception/obstacles:obstacle_empty: Value 1.0000 deviated from baseline 0.0000±0.0001 (z=10000.0, confirmed x2) (sev=1.00)
[monitor_node-6] [WARN] [1790115805.897596791] [diagnostic_monitor]: ANOMALY on [lidar_node] /sim/lidar/scan:nan_ratio: Value 0.3778 deviated from baseline 0.0002±0.0059 (z=63.8, confirmed x98) (sev=1.00)
[monitor_node-6] [WARN] [1790115805.908078373] [diagnostic_monitor]: ANOMALY on [perception_node] /perception/obstacles:obstacle_empty: Value 1.0000 deviated from baseline 0.0000±0.0001 (z=10000.0, confirmed x3) (sev=1.00)
[monitor_node-6] [WARN] [1790115805.998600012] [diagnostic_monitor]: ANOMALY on [lidar_node] /sim/lidar/scan:nan_ratio: Value 0.2444 deviated from baseline 0.0002±0.0059 (z=41.3, confirmed x99) (sev=1.00)
[monitor_node-6] [WARN] [1790115806.097652401] [diagnostic_monitor]: ANOMALY on [lidar_node] /sim/lidar/scan:nan_ratio: Value 0.3000 deviated from baseline 0.0002±0.0059 (z=50.7, confirmed x100) (sev=1.00)
[monitor_node-6] [WARN] [1790115806.197825766] [diagnostic_monitor]: ANOMALY on [lidar_node] /sim/lidar/scan:nan_ratio: Value 0.2889 deviated from baseline 0.0002±0.0059 (z=48.8, confirmed x101) (sev=1.00)
[monitor_node-6] [WARN] [1790115806.297958494] [diagnostic_monitor]: ANOMALY on [lidar_node] /sim/lidar/scan:nan_ratio: Value 0.4333 deviated from baseline 0.0002±0.0059 (z=73.2, confirmed x102) (sev=1.00)
[monitor_node-6] [WARN] [1790115806.405786695] [diagnostic_monitor]: ANOMALY on [lidar_node] /sim/lidar/scan:nan_ratio: Value 0.2778 deviated from baseline 0.0002±0.0059 (z=46.9, confirmed x103) (sev=1.00)
[monitor_node-6] [WARN] [1790115806.499954409] [diagnostic_monitor]: ANOMALY on [lidar_node] /sim/lidar/scan:nan_ratio: Value 0.3333 deviated from baseline 0.0002±0.0059 (z=56.3, confirmed x104) (sev=1.00)
[monitor_node-6] [WARN] [1790115806.600466201] [diagnostic_monitor]: ANOMALY on [lidar_node] /sim/lidar/scan:nan_ratio: Value 0.3000 deviated from baseline 0.0002±0.0059 (z=50.7, confirmed x105) (sev=1.00)
[monitor_node-6] [WARN] [1790115806.697601639] [diagnostic_monitor]: ANOMALY on [lidar_node] /sim/lidar/scan:nan_ratio: Value 0.3667 deviated from baseline 0.0002±0.0059 (z=62.0, confirmed x106) (sev=1.00)
[sim_world-1] [INFO] [1790115806.786897256] [lidar_node]: lidar_node: degradation "noise" expired
[monitor_node-6] [INFO] [1790115813.004432326] [diagnostic_monitor]: Anomaly window cleared. System operating nominally.
[sim_world-1] [INFO] [1790115830.531174734] [lidar_node]: lidar_node: faults cleared
[control_node-5] [INFO] [1790115830.531490099] [control_node]: control_node: faults cleared
[localization_node-3] [INFO] [1790115830.531562969] [localization_node]: localization_node: faults cleared
[perception_node-2] [INFO] [1790115830.531701084] [perception_node]: perception_node: faults cleared
[planning_node-4] [INFO] [1790115830.531881279] [planning_node]: planning_node: faults cleared
[sim_world-1] [INFO] [1790115830.531985619] [odometry_node]: odometry_node: faults cleared
[sim_world-1] [INFO] [1790115830.532698203] [camera_node]: camera_node: faults cleared
[sim_world-1] [INFO] [1790115830.533571670] [imu_node]: imu_node: faults cleared
[planning_node-4] [INFO] [1790115830.581373047] [planning_node]: planning_node: faults cleared
[perception_node-2] [INFO] [1790115830.581451320] [perception_node]: perception_node: faults cleared
[localization_node-3] [INFO] [1790115830.581496318] [localization_node]: localization_node: faults cleared
[sim_world-1] [INFO] [1790115830.581589788] [lidar_node]: lidar_node: faults cleared
[control_node-5] [INFO] [1790115830.581645383] [control_node]: control_node: faults cleared
[sim_world-1] [INFO] [1790115830.582203257] [odometry_node]: odometry_node: faults cleared
[sim_world-1] [INFO] [1790115830.582703487] [camera_node]: camera_node: faults cleared
[sim_world-1] [INFO] [1790115830.583223525] [imu_node]: imu_node: faults cleared
[localization_node-3] [INFO] [1790115830.631683338] [localization_node]: localization_node: faults cleared
[perception_node-2] [INFO] [1790115830.631868554] [perception_node]: perception_node: faults cleared
[sim_world-1] [INFO] [1790115830.631980564] [lidar_node]: lidar_node: faults cleared
[control_node-5] [INFO] [1790115830.631980687] [control_node]: control_node: faults cleared
[planning_node-4] [INFO] [1790115830.632024514] [planning_node]: planning_node: faults cleared
[sim_world-1] [INFO] [1790115830.632688445] [odometry_node]: odometry_node: faults cleared
[sim_world-1] [INFO] [1790115830.633484699] [camera_node]: camera_node: faults cleared
[sim_world-1] [INFO] [1790115830.634612540] [imu_node]: imu_node: faults cleared
[sim_world-1] [WARN] [1790115912.824591668] [lidar_node]: lidar_node: degradation "noise" param=8 duration=45.0s
[sim_world-1] [WARN] [1790115912.875388629] [lidar_node]: lidar_node: degradation "noise" param=8 duration=45.0s
[sim_world-1] [WARN] [1790115912.925714705] [lidar_node]: lidar_node: degradation "noise" param=8 duration=45.0s
[monitor_node-6] [WARN] [1790115913.003573792] [diagnostic_monitor]: ANOMALY on [lidar_node] /sim/lidar/scan:nan_ratio: Value 0.3889 deviated from baseline 0.0001±0.0041 (z=93.9, confirmed x2) (sev=1.00)
[monitor_node-6] [INFO] [1790115913.008273383] [diagnostic_monitor]: 
[monitor_node-6] ============================================================
[monitor_node-6] ROOT CAUSE DIAGNOSIS: lidar_node (Confidence: 1.000)
[monitor_node-6] ============================================================
[monitor_node-6] Score Breakdown  R(C) = wD*D + wT*T + wS*S + wA*A:
[monitor_node-6]   R(lidar_node) = 0.3·D(1.00) + 0.3·T(1.00) + 0.25·S(1.00) + 0.15·A(1.00) = 1.000
[monitor_node-6]   - Dependency D: 1.00 (reaches 0 downstream anomalous node(s); 0 anomalous upstream node(s))
[monitor_node-6]   - Temporal   T: 1.00 (first anomaly at t=1790115912.90s; earliest in window = supporting evidence, not proof of causality)
[monitor_node-6]   - Symptom    S: 1.00 (explains 1/1 anomalous nodes)
[monitor_node-6]   - Severity   A: 1.00 (max normalised severity on node, 1 direct anomaly event(s))
[monitor_node-6] 
[monitor_node-6] Propagation Chain (evidence-ordered, via discovered graph edges):
[monitor_node-6]   lidar_node (t=1790115912.90s: /sim/lidar/scan:nan_ratio, sev=1.00)
[monitor_node-6] 
[monitor_node-6] ============================================================
[monitor_node-6] [WARN] [1790115913.015942744] [diagnostic_monitor]: ANOMALY on [perception_node] /perception/obstacles:obstacle_empty: Value 1.0000 deviated from baseline 0.0000±0.0001 (z=10000.0, confirmed x2) (sev=1.00)
[monitor_node-6] [WARN] [1790115913.102097276] [diagnostic_monitor]: ANOMALY on [lidar_node] /sim/lidar/scan:nan_ratio: Value 0.3444 deviated from baseline 0.0001±0.0041 (z=83.2, confirmed x3) (sev=1.00)
[monitor_node-6] [WARN] [1790115913.110189141] [diagnostic_monitor]: ANOMALY on [perception_node] /perception/obstacles:obstacle_empty: Value 1.0000 deviated from baseline 0.0000±0.0001 (z=10000.0, confirmed x3) (sev=1.00)
[monitor_node-6] [WARN] [1790115913.199619284] [diagnostic_monitor]: ANOMALY on [lidar_node] /sim/lidar/scan:nan_ratio: Value 0.3444 deviated from baseline 0.0001±0.0041 (z=83.2, confirmed x4) (sev=1.00)
[monitor_node-6] [WARN] [1790115913.209470597] [diagnostic_monitor]: ANOMALY on [perception_node] /perception/obstacles:obstacle_empty: Value 1.0000 deviated from baseline 0.0000±0.0001 (z=10000.0, confirmed x4) (sev=1.00)
[monitor_node-6] [WARN] [1790115913.297684823] [diagnostic_monitor]: ANOMALY on [lidar_node] /sim/lidar/scan:nan_ratio: Value 0.3444 deviated from baseline 0.0001±0.0041 (z=83.2, confirmed x5) (sev=1.00)
[monitor_node-6] [WARN] [1790115913.308069376] [diagnostic_monitor]: ANOMALY on [perception_node] /perception/obstacles:obstacle_empty: Value 1.0000 deviated from baseline 0.0000±0.0001 (z=10000.0, confirmed x5) (sev=1.00)
[monitor_node-6] [WARN] [1790115913.398858379] [diagnostic_monitor]: ANOMALY on [lidar_node] /sim/lidar/scan:nan_ratio: Value 0.2556 deviated from baseline 0.0001±0.0041 (z=61.7, confirmed x6) (sev=1.00)
[monitor_node-6] [WARN] [1790115913.498175605] [diagnostic_monitor]: ANOMALY on [lidar_node] /sim/lidar/scan:nan_ratio: Value 0.2444 deviated from baseline 0.0001±0.0041 (z=59.0, confirmed x7) (sev=1.00)
[monitor_node-6] [WARN] [1790115913.598775205] [diagnostic_monitor]: ANOMALY on [lidar_node] /sim/lidar/scan:nan_ratio: Value 0.3778 deviated from baseline 0.0001±0.0041 (z=91.2, confirmed x8) (sev=1.00)
[monitor_node-6] [WARN] [1790115913.698697960] [diagnostic_monitor]: ANOMALY on [lidar_node] /sim/lidar/scan:nan_ratio: Value 0.3444 deviated from baseline 0.0001±0.0041 (z=83.2, confirmed x9) (sev=1.00)
[monitor_node-6] [WARN] [1790115913.709365314] [diagnostic_monitor]: ANOMALY on [perception_node] /perception/obstacles:obstacle_empty: Value 1.0000 deviated from baseline 0.0000±0.0001 (z=10000.0, confirmed x2) (sev=1.00)
[monitor_node-6] [WARN] [1790115913.797987262] [diagnostic_monitor]: ANOMALY on [lidar_node] /sim/lidar/scan:nan_ratio: Value 0.3556 deviated from baseline 0.0001±0.0041 (z=85.8, confirmed x10) (sev=1.00)
[monitor_node-6] [WARN] [1790115913.808171128] [diagnostic_monitor]: ANOMALY on [perception_node] /perception/obstacles:obstacle_empty: Value 1.0000 deviated from baseline 0.0000±0.0001 (z=10000.0, confirmed x3) (sev=1.00)
[monitor_node-6] [WARN] [1790115914.097868991] [diagnostic_monitor]: ANOMALY on [lidar_node] /sim/lidar/scan:nan_ratio: Value 0.3444 deviated from baseline 0.0002±0.0057 (z=60.6, confirmed x2) (sev=1.00)
[monitor_node-6] [WARN] [1790115914.197958810] [diagnostic_monitor]: ANOMALY on [lidar_node] /sim/lidar/scan:nan_ratio: Value 0.3000 deviated from baseline 0.0002±0.0057 (z=52.8, confirmed x3) (sev=1.00)
[monitor_node-6] [WARN] [1790115914.298110156] [diagnostic_monitor]: ANOMALY on [lidar_node] /sim/lidar/scan:nan_ratio: Value 0.4333 deviated from baseline 0.0002±0.0057 (z=76.2, confirmed x4) (sev=1.00)
[monitor_node-6] [WARN] [1790115914.397962649] [diagnostic_monitor]: ANOMALY on [lidar_node] /sim/lidar/scan:nan_ratio: Value 0.3000 deviated from baseline 0.0002±0.0057 (z=52.8, confirmed x5) (sev=1.00)
[monitor_node-6] [WARN] [1790115914.498362424] [diagnostic_monitor]: ANOMALY on [lidar_node] /sim/lidar/scan:nan_ratio: Value 0.2667 deviated from baseline 0.0002±0.0057 (z=46.9, confirmed x6) (sev=1.00)
[monitor_node-6] [WARN] [1790115914.598490728] [diagnostic_monitor]: ANOMALY on [lidar_node] /sim/lidar/scan:nan_ratio: Value 0.3444 deviated from baseline 0.0002±0.0057 (z=60.6, confirmed x7) (sev=1.00)
[monitor_node-6] [WARN] [1790115914.697422979] [diagnostic_monitor]: ANOMALY on [lidar_node] /sim/lidar/scan:nan_ratio: Value 0.3222 deviated from baseline 0.0002±0.0057 (z=56.7, confirmed x8) (sev=1.00)
[monitor_node-6] [WARN] [1790115914.708410249] [diagnostic_monitor]: ANOMALY on [perception_node] /perception/obstacles:obstacle_empty: Value 1.0000 deviated from baseline 0.0000±0.0001 (z=10000.0, confirmed x2) (sev=1.00)
[monitor_node-6] [WARN] [1790115914.798548808] [diagnostic_monitor]: ANOMALY on [lidar_node] /sim/lidar/scan:nan_ratio: Value 0.3333 deviated from baseline 0.0002±0.0057 (z=58.6, confirmed x9) (sev=1.00)
[monitor_node-6] [WARN] [1790115914.808313451] [diagnostic_monitor]: ANOMALY on [perception_node] /perception/obstacles:obstacle_empty: Value 1.0000 deviated from baseline 0.0000±0.0001 (z=10000.0, confirmed x3) (sev=1.00)
[monitor_node-6] [WARN] [1790115914.898521407] [diagnostic_monitor]: ANOMALY on [lidar_node] /sim/lidar/scan:nan_ratio: Value 0.3222 deviated from baseline 0.0002±0.0057 (z=56.7, confirmed x10) (sev=1.00)
[monitor_node-6] [WARN] [1790115914.908453726] [diagnostic_monitor]: ANOMALY on [perception_node] /perception/obstacles:obstacle_empty: Value 1.0000 deviated from baseline 0.0000±0.0001 (z=10000.0, confirmed x4) (sev=1.00)
[monitor_node-6] [WARN] [1790115914.998212793] [diagnostic_monitor]: ANOMALY on [lidar_node] /sim/lidar/scan:nan_ratio: Value 0.3778 deviated from baseline 0.0002±0.0057 (z=66.4, confirmed x11) (sev=1.00)
[monitor_node-6] [WARN] [1790115915.008770816] [diagnostic_monitor]: ANOMALY on [perception_node] /perception/obstacles:obstacle_empty: Value 1.0000 deviated from baseline 0.0000±0.0001 (z=10000.0, confirmed x5) (sev=1.00)
[monitor_node-6] [WARN] [1790115915.098166176] [diagnostic_monitor]: ANOMALY on [lidar_node] /sim/lidar/scan:nan_ratio: Value 0.3000 deviated from baseline 0.0002±0.0057 (z=52.8, confirmed x12) (sev=1.00)
[monitor_node-6] [WARN] [1790115915.197927039] [diagnostic_monitor]: ANOMALY on [lidar_node] /sim/lidar/scan:nan_ratio: Value 0.4222 deviated from baseline 0.0002±0.0057 (z=74.3, confirmed x13) (sev=1.00)
[monitor_node-6] [WARN] [1790115915.298759731] [diagnostic_monitor]: ANOMALY on [lidar_node] /sim/lidar/scan:nan_ratio: Value 0.2889 deviated from baseline 0.0002±0.0057 (z=50.8, confirmed x14) (sev=1.00)
[monitor_node-6] [WARN] [1790115915.398047655] [diagnostic_monitor]: ANOMALY on [lidar_node] /sim/lidar/scan:nan_ratio: Value 0.2444 deviated from baseline 0.0002±0.0057 (z=43.0, confirmed x15) (sev=1.00)
[monitor_node-6] [WARN] [1790115915.497632454] [diagnostic_monitor]: ANOMALY on [lidar_node] /sim/lidar/scan:nan_ratio: Value 0.3444 deviated from baseline 0.0002±0.0057 (z=60.6, confirmed x16) (sev=1.00)
[monitor_node-6] [WARN] [1790115915.598054373] [diagnostic_monitor]: ANOMALY on [lidar_node] /sim/lidar/scan:nan_ratio: Value 0.2889 deviated from baseline 0.0002±0.0057 (z=50.8, confirmed x17) (sev=1.00)
[monitor_node-6] [WARN] [1790115915.698795871] [diagnostic_monitor]: ANOMALY on [lidar_node] /sim/lidar/scan:nan_ratio: Value 0.2889 deviated from baseline 0.0002±0.0057 (z=50.8, confirmed x18) (sev=1.00)
[monitor_node-6] [WARN] [1790115915.798543985] [diagnostic_monitor]: ANOMALY on [lidar_node] /sim/lidar/scan:nan_ratio: Value 0.3000 deviated from baseline 0.0002±0.0057 (z=52.8, confirmed x19) (sev=1.00)
[monitor_node-6] [WARN] [1790115915.897346719] [diagnostic_monitor]: ANOMALY on [lidar_node] /sim/lidar/scan:nan_ratio: Value 0.2667 deviated from baseline 0.0002±0.0057 (z=46.9, confirmed x20) (sev=1.00)
[monitor_node-6] [WARN] [1790115915.997634596] [diagnostic_monitor]: ANOMALY on [lidar_node] /sim/lidar/scan:nan_ratio: Value 0.2889 deviated from baseline 0.0002±0.0057 (z=50.8, confirmed x21) (sev=1.00)
[monitor_node-6] [WARN] [1790115916.098933789] [diagnostic_monitor]: ANOMALY on [lidar_node] /sim/lidar/scan:nan_ratio: Value 0.4333 deviated from baseline 0.0002±0.0057 (z=76.2, confirmed x22) (sev=1.00)
[monitor_node-6] [WARN] [1790115916.197615626] [diagnostic_monitor]: ANOMALY on [lidar_node] /sim/lidar/scan:nan_ratio: Value 0.4111 deviated from baseline 0.0002±0.0057 (z=72.3, confirmed x23) (sev=1.00)
[monitor_node-6] [WARN] [1790115916.208283089] [diagnostic_monitor]: ANOMALY on [perception_node] /perception/obstacles:obstacle_empty: Value 1.0000 deviated from baseline 0.0000±0.0001 (z=10000.0, confirmed x2) (sev=1.00)
[monitor_node-6] [WARN] [1790115916.298042474] [diagnostic_monitor]: ANOMALY on [lidar_node] /sim/lidar/scan:nan_ratio: Value 0.3000 deviated from baseline 0.0002±0.0057 (z=52.8, confirmed x24) (sev=1.00)
[monitor_node-6] [WARN] [1790115916.397930851] [diagnostic_monitor]: ANOMALY on [lidar_node] /sim/lidar/scan:nan_ratio: Value 0.3556 deviated from baseline 0.0002±0.0057 (z=62.5, confirmed x25) (sev=1.00)
[monitor_node-6] [WARN] [1790115916.498423342] [diagnostic_monitor]: ANOMALY on [lidar_node] /sim/lidar/scan:nan_ratio: Value 0.3000 deviated from baseline 0.0002±0.0057 (z=52.8, confirmed x26) (sev=1.00)
[monitor_node-6] [WARN] [1790115916.598243883] [diagnostic_monitor]: ANOMALY on [lidar_node] /sim/lidar/scan:nan_ratio: Value 0.2889 deviated from baseline 0.0002±0.0057 (z=50.8, confirmed x27) (sev=1.00)
[monitor_node-6] [WARN] [1790115916.698436467] [diagnostic_monitor]: ANOMALY on [lidar_node] /sim/lidar/scan:nan_ratio: Value 0.3444 deviated from baseline 0.0002±0.0057 (z=60.6, confirmed x28) (sev=1.00)
[monitor_node-6] [WARN] [1790115916.798632646] [diagnostic_monitor]: ANOMALY on [lidar_node] /sim/lidar/scan:nan_ratio: Value 0.3111 deviated from baseline 0.0002±0.0057 (z=54.7, confirmed x29) (sev=1.00)
[monitor_node-6] [WARN] [1790115916.808418062] [diagnostic_monitor]: ANOMALY on [perception_node] /perception/obstacles:obstacle_empty: Value 1.0000 deviated from baseline 0.0000±0.0001 (z=10000.0, confirmed x2) (sev=1.00)
[monitor_node-6] [WARN] [1790115916.897315975] [diagnostic_monitor]: ANOMALY on [lidar_node] /sim/lidar/scan:nan_ratio: Value 0.3556 deviated from baseline 0.0002±0.0057 (z=62.5, confirmed x30) (sev=1.00)
[monitor_node-6] [WARN] [1790115916.908821638] [diagnostic_monitor]: ANOMALY on [perception_node] /perception/obstacles:obstacle_empty: Value 1.0000 deviated from baseline 0.0000±0.0001 (z=10000.0, confirmed x3) (sev=1.00)
[monitor_node-6] [WARN] [1790115916.997648850] [diagnostic_monitor]: ANOMALY on [lidar_node] /sim/lidar/scan:nan_ratio: Value 0.3444 deviated from baseline 0.0002±0.0057 (z=60.6, confirmed x31) (sev=1.00)
[monitor_node-6] [WARN] [1790115917.008611143] [diagnostic_monitor]: ANOMALY on [perception_node] /perception/obstacles:obstacle_empty: Value 1.0000 deviated from baseline 0.0000±0.0001 (z=10000.0, confirmed x4) (sev=1.00)
[monitor_node-6] [WARN] [1790115917.098509784] [diagnostic_monitor]: ANOMALY on [lidar_node] /sim/lidar/scan:nan_ratio: Value 0.3111 deviated from baseline 0.0002±0.0057 (z=54.7, confirmed x32) (sev=1.00)
[monitor_node-6] [WARN] [1790115917.108152932] [diagnostic_monitor]: ANOMALY on [perception_node] /perception/obstacles:obstacle_empty: Value 1.0000 deviated from baseline 0.0000±0.0001 (z=10000.0, confirmed x5) (sev=1.00)
[monitor_node-6] [WARN] [1790115917.197811092] [diagnostic_monitor]: ANOMALY on [lidar_node] /sim/lidar/scan:nan_ratio: Value 0.3889 deviated from baseline 0.0002±0.0057 (z=68.4, confirmed x33) (sev=1.00)
[monitor_node-6] [WARN] [1790115917.208944631] [diagnostic_monitor]: ANOMALY on [perception_node] /perception/obstacles:obstacle_empty: Value 1.0000 deviated from baseline 0.0000±0.0001 (z=10000.0, confirmed x6) (sev=1.00)
[monitor_node-6] [WARN] [1790115917.297154739] [diagnostic_monitor]: ANOMALY on [lidar_node] /sim/lidar/scan:nan_ratio: Value 0.3111 deviated from baseline 0.0002±0.0057 (z=54.7, confirmed x34) (sev=1.00)
[monitor_node-6] [WARN] [1790115917.308163736] [diagnostic_monitor]: ANOMALY on [perception_node] /perception/obstacles:obstacle_empty: Value 1.0000 deviated from baseline 0.0000±0.0001 (z=10000.0, confirmed x7) (sev=1.00)
[monitor_node-6] [WARN] [1790115917.397851014] [diagnostic_monitor]: ANOMALY on [lidar_node] /sim/lidar/scan:nan_ratio: Value 0.3111 deviated from baseline 0.0002±0.0057 (z=54.7, confirmed x35) (sev=1.00)
[monitor_node-6] [WARN] [1790115917.408285352] [diagnostic_monitor]: ANOMALY on [perception_node] /perception/obstacles:obstacle_empty: Value 1.0000 deviated from baseline 0.0000±0.0001 (z=10000.0, confirmed x8) (sev=1.00)
[monitor_node-6] [WARN] [1790115917.498478770] [diagnostic_monitor]: ANOMALY on [lidar_node] /sim/lidar/scan:nan_ratio: Value 0.3111 deviated from baseline 0.0002±0.0057 (z=54.7, confirmed x36) (sev=1.00)
[monitor_node-6] [WARN] [1790115917.518343731] [diagnostic_monitor]: ANOMALY on [perception_node] /perception/obstacles:obstacle_empty: Value 1.0000 deviated from baseline 0.0000±0.0001 (z=10000.0, confirmed x9) (sev=1.00)
[monitor_node-6] [WARN] [1790115917.598722351] [diagnostic_monitor]: ANOMALY on [lidar_node] /sim/lidar/scan:nan_ratio: Value 0.3111 deviated from baseline 0.0002±0.0057 (z=54.7, confirmed x37) (sev=1.00)
[monitor_node-6] [WARN] [1790115917.608299919] [diagnostic_monitor]: ANOMALY on [perception_node] /perception/obstacles:obstacle_empty: Value 1.0000 deviated from baseline 0.0000±0.0001 (z=10000.0, confirmed x10) (sev=1.00)
[monitor_node-6] [WARN] [1790115917.698153597] [diagnostic_monitor]: ANOMALY on [lidar_node] /sim/lidar/scan:nan_ratio: Value 0.2778 deviated from baseline 0.0002±0.0057 (z=48.8, confirmed x38) (sev=1.00)
[monitor_node-6] [WARN] [1790115917.797988345] [diagnostic_monitor]: ANOMALY on [lidar_node] /sim/lidar/scan:nan_ratio: Value 0.3333 deviated from baseline 0.0002±0.0057 (z=58.6, confirmed x39) (sev=1.00)
[monitor_node-6] [WARN] [1790115917.897493863] [diagnostic_monitor]: ANOMALY on [lidar_node] /sim/lidar/scan:nan_ratio: Value 0.3333 deviated from baseline 0.0002±0.0057 (z=58.6, confirmed x40) (sev=1.00)
[monitor_node-6] [WARN] [1790115917.908299933] [diagnostic_monitor]: ANOMALY on [perception_node] /perception/obstacles:obstacle_empty: Value 1.0000 deviated from baseline 0.0000±0.0001 (z=10000.0, confirmed x2) (sev=1.00)
[monitor_node-6] [WARN] [1790115917.997939829] [diagnostic_monitor]: ANOMALY on [lidar_node] /sim/lidar/scan:nan_ratio: Value 0.3889 deviated from baseline 0.0002±0.0057 (z=68.4, confirmed x41) (sev=1.00)
[monitor_node-6] [WARN] [1790115918.009282967] [diagnostic_monitor]: ANOMALY on [perception_node] /perception/obstacles:obstacle_empty: Value 1.0000 deviated from baseline 0.0000±0.0001 (z=10000.0, confirmed x3) (sev=1.00)
[monitor_node-6] [WARN] [1790115918.098147197] [diagnostic_monitor]: ANOMALY on [lidar_node] /sim/lidar/scan:nan_ratio: Value 0.3889 deviated from baseline 0.0002±0.0057 (z=68.4, confirmed x42) (sev=1.00)
[monitor_node-6] [WARN] [1790115918.108747713] [diagnostic_monitor]: ANOMALY on [perception_node] /perception/obstacles:obstacle_empty: Value 1.0000 deviated from baseline 0.0000±0.0001 (z=10000.0, confirmed x4) (sev=1.00)
[monitor_node-6] [WARN] [1790115918.198215524] [diagnostic_monitor]: ANOMALY on [lidar_node] /sim/lidar/scan:nan_ratio: Value 0.3556 deviated from baseline 0.0002±0.0057 (z=62.5, confirmed x43) (sev=1.00)
[monitor_node-6] [WARN] [1790115918.207903099] [diagnostic_monitor]: ANOMALY on [perception_node] /perception/obstacles:obstacle_empty: Value 1.0000 deviated from baseline 0.0000±0.0001 (z=10000.0, confirmed x5) (sev=1.00)
[monitor_node-6] [WARN] [1790115918.297516175] [diagnostic_monitor]: ANOMALY on [lidar_node] /sim/lidar/scan:nan_ratio: Value 0.3556 deviated from baseline 0.0002±0.0057 (z=62.5, confirmed x44) (sev=1.00)
[monitor_node-6] [WARN] [1790115918.308474321] [diagnostic_monitor]: ANOMALY on [perception_node] /perception/obstacles:obstacle_empty: Value 1.0000 deviated from baseline 0.0000±0.0001 (z=10000.0, confirmed x6) (sev=1.00)
[monitor_node-6] [WARN] [1790115918.397903584] [diagnostic_monitor]: ANOMALY on [lidar_node] /sim/lidar/scan:nan_ratio: Value 0.2556 deviated from baseline 0.0002±0.0057 (z=44.9, confirmed x45) (sev=1.00)
[monitor_node-6] [WARN] [1790115918.498094920] [diagnostic_monitor]: ANOMALY on [lidar_node] /sim/lidar/scan:nan_ratio: Value 0.3222 deviated from baseline 0.0002±0.0057 (z=56.7, confirmed x46) (sev=1.00)
[monitor_node-6] [WARN] [1790115918.598705382] [diagnostic_monitor]: ANOMALY on [lidar_node] /sim/lidar/scan:nan_ratio: Value 0.3444 deviated from baseline 0.0002±0.0057 (z=60.6, confirmed x47) (sev=1.00)
[monitor_node-6] [WARN] [1790115918.608562308] [diagnostic_monitor]: ANOMALY on [perception_node] /perception/obstacles:obstacle_empty: Value 1.0000 deviated from baseline 0.0000±0.0001 (z=10000.0, confirmed x2) (sev=1.00)
[monitor_node-6] [WARN] [1790115918.697951527] [diagnostic_monitor]: ANOMALY on [lidar_node] /sim/lidar/scan:nan_ratio: Value 0.3222 deviated from baseline 0.0002±0.0057 (z=56.7, confirmed x48) (sev=1.00)
[monitor_node-6] [WARN] [1790115918.708869459] [diagnostic_monitor]: ANOMALY on [perception_node] /perception/obstacles:obstacle_empty: Value 1.0000 deviated from baseline 0.0000±0.0001 (z=10000.0, confirmed x3) (sev=1.00)
[monitor_node-6] [WARN] [1790115918.797674341] [diagnostic_monitor]: ANOMALY on [lidar_node] /sim/lidar/scan:nan_ratio: Value 0.2889 deviated from baseline 0.0002±0.0057 (z=50.8, confirmed x49) (sev=1.00)
[monitor_node-6] [WARN] [1790115918.897257093] [diagnostic_monitor]: ANOMALY on [lidar_node] /sim/lidar/scan:nan_ratio: Value 0.2556 deviated from baseline 0.0002±0.0057 (z=44.9, confirmed x50) (sev=1.00)
[monitor_node-6] [WARN] [1790115918.998802007] [diagnostic_monitor]: ANOMALY on [lidar_node] /sim/lidar/scan:nan_ratio: Value 0.3000 deviated from baseline 0.0002±0.0057 (z=52.8, confirmed x51) (sev=1.00)
[monitor_node-6] [WARN] [1790115919.297429071] [diagnostic_monitor]: ANOMALY on [lidar_node] /sim/lidar/scan:nan_ratio: Value 0.3556 deviated from baseline 0.0003±0.0070 (z=50.6, confirmed x2) (sev=1.00)
[monitor_node-6] [WARN] [1790115919.397908383] [diagnostic_monitor]: ANOMALY on [lidar_node] /sim/lidar/scan:nan_ratio: Value 0.3333 deviated from baseline 0.0003±0.0070 (z=47.4, confirmed x3) (sev=1.00)
[monitor_node-6] [WARN] [1790115919.408431663] [diagnostic_monitor]: ANOMALY on [perception_node] /perception/obstacles:obstacle_empty: Value 1.0000 deviated from baseline 0.0000±0.0001 (z=10000.0, confirmed x2) (sev=1.00)
[monitor_node-6] [WARN] [1790115919.497793665] [diagnostic_monitor]: ANOMALY on [lidar_node] /sim/lidar/scan:nan_ratio: Value 0.3222 deviated from baseline 0.0003±0.0070 (z=45.8, confirmed x4) (sev=1.00)
[monitor_node-6] [WARN] [1790115919.509139538] [diagnostic_monitor]: ANOMALY on [perception_node] /perception/obstacles:obstacle_empty: Value 1.0000 deviated from baseline 0.0000±0.0001 (z=10000.0, confirmed x3) (sev=1.00)
[monitor_node-6] [WARN] [1790115919.597672170] [diagnostic_monitor]: ANOMALY on [lidar_node] /sim/lidar/scan:nan_ratio: Value 0.4111 deviated from baseline 0.0003±0.0070 (z=58.5, confirmed x5) (sev=1.00)
[monitor_node-6] [WARN] [1790115919.608195348] [diagnostic_monitor]: ANOMALY on [perception_node] /perception/obstacles:obstacle_empty: Value 1.0000 deviated from baseline 0.0000±0.0001 (z=10000.0, confirmed x4) (sev=1.00)
[monitor_node-6] [WARN] [1790115919.698004397] [diagnostic_monitor]: ANOMALY on [lidar_node] /sim/lidar/scan:nan_ratio: Value 0.3000 deviated from baseline 0.0003±0.0070 (z=42.7, confirmed x6) (sev=1.00)
[monitor_node-6] [WARN] [1790115919.798511872] [diagnostic_monitor]: ANOMALY on [lidar_node] /sim/lidar/scan:nan_ratio: Value 0.4111 deviated from baseline 0.0003±0.0070 (z=58.5, confirmed x7) (sev=1.00)
[monitor_node-6] [WARN] [1790115919.897850878] [diagnostic_monitor]: ANOMALY on [lidar_node] /sim/lidar/scan:nan_ratio: Value 0.3556 deviated from baseline 0.0003±0.0070 (z=50.6, confirmed x8) (sev=1.00)
[monitor_node-6] [WARN] [1790115919.908164605] [diagnostic_monitor]: ANOMALY on [perception_node] /perception/obstacles:obstacle_empty: Value 1.0000 deviated from baseline 0.0000±0.0001 (z=10000.0, confirmed x2) (sev=1.00)
[monitor_node-6] [WARN] [1790115919.998227281] [diagnostic_monitor]: ANOMALY on [lidar_node] /sim/lidar/scan:nan_ratio: Value 0.3222 deviated from baseline 0.0003±0.0070 (z=45.8, confirmed x9) (sev=1.00)
[monitor_node-6] [WARN] [1790115920.008361040] [diagnostic_monitor]: ANOMALY on [perception_node] /perception/obstacles:obstacle_empty: Value 1.0000 deviated from baseline 0.0000±0.0001 (z=10000.0, confirmed x3) (sev=1.00)
[monitor_node-6] [WARN] [1790115920.097956089] [diagnostic_monitor]: ANOMALY on [lidar_node] /sim/lidar/scan:nan_ratio: Value 0.3111 deviated from baseline 0.0003±0.0070 (z=44.2, confirmed x10) (sev=1.00)
[monitor_node-6] [WARN] [1790115920.108161385] [diagnostic_monitor]: ANOMALY on [perception_node] /perception/obstacles:obstacle_empty: Value 1.0000 deviated from baseline 0.0000±0.0001 (z=10000.0, confirmed x4) (sev=1.00)
[monitor_node-6] [WARN] [1790115920.198728417] [diagnostic_monitor]: ANOMALY on [lidar_node] /sim/lidar/scan:nan_ratio: Value 0.3111 deviated from baseline 0.0003±0.0070 (z=44.2, confirmed x11) (sev=1.00)
[monitor_node-6] [WARN] [1790115920.209411443] [diagnostic_monitor]: ANOMALY on [perception_node] /perception/obstacles:obstacle_empty: Value 1.0000 deviated from baseline 0.0000±0.0001 (z=10000.0, confirmed x5) (sev=1.00)
[monitor_node-6] [WARN] [1790115920.298111518] [diagnostic_monitor]: ANOMALY on [lidar_node] /sim/lidar/scan:nan_ratio: Value 0.2444 deviated from baseline 0.0003±0.0070 (z=34.7, confirmed x12) (sev=1.00)
[monitor_node-6] [WARN] [1790115920.398017284] [diagnostic_monitor]: ANOMALY on [lidar_node] /sim/lidar/scan:nan_ratio: Value 0.3222 deviated from baseline 0.0003±0.0070 (z=45.8, confirmed x13) (sev=1.00)
[monitor_node-6] [WARN] [1790115920.498401129] [diagnostic_monitor]: ANOMALY on [lidar_node] /sim/lidar/scan:nan_ratio: Value 0.2889 deviated from baseline 0.0003±0.0070 (z=41.1, confirmed x14) (sev=1.00)
[monitor_node-6] [WARN] [1790115920.598128711] [diagnostic_monitor]: ANOMALY on [lidar_node] /sim/lidar/scan:nan_ratio: Value 0.4556 deviated from baseline 0.0003±0.0070 (z=64.8, confirmed x15) (sev=1.00)
[monitor_node-6] [WARN] [1790115920.697644621] [diagnostic_monitor]: ANOMALY on [lidar_node] /sim/lidar/scan:nan_ratio: Value 0.3889 deviated from baseline 0.0003±0.0070 (z=55.3, confirmed x16) (sev=1.00)
[monitor_node-6] [WARN] [1790115920.708201430] [diagnostic_monitor]: ANOMALY on [perception_node] /perception/obstacles:obstacle_empty: Value 1.0000 deviated from baseline 0.0000±0.0001 (z=10000.0, confirmed x2) (sev=1.00)
[monitor_node-6] [WARN] [1790115920.799150828] [diagnostic_monitor]: ANOMALY on [lidar_node] /sim/lidar/scan:nan_ratio: Value 0.2667 deviated from baseline 0.0003±0.0070 (z=37.9, confirmed x17) (sev=1.00)
[monitor_node-6] [WARN] [1790115920.898543569] [diagnostic_monitor]: ANOMALY on [lidar_node] /sim/lidar/scan:nan_ratio: Value 0.3556 deviated from baseline 0.0003±0.0070 (z=50.6, confirmed x18) (sev=1.00)
[monitor_node-6] [WARN] [1790115921.000983065] [diagnostic_monitor]: ANOMALY on [lidar_node] /sim/lidar/scan:nan_ratio: Value 0.3222 deviated from baseline 0.0003±0.0070 (z=45.8, confirmed x19) (sev=1.00)
[monitor_node-6] [WARN] [1790115921.013013582] [diagnostic_monitor]: ANOMALY on [perception_node] /perception/obstacles:obstacle_empty: Value 1.0000 deviated from baseline 0.0000±0.0001 (z=10000.0, confirmed x2) (sev=1.00)
[monitor_node-6] [WARN] [1790115921.100022943] [diagnostic_monitor]: ANOMALY on [lidar_node] /sim/lidar/scan:nan_ratio: Value 0.3556 deviated from baseline 0.0003±0.0070 (z=50.6, confirmed x20) (sev=1.00)
[monitor_node-6] [WARN] [1790115921.111548984] [diagnostic_monitor]: ANOMALY on [perception_node] /perception/obstacles:obstacle_empty: Value 1.0000 deviated from baseline 0.0000±0.0001 (z=10000.0, confirmed x3) (sev=1.00)
[monitor_node-6] [WARN] [1790115921.198987936] [diagnostic_monitor]: ANOMALY on [lidar_node] /sim/lidar/scan:nan_ratio: Value 0.2444 deviated from baseline 0.0003±0.0070 (z=34.7, confirmed x21) (sev=1.00)
[monitor_node-6] [WARN] [1790115921.298005010] [diagnostic_monitor]: ANOMALY on [lidar_node] /sim/lidar/scan:nan_ratio: Value 0.3111 deviated from baseline 0.0003±0.0070 (z=44.2, confirmed x22) (sev=1.00)
[monitor_node-6] [WARN] [1790115921.397697218] [diagnostic_monitor]: ANOMALY on [lidar_node] /sim/lidar/scan:nan_ratio: Value 0.3444 deviated from baseline 0.0003±0.0070 (z=49.0, confirmed x23) (sev=1.00)
[monitor_node-6] [WARN] [1790115921.408080437] [diagnostic_monitor]: ANOMALY on [perception_node] /perception/obstacles:obstacle_empty: Value 1.0000 deviated from baseline 0.0000±0.0001 (z=10000.0, confirmed x2) (sev=1.00)
[monitor_node-6] [WARN] [1790115921.497813371] [diagnostic_monitor]: ANOMALY on [lidar_node] /sim/lidar/scan:nan_ratio: Value 0.2667 deviated from baseline 0.0003±0.0070 (z=37.9, confirmed x24) (sev=1.00)
[monitor_node-6] [WARN] [1790115921.597789461] [diagnostic_monitor]: ANOMALY on [lidar_node] /sim/lidar/scan:nan_ratio: Value 0.3333 deviated from baseline 0.0003±0.0070 (z=47.4, confirmed x25) (sev=1.00)
[monitor_node-6] [WARN] [1790115921.697905378] [diagnostic_monitor]: ANOMALY on [lidar_node] /sim/lidar/scan:nan_ratio: Value 0.3333 deviated from baseline 0.0003±0.0070 (z=47.4, confirmed x26) (sev=1.00)
[monitor_node-6] [WARN] [1790115921.708328216] [diagnostic_monitor]: ANOMALY on [perception_node] /perception/obstacles:obstacle_empty: Value 1.0000 deviated from baseline 0.0000±0.0001 (z=10000.0, confirmed x2) (sev=1.00)
[monitor_node-6] [WARN] [1790115921.798558346] [diagnostic_monitor]: ANOMALY on [lidar_node] /sim/lidar/scan:nan_ratio: Value 0.3444 deviated from baseline 0.0003±0.0070 (z=49.0, confirmed x27) (sev=1.00)
[monitor_node-6] [WARN] [1790115921.808467347] [diagnostic_monitor]: ANOMALY on [perception_node] /perception/obstacles:obstacle_empty: Value 1.0000 deviated from baseline 0.0000±0.0001 (z=10000.0, confirmed x3) (sev=1.00)
[monitor_node-6] [WARN] [1790115922.099755568] [diagnostic_monitor]: ANOMALY on [lidar_node] /sim/lidar/scan:nan_ratio: Value 0.3667 deviated from baseline 0.0004±0.0083 (z=44.3, confirmed x2) (sev=1.00)
[monitor_node-6] [WARN] [1790115922.199313449] [diagnostic_monitor]: ANOMALY on [lidar_node] /sim/lidar/scan:nan_ratio: Value 0.3111 deviated from baseline 0.0004±0.0083 (z=37.5, confirmed x3) (sev=1.00)
[monitor_node-6] [WARN] [1790115922.209894072] [diagnostic_monitor]: ANOMALY on [perception_node] /perception/obstacles:obstacle_empty: Value 1.0000 deviated from baseline 0.0000±0.0001 (z=10000.0, confirmed x2) (sev=1.00)
[monitor_node-6] [WARN] [1790115922.298075412] [diagnostic_monitor]: ANOMALY on [lidar_node] /sim/lidar/scan:nan_ratio: Value 0.4667 deviated from baseline 0.0004±0.0083 (z=56.3, confirmed x4) (sev=1.00)
[monitor_node-6] [WARN] [1790115922.308408084] [diagnostic_monitor]: ANOMALY on [perception_node] /perception/obstacles:obstacle_empty: Value 1.0000 deviated from baseline 0.0000±0.0001 (z=10000.0, confirmed x3) (sev=1.00)
[monitor_node-6] [WARN] [1790115922.397912429] [diagnostic_monitor]: ANOMALY on [lidar_node] /sim/lidar/scan:nan_ratio: Value 0.2667 deviated from baseline 0.0004±0.0083 (z=32.2, confirmed x5) (sev=1.00)
[monitor_node-6] [WARN] [1790115922.498183867] [diagnostic_monitor]: ANOMALY on [lidar_node] /sim/lidar/scan:nan_ratio: Value 0.2889 deviated from baseline 0.0004±0.0083 (z=34.9, confirmed x6) (sev=1.00)
[monitor_node-6] [WARN] [1790115922.598992330] [diagnostic_monitor]: ANOMALY on [lidar_node] /sim/lidar/scan:nan_ratio: Value 0.3444 deviated from baseline 0.0004±0.0083 (z=41.6, confirmed x7) (sev=1.00)
[monitor_node-6] [WARN] [1790115922.700103508] [diagnostic_monitor]: ANOMALY on [lidar_node] /sim/lidar/scan:nan_ratio: Value 0.3222 deviated from baseline 0.0004±0.0083 (z=38.9, confirmed x8) (sev=1.00)
[monitor_node-6] [WARN] [1790115922.709062132] [diagnostic_monitor]: ANOMALY on [perception_node] /perception/obstacles:obstacle_empty: Value 1.0000 deviated from baseline 0.0000±0.0001 (z=10000.0, confirmed x2) (sev=1.00)
[monitor_node-6] [WARN] [1790115922.798929194] [diagnostic_monitor]: ANOMALY on [lidar_node] /sim/lidar/scan:nan_ratio: Value 0.3000 deviated from baseline 0.0004±0.0083 (z=36.2, confirmed x9) (sev=1.00)
[monitor_node-6] [WARN] [1790115922.897388017] [diagnostic_monitor]: ANOMALY on [lidar_node] /sim/lidar/scan:nan_ratio: Value 0.3222 deviated from baseline 0.0004±0.0083 (z=38.9, confirmed x10) (sev=1.00)
[monitor_node-6] [WARN] [1790115922.997961917] [diagnostic_monitor]: ANOMALY on [lidar_node] /sim/lidar/scan:nan_ratio: Value 0.3333 deviated from baseline 0.0004±0.0083 (z=40.2, confirmed x11) (sev=1.00)
[monitor_node-6] [WARN] [1790115923.008086088] [diagnostic_monitor]: ANOMALY on [perception_node] /perception/obstacles:obstacle_empty: Value 1.0000 deviated from baseline 0.0000±0.0001 (z=10000.0, confirmed x2) (sev=1.00)
[monitor_node-6] [WARN] [1790115923.098275007] [diagnostic_monitor]: ANOMALY on [lidar_node] /sim/lidar/scan:nan_ratio: Value 0.2556 deviated from baseline 0.0004±0.0083 (z=30.8, confirmed x12) (sev=1.00)
[monitor_node-6] [WARN] [1790115923.197644998] [diagnostic_monitor]: ANOMALY on [lidar_node] /sim/lidar/scan:nan_ratio: Value 0.4222 deviated from baseline 0.0004±0.0083 (z=51.0, confirmed x13) (sev=1.00)
[monitor_node-6] [WARN] [1790115923.298752626] [diagnostic_monitor]: ANOMALY on [lidar_node] /sim/lidar/scan:nan_ratio: Value 0.3444 deviated from baseline 0.0004±0.0083 (z=41.6, confirmed x14) (sev=1.00)
[monitor_node-6] [WARN] [1790115923.308163555] [diagnostic_monitor]: ANOMALY on [perception_node] /perception/obstacles:obstacle_empty: Value 1.0000 deviated from baseline 0.0000±0.0001 (z=10000.0, confirmed x2) (sev=1.00)
[monitor_node-6] [WARN] [1790115923.398141645] [diagnostic_monitor]: ANOMALY on [lidar_node] /sim/lidar/scan:nan_ratio: Value 0.3111 deviated from baseline 0.0004±0.0083 (z=37.5, confirmed x15) (sev=1.00)
[monitor_node-6] [WARN] [1790115923.408244797] [diagnostic_monitor]: ANOMALY on [perception_node] /perception/obstacles:obstacle_empty: Value 1.0000 deviated from baseline 0.0000±0.0001 (z=10000.0, confirmed x3) (sev=1.00)
[monitor_node-6] [WARN] [1790115923.498738022] [diagnostic_monitor]: ANOMALY on [lidar_node] /sim/lidar/scan:nan_ratio: Value 0.3222 deviated from baseline 0.0004±0.0083 (z=38.9, confirmed x16) (sev=1.00)
[monitor_node-6] [WARN] [1790115923.508951070] [diagnostic_monitor]: ANOMALY on [perception_node] /perception/obstacles:obstacle_empty: Value 1.0000 deviated from baseline 0.0000±0.0001 (z=10000.0, confirmed x4) (sev=1.00)
[monitor_node-6] [WARN] [1790115923.598560602] [diagnostic_monitor]: ANOMALY on [lidar_node] /sim/lidar/scan:nan_ratio: Value 0.3000 deviated from baseline 0.0004±0.0083 (z=36.2, confirmed x17) (sev=1.00)
[monitor_node-6] [WARN] [1790115923.697601709] [diagnostic_monitor]: ANOMALY on [lidar_node] /sim/lidar/scan:nan_ratio: Value 0.4000 deviated from baseline 0.0004±0.0083 (z=48.3, confirmed x18) (sev=1.00)
[monitor_node-6] [WARN] [1790115923.797924863] [diagnostic_monitor]: ANOMALY on [lidar_node] /sim/lidar/scan:nan_ratio: Value 0.3222 deviated from baseline 0.0004±0.0083 (z=38.9, confirmed x19) (sev=1.00)
[monitor_node-6] [WARN] [1790115923.808666396] [diagnostic_monitor]: ANOMALY on [perception_node] /perception/obstacles:obstacle_empty: Value 1.0000 deviated from baseline 0.0000±0.0001 (z=10000.0, confirmed x2) (sev=1.00)
[monitor_node-6] [WARN] [1790115923.897364882] [diagnostic_monitor]: ANOMALY on [lidar_node] /sim/lidar/scan:nan_ratio: Value 0.3889 deviated from baseline 0.0004±0.0083 (z=46.9, confirmed x20) (sev=1.00)
[monitor_node-6] [WARN] [1790115923.908304831] [diagnostic_monitor]: ANOMALY on [perception_node] /perception/obstacles:obstacle_empty: Value 1.0000 deviated from baseline 0.0000±0.0001 (z=10000.0, confirmed x3) (sev=1.00)
[monitor_node-6] [WARN] [1790115923.997586012] [diagnostic_monitor]: ANOMALY on [lidar_node] /sim/lidar/scan:nan_ratio: Value 0.4000 deviated from baseline 0.0004±0.0083 (z=48.3, confirmed x21) (sev=1.00)
[monitor_node-6] [WARN] [1790115924.008582270] [diagnostic_monitor]: ANOMALY on [perception_node] /perception/obstacles:obstacle_empty: Value 1.0000 deviated from baseline 0.0000±0.0001 (z=10000.0, confirmed x4) (sev=1.00)
[monitor_node-6] [WARN] [1790115924.098656351] [diagnostic_monitor]: ANOMALY on [lidar_node] /sim/lidar/scan:nan_ratio: Value 0.5111 deviated from baseline 0.0004±0.0083 (z=61.7, confirmed x22) (sev=1.00)
[monitor_node-6] [WARN] [1790115924.108523028] [diagnostic_monitor]: ANOMALY on [perception_node] /perception/obstacles:obstacle_empty: Value 1.0000 deviated from baseline 0.0000±0.0001 (z=10000.0, confirmed x5) (sev=1.00)
[monitor_node-6] [WARN] [1790115924.197983002] [diagnostic_monitor]: ANOMALY on [lidar_node] /sim/lidar/scan:nan_ratio: Value 0.3222 deviated from baseline 0.0004±0.0083 (z=38.9, confirmed x23) (sev=1.00)
[monitor_node-6] [WARN] [1790115924.207942526] [diagnostic_monitor]: ANOMALY on [perception_node] /perception/obstacles:obstacle_empty: Value 1.0000 deviated from baseline 0.0000±0.0001 (z=10000.0, confirmed x6) (sev=1.00)
[monitor_node-6] [WARN] [1790115924.298458326] [diagnostic_monitor]: ANOMALY on [lidar_node] /sim/lidar/scan:nan_ratio: Value 0.3778 deviated from baseline 0.0004±0.0083 (z=45.6, confirmed x24) (sev=1.00)
[monitor_node-6] [WARN] [1790115924.308505147] [diagnostic_monitor]: ANOMALY on [perception_node] /perception/obstacles:obstacle_empty: Value 1.0000 deviated from baseline 0.0000±0.0001 (z=10000.0, confirmed x7) (sev=1.00)
[monitor_node-6] [WARN] [1790115924.398441561] [diagnostic_monitor]: ANOMALY on [lidar_node] /sim/lidar/scan:nan_ratio: Value 0.3222 deviated from baseline 0.0004±0.0083 (z=38.9, confirmed x25) (sev=1.00)
[monitor_node-6] [WARN] [1790115924.408779326] [diagnostic_monitor]: ANOMALY on [perception_node] /perception/obstacles:obstacle_empty: Value 1.0000 deviated from baseline 0.0000±0.0001 (z=10000.0, confirmed x8) (sev=1.00)
[monitor_node-6] [WARN] [1790115924.497740231] [diagnostic_monitor]: ANOMALY on [lidar_node] /sim/lidar/scan:nan_ratio: Value 0.3778 deviated from baseline 0.0004±0.0083 (z=45.6, confirmed x26) (sev=1.00)
[monitor_node-6] [WARN] [1790115924.518540653] [diagnostic_monitor]: ANOMALY on [perception_node] /perception/obstacles:obstacle_empty: Value 1.0000 deviated from baseline 0.0000±0.0001 (z=10000.0, confirmed x9) (sev=1.00)
[monitor_node-6] [WARN] [1790115924.598472319] [diagnostic_monitor]: ANOMALY on [lidar_node] /sim/lidar/scan:nan_ratio: Value 0.3556 deviated from baseline 0.0004±0.0083 (z=42.9, confirmed x27) (sev=1.00)
[monitor_node-6] [WARN] [1790115924.608254281] [diagnostic_monitor]: ANOMALY on [perception_node] /perception/obstacles:obstacle_empty: Value 1.0000 deviated from baseline 0.0000±0.0001 (z=10000.0, confirmed x10) (sev=1.00)
[monitor_node-6] [WARN] [1790115924.697527183] [diagnostic_monitor]: ANOMALY on [lidar_node] /sim/lidar/scan:nan_ratio: Value 0.2778 deviated from baseline 0.0004±0.0083 (z=33.5, confirmed x28) (sev=1.00)
[monitor_node-6] [WARN] [1790115924.798350533] [diagnostic_monitor]: ANOMALY on [lidar_node] /sim/lidar/scan:nan_ratio: Value 0.2778 deviated from baseline 0.0004±0.0083 (z=33.5, confirmed x29) (sev=1.00)
[monitor_node-6] [WARN] [1790115924.897489765] [diagnostic_monitor]: ANOMALY on [lidar_node] /sim/lidar/scan:nan_ratio: Value 0.3556 deviated from baseline 0.0004±0.0083 (z=42.9, confirmed x30) (sev=1.00)
[monitor_node-6] [WARN] [1790115924.998199691] [diagnostic_monitor]: ANOMALY on [lidar_node] /sim/lidar/scan:nan_ratio: Value 0.3556 deviated from baseline 0.0004±0.0083 (z=42.9, confirmed x31) (sev=1.00)
[monitor_node-6] [WARN] [1790115925.008385932] [diagnostic_monitor]: ANOMALY on [perception_node] /perception/obstacles:obstacle_empty: Value 1.0000 deviated from baseline 0.0000±0.0001 (z=10000.0, confirmed x2) (sev=1.00)
[monitor_node-6] [WARN] [1790115925.098436952] [diagnostic_monitor]: ANOMALY on [lidar_node] /sim/lidar/scan:nan_ratio: Value 0.3889 deviated from baseline 0.0004±0.0083 (z=46.9, confirmed x32) (sev=1.00)
[monitor_node-6] [WARN] [1790115925.108267524] [diagnostic_monitor]: ANOMALY on [perception_node] /perception/obstacles:obstacle_empty: Value 1.0000 deviated from baseline 0.0000±0.0001 (z=10000.0, confirmed x3) (sev=1.00)
[monitor_node-6] [WARN] [1790115925.198135828] [diagnostic_monitor]: ANOMALY on [lidar_node] /sim/lidar/scan:nan_ratio: Value 0.3444 deviated from baseline 0.0004±0.0083 (z=41.6, confirmed x33) (sev=1.00)
[monitor_node-6] [WARN] [1790115925.208679091] [diagnostic_monitor]: ANOMALY on [perception_node] /perception/obstacles:obstacle_empty: Value 1.0000 deviated from baseline 0.0000±0.0001 (z=10000.0, confirmed x4) (sev=1.00)
[monitor_node-6] [WARN] [1790115925.299218313] [diagnostic_monitor]: ANOMALY on [lidar_node] /sim/lidar/scan:nan_ratio: Value 0.3889 deviated from baseline 0.0004±0.0083 (z=46.9, confirmed x34) (sev=1.00)
[monitor_node-6] [WARN] [1790115925.308310042] [diagnostic_monitor]: ANOMALY on [perception_node] /perception/obstacles:obstacle_empty: Value 1.0000 deviated from baseline 0.0000±0.0001 (z=10000.0, confirmed x5) (sev=1.00)
[monitor_node-6] [WARN] [1790115925.398348281] [diagnostic_monitor]: ANOMALY on [lidar_node] /sim/lidar/scan:nan_ratio: Value 0.3333 deviated from baseline 0.0004±0.0083 (z=40.2, confirmed x35) (sev=1.00)
[monitor_node-6] [WARN] [1790115925.408553747] [diagnostic_monitor]: ANOMALY on [perception_node] /perception/obstacles:obstacle_empty: Value 1.0000 deviated from baseline 0.0000±0.0001 (z=10000.0, confirmed x6) (sev=1.00)
[monitor_node-6] [WARN] [1790115925.498511903] [diagnostic_monitor]: ANOMALY on [lidar_node] /sim/lidar/scan:nan_ratio: Value 0.3222 deviated from baseline 0.0004±0.0083 (z=38.9, confirmed x36) (sev=1.00)
[monitor_node-6] [WARN] [1790115925.511502688] [diagnostic_monitor]: ANOMALY on [perception_node] /perception/obstacles:obstacle_empty: Value 1.0000 deviated from baseline 0.0000±0.0001 (z=10000.0, confirmed x7) (sev=1.00)
[monitor_node-6] [WARN] [1790115925.598607584] [diagnostic_monitor]: ANOMALY on [lidar_node] /sim/lidar/scan:nan_ratio: Value 0.2333 deviated from baseline 0.0004±0.0083 (z=28.1, confirmed x37) (sev=1.00)
[monitor_node-6] [WARN] [1790115925.697593634] [diagnostic_monitor]: ANOMALY on [lidar_node] /sim/lidar/scan:nan_ratio: Value 0.3222 deviated from baseline 0.0004±0.0083 (z=38.9, confirmed x38) (sev=1.00)
[monitor_node-6] [WARN] [1790115925.800002042] [diagnostic_monitor]: ANOMALY on [lidar_node] /sim/lidar/scan:nan_ratio: Value 0.3111 deviated from baseline 0.0004±0.0083 (z=37.5, confirmed x39) (sev=1.00)
[monitor_node-6] [WARN] [1790115925.809116722] [diagnostic_monitor]: ANOMALY on [perception_node] /perception/obstacles:obstacle_empty: Value 1.0000 deviated from baseline 0.0000±0.0001 (z=10000.0, confirmed x2) (sev=1.00)
[monitor_node-6] [WARN] [1790115925.897513473] [diagnostic_monitor]: ANOMALY on [lidar_node] /sim/lidar/scan:nan_ratio: Value 0.3444 deviated from baseline 0.0004±0.0083 (z=41.6, confirmed x40) (sev=1.00)
[monitor_node-6] [WARN] [1790115925.907775544] [diagnostic_monitor]: ANOMALY on [perception_node] /perception/obstacles:obstacle_empty: Value 1.0000 deviated from baseline 0.0000±0.0001 (z=10000.0, confirmed x3) (sev=1.00)
[monitor_node-6] [WARN] [1790115925.998038276] [diagnostic_monitor]: ANOMALY on [lidar_node] /sim/lidar/scan:nan_ratio: Value 0.3222 deviated from baseline 0.0004±0.0083 (z=38.9, confirmed x41) (sev=1.00)
[monitor_node-6] [WARN] [1790115926.007963140] [diagnostic_monitor]: ANOMALY on [perception_node] /perception/obstacles:obstacle_empty: Value 1.0000 deviated from baseline 0.0000±0.0001 (z=10000.0, confirmed x4) (sev=1.00)
[monitor_node-6] [WARN] [1790115926.098622147] [diagnostic_monitor]: ANOMALY on [lidar_node] /sim/lidar/scan:nan_ratio: Value 0.2889 deviated from baseline 0.0004±0.0083 (z=34.9, confirmed x42) (sev=1.00)
[monitor_node-6] [WARN] [1790115926.198056513] [diagnostic_monitor]: ANOMALY on [lidar_node] /sim/lidar/scan:nan_ratio: Value 0.2556 deviated from baseline 0.0004±0.0083 (z=30.8, confirmed x43) (sev=1.00)
[monitor_node-6] [WARN] [1790115926.298903601] [diagnostic_monitor]: ANOMALY on [lidar_node] /sim/lidar/scan:nan_ratio: Value 0.3111 deviated from baseline 0.0004±0.0083 (z=37.5, confirmed x44) (sev=1.00)
[monitor_node-6] [WARN] [1790115926.398520861] [diagnostic_monitor]: ANOMALY on [lidar_node] /sim/lidar/scan:nan_ratio: Value 0.2889 deviated from baseline 0.0004±0.0083 (z=34.9, confirmed x45) (sev=1.00)
[monitor_node-6] [WARN] [1790115926.497860310] [diagnostic_monitor]: ANOMALY on [lidar_node] /sim/lidar/scan:nan_ratio: Value 0.4000 deviated from baseline 0.0004±0.0083 (z=48.3, confirmed x46) (sev=1.00)
[monitor_node-6] [WARN] [1790115926.597750486] [diagnostic_monitor]: ANOMALY on [lidar_node] /sim/lidar/scan:nan_ratio: Value 0.2667 deviated from baseline 0.0004±0.0083 (z=32.2, confirmed x47) (sev=1.00)
[monitor_node-6] [WARN] [1790115926.699083964] [diagnostic_monitor]: ANOMALY on [lidar_node] /sim/lidar/scan:nan_ratio: Value 0.3667 deviated from baseline 0.0004±0.0083 (z=44.3, confirmed x48) (sev=1.00)
[monitor_node-6] [WARN] [1790115926.798551941] [diagnostic_monitor]: ANOMALY on [lidar_node] /sim/lidar/scan:nan_ratio: Value 0.2889 deviated from baseline 0.0004±0.0083 (z=34.9, confirmed x49) (sev=1.00)
[monitor_node-6] [WARN] [1790115926.897974485] [diagnostic_monitor]: ANOMALY on [lidar_node] /sim/lidar/scan:nan_ratio: Value 0.4444 deviated from baseline 0.0004±0.0083 (z=53.7, confirmed x50) (sev=1.00)
[monitor_node-6] [WARN] [1790115926.998708328] [diagnostic_monitor]: ANOMALY on [lidar_node] /sim/lidar/scan:nan_ratio: Value 0.2889 deviated from baseline 0.0004±0.0083 (z=34.9, confirmed x51) (sev=1.00)
[monitor_node-6] [WARN] [1790115927.099039548] [diagnostic_monitor]: ANOMALY on [lidar_node] /sim/lidar/scan:nan_ratio: Value 0.2778 deviated from baseline 0.0004±0.0083 (z=33.5, confirmed x52) (sev=1.00)
[monitor_node-6] [WARN] [1790115927.198108279] [diagnostic_monitor]: ANOMALY on [lidar_node] /sim/lidar/scan:nan_ratio: Value 0.2889 deviated from baseline 0.0004±0.0083 (z=34.9, confirmed x53) (sev=1.00)
[monitor_node-6] [WARN] [1790115927.297929089] [diagnostic_monitor]: ANOMALY on [lidar_node] /sim/lidar/scan:nan_ratio: Value 0.3778 deviated from baseline 0.0004±0.0083 (z=45.6, confirmed x54) (sev=1.00)
[monitor_node-6] [WARN] [1790115927.397904356] [diagnostic_monitor]: ANOMALY on [lidar_node] /sim/lidar/scan:nan_ratio: Value 0.3556 deviated from baseline 0.0004±0.0083 (z=42.9, confirmed x55) (sev=1.00)
[monitor_node-6] [WARN] [1790115927.408170902] [diagnostic_monitor]: ANOMALY on [perception_node] /perception/obstacles:obstacle_empty: Value 1.0000 deviated from baseline 0.0000±0.0001 (z=10000.0, confirmed x2) (sev=1.00)
[monitor_node-6] [WARN] [1790115927.498518776] [diagnostic_monitor]: ANOMALY on [lidar_node] /sim/lidar/scan:nan_ratio: Value 0.3556 deviated from baseline 0.0004±0.0083 (z=42.9, confirmed x56) (sev=1.00)
[monitor_node-6] [WARN] [1790115927.513949764] [diagnostic_monitor]: ANOMALY on [perception_node] /perception/obstacles:obstacle_empty: Value 1.0000 deviated from baseline 0.0000±0.0001 (z=10000.0, confirmed x3) (sev=1.00)
[monitor_node-6] [WARN] [1790115927.598515887] [diagnostic_monitor]: ANOMALY on [lidar_node] /sim/lidar/scan:nan_ratio: Value 0.2778 deviated from baseline 0.0004±0.0083 (z=33.5, confirmed x57) (sev=1.00)
[monitor_node-6] [WARN] [1790115927.698067831] [diagnostic_monitor]: ANOMALY on [lidar_node] /sim/lidar/scan:nan_ratio: Value 0.2889 deviated from baseline 0.0004±0.0083 (z=34.9, confirmed x58) (sev=1.00)
[monitor_node-6] [WARN] [1790115927.798173475] [diagnostic_monitor]: ANOMALY on [lidar_node] /sim/lidar/scan:nan_ratio: Value 0.2778 deviated from baseline 0.0004±0.0083 (z=33.5, confirmed x59) (sev=1.00)
[monitor_node-6] [WARN] [1790115927.897586161] [diagnostic_monitor]: ANOMALY on [lidar_node] /sim/lidar/scan:nan_ratio: Value 0.3667 deviated from baseline 0.0004±0.0083 (z=44.3, confirmed x60) (sev=1.00)
[monitor_node-6] [WARN] [1790115927.998030630] [diagnostic_monitor]: ANOMALY on [lidar_node] /sim/lidar/scan:nan_ratio: Value 0.2667 deviated from baseline 0.0004±0.0083 (z=32.2, confirmed x61) (sev=1.00)
[monitor_node-6] [WARN] [1790115928.097548608] [diagnostic_monitor]: ANOMALY on [lidar_node] /sim/lidar/scan:nan_ratio: Value 0.2556 deviated from baseline 0.0004±0.0083 (z=30.8, confirmed x62) (sev=1.00)
[monitor_node-6] [WARN] [1790115928.197691324] [diagnostic_monitor]: ANOMALY on [lidar_node] /sim/lidar/scan:nan_ratio: Value 0.2778 deviated from baseline 0.0004±0.0083 (z=33.5, confirmed x63) (sev=1.00)
[monitor_node-6] [WARN] [1790115928.298534158] [diagnostic_monitor]: ANOMALY on [lidar_node] /sim/lidar/scan:nan_ratio: Value 0.3444 deviated from baseline 0.0004±0.0083 (z=41.6, confirmed x64) (sev=1.00)
[monitor_node-6] [WARN] [1790115928.397767627] [diagnostic_monitor]: ANOMALY on [lidar_node] /sim/lidar/scan:nan_ratio: Value 0.3889 deviated from baseline 0.0004±0.0083 (z=46.9, confirmed x65) (sev=1.00)
[monitor_node-6] [WARN] [1790115928.408112234] [diagnostic_monitor]: ANOMALY on [perception_node] /perception/obstacles:obstacle_empty: Value 1.0000 deviated from baseline 0.0000±0.0001 (z=10000.0, confirmed x2) (sev=1.00)
[monitor_node-6] [WARN] [1790115928.498167316] [diagnostic_monitor]: ANOMALY on [lidar_node] /sim/lidar/scan:nan_ratio: Value 0.3333 deviated from baseline 0.0004±0.0083 (z=40.2, confirmed x66) (sev=1.00)
[monitor_node-6] [WARN] [1790115928.509387299] [diagnostic_monitor]: ANOMALY on [perception_node] /perception/obstacles:obstacle_empty: Value 1.0000 deviated from baseline 0.0000±0.0001 (z=10000.0, confirmed x3) (sev=1.00)
[monitor_node-6] [WARN] [1790115928.598118020] [diagnostic_monitor]: ANOMALY on [lidar_node] /sim/lidar/scan:nan_ratio: Value 0.3667 deviated from baseline 0.0004±0.0083 (z=44.3, confirmed x67) (sev=1.00)
[monitor_node-6] [WARN] [1790115928.608288992] [diagnostic_monitor]: ANOMALY on [perception_node] /perception/obstacles:obstacle_empty: Value 1.0000 deviated from baseline 0.0000±0.0001 (z=10000.0, confirmed x4) (sev=1.00)
[monitor_node-6] [WARN] [1790115928.697485949] [diagnostic_monitor]: ANOMALY on [lidar_node] /sim/lidar/scan:nan_ratio: Value 0.3778 deviated from baseline 0.0004±0.0083 (z=45.6, confirmed x68) (sev=1.00)
[monitor_node-6] [WARN] [1790115928.709333934] [diagnostic_monitor]: ANOMALY on [perception_node] /perception/obstacles:obstacle_empty: Value 1.0000 deviated from baseline 0.0000±0.0001 (z=10000.0, confirmed x5) (sev=1.00)
[monitor_node-6] [WARN] [1790115928.797677967] [diagnostic_monitor]: ANOMALY on [lidar_node] /sim/lidar/scan:nan_ratio: Value 0.3111 deviated from baseline 0.0004±0.0083 (z=37.5, confirmed x69) (sev=1.00)
[monitor_node-6] [WARN] [1790115928.808262271] [diagnostic_monitor]: ANOMALY on [perception_node] /perception/obstacles:obstacle_empty: Value 1.0000 deviated from baseline 0.0000±0.0001 (z=10000.0, confirmed x6) (sev=1.00)
[monitor_node-6] [WARN] [1790115928.897974420] [diagnostic_monitor]: ANOMALY on [lidar_node] /sim/lidar/scan:nan_ratio: Value 0.2889 deviated from baseline 0.0004±0.0083 (z=34.9, confirmed x70) (sev=1.00)
[monitor_node-6] [WARN] [1790115928.998523667] [diagnostic_monitor]: ANOMALY on [lidar_node] /sim/lidar/scan:nan_ratio: Value 0.3000 deviated from baseline 0.0004±0.0083 (z=36.2, confirmed x71) (sev=1.00)
[monitor_node-6] [WARN] [1790115929.098840701] [diagnostic_monitor]: ANOMALY on [lidar_node] /sim/lidar/scan:nan_ratio: Value 0.3556 deviated from baseline 0.0004±0.0083 (z=42.9, confirmed x72) (sev=1.00)
[monitor_node-6] [WARN] [1790115929.197670096] [diagnostic_monitor]: ANOMALY on [lidar_node] /sim/lidar/scan:nan_ratio: Value 0.2889 deviated from baseline 0.0004±0.0083 (z=34.9, confirmed x73) (sev=1.00)
[monitor_node-6] [WARN] [1790115929.298191492] [diagnostic_monitor]: ANOMALY on [lidar_node] /sim/lidar/scan:nan_ratio: Value 0.3000 deviated from baseline 0.0004±0.0083 (z=36.2, confirmed x74) (sev=1.00)
[monitor_node-6] [WARN] [1790115929.399447052] [diagnostic_monitor]: ANOMALY on [lidar_node] /sim/lidar/scan:nan_ratio: Value 0.3222 deviated from baseline 0.0004±0.0083 (z=38.9, confirmed x75) (sev=1.00)
[monitor_node-6] [WARN] [1790115929.498462761] [diagnostic_monitor]: ANOMALY on [lidar_node] /sim/lidar/scan:nan_ratio: Value 0.4444 deviated from baseline 0.0004±0.0083 (z=53.7, confirmed x76) (sev=1.00)
[monitor_node-6] [WARN] [1790115929.513908411] [diagnostic_monitor]: ANOMALY on [perception_node] /perception/obstacles:obstacle_empty: Value 1.0000 deviated from baseline 0.0000±0.0001 (z=10000.0, confirmed x2) (sev=1.00)
[monitor_node-6] [WARN] [1790115929.597983489] [diagnostic_monitor]: ANOMALY on [lidar_node] /sim/lidar/scan:nan_ratio: Value 0.3444 deviated from baseline 0.0004±0.0083 (z=41.6, confirmed x77) (sev=1.00)
[monitor_node-6] [WARN] [1790115929.608199892] [diagnostic_monitor]: ANOMALY on [perception_node] /perception/obstacles:obstacle_empty: Value 1.0000 deviated from baseline 0.0000±0.0001 (z=10000.0, confirmed x3) (sev=1.00)
[monitor_node-6] [WARN] [1790115929.701052695] [diagnostic_monitor]: ANOMALY on [lidar_node] /sim/lidar/scan:nan_ratio: Value 0.2556 deviated from baseline 0.0004±0.0083 (z=30.8, confirmed x78) (sev=1.00)
[monitor_node-6] [WARN] [1790115929.799107390] [diagnostic_monitor]: ANOMALY on [lidar_node] /sim/lidar/scan:nan_ratio: Value 0.3778 deviated from baseline 0.0004±0.0083 (z=45.6, confirmed x79) (sev=1.00)
[monitor_node-6] [WARN] [1790115929.898310758] [diagnostic_monitor]: ANOMALY on [lidar_node] /sim/lidar/scan:nan_ratio: Value 0.3556 deviated from baseline 0.0004±0.0083 (z=42.9, confirmed x80) (sev=1.00)
[monitor_node-6] [WARN] [1790115929.908225127] [diagnostic_monitor]: ANOMALY on [perception_node] /perception/obstacles:obstacle_empty: Value 1.0000 deviated from baseline 0.0000±0.0001 (z=10000.0, confirmed x2) (sev=1.00)
[monitor_node-6] [WARN] [1790115929.998399905] [diagnostic_monitor]: ANOMALY on [lidar_node] /sim/lidar/scan:nan_ratio: Value 0.3000 deviated from baseline 0.0004±0.0083 (z=36.2, confirmed x81) (sev=1.00)
[monitor_node-6] [WARN] [1790115930.097263759] [diagnostic_monitor]: ANOMALY on [lidar_node] /sim/lidar/scan:nan_ratio: Value 0.3222 deviated from baseline 0.0004±0.0083 (z=38.9, confirmed x82) (sev=1.00)
[monitor_node-6] [WARN] [1790115930.198023549] [diagnostic_monitor]: ANOMALY on [lidar_node] /sim/lidar/scan:nan_ratio: Value 0.3222 deviated from baseline 0.0004±0.0083 (z=38.9, confirmed x83) (sev=1.00)
[monitor_node-6] [WARN] [1790115930.209650076] [diagnostic_monitor]: ANOMALY on [perception_node] /perception/obstacles:obstacle_empty: Value 1.0000 deviated from baseline 0.0000±0.0001 (z=10000.0, confirmed x2) (sev=1.00)
[monitor_node-6] [WARN] [1790115930.297496890] [diagnostic_monitor]: ANOMALY on [lidar_node] /sim/lidar/scan:nan_ratio: Value 0.3111 deviated from baseline 0.0004±0.0083 (z=37.5, confirmed x84) (sev=1.00)
[monitor_node-6] [WARN] [1790115930.307933494] [diagnostic_monitor]: ANOMALY on [perception_node] /perception/obstacles:obstacle_empty: Value 1.0000 deviated from baseline 0.0000±0.0001 (z=10000.0, confirmed x3) (sev=1.00)
[monitor_node-6] [WARN] [1790115930.397572075] [diagnostic_monitor]: ANOMALY on [lidar_node] /sim/lidar/scan:nan_ratio: Value 0.3222 deviated from baseline 0.0004±0.0083 (z=38.9, confirmed x85) (sev=1.00)
[monitor_node-6] [WARN] [1790115930.408181304] [diagnostic_monitor]: ANOMALY on [perception_node] /perception/obstacles:obstacle_empty: Value 1.0000 deviated from baseline 0.0000±0.0001 (z=10000.0, confirmed x4) (sev=1.00)
[monitor_node-6] [WARN] [1790115930.497661599] [diagnostic_monitor]: ANOMALY on [lidar_node] /sim/lidar/scan:nan_ratio: Value 0.2222 deviated from baseline 0.0004±0.0083 (z=26.8, confirmed x86) (sev=1.00)
[monitor_node-6] [WARN] [1790115930.597574611] [diagnostic_monitor]: ANOMALY on [lidar_node] /sim/lidar/scan:nan_ratio: Value 0.3000 deviated from baseline 0.0004±0.0083 (z=36.2, confirmed x87) (sev=1.00)
[monitor_node-6] [WARN] [1790115930.697968790] [diagnostic_monitor]: ANOMALY on [lidar_node] /sim/lidar/scan:nan_ratio: Value 0.2333 deviated from baseline 0.0004±0.0083 (z=28.1, confirmed x88) (sev=1.00)
[monitor_node-6] [WARN] [1790115930.798439468] [diagnostic_monitor]: ANOMALY on [lidar_node] /sim/lidar/scan:nan_ratio: Value 0.2111 deviated from baseline 0.0004±0.0083 (z=25.5, confirmed x89) (sev=1.00)
[monitor_node-6] [WARN] [1790115930.899123940] [diagnostic_monitor]: ANOMALY on [lidar_node] /sim/lidar/scan:nan_ratio: Value 0.2889 deviated from baseline 0.0004±0.0083 (z=34.9, confirmed x90) (sev=1.00)
[monitor_node-6] [WARN] [1790115930.998246433] [diagnostic_monitor]: ANOMALY on [lidar_node] /sim/lidar/scan:nan_ratio: Value 0.3000 deviated from baseline 0.0004±0.0083 (z=36.2, confirmed x91) (sev=1.00)
[monitor_node-6] [WARN] [1790115931.098753272] [diagnostic_monitor]: ANOMALY on [lidar_node] /sim/lidar/scan:nan_ratio: Value 0.3444 deviated from baseline 0.0004±0.0083 (z=41.6, confirmed x92) (sev=1.00)
[monitor_node-6] [WARN] [1790115931.198820013] [diagnostic_monitor]: ANOMALY on [lidar_node] /sim/lidar/scan:nan_ratio: Value 0.2889 deviated from baseline 0.0004±0.0083 (z=34.9, confirmed x93) (sev=1.00)
[monitor_node-6] [WARN] [1790115931.297996778] [diagnostic_monitor]: ANOMALY on [lidar_node] /sim/lidar/scan:nan_ratio: Value 0.2556 deviated from baseline 0.0004±0.0083 (z=30.8, confirmed x94) (sev=1.00)
[monitor_node-6] [WARN] [1790115931.397479769] [diagnostic_monitor]: ANOMALY on [lidar_node] /sim/lidar/scan:nan_ratio: Value 0.3222 deviated from baseline 0.0004±0.0083 (z=38.9, confirmed x95) (sev=1.00)
[monitor_node-6] [WARN] [1790115931.498923418] [diagnostic_monitor]: ANOMALY on [lidar_node] /sim/lidar/scan:nan_ratio: Value 0.3111 deviated from baseline 0.0004±0.0083 (z=37.5, confirmed x96) (sev=1.00)
[monitor_node-6] [WARN] [1790115931.522037501] [diagnostic_monitor]: ANOMALY on [perception_node] /perception/obstacles:obstacle_empty: Value 1.0000 deviated from baseline 0.0000±0.0001 (z=10000.0, confirmed x2) (sev=1.00)
[monitor_node-6] [WARN] [1790115931.598828731] [diagnostic_monitor]: ANOMALY on [lidar_node] /sim/lidar/scan:nan_ratio: Value 0.2333 deviated from baseline 0.0004±0.0083 (z=28.1, confirmed x97) (sev=1.00)
[monitor_node-6] [WARN] [1790115931.697424163] [diagnostic_monitor]: ANOMALY on [lidar_node] /sim/lidar/scan:nan_ratio: Value 0.3667 deviated from baseline 0.0004±0.0083 (z=44.3, confirmed x98) (sev=1.00)
[monitor_node-6] [WARN] [1790115931.798940264] [diagnostic_monitor]: ANOMALY on [lidar_node] /sim/lidar/scan:nan_ratio: Value 0.3444 deviated from baseline 0.0004±0.0083 (z=41.6, confirmed x99) (sev=1.00)
[monitor_node-6] [WARN] [1790115931.808269178] [diagnostic_monitor]: ANOMALY on [perception_node] /perception/obstacles:obstacle_empty: Value 1.0000 deviated from baseline 0.0000±0.0001 (z=10000.0, confirmed x2) (sev=1.00)
[monitor_node-6] [WARN] [1790115931.897918617] [diagnostic_monitor]: ANOMALY on [lidar_node] /sim/lidar/scan:nan_ratio: Value 0.3111 deviated from baseline 0.0004±0.0083 (z=37.5, confirmed x100) (sev=1.00)
[monitor_node-6] [WARN] [1790115931.908126299] [diagnostic_monitor]: ANOMALY on [perception_node] /perception/obstacles:obstacle_empty: Value 1.0000 deviated from baseline 0.0000±0.0001 (z=10000.0, confirmed x3) (sev=1.00)
[monitor_node-6] [WARN] [1790115931.998255025] [diagnostic_monitor]: ANOMALY on [lidar_node] /sim/lidar/scan:nan_ratio: Value 0.3667 deviated from baseline 0.0004±0.0083 (z=44.3, confirmed x101) (sev=1.00)
[monitor_node-6] [WARN] [1790115932.008602766] [diagnostic_monitor]: ANOMALY on [perception_node] /perception/obstacles:obstacle_empty: Value 1.0000 deviated from baseline 0.0000±0.0001 (z=10000.0, confirmed x4) (sev=1.00)
[monitor_node-6] [WARN] [1790115932.097438201] [diagnostic_monitor]: ANOMALY on [lidar_node] /sim/lidar/scan:nan_ratio: Value 0.2889 deviated from baseline 0.0004±0.0083 (z=34.9, confirmed x102) (sev=1.00)
[monitor_node-6] [WARN] [1790115932.197927224] [diagnostic_monitor]: ANOMALY on [lidar_node] /sim/lidar/scan:nan_ratio: Value 0.2889 deviated from baseline 0.0004±0.0083 (z=34.9, confirmed x103) (sev=1.00)
[monitor_node-6] [WARN] [1790115932.298257050] [diagnostic_monitor]: ANOMALY on [lidar_node] /sim/lidar/scan:nan_ratio: Value 0.3556 deviated from baseline 0.0004±0.0083 (z=42.9, confirmed x104) (sev=1.00)
[monitor_node-6] [WARN] [1790115932.398323475] [diagnostic_monitor]: ANOMALY on [lidar_node] /sim/lidar/scan:nan_ratio: Value 0.3778 deviated from baseline 0.0004±0.0083 (z=45.6, confirmed x105) (sev=1.00)
[monitor_node-6] [WARN] [1790115932.408099769] [diagnostic_monitor]: ANOMALY on [perception_node] /perception/obstacles:obstacle_empty: Value 1.0000 deviated from baseline 0.0000±0.0001 (z=10000.0, confirmed x2) (sev=1.00)
[monitor_node-6] [WARN] [1790115932.497862193] [diagnostic_monitor]: ANOMALY on [lidar_node] /sim/lidar/scan:nan_ratio: Value 0.3556 deviated from baseline 0.0004±0.0083 (z=42.9, confirmed x106) (sev=1.00)
[monitor_node-6] [WARN] [1790115932.508124453] [diagnostic_monitor]: ANOMALY on [perception_node] /perception/obstacles:obstacle_empty: Value 1.0000 deviated from baseline 0.0000±0.0001 (z=10000.0, confirmed x3) (sev=1.00)
[monitor_node-6] [WARN] [1790115932.598834854] [diagnostic_monitor]: ANOMALY on [lidar_node] /sim/lidar/scan:nan_ratio: Value 0.3667 deviated from baseline 0.0004±0.0083 (z=44.3, confirmed x107) (sev=1.00)
[monitor_node-6] [WARN] [1790115932.608241958] [diagnostic_monitor]: ANOMALY on [perception_node] /perception/obstacles:obstacle_empty: Value 1.0000 deviated from baseline 0.0000±0.0001 (z=10000.0, confirmed x4) (sev=1.00)
[monitor_node-6] [WARN] [1790115932.697942109] [diagnostic_monitor]: ANOMALY on [lidar_node] /sim/lidar/scan:nan_ratio: Value 0.2889 deviated from baseline 0.0004±0.0083 (z=34.9, confirmed x108) (sev=1.00)
[monitor_node-6] [WARN] [1790115932.798234713] [diagnostic_monitor]: ANOMALY on [lidar_node] /sim/lidar/scan:nan_ratio: Value 0.3111 deviated from baseline 0.0004±0.0083 (z=37.5, confirmed x109) (sev=1.00)
[monitor_node-6] [WARN] [1790115932.898145820] [diagnostic_monitor]: ANOMALY on [lidar_node] /sim/lidar/scan:nan_ratio: Value 0.3444 deviated from baseline 0.0004±0.0083 (z=41.6, confirmed x110) (sev=1.00)
[monitor_node-6] [WARN] [1790115932.908532590] [diagnostic_monitor]: ANOMALY on [perception_node] /perception/obstacles:obstacle_empty: Value 1.0000 deviated from baseline 0.0000±0.0001 (z=10000.0, confirmed x2) (sev=1.00)
[monitor_node-6] [WARN] [1790115932.998608635] [diagnostic_monitor]: ANOMALY on [lidar_node] /sim/lidar/scan:nan_ratio: Value 0.3667 deviated from baseline 0.0004±0.0083 (z=44.3, confirmed x111) (sev=1.00)
[monitor_node-6] [WARN] [1790115933.008629561] [diagnostic_monitor]: ANOMALY on [perception_node] /perception/obstacles:obstacle_empty: Value 1.0000 deviated from baseline 0.0000±0.0001 (z=10000.0, confirmed x3) (sev=1.00)
[monitor_node-6] [WARN] [1790115933.097320324] [diagnostic_monitor]: ANOMALY on [lidar_node] /sim/lidar/scan:nan_ratio: Value 0.3778 deviated from baseline 0.0004±0.0083 (z=45.6, confirmed x112) (sev=1.00)
[monitor_node-6] [WARN] [1790115933.108188452] [diagnostic_monitor]: ANOMALY on [perception_node] /perception/obstacles:obstacle_empty: Value 1.0000 deviated from baseline 0.0000±0.0001 (z=10000.0, confirmed x4) (sev=1.00)
[monitor_node-6] [WARN] [1790115933.198285567] [diagnostic_monitor]: ANOMALY on [lidar_node] /sim/lidar/scan:nan_ratio: Value 0.3000 deviated from baseline 0.0004±0.0083 (z=36.2, confirmed x113) (sev=1.00)
[monitor_node-6] [WARN] [1790115933.298563706] [diagnostic_monitor]: ANOMALY on [lidar_node] /sim/lidar/scan:nan_ratio: Value 0.3111 deviated from baseline 0.0004±0.0083 (z=37.5, confirmed x114) (sev=1.00)
[monitor_node-6] [WARN] [1790115933.397773102] [diagnostic_monitor]: ANOMALY on [lidar_node] /sim/lidar/scan:nan_ratio: Value 0.2444 deviated from baseline 0.0004±0.0083 (z=29.5, confirmed x115) (sev=1.00)
[monitor_node-6] [WARN] [1790115933.498521022] [diagnostic_monitor]: ANOMALY on [lidar_node] /sim/lidar/scan:nan_ratio: Value 0.2889 deviated from baseline 0.0004±0.0083 (z=34.9, confirmed x116) (sev=1.00)
[monitor_node-6] [WARN] [1790115933.599112245] [diagnostic_monitor]: ANOMALY on [lidar_node] /sim/lidar/scan:nan_ratio: Value 0.3222 deviated from baseline 0.0004±0.0083 (z=38.9, confirmed x117) (sev=1.00)
[monitor_node-6] [WARN] [1790115933.698121335] [diagnostic_monitor]: ANOMALY on [lidar_node] /sim/lidar/scan:nan_ratio: Value 0.2778 deviated from baseline 0.0004±0.0083 (z=33.5, confirmed x118) (sev=1.00)
[monitor_node-6] [WARN] [1790115933.797888041] [diagnostic_monitor]: ANOMALY on [lidar_node] /sim/lidar/scan:nan_ratio: Value 0.2778 deviated from baseline 0.0004±0.0083 (z=33.5, confirmed x119) (sev=1.00)
[monitor_node-6] [WARN] [1790115933.897692916] [diagnostic_monitor]: ANOMALY on [lidar_node] /sim/lidar/scan:nan_ratio: Value 0.3556 deviated from baseline 0.0004±0.0083 (z=42.9, confirmed x120) (sev=1.00)
[monitor_node-6] [WARN] [1790115933.998700537] [diagnostic_monitor]: ANOMALY on [lidar_node] /sim/lidar/scan:nan_ratio: Value 0.2444 deviated from baseline 0.0004±0.0083 (z=29.5, confirmed x121) (sev=1.00)
[monitor_node-6] [WARN] [1790115934.098094853] [diagnostic_monitor]: ANOMALY on [lidar_node] /sim/lidar/scan:nan_ratio: Value 0.2222 deviated from baseline 0.0004±0.0083 (z=26.8, confirmed x122) (sev=1.00)
[monitor_node-6] [WARN] [1790115934.197511016] [diagnostic_monitor]: ANOMALY on [lidar_node] /sim/lidar/scan:nan_ratio: Value 0.3778 deviated from baseline 0.0004±0.0083 (z=45.6, confirmed x123) (sev=1.00)
[monitor_node-6] [WARN] [1790115934.298017430] [diagnostic_monitor]: ANOMALY on [lidar_node] /sim/lidar/scan:nan_ratio: Value 0.3889 deviated from baseline 0.0004±0.0083 (z=46.9, confirmed x124) (sev=1.00)
[monitor_node-6] [WARN] [1790115934.308030317] [diagnostic_monitor]: ANOMALY on [perception_node] /perception/obstacles:obstacle_empty: Value 1.0000 deviated from baseline 0.0000±0.0001 (z=10000.0, confirmed x2) (sev=1.00)
[monitor_node-6] [WARN] [1790115934.397965193] [diagnostic_monitor]: ANOMALY on [lidar_node] /sim/lidar/scan:nan_ratio: Value 0.4444 deviated from baseline 0.0004±0.0083 (z=53.7, confirmed x125) (sev=1.00)
[monitor_node-6] [WARN] [1790115934.408154888] [diagnostic_monitor]: ANOMALY on [perception_node] /perception/obstacles:obstacle_empty: Value 1.0000 deviated from baseline 0.0000±0.0001 (z=10000.0, confirmed x3) (sev=1.00)
[monitor_node-6] [WARN] [1790115934.497665759] [diagnostic_monitor]: ANOMALY on [lidar_node] /sim/lidar/scan:nan_ratio: Value 0.3444 deviated from baseline 0.0004±0.0083 (z=41.6, confirmed x126) (sev=1.00)
[monitor_node-6] [WARN] [1790115934.510399558] [diagnostic_monitor]: ANOMALY on [perception_node] /perception/obstacles:obstacle_empty: Value 1.0000 deviated from baseline 0.0000±0.0001 (z=10000.0, confirmed x4) (sev=1.00)
[monitor_node-6] [WARN] [1790115934.598052589] [diagnostic_monitor]: ANOMALY on [lidar_node] /sim/lidar/scan:nan_ratio: Value 0.3222 deviated from baseline 0.0004±0.0083 (z=38.9, confirmed x127) (sev=1.00)
[monitor_node-6] [WARN] [1790115934.608380232] [diagnostic_monitor]: ANOMALY on [perception_node] /perception/obstacles:obstacle_empty: Value 1.0000 deviated from baseline 0.0000±0.0001 (z=10000.0, confirmed x5) (sev=1.00)
[monitor_node-6] [WARN] [1790115934.698385663] [diagnostic_monitor]: ANOMALY on [lidar_node] /sim/lidar/scan:nan_ratio: Value 0.2889 deviated from baseline 0.0004±0.0083 (z=34.9, confirmed x128) (sev=1.00)
[monitor_node-6] [WARN] [1790115934.803446448] [diagnostic_monitor]: ANOMALY on [lidar_node] /sim/lidar/scan:nan_ratio: Value 0.3889 deviated from baseline 0.0004±0.0083 (z=46.9, confirmed x129) (sev=1.00)
[monitor_node-6] [WARN] [1790115934.898567217] [diagnostic_monitor]: ANOMALY on [lidar_node] /sim/lidar/scan:nan_ratio: Value 0.3333 deviated from baseline 0.0004±0.0083 (z=40.2, confirmed x130) (sev=1.00)
[monitor_node-6] [WARN] [1790115934.909338862] [diagnostic_monitor]: ANOMALY on [perception_node] /perception/obstacles:obstacle_empty: Value 1.0000 deviated from baseline 0.0000±0.0001 (z=10000.0, confirmed x2) (sev=1.00)
[monitor_node-6] [WARN] [1790115934.999056892] [diagnostic_monitor]: ANOMALY on [lidar_node] /sim/lidar/scan:nan_ratio: Value 0.2778 deviated from baseline 0.0004±0.0083 (z=33.5, confirmed x131) (sev=1.00)
[monitor_node-6] [WARN] [1790115935.098726443] [diagnostic_monitor]: ANOMALY on [lidar_node] /sim/lidar/scan:nan_ratio: Value 0.3111 deviated from baseline 0.0004±0.0083 (z=37.5, confirmed x132) (sev=1.00)
[monitor_node-6] [WARN] [1790115935.199689333] [diagnostic_monitor]: ANOMALY on [lidar_node] /sim/lidar/scan:nan_ratio: Value 0.3444 deviated from baseline 0.0004±0.0083 (z=41.6, confirmed x133) (sev=1.00)
[monitor_node-6] [WARN] [1790115935.210261404] [diagnostic_monitor]: ANOMALY on [perception_node] /perception/obstacles:obstacle_empty: Value 1.0000 deviated from baseline 0.0000±0.0001 (z=10000.0, confirmed x2) (sev=1.00)
[monitor_node-6] [WARN] [1790115935.302969546] [diagnostic_monitor]: ANOMALY on [lidar_node] /sim/lidar/scan:nan_ratio: Value 0.2778 deviated from baseline 0.0004±0.0083 (z=33.5, confirmed x134) (sev=1.00)
[monitor_node-6] [WARN] [1790115935.397639847] [diagnostic_monitor]: ANOMALY on [lidar_node] /sim/lidar/scan:nan_ratio: Value 0.2333 deviated from baseline 0.0004±0.0083 (z=28.1, confirmed x135) (sev=1.00)
[monitor_node-6] [WARN] [1790115935.498030047] [diagnostic_monitor]: ANOMALY on [lidar_node] /sim/lidar/scan:nan_ratio: Value 0.3333 deviated from baseline 0.0004±0.0083 (z=40.2, confirmed x136) (sev=1.00)
[monitor_node-6] [WARN] [1790115935.597966466] [diagnostic_monitor]: ANOMALY on [lidar_node] /sim/lidar/scan:nan_ratio: Value 0.3222 deviated from baseline 0.0004±0.0083 (z=38.9, confirmed x137) (sev=1.00)
[monitor_node-6] [WARN] [1790115935.608531623] [diagnostic_monitor]: ANOMALY on [perception_node] /perception/obstacles:obstacle_empty: Value 1.0000 deviated from baseline 0.0000±0.0001 (z=10000.0, confirmed x2) (sev=1.00)
[monitor_node-6] [WARN] [1790115935.698353726] [diagnostic_monitor]: ANOMALY on [lidar_node] /sim/lidar/scan:nan_ratio: Value 0.3222 deviated from baseline 0.0004±0.0083 (z=38.9, confirmed x138) (sev=1.00)
[monitor_node-6] [WARN] [1790115935.708084105] [diagnostic_monitor]: ANOMALY on [perception_node] /perception/obstacles:obstacle_empty: Value 1.0000 deviated from baseline 0.0000±0.0001 (z=10000.0, confirmed x3) (sev=1.00)
[monitor_node-6] [WARN] [1790115935.997996364] [diagnostic_monitor]: ANOMALY on [lidar_node] /sim/lidar/scan:nan_ratio: Value 0.3000 deviated from baseline 0.0005±0.0092 (z=32.4, confirmed x2) (sev=1.00)
[monitor_node-6] [WARN] [1790115936.098595539] [diagnostic_monitor]: ANOMALY on [lidar_node] /sim/lidar/scan:nan_ratio: Value 0.3333 deviated from baseline 0.0005±0.0092 (z=36.0, confirmed x3) (sev=1.00)
[monitor_node-6] [WARN] [1790115936.198111736] [diagnostic_monitor]: ANOMALY on [lidar_node] /sim/lidar/scan:nan_ratio: Value 0.4000 deviated from baseline 0.0005±0.0092 (z=43.2, confirmed x4) (sev=1.00)
[monitor_node-6] [WARN] [1790115936.208344005] [diagnostic_monitor]: ANOMALY on [perception_node] /perception/obstacles:obstacle_empty: Value 1.0000 deviated from baseline 0.0000±0.0001 (z=10000.0, confirmed x2) (sev=1.00)
[monitor_node-6] [WARN] [1790115936.297583686] [diagnostic_monitor]: ANOMALY on [lidar_node] /sim/lidar/scan:nan_ratio: Value 0.3000 deviated from baseline 0.0005±0.0092 (z=32.4, confirmed x5) (sev=1.00)
[monitor_node-6] [WARN] [1790115936.397953984] [diagnostic_monitor]: ANOMALY on [lidar_node] /sim/lidar/scan:nan_ratio: Value 0.3111 deviated from baseline 0.0005±0.0092 (z=33.6, confirmed x6) (sev=1.00)
[monitor_node-6] [WARN] [1790115936.498076798] [diagnostic_monitor]: ANOMALY on [lidar_node] /sim/lidar/scan:nan_ratio: Value 0.3111 deviated from baseline 0.0005±0.0092 (z=33.6, confirmed x7) (sev=1.00)
[monitor_node-6] [WARN] [1790115936.509570111] [diagnostic_monitor]: ANOMALY on [perception_node] /perception/obstacles:obstacle_empty: Value 1.0000 deviated from baseline 0.0000±0.0001 (z=10000.0, confirmed x2) (sev=1.00)
[monitor_node-6] [WARN] [1790115936.597983220] [diagnostic_monitor]: ANOMALY on [lidar_node] /sim/lidar/scan:nan_ratio: Value 0.2778 deviated from baseline 0.0005±0.0092 (z=30.0, confirmed x8) (sev=1.00)
[monitor_node-6] [WARN] [1790115936.698518570] [diagnostic_monitor]: ANOMALY on [lidar_node] /sim/lidar/scan:nan_ratio: Value 0.3111 deviated from baseline 0.0005±0.0092 (z=33.6, confirmed x9) (sev=1.00)
[monitor_node-6] [WARN] [1790115936.797730093] [diagnostic_monitor]: ANOMALY on [lidar_node] /sim/lidar/scan:nan_ratio: Value 0.3111 deviated from baseline 0.0005±0.0092 (z=33.6, confirmed x10) (sev=1.00)
[monitor_node-6] [WARN] [1790115936.808268264] [diagnostic_monitor]: ANOMALY on [perception_node] /perception/obstacles:obstacle_empty: Value 1.0000 deviated from baseline 0.0000±0.0001 (z=10000.0, confirmed x2) (sev=1.00)
[monitor_node-6] [WARN] [1790115936.897958389] [diagnostic_monitor]: ANOMALY on [lidar_node] /sim/lidar/scan:nan_ratio: Value 0.3778 deviated from baseline 0.0005±0.0092 (z=40.8, confirmed x11) (sev=1.00)
[monitor_node-6] [WARN] [1790115936.907875720] [diagnostic_monitor]: ANOMALY on [perception_node] /perception/obstacles:obstacle_empty: Value 1.0000 deviated from baseline 0.0000±0.0001 (z=10000.0, confirmed x3) (sev=1.00)
[monitor_node-6] [WARN] [1790115936.998077624] [diagnostic_monitor]: ANOMALY on [lidar_node] /sim/lidar/scan:nan_ratio: Value 0.3889 deviated from baseline 0.0005±0.0092 (z=42.0, confirmed x12) (sev=1.00)
[monitor_node-6] [WARN] [1790115937.012835922] [diagnostic_monitor]: ANOMALY on [perception_node] /perception/obstacles:obstacle_empty: Value 1.0000 deviated from baseline 0.0000±0.0001 (z=10000.0, confirmed x4) (sev=1.00)
[monitor_node-6] [WARN] [1790115937.098225681] [diagnostic_monitor]: ANOMALY on [lidar_node] /sim/lidar/scan:nan_ratio: Value 0.3111 deviated from baseline 0.0005±0.0092 (z=33.6, confirmed x13) (sev=1.00)
[monitor_node-6] [WARN] [1790115937.108957413] [diagnostic_monitor]: ANOMALY on [perception_node] /perception/obstacles:obstacle_empty: Value 1.0000 deviated from baseline 0.0000±0.0001 (z=10000.0, confirmed x5) (sev=1.00)
[monitor_node-6] [WARN] [1790115937.197611828] [diagnostic_monitor]: ANOMALY on [lidar_node] /sim/lidar/scan:nan_ratio: Value 0.3111 deviated from baseline 0.0005±0.0092 (z=33.6, confirmed x14) (sev=1.00)
[monitor_node-6] [WARN] [1790115937.208276403] [diagnostic_monitor]: ANOMALY on [perception_node] /perception/obstacles:obstacle_empty: Value 1.0000 deviated from baseline 0.0000±0.0001 (z=10000.0, confirmed x6) (sev=1.00)
[monitor_node-6] [WARN] [1790115937.297874798] [diagnostic_monitor]: ANOMALY on [lidar_node] /sim/lidar/scan:nan_ratio: Value 0.3111 deviated from baseline 0.0005±0.0092 (z=33.6, confirmed x15) (sev=1.00)
[monitor_node-6] [WARN] [1790115937.308185904] [diagnostic_monitor]: ANOMALY on [perception_node] /perception/obstacles:obstacle_empty: Value 1.0000 deviated from baseline 0.0000±0.0001 (z=10000.0, confirmed x7) (sev=1.00)
[monitor_node-6] [WARN] [1790115937.398285395] [diagnostic_monitor]: ANOMALY on [lidar_node] /sim/lidar/scan:nan_ratio: Value 0.3111 deviated from baseline 0.0005±0.0092 (z=33.6, confirmed x16) (sev=1.00)
[monitor_node-6] [WARN] [1790115937.407960781] [diagnostic_monitor]: ANOMALY on [perception_node] /perception/obstacles:obstacle_empty: Value 1.0000 deviated from baseline 0.0000±0.0001 (z=10000.0, confirmed x8) (sev=1.00)
[monitor_node-6] [WARN] [1790115937.497901765] [diagnostic_monitor]: ANOMALY on [lidar_node] /sim/lidar/scan:nan_ratio: Value 0.3111 deviated from baseline 0.0005±0.0092 (z=33.6, confirmed x17) (sev=1.00)
[monitor_node-6] [WARN] [1790115937.510111322] [diagnostic_monitor]: ANOMALY on [perception_node] /perception/obstacles:obstacle_empty: Value 1.0000 deviated from baseline 0.0000±0.0001 (z=10000.0, confirmed x9) (sev=1.00)
[monitor_node-6] [WARN] [1790115937.598119037] [diagnostic_monitor]: ANOMALY on [lidar_node] /sim/lidar/scan:nan_ratio: Value 0.3556 deviated from baseline 0.0005±0.0092 (z=38.4, confirmed x18) (sev=1.00)
[monitor_node-6] [WARN] [1790115937.608376339] [diagnostic_monitor]: ANOMALY on [perception_node] /perception/obstacles:obstacle_empty: Value 1.0000 deviated from baseline 0.0000±0.0001 (z=10000.0, confirmed x10) (sev=1.00)
[monitor_node-6] [WARN] [1790115937.697997996] [diagnostic_monitor]: ANOMALY on [lidar_node] /sim/lidar/scan:nan_ratio: Value 0.3222 deviated from baseline 0.0005±0.0092 (z=34.8, confirmed x19) (sev=1.00)
[monitor_node-6] [WARN] [1790115937.709050246] [diagnostic_monitor]: ANOMALY on [perception_node] /perception/obstacles:obstacle_empty: Value 1.0000 deviated from baseline 0.0000±0.0001 (z=10000.0, confirmed x11) (sev=1.00)
[monitor_node-6] [WARN] [1790115937.798829515] [diagnostic_monitor]: ANOMALY on [lidar_node] /sim/lidar/scan:nan_ratio: Value 0.2889 deviated from baseline 0.0005±0.0092 (z=31.2, confirmed x20) (sev=1.00)
[monitor_node-6] [WARN] [1790115937.897801891] [diagnostic_monitor]: ANOMALY on [lidar_node] /sim/lidar/scan:nan_ratio: Value 0.3444 deviated from baseline 0.0005±0.0092 (z=37.2, confirmed x21) (sev=1.00)
[monitor_node-6] [WARN] [1790115937.998430141] [diagnostic_monitor]: ANOMALY on [lidar_node] /sim/lidar/scan:nan_ratio: Value 0.3444 deviated from baseline 0.0005±0.0092 (z=37.2, confirmed x22) (sev=1.00)
[monitor_node-6] [WARN] [1790115938.007736088] [diagnostic_monitor]: ANOMALY on [perception_node] /perception/obstacles:obstacle_empty: Value 1.0000 deviated from baseline 0.0000±0.0001 (z=10000.0, confirmed x2) (sev=1.00)
[monitor_node-6] [WARN] [1790115938.098048829] [diagnostic_monitor]: ANOMALY on [lidar_node] /sim/lidar/scan:nan_ratio: Value 0.3222 deviated from baseline 0.0005±0.0092 (z=34.8, confirmed x23) (sev=1.00)
[monitor_node-6] [WARN] [1790115938.108072963] [diagnostic_monitor]: ANOMALY on [perception_node] /perception/obstacles:obstacle_empty: Value 1.0000 deviated from baseline 0.0000±0.0001 (z=10000.0, confirmed x3) (sev=1.00)
[monitor_node-6] [WARN] [1790115938.198106152] [diagnostic_monitor]: ANOMALY on [lidar_node] /sim/lidar/scan:nan_ratio: Value 0.3222 deviated from baseline 0.0005±0.0092 (z=34.8, confirmed x24) (sev=1.00)
[monitor_node-6] [WARN] [1790115938.208793366] [diagnostic_monitor]: ANOMALY on [perception_node] /perception/obstacles:obstacle_empty: Value 1.0000 deviated from baseline 0.0000±0.0001 (z=10000.0, confirmed x4) (sev=1.00)
[monitor_node-6] [WARN] [1790115938.298801164] [diagnostic_monitor]: ANOMALY on [lidar_node] /sim/lidar/scan:nan_ratio: Value 0.3889 deviated from baseline 0.0005±0.0092 (z=42.0, confirmed x25) (sev=1.00)
[monitor_node-6] [WARN] [1790115938.307994799] [diagnostic_monitor]: ANOMALY on [perception_node] /perception/obstacles:obstacle_empty: Value 1.0000 deviated from baseline 0.0000±0.0001 (z=10000.0, confirmed x5) (sev=1.00)
[monitor_node-6] [WARN] [1790115938.398452996] [diagnostic_monitor]: ANOMALY on [lidar_node] /sim/lidar/scan:nan_ratio: Value 0.2778 deviated from baseline 0.0005±0.0092 (z=30.0, confirmed x26) (sev=1.00)
[monitor_node-6] [WARN] [1790115938.498104262] [diagnostic_monitor]: ANOMALY on [lidar_node] /sim/lidar/scan:nan_ratio: Value 0.2778 deviated from baseline 0.0005±0.0092 (z=30.0, confirmed x27) (sev=1.00)
[monitor_node-6] [WARN] [1790115938.598151950] [diagnostic_monitor]: ANOMALY on [lidar_node] /sim/lidar/scan:nan_ratio: Value 0.3000 deviated from baseline 0.0005±0.0092 (z=32.4, confirmed x28) (sev=1.00)
[monitor_node-6] [WARN] [1790115938.698060932] [diagnostic_monitor]: ANOMALY on [lidar_node] /sim/lidar/scan:nan_ratio: Value 0.2333 deviated from baseline 0.0005±0.0092 (z=25.2, confirmed x29) (sev=1.00)
[monitor_node-6] [WARN] [1790115938.798606356] [diagnostic_monitor]: ANOMALY on [lidar_node] /sim/lidar/scan:nan_ratio: Value 0.4778 deviated from baseline 0.0005±0.0092 (z=51.6, confirmed x30) (sev=1.00)
[monitor_node-6] [WARN] [1790115938.897364069] [diagnostic_monitor]: ANOMALY on [lidar_node] /sim/lidar/scan:nan_ratio: Value 0.3556 deviated from baseline 0.0005±0.0092 (z=38.4, confirmed x31) (sev=1.00)
[monitor_node-6] [WARN] [1790115938.908457668] [diagnostic_monitor]: ANOMALY on [perception_node] /perception/obstacles:obstacle_empty: Value 1.0000 deviated from baseline 0.0000±0.0001 (z=10000.0, confirmed x2) (sev=1.00)
[monitor_node-6] [WARN] [1790115938.997756220] [diagnostic_monitor]: ANOMALY on [lidar_node] /sim/lidar/scan:nan_ratio: Value 0.3000 deviated from baseline 0.0005±0.0092 (z=32.4, confirmed x32) (sev=1.00)
[monitor_node-6] [WARN] [1790115939.097879921] [diagnostic_monitor]: ANOMALY on [lidar_node] /sim/lidar/scan:nan_ratio: Value 0.2556 deviated from baseline 0.0005±0.0092 (z=27.6, confirmed x33) (sev=1.00)
[monitor_node-6] [WARN] [1790115939.198306732] [diagnostic_monitor]: ANOMALY on [lidar_node] /sim/lidar/scan:nan_ratio: Value 0.2889 deviated from baseline 0.0005±0.0092 (z=31.2, confirmed x34) (sev=1.00)
[monitor_node-6] [WARN] [1790115939.298040259] [diagnostic_monitor]: ANOMALY on [lidar_node] /sim/lidar/scan:nan_ratio: Value 0.3000 deviated from baseline 0.0005±0.0092 (z=32.4, confirmed x35) (sev=1.00)
[monitor_node-6] [WARN] [1790115939.397706155] [diagnostic_monitor]: ANOMALY on [lidar_node] /sim/lidar/scan:nan_ratio: Value 0.3444 deviated from baseline 0.0005±0.0092 (z=37.2, confirmed x36) (sev=1.00)
[monitor_node-6] [WARN] [1790115939.498503493] [diagnostic_monitor]: ANOMALY on [lidar_node] /sim/lidar/scan:nan_ratio: Value 0.3778 deviated from baseline 0.0005±0.0092 (z=40.8, confirmed x37) (sev=1.00)
[monitor_node-6] [WARN] [1790115939.509500945] [diagnostic_monitor]: ANOMALY on [perception_node] /perception/obstacles:obstacle_empty: Value 1.0000 deviated from baseline 0.0000±0.0001 (z=10000.0, confirmed x2) (sev=1.00)
[monitor_node-6] [WARN] [1790115939.597634227] [diagnostic_monitor]: ANOMALY on [lidar_node] /sim/lidar/scan:nan_ratio: Value 0.2889 deviated from baseline 0.0005±0.0092 (z=31.2, confirmed x38) (sev=1.00)
[monitor_node-6] [WARN] [1790115939.697427989] [diagnostic_monitor]: ANOMALY on [lidar_node] /sim/lidar/scan:nan_ratio: Value 0.3111 deviated from baseline 0.0005±0.0092 (z=33.6, confirmed x39) (sev=1.00)
[monitor_node-6] [WARN] [1790115939.798662874] [diagnostic_monitor]: ANOMALY on [lidar_node] /sim/lidar/scan:nan_ratio: Value 0.3111 deviated from baseline 0.0005±0.0092 (z=33.6, confirmed x40) (sev=1.00)
[monitor_node-6] [WARN] [1790115939.808175732] [diagnostic_monitor]: ANOMALY on [perception_node] /perception/obstacles:obstacle_empty: Value 1.0000 deviated from baseline 0.0000±0.0001 (z=10000.0, confirmed x2) (sev=1.00)
[monitor_node-6] [WARN] [1790115939.898432957] [diagnostic_monitor]: ANOMALY on [lidar_node] /sim/lidar/scan:nan_ratio: Value 0.3556 deviated from baseline 0.0005±0.0092 (z=38.4, confirmed x41) (sev=1.00)
[monitor_node-6] [WARN] [1790115939.908065999] [diagnostic_monitor]: ANOMALY on [perception_node] /perception/obstacles:obstacle_empty: Value 1.0000 deviated from baseline 0.0000±0.0001 (z=10000.0, confirmed x3) (sev=1.00)
[monitor_node-6] [WARN] [1790115939.998002754] [diagnostic_monitor]: ANOMALY on [lidar_node] /sim/lidar/scan:nan_ratio: Value 0.2778 deviated from baseline 0.0005±0.0092 (z=30.0, confirmed x42) (sev=1.00)
[monitor_node-6] [WARN] [1790115940.098248371] [diagnostic_monitor]: ANOMALY on [lidar_node] /sim/lidar/scan:nan_ratio: Value 0.2444 deviated from baseline 0.0005±0.0092 (z=26.4, confirmed x43) (sev=1.00)
[monitor_node-6] [WARN] [1790115940.199056438] [diagnostic_monitor]: ANOMALY on [lidar_node] /sim/lidar/scan:nan_ratio: Value 0.3111 deviated from baseline 0.0005±0.0092 (z=33.6, confirmed x44) (sev=1.00)
[monitor_node-6] [WARN] [1790115940.297584063] [diagnostic_monitor]: ANOMALY on [lidar_node] /sim/lidar/scan:nan_ratio: Value 0.3556 deviated from baseline 0.0005±0.0092 (z=38.4, confirmed x45) (sev=1.00)
[monitor_node-6] [WARN] [1790115940.308658887] [diagnostic_monitor]: ANOMALY on [perception_node] /perception/obstacles:obstacle_empty: Value 1.0000 deviated from baseline 0.0000±0.0001 (z=10000.0, confirmed x2) (sev=1.00)
[monitor_node-6] [WARN] [1790115940.399368646] [diagnostic_monitor]: ANOMALY on [lidar_node] /sim/lidar/scan:nan_ratio: Value 0.3111 deviated from baseline 0.0005±0.0092 (z=33.6, confirmed x46) (sev=1.00)
[monitor_node-6] [WARN] [1790115940.408634640] [diagnostic_monitor]: ANOMALY on [perception_node] /perception/obstacles:obstacle_empty: Value 1.0000 deviated from baseline 0.0000±0.0001 (z=10000.0, confirmed x3) (sev=1.00)
[monitor_node-6] [WARN] [1790115940.498452024] [diagnostic_monitor]: ANOMALY on [lidar_node] /sim/lidar/scan:nan_ratio: Value 0.2889 deviated from baseline 0.0005±0.0092 (z=31.2, confirmed x47) (sev=1.00)
[monitor_node-6] [WARN] [1790115940.598388986] [diagnostic_monitor]: ANOMALY on [lidar_node] /sim/lidar/scan:nan_ratio: Value 0.4000 deviated from baseline 0.0005±0.0092 (z=43.2, confirmed x48) (sev=1.00)
[monitor_node-6] [WARN] [1790115940.697841880] [diagnostic_monitor]: ANOMALY on [lidar_node] /sim/lidar/scan:nan_ratio: Value 0.3778 deviated from baseline 0.0005±0.0092 (z=40.8, confirmed x49) (sev=1.00)
[monitor_node-6] [WARN] [1790115940.708317564] [diagnostic_monitor]: ANOMALY on [perception_node] /perception/obstacles:obstacle_empty: Value 1.0000 deviated from baseline 0.0000±0.0001 (z=10000.0, confirmed x2) (sev=1.00)
[monitor_node-6] [WARN] [1790115940.797906803] [diagnostic_monitor]: ANOMALY on [lidar_node] /sim/lidar/scan:nan_ratio: Value 0.3222 deviated from baseline 0.0005±0.0092 (z=34.8, confirmed x50) (sev=1.00)
[monitor_node-6] [WARN] [1790115940.807793481] [diagnostic_monitor]: ANOMALY on [perception_node] /perception/obstacles:obstacle_empty: Value 1.0000 deviated from baseline 0.0000±0.0001 (z=10000.0, confirmed x3) (sev=1.00)
[monitor_node-6] [WARN] [1790115940.897737357] [diagnostic_monitor]: ANOMALY on [lidar_node] /sim/lidar/scan:nan_ratio: Value 0.3667 deviated from baseline 0.0005±0.0092 (z=39.6, confirmed x51) (sev=1.00)
[monitor_node-6] [WARN] [1790115940.908195920] [diagnostic_monitor]: ANOMALY on [perception_node] /perception/obstacles:obstacle_empty: Value 1.0000 deviated from baseline 0.0000±0.0001 (z=10000.0, confirmed x4) (sev=1.00)
[monitor_node-6] [WARN] [1790115940.997574616] [diagnostic_monitor]: ANOMALY on [lidar_node] /sim/lidar/scan:nan_ratio: Value 0.3333 deviated from baseline 0.0005±0.0092 (z=36.0, confirmed x52) (sev=1.00)
[monitor_node-6] [WARN] [1790115941.008223727] [diagnostic_monitor]: ANOMALY on [perception_node] /perception/obstacles:obstacle_empty: Value 1.0000 deviated from baseline 0.0000±0.0001 (z=10000.0, confirmed x5) (sev=1.00)
[monitor_node-6] [WARN] [1790115941.097595845] [diagnostic_monitor]: ANOMALY on [lidar_node] /sim/lidar/scan:nan_ratio: Value 0.2667 deviated from baseline 0.0005±0.0092 (z=28.8, confirmed x53) (sev=1.00)
[monitor_node-6] [WARN] [1790115941.198238302] [diagnostic_monitor]: ANOMALY on [lidar_node] /sim/lidar/scan:nan_ratio: Value 0.3111 deviated from baseline 0.0005±0.0092 (z=33.6, confirmed x54) (sev=1.00)
[monitor_node-6] [WARN] [1790115941.297949271] [diagnostic_monitor]: ANOMALY on [lidar_node] /sim/lidar/scan:nan_ratio: Value 0.3111 deviated from baseline 0.0005±0.0092 (z=33.6, confirmed x55) (sev=1.00)
[monitor_node-6] [WARN] [1790115941.309062647] [diagnostic_monitor]: ANOMALY on [perception_node] /perception/obstacles:obstacle_empty: Value 1.0000 deviated from baseline 0.0000±0.0001 (z=10000.0, confirmed x2) (sev=1.00)
[monitor_node-6] [WARN] [1790115941.397978707] [diagnostic_monitor]: ANOMALY on [lidar_node] /sim/lidar/scan:nan_ratio: Value 0.3000 deviated from baseline 0.0005±0.0092 (z=32.4, confirmed x56) (sev=1.00)
[monitor_node-6] [WARN] [1790115941.497813882] [diagnostic_monitor]: ANOMALY on [lidar_node] /sim/lidar/scan:nan_ratio: Value 0.3111 deviated from baseline 0.0005±0.0092 (z=33.6, confirmed x57) (sev=1.00)
[monitor_node-6] [WARN] [1790115941.598138922] [diagnostic_monitor]: ANOMALY on [lidar_node] /sim/lidar/scan:nan_ratio: Value 0.3000 deviated from baseline 0.0005±0.0092 (z=32.4, confirmed x58) (sev=1.00)
[monitor_node-6] [WARN] [1790115941.697571847] [diagnostic_monitor]: ANOMALY on [lidar_node] /sim/lidar/scan:nan_ratio: Value 0.2333 deviated from baseline 0.0005±0.0092 (z=25.2, confirmed x59) (sev=1.00)
[monitor_node-6] [WARN] [1790115941.797808021] [diagnostic_monitor]: ANOMALY on [lidar_node] /sim/lidar/scan:nan_ratio: Value 0.3556 deviated from baseline 0.0005±0.0092 (z=38.4, confirmed x60) (sev=1.00)
[monitor_node-6] [WARN] [1790115941.897410917] [diagnostic_monitor]: ANOMALY on [lidar_node] /sim/lidar/scan:nan_ratio: Value 0.3111 deviated from baseline 0.0005±0.0092 (z=33.6, confirmed x61) (sev=1.00)
[monitor_node-6] [WARN] [1790115941.908281723] [diagnostic_monitor]: ANOMALY on [perception_node] /perception/obstacles:obstacle_empty: Value 1.0000 deviated from baseline 0.0000±0.0001 (z=10000.0, confirmed x2) (sev=1.00)
[monitor_node-6] [WARN] [1790115941.997864428] [diagnostic_monitor]: ANOMALY on [lidar_node] /sim/lidar/scan:nan_ratio: Value 0.2889 deviated from baseline 0.0005±0.0092 (z=31.2, confirmed x62) (sev=1.00)
[monitor_node-6] [WARN] [1790115942.097406970] [diagnostic_monitor]: ANOMALY on [lidar_node] /sim/lidar/scan:nan_ratio: Value 0.2111 deviated from baseline 0.0005±0.0092 (z=22.8, confirmed x63) (sev=1.00)
[monitor_node-6] [WARN] [1790115942.197757736] [diagnostic_monitor]: ANOMALY on [lidar_node] /sim/lidar/scan:nan_ratio: Value 0.3000 deviated from baseline 0.0005±0.0092 (z=32.4, confirmed x64) (sev=1.00)
[monitor_node-6] [WARN] [1790115942.297999604] [diagnostic_monitor]: ANOMALY on [lidar_node] /sim/lidar/scan:nan_ratio: Value 0.3222 deviated from baseline 0.0005±0.0092 (z=34.8, confirmed x65) (sev=1.00)
[monitor_node-6] [WARN] [1790115942.397553225] [diagnostic_monitor]: ANOMALY on [lidar_node] /sim/lidar/scan:nan_ratio: Value 0.3778 deviated from baseline 0.0005±0.0092 (z=40.8, confirmed x66) (sev=1.00)
[monitor_node-6] [WARN] [1790115942.407756443] [diagnostic_monitor]: ANOMALY on [perception_node] /perception/obstacles:obstacle_empty: Value 1.0000 deviated from baseline 0.0000±0.0001 (z=10000.0, confirmed x2) (sev=1.00)
[monitor_node-6] [WARN] [1790115942.500318177] [diagnostic_monitor]: ANOMALY on [lidar_node] /sim/lidar/scan:nan_ratio: Value 0.4333 deviated from baseline 0.0005±0.0092 (z=46.8, confirmed x67) (sev=1.00)
[monitor_node-6] [WARN] [1790115942.521545250] [diagnostic_monitor]: ANOMALY on [perception_node] /perception/obstacles:obstacle_empty: Value 1.0000 deviated from baseline 0.0000±0.0001 (z=10000.0, confirmed x3) (sev=1.00)
[monitor_node-6] [WARN] [1790115942.600216812] [diagnostic_monitor]: ANOMALY on [lidar_node] /sim/lidar/scan:nan_ratio: Value 0.3667 deviated from baseline 0.0005±0.0092 (z=39.6, confirmed x68) (sev=1.00)
[monitor_node-6] [WARN] [1790115942.610135104] [diagnostic_monitor]: ANOMALY on [perception_node] /perception/obstacles:obstacle_empty: Value 1.0000 deviated from baseline 0.0000±0.0001 (z=10000.0, confirmed x4) (sev=1.00)
[monitor_node-6] [WARN] [1790115942.702646321] [diagnostic_monitor]: ANOMALY on [lidar_node] /sim/lidar/scan:nan_ratio: Value 0.3556 deviated from baseline 0.0005±0.0092 (z=38.4, confirmed x69) (sev=1.00)
[monitor_node-6] [WARN] [1790115942.711166462] [diagnostic_monitor]: ANOMALY on [perception_node] /perception/obstacles:obstacle_empty: Value 1.0000 deviated from baseline 0.0000±0.0001 (z=10000.0, confirmed x5) (sev=1.00)
[monitor_node-6] [WARN] [1790115942.798590433] [diagnostic_monitor]: ANOMALY on [lidar_node] /sim/lidar/scan:nan_ratio: Value 0.2667 deviated from baseline 0.0005±0.0092 (z=28.8, confirmed x70) (sev=1.00)
[monitor_node-6] [WARN] [1790115942.898646233] [diagnostic_monitor]: ANOMALY on [lidar_node] /sim/lidar/scan:nan_ratio: Value 0.2889 deviated from baseline 0.0005±0.0092 (z=31.2, confirmed x71) (sev=1.00)
[monitor_node-6] [WARN] [1790115942.998504031] [diagnostic_monitor]: ANOMALY on [lidar_node] /sim/lidar/scan:nan_ratio: Value 0.3778 deviated from baseline 0.0005±0.0092 (z=40.8, confirmed x72) (sev=1.00)
[monitor_node-6] [WARN] [1790115943.097546253] [diagnostic_monitor]: ANOMALY on [lidar_node] /sim/lidar/scan:nan_ratio: Value 0.2667 deviated from baseline 0.0005±0.0092 (z=28.8, confirmed x73) (sev=1.00)
[monitor_node-6] [WARN] [1790115943.198064712] [diagnostic_monitor]: ANOMALY on [lidar_node] /sim/lidar/scan:nan_ratio: Value 0.2778 deviated from baseline 0.0005±0.0092 (z=30.0, confirmed x74) (sev=1.00)
[monitor_node-6] [WARN] [1790115943.298244782] [diagnostic_monitor]: ANOMALY on [lidar_node] /sim/lidar/scan:nan_ratio: Value 0.2556 deviated from baseline 0.0005±0.0092 (z=27.6, confirmed x75) (sev=1.00)
[monitor_node-6] [WARN] [1790115943.397660159] [diagnostic_monitor]: ANOMALY on [lidar_node] /sim/lidar/scan:nan_ratio: Value 0.2333 deviated from baseline 0.0005±0.0092 (z=25.2, confirmed x76) (sev=1.00)
[monitor_node-6] [WARN] [1790115943.498215565] [diagnostic_monitor]: ANOMALY on [lidar_node] /sim/lidar/scan:nan_ratio: Value 0.3000 deviated from baseline 0.0005±0.0092 (z=32.4, confirmed x77) (sev=1.00)
[monitor_node-6] [WARN] [1790115943.597569321] [diagnostic_monitor]: ANOMALY on [lidar_node] /sim/lidar/scan:nan_ratio: Value 0.3333 deviated from baseline 0.0005±0.0092 (z=36.0, confirmed x78) (sev=1.00)
[monitor_node-6] [WARN] [1790115943.697446769] [diagnostic_monitor]: ANOMALY on [lidar_node] /sim/lidar/scan:nan_ratio: Value 0.3111 deviated from baseline 0.0005±0.0092 (z=33.6, confirmed x79) (sev=1.00)
[monitor_node-6] [WARN] [1790115943.708273260] [diagnostic_monitor]: ANOMALY on [perception_node] /perception/obstacles:obstacle_empty: Value 1.0000 deviated from baseline 0.0000±0.0001 (z=10000.0, confirmed x2) (sev=1.00)
[monitor_node-6] [WARN] [1790115943.799073406] [diagnostic_monitor]: ANOMALY on [lidar_node] /sim/lidar/scan:nan_ratio: Value 0.3000 deviated from baseline 0.0005±0.0092 (z=32.4, confirmed x80) (sev=1.00)
[monitor_node-6] [WARN] [1790115943.898605068] [diagnostic_monitor]: ANOMALY on [lidar_node] /sim/lidar/scan:nan_ratio: Value 0.4111 deviated from baseline 0.0005±0.0092 (z=44.4, confirmed x81) (sev=1.00)
[monitor_node-6] [WARN] [1790115943.998348149] [diagnostic_monitor]: ANOMALY on [lidar_node] /sim/lidar/scan:nan_ratio: Value 0.3778 deviated from baseline 0.0005±0.0092 (z=40.8, confirmed x82) (sev=1.00)
[monitor_node-6] [WARN] [1790115944.007811543] [diagnostic_monitor]: ANOMALY on [perception_node] /perception/obstacles:obstacle_empty: Value 1.0000 deviated from baseline 0.0000±0.0001 (z=10000.0, confirmed x2) (sev=1.00)
[monitor_node-6] [WARN] [1790115944.097583050] [diagnostic_monitor]: ANOMALY on [lidar_node] /sim/lidar/scan:nan_ratio: Value 0.3111 deviated from baseline 0.0005±0.0092 (z=33.6, confirmed x83) (sev=1.00)
[monitor_node-6] [WARN] [1790115944.108156444] [diagnostic_monitor]: ANOMALY on [perception_node] /perception/obstacles:obstacle_empty: Value 1.0000 deviated from baseline 0.0000±0.0001 (z=10000.0, confirmed x3) (sev=1.00)
[monitor_node-6] [WARN] [1790115944.198211135] [diagnostic_monitor]: ANOMALY on [lidar_node] /sim/lidar/scan:nan_ratio: Value 0.2778 deviated from baseline 0.0005±0.0092 (z=30.0, confirmed x84) (sev=1.00)
[monitor_node-6] [WARN] [1790115944.298015750] [diagnostic_monitor]: ANOMALY on [lidar_node] /sim/lidar/scan:nan_ratio: Value 0.3222 deviated from baseline 0.0005±0.0092 (z=34.8, confirmed x85) (sev=1.00)
[monitor_node-6] [WARN] [1790115944.398507024] [diagnostic_monitor]: ANOMALY on [lidar_node] /sim/lidar/scan:nan_ratio: Value 0.2778 deviated from baseline 0.0005±0.0092 (z=30.0, confirmed x86) (sev=1.00)
[monitor_node-6] [WARN] [1790115944.498997232] [diagnostic_monitor]: ANOMALY on [lidar_node] /sim/lidar/scan:nan_ratio: Value 0.4111 deviated from baseline 0.0005±0.0092 (z=44.4, confirmed x87) (sev=1.00)
[monitor_node-6] [WARN] [1790115944.598745129] [diagnostic_monitor]: ANOMALY on [lidar_node] /sim/lidar/scan:nan_ratio: Value 0.3222 deviated from baseline 0.0005±0.0092 (z=34.8, confirmed x88) (sev=1.00)
[monitor_node-6] [WARN] [1790115944.607929734] [diagnostic_monitor]: ANOMALY on [perception_node] /perception/obstacles:obstacle_empty: Value 1.0000 deviated from baseline 0.0000±0.0001 (z=10000.0, confirmed x2) (sev=1.00)
[monitor_node-6] [WARN] [1790115944.697841482] [diagnostic_monitor]: ANOMALY on [lidar_node] /sim/lidar/scan:nan_ratio: Value 0.3556 deviated from baseline 0.0005±0.0092 (z=38.4, confirmed x89) (sev=1.00)
[monitor_node-6] [WARN] [1790115944.708463586] [diagnostic_monitor]: ANOMALY on [perception_node] /perception/obstacles:obstacle_empty: Value 1.0000 deviated from baseline 0.0000±0.0001 (z=10000.0, confirmed x3) (sev=1.00)
[monitor_node-6] [WARN] [1790115944.798991576] [diagnostic_monitor]: ANOMALY on [lidar_node] /sim/lidar/scan:nan_ratio: Value 0.3000 deviated from baseline 0.0005±0.0092 (z=32.4, confirmed x90) (sev=1.00)
[monitor_node-6] [WARN] [1790115944.897558235] [diagnostic_monitor]: ANOMALY on [lidar_node] /sim/lidar/scan:nan_ratio: Value 0.2889 deviated from baseline 0.0005±0.0092 (z=31.2, confirmed x91) (sev=1.00)
[monitor_node-6] [WARN] [1790115944.998582153] [diagnostic_monitor]: ANOMALY on [lidar_node] /sim/lidar/scan:nan_ratio: Value 0.3000 deviated from baseline 0.0005±0.0092 (z=32.4, confirmed x92) (sev=1.00)
[monitor_node-6] [WARN] [1790115945.098233042] [diagnostic_monitor]: ANOMALY on [lidar_node] /sim/lidar/scan:nan_ratio: Value 0.3778 deviated from baseline 0.0005±0.0092 (z=40.8, confirmed x93) (sev=1.00)
[monitor_node-6] [WARN] [1790115945.197948873] [diagnostic_monitor]: ANOMALY on [lidar_node] /sim/lidar/scan:nan_ratio: Value 0.3444 deviated from baseline 0.0005±0.0092 (z=37.2, confirmed x94) (sev=1.00)
[monitor_node-6] [WARN] [1790115945.208901971] [diagnostic_monitor]: ANOMALY on [perception_node] /perception/obstacles:obstacle_empty: Value 1.0000 deviated from baseline 0.0000±0.0001 (z=10000.0, confirmed x2) (sev=1.00)
[monitor_node-6] [WARN] [1790115945.298056194] [diagnostic_monitor]: ANOMALY on [lidar_node] /sim/lidar/scan:nan_ratio: Value 0.2444 deviated from baseline 0.0005±0.0092 (z=26.4, confirmed x95) (sev=1.00)
[monitor_node-6] [WARN] [1790115945.398190514] [diagnostic_monitor]: ANOMALY on [lidar_node] /sim/lidar/scan:nan_ratio: Value 0.3222 deviated from baseline 0.0005±0.0092 (z=34.8, confirmed x96) (sev=1.00)
[monitor_node-6] [WARN] [1790115945.497885825] [diagnostic_monitor]: ANOMALY on [lidar_node] /sim/lidar/scan:nan_ratio: Value 0.3000 deviated from baseline 0.0005±0.0092 (z=32.4, confirmed x97) (sev=1.00)
[monitor_node-6] [WARN] [1790115945.599518113] [diagnostic_monitor]: ANOMALY on [lidar_node] /sim/lidar/scan:nan_ratio: Value 0.2889 deviated from baseline 0.0005±0.0092 (z=31.2, confirmed x98) (sev=1.00)
[monitor_node-6] [WARN] [1790115945.699081625] [diagnostic_monitor]: ANOMALY on [lidar_node] /sim/lidar/scan:nan_ratio: Value 0.3111 deviated from baseline 0.0005±0.0092 (z=33.6, confirmed x99) (sev=1.00)
[monitor_node-6] [WARN] [1790115945.797928922] [diagnostic_monitor]: ANOMALY on [lidar_node] /sim/lidar/scan:nan_ratio: Value 0.2222 deviated from baseline 0.0005±0.0092 (z=24.0, confirmed x100) (sev=1.00)
[monitor_node-6] [WARN] [1790115945.902470390] [diagnostic_monitor]: ANOMALY on [lidar_node] /sim/lidar/scan:nan_ratio: Value 0.3111 deviated from baseline 0.0005±0.0092 (z=33.6, confirmed x101) (sev=1.00)
[monitor_node-6] [WARN] [1790115945.998208495] [diagnostic_monitor]: ANOMALY on [lidar_node] /sim/lidar/scan:nan_ratio: Value 0.3556 deviated from baseline 0.0005±0.0092 (z=38.4, confirmed x102) (sev=1.00)
[monitor_node-6] [WARN] [1790115946.009317906] [diagnostic_monitor]: ANOMALY on [perception_node] /perception/obstacles:obstacle_empty: Value 1.0000 deviated from baseline 0.0000±0.0001 (z=10000.0, confirmed x2) (sev=1.00)
[monitor_node-6] [WARN] [1790115946.099051761] [diagnostic_monitor]: ANOMALY on [lidar_node] /sim/lidar/scan:nan_ratio: Value 0.2778 deviated from baseline 0.0005±0.0092 (z=30.0, confirmed x103) (sev=1.00)
[monitor_node-6] [WARN] [1790115946.198101898] [diagnostic_monitor]: ANOMALY on [lidar_node] /sim/lidar/scan:nan_ratio: Value 0.3111 deviated from baseline 0.0005±0.0092 (z=33.6, confirmed x104) (sev=1.00)
[monitor_node-6] [WARN] [1790115946.298856102] [diagnostic_monitor]: ANOMALY on [lidar_node] /sim/lidar/scan:nan_ratio: Value 0.4000 deviated from baseline 0.0005±0.0092 (z=43.2, confirmed x105) (sev=1.00)
[monitor_node-6] [WARN] [1790115946.307963422] [diagnostic_monitor]: ANOMALY on [perception_node] /perception/obstacles:obstacle_empty: Value 1.0000 deviated from baseline 0.0000±0.0001 (z=10000.0, confirmed x2) (sev=1.00)
[monitor_node-6] [WARN] [1790115946.397895665] [diagnostic_monitor]: ANOMALY on [lidar_node] /sim/lidar/scan:nan_ratio: Value 0.3000 deviated from baseline 0.0005±0.0092 (z=32.4, confirmed x106) (sev=1.00)
[monitor_node-6] [WARN] [1790115946.497895601] [diagnostic_monitor]: ANOMALY on [lidar_node] /sim/lidar/scan:nan_ratio: Value 0.2778 deviated from baseline 0.0005±0.0092 (z=30.0, confirmed x107) (sev=1.00)
[monitor_node-6] [WARN] [1790115946.598631857] [diagnostic_monitor]: ANOMALY on [lidar_node] /sim/lidar/scan:nan_ratio: Value 0.3333 deviated from baseline 0.0005±0.0092 (z=36.0, confirmed x108) (sev=1.00)
[monitor_node-6] [WARN] [1790115946.698469367] [diagnostic_monitor]: ANOMALY on [lidar_node] /sim/lidar/scan:nan_ratio: Value 0.2889 deviated from baseline 0.0005±0.0092 (z=31.2, confirmed x109) (sev=1.00)
[monitor_node-6] [WARN] [1790115946.797728048] [diagnostic_monitor]: ANOMALY on [lidar_node] /sim/lidar/scan:nan_ratio: Value 0.3556 deviated from baseline 0.0005±0.0092 (z=38.4, confirmed x110) (sev=1.00)
[monitor_node-6] [WARN] [1790115946.897386399] [diagnostic_monitor]: ANOMALY on [lidar_node] /sim/lidar/scan:nan_ratio: Value 0.3556 deviated from baseline 0.0005±0.0092 (z=38.4, confirmed x111) (sev=1.00)
[monitor_node-6] [WARN] [1790115946.907754775] [diagnostic_monitor]: ANOMALY on [perception_node] /perception/obstacles:obstacle_empty: Value 1.0000 deviated from baseline 0.0000±0.0001 (z=10000.0, confirmed x2) (sev=1.00)
[monitor_node-6] [WARN] [1790115946.998018279] [diagnostic_monitor]: ANOMALY on [lidar_node] /sim/lidar/scan:nan_ratio: Value 0.3556 deviated from baseline 0.0005±0.0092 (z=38.4, confirmed x112) (sev=1.00)
[monitor_node-6] [WARN] [1790115947.009765604] [diagnostic_monitor]: ANOMALY on [perception_node] /perception/obstacles:obstacle_empty: Value 1.0000 deviated from baseline 0.0000±0.0001 (z=10000.0, confirmed x3) (sev=1.00)
[monitor_node-6] [WARN] [1790115947.097768210] [diagnostic_monitor]: ANOMALY on [lidar_node] /sim/lidar/scan:nan_ratio: Value 0.3111 deviated from baseline 0.0005±0.0092 (z=33.6, confirmed x113) (sev=1.00)
[monitor_node-6] [WARN] [1790115947.108531666] [diagnostic_monitor]: ANOMALY on [perception_node] /perception/obstacles:obstacle_empty: Value 1.0000 deviated from baseline 0.0000±0.0001 (z=10000.0, confirmed x4) (sev=1.00)
[monitor_node-6] [WARN] [1790115947.197919171] [diagnostic_monitor]: ANOMALY on [lidar_node] /sim/lidar/scan:nan_ratio: Value 0.3222 deviated from baseline 0.0005±0.0092 (z=34.8, confirmed x114) (sev=1.00)
[monitor_node-6] [WARN] [1790115947.208354239] [diagnostic_monitor]: ANOMALY on [perception_node] /perception/obstacles:obstacle_empty: Value 1.0000 deviated from baseline 0.0000±0.0001 (z=10000.0, confirmed x5) (sev=1.00)
[monitor_node-6] [WARN] [1790115947.298099670] [diagnostic_monitor]: ANOMALY on [lidar_node] /sim/lidar/scan:nan_ratio: Value 0.2889 deviated from baseline 0.0005±0.0092 (z=31.2, confirmed x115) (sev=1.00)
[monitor_node-6] [WARN] [1790115947.398689629] [diagnostic_monitor]: ANOMALY on [lidar_node] /sim/lidar/scan:nan_ratio: Value 0.3000 deviated from baseline 0.0005±0.0092 (z=32.4, confirmed x116) (sev=1.00)
[monitor_node-6] [WARN] [1790115947.498025953] [diagnostic_monitor]: ANOMALY on [lidar_node] /sim/lidar/scan:nan_ratio: Value 0.3222 deviated from baseline 0.0005±0.0092 (z=34.8, confirmed x117) (sev=1.00)
[monitor_node-6] [WARN] [1790115947.599039190] [diagnostic_monitor]: ANOMALY on [lidar_node] /sim/lidar/scan:nan_ratio: Value 0.2667 deviated from baseline 0.0005±0.0092 (z=28.8, confirmed x118) (sev=1.00)
[monitor_node-6] [WARN] [1790115947.698080566] [diagnostic_monitor]: ANOMALY on [lidar_node] /sim/lidar/scan:nan_ratio: Value 0.3222 deviated from baseline 0.0005±0.0092 (z=34.8, confirmed x119) (sev=1.00)
[monitor_node-6] [WARN] [1790115947.797913453] [diagnostic_monitor]: ANOMALY on [lidar_node] /sim/lidar/scan:nan_ratio: Value 0.2889 deviated from baseline 0.0005±0.0092 (z=31.2, confirmed x120) (sev=1.00)
[monitor_node-6] [WARN] [1790115947.897297154] [diagnostic_monitor]: ANOMALY on [lidar_node] /sim/lidar/scan:nan_ratio: Value 0.3000 deviated from baseline 0.0005±0.0092 (z=32.4, confirmed x121) (sev=1.00)
[monitor_node-6] [WARN] [1790115947.997847372] [diagnostic_monitor]: ANOMALY on [lidar_node] /sim/lidar/scan:nan_ratio: Value 0.3444 deviated from baseline 0.0005±0.0092 (z=37.2, confirmed x122) (sev=1.00)
[monitor_node-6] [WARN] [1790115948.097858835] [diagnostic_monitor]: ANOMALY on [lidar_node] /sim/lidar/scan:nan_ratio: Value 0.2889 deviated from baseline 0.0005±0.0092 (z=31.2, confirmed x123) (sev=1.00)
[monitor_node-6] [WARN] [1790115948.198028463] [diagnostic_monitor]: ANOMALY on [lidar_node] /sim/lidar/scan:nan_ratio: Value 0.3111 deviated from baseline 0.0005±0.0092 (z=33.6, confirmed x124) (sev=1.00)
[monitor_node-6] [WARN] [1790115948.297511685] [diagnostic_monitor]: ANOMALY on [lidar_node] /sim/lidar/scan:nan_ratio: Value 0.3111 deviated from baseline 0.0005±0.0092 (z=33.6, confirmed x125) (sev=1.00)
[monitor_node-6] [WARN] [1790115948.307964719] [diagnostic_monitor]: ANOMALY on [perception_node] /perception/obstacles:obstacle_empty: Value 1.0000 deviated from baseline 0.0000±0.0001 (z=10000.0, confirmed x2) (sev=1.00)
[monitor_node-6] [WARN] [1790115948.398333480] [diagnostic_monitor]: ANOMALY on [lidar_node] /sim/lidar/scan:nan_ratio: Value 0.2444 deviated from baseline 0.0005±0.0092 (z=26.4, confirmed x126) (sev=1.00)
[monitor_node-6] [WARN] [1790115948.500230177] [diagnostic_monitor]: ANOMALY on [lidar_node] /sim/lidar/scan:nan_ratio: Value 0.3444 deviated from baseline 0.0005±0.0092 (z=37.2, confirmed x127) (sev=1.00)
[monitor_node-6] [WARN] [1790115948.599621090] [diagnostic_monitor]: ANOMALY on [lidar_node] /sim/lidar/scan:nan_ratio: Value 0.2444 deviated from baseline 0.0005±0.0092 (z=26.4, confirmed x128) (sev=1.00)
[monitor_node-6] [WARN] [1790115948.699026718] [diagnostic_monitor]: ANOMALY on [lidar_node] /sim/lidar/scan:nan_ratio: Value 0.3111 deviated from baseline 0.0005±0.0092 (z=33.6, confirmed x129) (sev=1.00)
[monitor_node-6] [WARN] [1790115948.799082801] [diagnostic_monitor]: ANOMALY on [lidar_node] /sim/lidar/scan:nan_ratio: Value 0.2444 deviated from baseline 0.0005±0.0092 (z=26.4, confirmed x130) (sev=1.00)
[monitor_node-6] [WARN] [1790115948.897756177] [diagnostic_monitor]: ANOMALY on [lidar_node] /sim/lidar/scan:nan_ratio: Value 0.2778 deviated from baseline 0.0005±0.0092 (z=30.0, confirmed x131) (sev=1.00)
[monitor_node-6] [WARN] [1790115948.998008774] [diagnostic_monitor]: ANOMALY on [lidar_node] /sim/lidar/scan:nan_ratio: Value 0.3667 deviated from baseline 0.0005±0.0092 (z=39.6, confirmed x132) (sev=1.00)
[monitor_node-6] [WARN] [1790115949.097926170] [diagnostic_monitor]: ANOMALY on [lidar_node] /sim/lidar/scan:nan_ratio: Value 0.2889 deviated from baseline 0.0005±0.0092 (z=31.2, confirmed x133) (sev=1.00)
[monitor_node-6] [WARN] [1790115949.198685607] [diagnostic_monitor]: ANOMALY on [lidar_node] /sim/lidar/scan:nan_ratio: Value 0.3889 deviated from baseline 0.0005±0.0092 (z=42.0, confirmed x134) (sev=1.00)
[monitor_node-6] [WARN] [1790115949.297974651] [diagnostic_monitor]: ANOMALY on [lidar_node] /sim/lidar/scan:nan_ratio: Value 0.3000 deviated from baseline 0.0005±0.0092 (z=32.4, confirmed x135) (sev=1.00)
[monitor_node-6] [WARN] [1790115949.399828161] [diagnostic_monitor]: ANOMALY on [lidar_node] /sim/lidar/scan:nan_ratio: Value 0.2889 deviated from baseline 0.0005±0.0092 (z=31.2, confirmed x136) (sev=1.00)
[monitor_node-6] [WARN] [1790115949.498093167] [diagnostic_monitor]: ANOMALY on [lidar_node] /sim/lidar/scan:nan_ratio: Value 0.2556 deviated from baseline 0.0005±0.0092 (z=27.6, confirmed x137) (sev=1.00)
[monitor_node-6] [WARN] [1790115949.599104283] [diagnostic_monitor]: ANOMALY on [lidar_node] /sim/lidar/scan:nan_ratio: Value 0.3333 deviated from baseline 0.0005±0.0092 (z=36.0, confirmed x138) (sev=1.00)
[monitor_node-6] [WARN] [1790115949.698588980] [diagnostic_monitor]: ANOMALY on [lidar_node] /sim/lidar/scan:nan_ratio: Value 0.2333 deviated from baseline 0.0005±0.0092 (z=25.2, confirmed x139) (sev=1.00)
[monitor_node-6] [WARN] [1790115949.799953904] [diagnostic_monitor]: ANOMALY on [lidar_node] /sim/lidar/scan:nan_ratio: Value 0.3000 deviated from baseline 0.0005±0.0092 (z=32.4, confirmed x140) (sev=1.00)
[monitor_node-6] [WARN] [1790115949.900859606] [diagnostic_monitor]: ANOMALY on [lidar_node] /sim/lidar/scan:nan_ratio: Value 0.2444 deviated from baseline 0.0005±0.0092 (z=26.4, confirmed x141) (sev=1.00)
[monitor_node-6] [WARN] [1790115949.998854123] [diagnostic_monitor]: ANOMALY on [lidar_node] /sim/lidar/scan:nan_ratio: Value 0.2444 deviated from baseline 0.0005±0.0092 (z=26.4, confirmed x142) (sev=1.00)
[monitor_node-6] [WARN] [1790115950.297522168] [diagnostic_monitor]: ANOMALY on [lidar_node] /sim/lidar/scan:nan_ratio: Value 0.3444 deviated from baseline 0.0005±0.0102 (z=33.6, confirmed x2) (sev=1.00)
[monitor_node-6] [WARN] [1790115950.308393032] [diagnostic_monitor]: ANOMALY on [perception_node] /perception/obstacles:obstacle_empty: Value 1.0000 deviated from baseline 0.0000±0.0001 (z=10000.0, confirmed x2) (sev=1.00)
[monitor_node-6] [WARN] [1790115950.398025130] [diagnostic_monitor]: ANOMALY on [lidar_node] /sim/lidar/scan:nan_ratio: Value 0.3222 deviated from baseline 0.0005±0.0102 (z=31.5, confirmed x3) (sev=1.00)
[monitor_node-6] [WARN] [1790115950.408128510] [diagnostic_monitor]: ANOMALY on [perception_node] /perception/obstacles:obstacle_empty: Value 1.0000 deviated from baseline 0.0000±0.0001 (z=10000.0, confirmed x3) (sev=1.00)
[monitor_node-6] [WARN] [1790115950.498502726] [diagnostic_monitor]: ANOMALY on [lidar_node] /sim/lidar/scan:nan_ratio: Value 0.2667 deviated from baseline 0.0005±0.0102 (z=26.0, confirmed x4) (sev=1.00)
[monitor_node-6] [WARN] [1790115950.598974036] [diagnostic_monitor]: ANOMALY on [lidar_node] /sim/lidar/scan:nan_ratio: Value 0.3111 deviated from baseline 0.0005±0.0102 (z=30.4, confirmed x5) (sev=1.00)
[monitor_node-6] [WARN] [1790115950.697900425] [diagnostic_monitor]: ANOMALY on [lidar_node] /sim/lidar/scan:nan_ratio: Value 0.3444 deviated from baseline 0.0005±0.0102 (z=33.6, confirmed x6) (sev=1.00)
[monitor_node-6] [WARN] [1790115950.708396457] [diagnostic_monitor]: ANOMALY on [perception_node] /perception/obstacles:obstacle_empty: Value 1.0000 deviated from baseline 0.0000±0.0001 (z=10000.0, confirmed x2) (sev=1.00)
[monitor_node-6] [WARN] [1790115950.799566817] [diagnostic_monitor]: ANOMALY on [lidar_node] /sim/lidar/scan:nan_ratio: Value 0.2111 deviated from baseline 0.0005±0.0102 (z=20.6, confirmed x7) (sev=1.00)
[monitor_node-6] [WARN] [1790115950.897936310] [diagnostic_monitor]: ANOMALY on [lidar_node] /sim/lidar/scan:nan_ratio: Value 0.3444 deviated from baseline 0.0005±0.0102 (z=33.6, confirmed x8) (sev=1.00)
[monitor_node-6] [WARN] [1790115950.998622003] [diagnostic_monitor]: ANOMALY on [lidar_node] /sim/lidar/scan:nan_ratio: Value 0.3222 deviated from baseline 0.0005±0.0102 (z=31.5, confirmed x9) (sev=1.00)
[monitor_node-6] [WARN] [1790115951.008682898] [diagnostic_monitor]: ANOMALY on [perception_node] /perception/obstacles:obstacle_empty: Value 1.0000 deviated from baseline 0.0000±0.0001 (z=10000.0, confirmed x2) (sev=1.00)
[monitor_node-6] [WARN] [1790115951.099870761] [diagnostic_monitor]: ANOMALY on [lidar_node] /sim/lidar/scan:nan_ratio: Value 0.2889 deviated from baseline 0.0005±0.0102 (z=28.2, confirmed x10) (sev=1.00)
[monitor_node-6] [WARN] [1790115951.198283833] [diagnostic_monitor]: ANOMALY on [lidar_node] /sim/lidar/scan:nan_ratio: Value 0.3333 deviated from baseline 0.0005±0.0102 (z=32.5, confirmed x11) (sev=1.00)
[monitor_node-6] [WARN] [1790115951.298517269] [diagnostic_monitor]: ANOMALY on [lidar_node] /sim/lidar/scan:nan_ratio: Value 0.3444 deviated from baseline 0.0005±0.0102 (z=33.6, confirmed x12) (sev=1.00)
[monitor_node-6] [WARN] [1790115951.308070309] [diagnostic_monitor]: ANOMALY on [perception_node] /perception/obstacles:obstacle_empty: Value 1.0000 deviated from baseline 0.0000±0.0001 (z=10000.0, confirmed x2) (sev=1.00)
[monitor_node-6] [WARN] [1790115951.398185539] [diagnostic_monitor]: ANOMALY on [lidar_node] /sim/lidar/scan:nan_ratio: Value 0.3556 deviated from baseline 0.0005±0.0102 (z=34.7, confirmed x13) (sev=1.00)
[monitor_node-6] [WARN] [1790115951.407858694] [diagnostic_monitor]: ANOMALY on [perception_node] /perception/obstacles:obstacle_empty: Value 1.0000 deviated from baseline 0.0000±0.0001 (z=10000.0, confirmed x3) (sev=1.00)
[monitor_node-6] [WARN] [1790115951.497709350] [diagnostic_monitor]: ANOMALY on [lidar_node] /sim/lidar/scan:nan_ratio: Value 0.3222 deviated from baseline 0.0005±0.0102 (z=31.5, confirmed x14) (sev=1.00)
[monitor_node-6] [WARN] [1790115951.508023743] [diagnostic_monitor]: ANOMALY on [perception_node] /perception/obstacles:obstacle_empty: Value 1.0000 deviated from baseline 0.0000±0.0001 (z=10000.0, confirmed x4) (sev=1.00)
[monitor_node-6] [WARN] [1790115951.598203918] [diagnostic_monitor]: ANOMALY on [lidar_node] /sim/lidar/scan:nan_ratio: Value 0.2778 deviated from baseline 0.0005±0.0102 (z=27.1, confirmed x15) (sev=1.00)
[monitor_node-6] [WARN] [1790115951.697387735] [diagnostic_monitor]: ANOMALY on [lidar_node] /sim/lidar/scan:nan_ratio: Value 0.3222 deviated from baseline 0.0005±0.0102 (z=31.5, confirmed x16) (sev=1.00)
[monitor_node-6] [WARN] [1790115951.798888016] [diagnostic_monitor]: ANOMALY on [lidar_node] /sim/lidar/scan:nan_ratio: Value 0.3000 deviated from baseline 0.0005±0.0102 (z=29.3, confirmed x17) (sev=1.00)
[monitor_node-6] [WARN] [1790115951.897856790] [diagnostic_monitor]: ANOMALY on [lidar_node] /sim/lidar/scan:nan_ratio: Value 0.3444 deviated from baseline 0.0005±0.0102 (z=33.6, confirmed x18) (sev=1.00)
[monitor_node-6] [WARN] [1790115951.998369758] [diagnostic_monitor]: ANOMALY on [lidar_node] /sim/lidar/scan:nan_ratio: Value 0.3111 deviated from baseline 0.0005±0.0102 (z=30.4, confirmed x19) (sev=1.00)
[monitor_node-6] [WARN] [1790115952.008386721] [diagnostic_monitor]: ANOMALY on [perception_node] /perception/obstacles:obstacle_empty: Value 1.0000 deviated from baseline 0.0000±0.0001 (z=10000.0, confirmed x2) (sev=1.00)
[monitor_node-6] [WARN] [1790115952.098045712] [diagnostic_monitor]: ANOMALY on [lidar_node] /sim/lidar/scan:nan_ratio: Value 0.3556 deviated from baseline 0.0005±0.0102 (z=34.7, confirmed x20) (sev=1.00)
[monitor_node-6] [WARN] [1790115952.108176876] [diagnostic_monitor]: ANOMALY on [perception_node] /perception/obstacles:obstacle_empty: Value 1.0000 deviated from baseline 0.0000±0.0001 (z=10000.0, confirmed x3) (sev=1.00)
[monitor_node-6] [WARN] [1790115952.198200210] [diagnostic_monitor]: ANOMALY on [lidar_node] /sim/lidar/scan:nan_ratio: Value 0.2889 deviated from baseline 0.0005±0.0102 (z=28.2, confirmed x21) (sev=1.00)
[monitor_node-6] [WARN] [1790115952.297914823] [diagnostic_monitor]: ANOMALY on [lidar_node] /sim/lidar/scan:nan_ratio: Value 0.3333 deviated from baseline 0.0005±0.0102 (z=32.5, confirmed x22) (sev=1.00)
[monitor_node-6] [WARN] [1790115952.398896007] [diagnostic_monitor]: ANOMALY on [lidar_node] /sim/lidar/scan:nan_ratio: Value 0.2667 deviated from baseline 0.0005±0.0102 (z=26.0, confirmed x23) (sev=1.00)
[monitor_node-6] [WARN] [1790115952.498981849] [diagnostic_monitor]: ANOMALY on [lidar_node] /sim/lidar/scan:nan_ratio: Value 0.3222 deviated from baseline 0.0005±0.0102 (z=31.5, confirmed x24) (sev=1.00)
[monitor_node-6] [WARN] [1790115952.598160566] [diagnostic_monitor]: ANOMALY on [lidar_node] /sim/lidar/scan:nan_ratio: Value 0.2778 deviated from baseline 0.0005±0.0102 (z=27.1, confirmed x25) (sev=1.00)
[monitor_node-6] [WARN] [1790115952.698003254] [diagnostic_monitor]: ANOMALY on [lidar_node] /sim/lidar/scan:nan_ratio: Value 0.3444 deviated from baseline 0.0005±0.0102 (z=33.6, confirmed x26) (sev=1.00)
[monitor_node-6] [WARN] [1790115952.797665260] [diagnostic_monitor]: ANOMALY on [lidar_node] /sim/lidar/scan:nan_ratio: Value 0.4222 deviated from baseline 0.0005±0.0102 (z=41.2, confirmed x27) (sev=1.00)
[monitor_node-6] [WARN] [1790115952.807843398] [diagnostic_monitor]: ANOMALY on [perception_node] /perception/obstacles:obstacle_empty: Value 1.0000 deviated from baseline 0.0000±0.0001 (z=10000.0, confirmed x2) (sev=1.00)
[monitor_node-6] [WARN] [1790115952.897519606] [diagnostic_monitor]: ANOMALY on [lidar_node] /sim/lidar/scan:nan_ratio: Value 0.2444 deviated from baseline 0.0005±0.0102 (z=23.9, confirmed x28) (sev=1.00)
[monitor_node-6] [WARN] [1790115952.998537562] [diagnostic_monitor]: ANOMALY on [lidar_node] /sim/lidar/scan:nan_ratio: Value 0.3000 deviated from baseline 0.0005±0.0102 (z=29.3, confirmed x29) (sev=1.00)
[monitor_node-6] [WARN] [1790115953.098954150] [diagnostic_monitor]: ANOMALY on [lidar_node] /sim/lidar/scan:nan_ratio: Value 0.3444 deviated from baseline 0.0005±0.0102 (z=33.6, confirmed x30) (sev=1.00)
[monitor_node-6] [WARN] [1790115953.198232188] [diagnostic_monitor]: ANOMALY on [lidar_node] /sim/lidar/scan:nan_ratio: Value 0.3000 deviated from baseline 0.0005±0.0102 (z=29.3, confirmed x31) (sev=1.00)
[monitor_node-6] [WARN] [1790115953.297870081] [diagnostic_monitor]: ANOMALY on [lidar_node] /sim/lidar/scan:nan_ratio: Value 0.2778 deviated from baseline 0.0005±0.0102 (z=27.1, confirmed x32) (sev=1.00)
[monitor_node-6] [WARN] [1790115953.398203431] [diagnostic_monitor]: ANOMALY on [lidar_node] /sim/lidar/scan:nan_ratio: Value 0.2778 deviated from baseline 0.0005±0.0102 (z=27.1, confirmed x33) (sev=1.00)
[monitor_node-6] [WARN] [1790115953.497788182] [diagnostic_monitor]: ANOMALY on [lidar_node] /sim/lidar/scan:nan_ratio: Value 0.3444 deviated from baseline 0.0005±0.0102 (z=33.6, confirmed x34) (sev=1.00)
[monitor_node-6] [WARN] [1790115953.598594072] [diagnostic_monitor]: ANOMALY on [lidar_node] /sim/lidar/scan:nan_ratio: Value 0.3889 deviated from baseline 0.0005±0.0102 (z=38.0, confirmed x35) (sev=1.00)
[monitor_node-6] [WARN] [1790115953.608407187] [diagnostic_monitor]: ANOMALY on [perception_node] /perception/obstacles:obstacle_empty: Value 1.0000 deviated from baseline 0.0000±0.0001 (z=10000.0, confirmed x2) (sev=1.00)
[monitor_node-6] [WARN] [1790115953.697385778] [diagnostic_monitor]: ANOMALY on [lidar_node] /sim/lidar/scan:nan_ratio: Value 0.3111 deviated from baseline 0.0005±0.0102 (z=30.4, confirmed x36) (sev=1.00)
[monitor_node-6] [WARN] [1790115953.709205522] [diagnostic_monitor]: ANOMALY on [perception_node] /perception/obstacles:obstacle_empty: Value 1.0000 deviated from baseline 0.0000±0.0001 (z=10000.0, confirmed x3) (sev=1.00)
[monitor_node-6] [WARN] [1790115953.798545656] [diagnostic_monitor]: ANOMALY on [lidar_node] /sim/lidar/scan:nan_ratio: Value 0.3444 deviated from baseline 0.0005±0.0102 (z=33.6, confirmed x37) (sev=1.00)
[monitor_node-6] [WARN] [1790115953.808042298] [diagnostic_monitor]: ANOMALY on [perception_node] /perception/obstacles:obstacle_empty: Value 1.0000 deviated from baseline 0.0000±0.0001 (z=10000.0, confirmed x4) (sev=1.00)
[monitor_node-6] [WARN] [1790115953.899539668] [diagnostic_monitor]: ANOMALY on [lidar_node] /sim/lidar/scan:nan_ratio: Value 0.4000 deviated from baseline 0.0005±0.0102 (z=39.1, confirmed x38) (sev=1.00)
[monitor_node-6] [WARN] [1790115953.908434649] [diagnostic_monitor]: ANOMALY on [perception_node] /perception/obstacles:obstacle_empty: Value 1.0000 deviated from baseline 0.0000±0.0001 (z=10000.0, confirmed x5) (sev=1.00)
[monitor_node-6] [WARN] [1790115953.997703510] [diagnostic_monitor]: ANOMALY on [lidar_node] /sim/lidar/scan:nan_ratio: Value 0.2444 deviated from baseline 0.0005±0.0102 (z=23.9, confirmed x39) (sev=1.00)
[monitor_node-6] [WARN] [1790115954.098219723] [diagnostic_monitor]: ANOMALY on [lidar_node] /sim/lidar/scan:nan_ratio: Value 0.3333 deviated from baseline 0.0005±0.0102 (z=32.5, confirmed x40) (sev=1.00)
[monitor_node-6] [WARN] [1790115954.198025641] [diagnostic_monitor]: ANOMALY on [lidar_node] /sim/lidar/scan:nan_ratio: Value 0.3889 deviated from baseline 0.0005±0.0102 (z=38.0, confirmed x41) (sev=1.00)
[monitor_node-6] [WARN] [1790115954.208487056] [diagnostic_monitor]: ANOMALY on [perception_node] /perception/obstacles:obstacle_empty: Value 1.0000 deviated from baseline 0.0000±0.0001 (z=10000.0, confirmed x2) (sev=1.00)
[monitor_node-6] [WARN] [1790115954.298136293] [diagnostic_monitor]: ANOMALY on [lidar_node] /sim/lidar/scan:nan_ratio: Value 0.3444 deviated from baseline 0.0005±0.0102 (z=33.6, confirmed x42) (sev=1.00)
[monitor_node-6] [WARN] [1790115954.308355788] [diagnostic_monitor]: ANOMALY on [perception_node] /perception/obstacles:obstacle_empty: Value 1.0000 deviated from baseline 0.0000±0.0001 (z=10000.0, confirmed x3) (sev=1.00)
[monitor_node-6] [WARN] [1790115954.398061570] [diagnostic_monitor]: ANOMALY on [lidar_node] /sim/lidar/scan:nan_ratio: Value 0.3889 deviated from baseline 0.0005±0.0102 (z=38.0, confirmed x43) (sev=1.00)
[monitor_node-6] [WARN] [1790115954.408126122] [diagnostic_monitor]: ANOMALY on [perception_node] /perception/obstacles:obstacle_empty: Value 1.0000 deviated from baseline 0.0000±0.0001 (z=10000.0, confirmed x4) (sev=1.00)
[monitor_node-6] [WARN] [1790115954.498184888] [diagnostic_monitor]: ANOMALY on [lidar_node] /sim/lidar/scan:nan_ratio: Value 0.3556 deviated from baseline 0.0005±0.0102 (z=34.7, confirmed x44) (sev=1.00)
[monitor_node-6] [WARN] [1790115954.508146766] [diagnostic_monitor]: ANOMALY on [perception_node] /perception/obstacles:obstacle_empty: Value 1.0000 deviated from baseline 0.0000±0.0001 (z=10000.0, confirmed x5) (sev=1.00)
[monitor_node-6] [WARN] [1790115954.597722563] [diagnostic_monitor]: ANOMALY on [lidar_node] /sim/lidar/scan:nan_ratio: Value 0.3667 deviated from baseline 0.0005±0.0102 (z=35.8, confirmed x45) (sev=1.00)
[monitor_node-6] [WARN] [1790115954.608033248] [diagnostic_monitor]: ANOMALY on [perception_node] /perception/obstacles:obstacle_empty: Value 1.0000 deviated from baseline 0.0000±0.0001 (z=10000.0, confirmed x6) (sev=1.00)
[monitor_node-6] [WARN] [1790115954.697810379] [diagnostic_monitor]: ANOMALY on [lidar_node] /sim/lidar/scan:nan_ratio: Value 0.2889 deviated from baseline 0.0005±0.0102 (z=28.2, confirmed x46) (sev=1.00)
[monitor_node-6] [WARN] [1790115954.797977572] [diagnostic_monitor]: ANOMALY on [lidar_node] /sim/lidar/scan:nan_ratio: Value 0.3333 deviated from baseline 0.0005±0.0102 (z=32.5, confirmed x47) (sev=1.00)
[monitor_node-6] [WARN] [1790115954.897529254] [diagnostic_monitor]: ANOMALY on [lidar_node] /sim/lidar/scan:nan_ratio: Value 0.2667 deviated from baseline 0.0005±0.0102 (z=26.0, confirmed x48) (sev=1.00)
[monitor_node-6] [WARN] [1790115954.998131464] [diagnostic_monitor]: ANOMALY on [lidar_node] /sim/lidar/scan:nan_ratio: Value 0.3444 deviated from baseline 0.0005±0.0102 (z=33.6, confirmed x49) (sev=1.00)
[monitor_node-6] [WARN] [1790115955.097496087] [diagnostic_monitor]: ANOMALY on [lidar_node] /sim/lidar/scan:nan_ratio: Value 0.3111 deviated from baseline 0.0005±0.0102 (z=30.4, confirmed x50) (sev=1.00)
[monitor_node-6] [WARN] [1790115955.108097014] [diagnostic_monitor]: ANOMALY on [perception_node] /perception/obstacles:obstacle_empty: Value 1.0000 deviated from baseline 0.0000±0.0001 (z=10000.0, confirmed x2) (sev=1.00)
[monitor_node-6] [WARN] [1790115955.197995043] [diagnostic_monitor]: ANOMALY on [lidar_node] /sim/lidar/scan:nan_ratio: Value 0.2556 deviated from baseline 0.0005±0.0102 (z=24.9, confirmed x51) (sev=1.00)
[monitor_node-6] [WARN] [1790115955.298261930] [diagnostic_monitor]: ANOMALY on [lidar_node] /sim/lidar/scan:nan_ratio: Value 0.3778 deviated from baseline 0.0005±0.0102 (z=36.9, confirmed x52) (sev=1.00)
[monitor_node-6] [WARN] [1790115955.398477257] [diagnostic_monitor]: ANOMALY on [lidar_node] /sim/lidar/scan:nan_ratio: Value 0.3889 deviated from baseline 0.0005±0.0102 (z=38.0, confirmed x53) (sev=1.00)
[monitor_node-6] [WARN] [1790115955.408681523] [diagnostic_monitor]: ANOMALY on [perception_node] /perception/obstacles:obstacle_empty: Value 1.0000 deviated from baseline 0.0000±0.0001 (z=10000.0, confirmed x2) (sev=1.00)
[monitor_node-6] [WARN] [1790115955.497327742] [diagnostic_monitor]: ANOMALY on [lidar_node] /sim/lidar/scan:nan_ratio: Value 0.2667 deviated from baseline 0.0005±0.0102 (z=26.0, confirmed x54) (sev=1.00)
[monitor_node-6] [WARN] [1790115955.599046750] [diagnostic_monitor]: ANOMALY on [lidar_node] /sim/lidar/scan:nan_ratio: Value 0.3222 deviated from baseline 0.0005±0.0102 (z=31.5, confirmed x55) (sev=1.00)
[monitor_node-6] [WARN] [1790115955.698428255] [diagnostic_monitor]: ANOMALY on [lidar_node] /sim/lidar/scan:nan_ratio: Value 0.3556 deviated from baseline 0.0005±0.0102 (z=34.7, confirmed x56) (sev=1.00)
[monitor_node-6] [WARN] [1790115955.708322932] [diagnostic_monitor]: ANOMALY on [perception_node] /perception/obstacles:obstacle_empty: Value 1.0000 deviated from baseline 0.0000±0.0001 (z=10000.0, confirmed x2) (sev=1.00)
[monitor_node-6] [WARN] [1790115955.798069470] [diagnostic_monitor]: ANOMALY on [lidar_node] /sim/lidar/scan:nan_ratio: Value 0.3667 deviated from baseline 0.0005±0.0102 (z=35.8, confirmed x57) (sev=1.00)
[monitor_node-6] [WARN] [1790115955.808298652] [diagnostic_monitor]: ANOMALY on [perception_node] /perception/obstacles:obstacle_empty: Value 1.0000 deviated from baseline 0.0000±0.0001 (z=10000.0, confirmed x3) (sev=1.00)
[monitor_node-6] [WARN] [1790115955.897731840] [diagnostic_monitor]: ANOMALY on [lidar_node] /sim/lidar/scan:nan_ratio: Value 0.3333 deviated from baseline 0.0005±0.0102 (z=32.5, confirmed x58) (sev=1.00)
[monitor_node-6] [WARN] [1790115955.908155956] [diagnostic_monitor]: ANOMALY on [perception_node] /perception/obstacles:obstacle_empty: Value 1.0000 deviated from baseline 0.0000±0.0001 (z=10000.0, confirmed x4) (sev=1.00)
[monitor_node-6] [WARN] [1790115955.997893540] [diagnostic_monitor]: ANOMALY on [lidar_node] /sim/lidar/scan:nan_ratio: Value 0.3778 deviated from baseline 0.0005±0.0102 (z=36.9, confirmed x59) (sev=1.00)
[monitor_node-6] [WARN] [1790115956.008162854] [diagnostic_monitor]: ANOMALY on [perception_node] /perception/obstacles:obstacle_empty: Value 1.0000 deviated from baseline 0.0000±0.0001 (z=10000.0, confirmed x5) (sev=1.00)
[monitor_node-6] [WARN] [1790115956.097641197] [diagnostic_monitor]: ANOMALY on [lidar_node] /sim/lidar/scan:nan_ratio: Value 0.3111 deviated from baseline 0.0005±0.0102 (z=30.4, confirmed x60) (sev=1.00)
[monitor_node-6] [WARN] [1790115956.108129663] [diagnostic_monitor]: ANOMALY on [perception_node] /perception/obstacles:obstacle_empty: Value 1.0000 deviated from baseline 0.0000±0.0001 (z=10000.0, confirmed x6) (sev=1.00)
[monitor_node-6] [WARN] [1790115956.197991001] [diagnostic_monitor]: ANOMALY on [lidar_node] /sim/lidar/scan:nan_ratio: Value 0.3444 deviated from baseline 0.0005±0.0102 (z=33.6, confirmed x61) (sev=1.00)
[monitor_node-6] [WARN] [1790115956.208869443] [diagnostic_monitor]: ANOMALY on [perception_node] /perception/obstacles:obstacle_empty: Value 1.0000 deviated from baseline 0.0000±0.0001 (z=10000.0, confirmed x7) (sev=1.00)
[monitor_node-6] [WARN] [1790115956.298468125] [diagnostic_monitor]: ANOMALY on [lidar_node] /sim/lidar/scan:nan_ratio: Value 0.4000 deviated from baseline 0.0005±0.0102 (z=39.1, confirmed x62) (sev=1.00)
[monitor_node-6] [WARN] [1790115956.308303156] [diagnostic_monitor]: ANOMALY on [perception_node] /perception/obstacles:obstacle_empty: Value 1.0000 deviated from baseline 0.0000±0.0001 (z=10000.0, confirmed x8) (sev=1.00)
[monitor_node-6] [WARN] [1790115956.398062033] [diagnostic_monitor]: ANOMALY on [lidar_node] /sim/lidar/scan:nan_ratio: Value 0.3556 deviated from baseline 0.0005±0.0102 (z=34.7, confirmed x63) (sev=1.00)
[monitor_node-6] [WARN] [1790115956.408274546] [diagnostic_monitor]: ANOMALY on [perception_node] /perception/obstacles:obstacle_empty: Value 1.0000 deviated from baseline 0.0000±0.0001 (z=10000.0, confirmed x9) (sev=1.00)
[monitor_node-6] [WARN] [1790115956.498000097] [diagnostic_monitor]: ANOMALY on [lidar_node] /sim/lidar/scan:nan_ratio: Value 0.3222 deviated from baseline 0.0005±0.0102 (z=31.5, confirmed x64) (sev=1.00)
[monitor_node-6] [WARN] [1790115956.509066984] [diagnostic_monitor]: ANOMALY on [perception_node] /perception/obstacles:obstacle_empty: Value 1.0000 deviated from baseline 0.0000±0.0001 (z=10000.0, confirmed x10) (sev=1.00)
[monitor_node-6] [WARN] [1790115956.598138641] [diagnostic_monitor]: ANOMALY on [lidar_node] /sim/lidar/scan:nan_ratio: Value 0.3667 deviated from baseline 0.0005±0.0102 (z=35.8, confirmed x65) (sev=1.00)
[monitor_node-6] [WARN] [1790115956.608203721] [diagnostic_monitor]: ANOMALY on [perception_node] /perception/obstacles:obstacle_empty: Value 1.0000 deviated from baseline 0.0000±0.0001 (z=10000.0, confirmed x11) (sev=1.00)
[monitor_node-6] [WARN] [1790115956.697535927] [diagnostic_monitor]: ANOMALY on [lidar_node] /sim/lidar/scan:nan_ratio: Value 0.3556 deviated from baseline 0.0005±0.0102 (z=34.7, confirmed x66) (sev=1.00)
[monitor_node-6] [WARN] [1790115956.708073291] [diagnostic_monitor]: ANOMALY on [perception_node] /perception/obstacles:obstacle_empty: Value 1.0000 deviated from baseline 0.0000±0.0001 (z=10000.0, confirmed x12) (sev=1.00)
[monitor_node-6] [WARN] [1790115956.798063120] [diagnostic_monitor]: ANOMALY on [lidar_node] /sim/lidar/scan:nan_ratio: Value 0.4333 deviated from baseline 0.0005±0.0102 (z=42.3, confirmed x67) (sev=1.00)
[monitor_node-6] [WARN] [1790115956.808313162] [diagnostic_monitor]: ANOMALY on [perception_node] /perception/obstacles:obstacle_empty: Value 1.0000 deviated from baseline 0.0000±0.0001 (z=10000.0, confirmed x13) (sev=1.00)
[monitor_node-6] [WARN] [1790115956.898043232] [diagnostic_monitor]: ANOMALY on [lidar_node] /sim/lidar/scan:nan_ratio: Value 0.4222 deviated from baseline 0.0005±0.0102 (z=41.2, confirmed x68) (sev=1.00)
[monitor_node-6] [WARN] [1790115956.908404841] [diagnostic_monitor]: ANOMALY on [perception_node] /perception/obstacles:obstacle_empty: Value 1.0000 deviated from baseline 0.0000±0.0001 (z=10000.0, confirmed x14) (sev=1.00)
[monitor_node-6] [WARN] [1790115956.998024494] [diagnostic_monitor]: ANOMALY on [lidar_node] /sim/lidar/scan:nan_ratio: Value 0.3111 deviated from baseline 0.0005±0.0102 (z=30.4, confirmed x69) (sev=1.00)
[monitor_node-6] [WARN] [1790115957.008624722] [diagnostic_monitor]: ANOMALY on [perception_node] /perception/obstacles:obstacle_empty: Value 1.0000 deviated from baseline 0.0000±0.0001 (z=10000.0, confirmed x15) (sev=1.00)
[monitor_node-6] [WARN] [1790115957.097706608] [diagnostic_monitor]: ANOMALY on [lidar_node] /sim/lidar/scan:nan_ratio: Value 0.3333 deviated from baseline 0.0005±0.0102 (z=32.5, confirmed x70) (sev=1.00)
[monitor_node-6] [WARN] [1790115957.108507331] [diagnostic_monitor]: ANOMALY on [perception_node] /perception/obstacles:obstacle_empty: Value 1.0000 deviated from baseline 0.0000±0.0001 (z=10000.0, confirmed x16) (sev=1.00)
[monitor_node-6] [WARN] [1790115957.198078495] [diagnostic_monitor]: ANOMALY on [lidar_node] /sim/lidar/scan:nan_ratio: Value 0.3111 deviated from baseline 0.0005±0.0102 (z=30.4, confirmed x71) (sev=1.00)
[monitor_node-6] [WARN] [1790115957.207925706] [diagnostic_monitor]: ANOMALY on [perception_node] /perception/obstacles:obstacle_empty: Value 1.0000 deviated from baseline 0.0000±0.0001 (z=10000.0, confirmed x17) (sev=1.00)
[monitor_node-6] [WARN] [1790115957.298506467] [diagnostic_monitor]: ANOMALY on [lidar_node] /sim/lidar/scan:nan_ratio: Value 0.3000 deviated from baseline 0.0005±0.0102 (z=29.3, confirmed x72) (sev=1.00)
[monitor_node-6] [WARN] [1790115957.397794137] [diagnostic_monitor]: ANOMALY on [lidar_node] /sim/lidar/scan:nan_ratio: Value 0.2778 deviated from baseline 0.0005±0.0102 (z=27.1, confirmed x73) (sev=1.00)
[monitor_node-6] [WARN] [1790115957.497866803] [diagnostic_monitor]: ANOMALY on [lidar_node] /sim/lidar/scan:nan_ratio: Value 0.3222 deviated from baseline 0.0005±0.0102 (z=31.5, confirmed x74) (sev=1.00)
[monitor_node-6] [WARN] [1790115957.598151304] [diagnostic_monitor]: ANOMALY on [lidar_node] /sim/lidar/scan:nan_ratio: Value 0.2778 deviated from baseline 0.0005±0.0102 (z=27.1, confirmed x75) (sev=1.00)
[monitor_node-6] [WARN] [1790115957.698114047] [diagnostic_monitor]: ANOMALY on [lidar_node] /sim/lidar/scan:nan_ratio: Value 0.3222 deviated from baseline 0.0005±0.0102 (z=31.5, confirmed x76) (sev=1.00)
[monitor_node-6] [WARN] [1790115957.797722798] [diagnostic_monitor]: ANOMALY on [lidar_node] /sim/lidar/scan:nan_ratio: Value 0.3444 deviated from baseline 0.0005±0.0102 (z=33.6, confirmed x77) (sev=1.00)
[monitor_node-6] [WARN] [1790115957.807970210] [diagnostic_monitor]: ANOMALY on [perception_node] /perception/obstacles:obstacle_empty: Value 1.0000 deviated from baseline 0.0000±0.0001 (z=10000.0, confirmed x2) (sev=1.00)
[monitor_node-6] [WARN] [1790115957.898521952] [diagnostic_monitor]: ANOMALY on [lidar_node] /sim/lidar/scan:nan_ratio: Value 0.2556 deviated from baseline 0.0005±0.0102 (z=24.9, confirmed x78) (sev=1.00)
[monitor_node-6] [WARN] [1790115957.997650001] [diagnostic_monitor]: ANOMALY on [lidar_node] /sim/lidar/scan:nan_ratio: Value 0.3444 deviated from baseline 0.0005±0.0102 (z=33.6, confirmed x79) (sev=1.00)
[sim_world-1] [INFO] [1790115958.036921034] [lidar_node]: lidar_node: degradation "noise" expired
[monitor_node-6] [INFO] [1790115964.004711317] [diagnostic_monitor]: Anomaly window cleared. System operating nominally.
[localization_node-3] [INFO] [1790115979.239904927] [localization_node]: localization_node: faults cleared
[planning_node-4] [INFO] [1790115979.239979102] [planning_node]: planning_node: faults cleared
[sim_world-1] [INFO] [1790115979.240283477] [lidar_node]: lidar_node: faults cleared
[sim_world-1] [INFO] [1790115979.241066171] [odometry_node]: odometry_node: faults cleared
[sim_world-1] [INFO] [1790115979.241748943] [camera_node]: camera_node: faults cleared
[sim_world-1] [INFO] [1790115979.242646325] [imu_node]: imu_node: faults cleared
[sim_world-1] [INFO] [1790115979.290421417] [lidar_node]: lidar_node: faults cleared
[localization_node-3] [INFO] [1790115979.290444866] [localization_node]: localization_node: faults cleared
[planning_node-4] [INFO] [1790115979.290452215] [planning_node]: planning_node: faults cleared
[sim_world-1] [INFO] [1790115979.291398900] [odometry_node]: odometry_node: faults cleared
[sim_world-1] [INFO] [1790115979.292067089] [camera_node]: camera_node: faults cleared
[sim_world-1] [INFO] [1790115979.292883985] [imu_node]: imu_node: faults cleared
[planning_node-4] [INFO] [1790115979.340572388] [planning_node]: planning_node: faults cleared
[localization_node-3] [INFO] [1790115979.340889465] [localization_node]: localization_node: faults cleared
[sim_world-1] [INFO] [1790115979.341153971] [lidar_node]: lidar_node: faults cleared
[sim_world-1] [INFO] [1790115979.341924494] [odometry_node]: odometry_node: faults cleared
[sim_world-1] [INFO] [1790115979.342599470] [camera_node]: camera_node: faults cleared
[sim_world-1] [INFO] [1790115979.343135606] [imu_node]: imu_node: faults cleared
