[INFO] [launch]: All log files can be found below /home/lynx/.ros/log/2026-09-21-00-51-02-690128-WINDOWS-FIRE-11690
[INFO] [launch]: Default logging verbosity is set to INFO
[INFO] [sim_world-1]: process started with pid [11694]
[INFO] [perception_node-2]: process started with pid [11695]
[INFO] [localization_node-3]: process started with pid [11696]
[INFO] [planning_node-4]: process started with pid [11697]
[INFO] [control_node-5]: process started with pid [11698]
[INFO] [monitor_node-6]: process started with pid [11699]
[monitor_node-6] [INFO] [1789951863.588206401] [diagnostic_monitor]: DiagnosticMonitorNode started. DB: /home/lynx/ros2_rca_ws/events.db, Weights: (wD=0.3, wT=0.3, wS=0.25, wA=0.15), z>3.0 confirmed x2, warmup 4.0s
[control_node-5] [INFO] [1789951863.657537758] [control_node]: control_node ready (path -> /cmd_vel)
[planning_node-4] [WARN] [1789951863.661634169] [planning_node]: planning_node: pose source = localization
[planning_node-4] [INFO] [1789951863.662112771] [planning_node]: planning_node ready (pose + obstacles -> /planning/path)
[perception_node-2] [INFO] [1789951863.722865263] [perception_node]: perception_node ready (lidar + camera -> /perception/obstacles)
[sim_world-1] [INFO] [1789951863.729253249] [sim_world]: sensor node started: lidar_node
[localization_node-3] [INFO] [1789951863.730419202] [localization_node]: localization_node ready (odom + imu + landmarks -> /localization/pose)
[sim_world-1] [INFO] [1789951863.739389336] [sim_world]: sensor node started: camera_node
[sim_world-1] [INFO] [1789951863.750796071] [sim_world]: sensor node started: imu_node
[sim_world-1] [INFO] [1789951863.762303375] [sim_world]: sensor node started: odometry_node
[sim_world-1] [INFO] [1789951863.762700005] [sim_world]: sim_world ready (seed=7, obstacles=12)
[monitor_node-6] [INFO] [1789951864.565997154] [diagnostic_monitor]: Discovered graph: nodes=['camera_node', 'control_node', 'imu_node', 'lidar_node', 'localization_node', 'odometry_node', 'perception_node', 'planning_node', 'sim_world'] edges=[camera_node->perception_node, control_node->sim_world, imu_node->localization_node, lidar_node->perception_node, localization_node->planning_node, odometry_node->localization_node, perception_node->localization_node, perception_node->planning_node, planning_node->control_node]
[monitor_node-6] [INFO] [1789951864.612639912] [diagnostic_monitor]: Dynamically subscribed to monitor topic: /cmd_vel [geometry_msgs/msg/TwistStamped]
[monitor_node-6] [INFO] [1789951864.614760817] [diagnostic_monitor]: Dynamically subscribed to monitor topic: /localization/pose [geometry_msgs/msg/PoseWithCovarianceStamped]
[monitor_node-6] [INFO] [1789951864.616231663] [diagnostic_monitor]: Dynamically subscribed to monitor topic: /perception/obstacles [geometry_msgs/msg/PoseArray]
[monitor_node-6] [INFO] [1789951864.635871772] [diagnostic_monitor]: Dynamically subscribed to monitor topic: /planning/path [nav_msgs/msg/Path]
[monitor_node-6] [INFO] [1789951864.697489208] [diagnostic_monitor]: Dynamically subscribed to monitor topic: /sim/camera/image [sensor_msgs/msg/Image]
[monitor_node-6] [INFO] [1789951864.699911142] [diagnostic_monitor]: Dynamically subscribed to monitor topic: /sim/imu/data [sensor_msgs/msg/Imu]
[monitor_node-6] [INFO] [1789951864.702202917] [diagnostic_monitor]: Dynamically subscribed to monitor topic: /sim/lidar/scan [sensor_msgs/msg/LaserScan]
[monitor_node-6] [INFO] [1789951864.704282553] [diagnostic_monitor]: Dynamically subscribed to monitor topic: /sim/odom [nav_msgs/msg/Odometry]
[localization_node-3] [WARN] [1789951899.901926462] [localization_node]: localization_node: degradation "stop" param=0 duration=1.0s
[localization_node-3] [FATAL] [1789951899.902390001] [localization_node]: localization_node: stop -> exiting process
[INFO] [localization_node-3]: process has finished cleanly [pid 11696]
Task exception was never retrieved
future: <Task finished name='Task-5' coro=<ExecuteLocal.__execute_process() done, defined at /opt/ros/jazzy/lib/python3.12/site-packages/launch/actions/execute_local.py:544> exception=TypeError("'>' not supported between instances of 'LaunchConfiguration' and 'float'")>
Traceback (most recent call last):
  File "/opt/ros/jazzy/lib/python3.12/site-packages/launch/actions/execute_local.py", line 611, in __execute_process
    if self.__respawn_delay is not None and self.__respawn_delay > 0.0:
                                            ^^^^^^^^^^^^^^^^^^^^^^^^^^
TypeError: '>' not supported between instances of 'LaunchConfiguration' and 'float'
[monitor_node-6] [WARN] [1789951900.471557833] [diagnostic_monitor]: ANOMALY on [planning_node] /planning/path:stale_repeat: Value 1.0000 deviated from baseline 0.0056±0.0750 (z=13.3, confirmed x2) (sev=1.00)
[monitor_node-6] [WARN] [1789951900.566074694] [diagnostic_monitor]: ANOMALY on [localization_node] node_crash: Node localization_node absent from ROS 2 graph (process crash or killed); last seen alive t=1789951899.87, missing for 0.7s (sev=1.00)
[monitor_node-6] [FATAL] [1789951900.566471251] [diagnostic_monitor]: CRASH DETECTED: Node localization_node absent from ROS 2 graph (process crash or killed); last seen alive t=1789951899.87, missing for 0.7s
[monitor_node-6] [INFO] [1789951900.568485093] [diagnostic_monitor]: 
[monitor_node-6] ============================================================
[monitor_node-6] ROOT CAUSE DIAGNOSIS: localization_node (Confidence: 1.000)
[monitor_node-6] ============================================================
[monitor_node-6] Score Breakdown  R(C) = wD*D + wT*T + wS*S + wA*A:
[monitor_node-6]   R(localization_node) = 0.3·D(1.00) + 0.3·T(1.00) + 0.25·S(1.00) + 0.15·A(1.00) = 1.000
[monitor_node-6]   - Dependency D: 1.00 (reaches 1 downstream anomalous node(s); 0 anomalous upstream node(s))
[monitor_node-6]   - Temporal   T: 1.00 (first anomaly at t=1789951899.87s; earliest in window = supporting evidence, not proof of causality)
[monitor_node-6]   - Symptom    S: 1.00 (explains 2/2 anomalous nodes)
[monitor_node-6]   - Severity   A: 1.00 (max normalised severity on node, 1 direct anomaly event(s))
[monitor_node-6] 
[monitor_node-6] Propagation Chain (evidence-ordered, via discovered graph edges):
[monitor_node-6]   localization_node (t=1789951899.87s: node_crash, sev=1.00)
[monitor_node-6]     └─→ planning_node via /localization/pose (t=1789951900.27s, +0.40s after localization_node: /planning/path:stale_repeat)
[monitor_node-6] 
[monitor_node-6] Candidate Ranking & Evidence Comparison:
[monitor_node-6]   #2 camera_node          R=0.565 (Δ -0.435) [no direct anomaly observed]
[monitor_node-6]   #3 imu_node             R=0.565 (Δ -0.435) [no direct anomaly observed]
[monitor_node-6]   #4 lidar_node           R=0.565 (Δ -0.435) [no direct anomaly observed]
[monitor_node-6] ============================================================
[monitor_node-6] [WARN] [1789951900.671342879] [diagnostic_monitor]: ANOMALY on [planning_node] /planning/path:stale_repeat: Value 1.0000 deviated from baseline 0.0056±0.0750 (z=13.3, confirmed x3) (sev=1.00)
[monitor_node-6] [WARN] [1789951900.871664767] [diagnostic_monitor]: ANOMALY on [planning_node] /planning/path:stale_repeat: Value 1.0000 deviated from baseline 0.0056±0.0750 (z=13.3, confirmed x4) (sev=1.00)
[monitor_node-6] [WARN] [1789951901.071216784] [diagnostic_monitor]: ANOMALY on [planning_node] /planning/path:stale_repeat: Value 1.0000 deviated from baseline 0.0056±0.0750 (z=13.3, confirmed x5) (sev=1.00)
[monitor_node-6] [WARN] [1789951901.271595195] [diagnostic_monitor]: ANOMALY on [planning_node] /planning/path:stale_repeat: Value 1.0000 deviated from baseline 0.0056±0.0750 (z=13.3, confirmed x6) (sev=1.00)
[monitor_node-6] [WARN] [1789951901.471736596] [diagnostic_monitor]: ANOMALY on [planning_node] /planning/path:stale_repeat: Value 1.0000 deviated from baseline 0.0056±0.0750 (z=13.3, confirmed x7) (sev=1.00)
[monitor_node-6] [WARN] [1789951901.671242077] [diagnostic_monitor]: ANOMALY on [planning_node] /planning/path:stale_repeat: Value 1.0000 deviated from baseline 0.0056±0.0750 (z=13.3, confirmed x8) (sev=1.00)
[monitor_node-6] [WARN] [1789951901.871370714] [diagnostic_monitor]: ANOMALY on [planning_node] /planning/path:stale_repeat: Value 1.0000 deviated from baseline 0.0056±0.0750 (z=13.3, confirmed x9) (sev=1.00)
[monitor_node-6] [WARN] [1789951902.071060777] [diagnostic_monitor]: ANOMALY on [planning_node] /planning/path:stale_repeat: Value 1.0000 deviated from baseline 0.0056±0.0750 (z=13.3, confirmed x10) (sev=1.00)
[monitor_node-6] [WARN] [1789951902.271530547] [diagnostic_monitor]: ANOMALY on [planning_node] /planning/path:stale_repeat: Value 1.0000 deviated from baseline 0.0056±0.0750 (z=13.3, confirmed x11) (sev=1.00)
[monitor_node-6] [WARN] [1789951902.470702453] [diagnostic_monitor]: ANOMALY on [planning_node] /planning/path:stale_repeat: Value 1.0000 deviated from baseline 0.0056±0.0750 (z=13.3, confirmed x12) (sev=1.00)
[monitor_node-6] [WARN] [1789951902.565822607] [diagnostic_monitor]: ANOMALY on [localization_node] node_crash: Node localization_node absent from ROS 2 graph (process crash or killed); last seen alive t=1789951899.87, missing for 2.7s (sev=1.00)
[monitor_node-6] [WARN] [1789951902.671168111] [diagnostic_monitor]: ANOMALY on [planning_node] /planning/path:stale_repeat: Value 1.0000 deviated from baseline 0.0056±0.0750 (z=13.3, confirmed x13) (sev=1.00)
[monitor_node-6] [WARN] [1789951902.871912075] [diagnostic_monitor]: ANOMALY on [planning_node] /planning/path:stale_repeat: Value 1.0000 deviated from baseline 0.0056±0.0750 (z=13.3, confirmed x14) (sev=1.00)
[monitor_node-6] [WARN] [1789951903.071281218] [diagnostic_monitor]: ANOMALY on [planning_node] /planning/path:stale_repeat: Value 1.0000 deviated from baseline 0.0056±0.0750 (z=13.3, confirmed x15) (sev=1.00)
[monitor_node-6] [WARN] [1789951903.271351803] [diagnostic_monitor]: ANOMALY on [planning_node] /planning/path:stale_repeat: Value 1.0000 deviated from baseline 0.0056±0.0750 (z=13.3, confirmed x16) (sev=1.00)
[monitor_node-6] [WARN] [1789951903.471173782] [diagnostic_monitor]: ANOMALY on [planning_node] /planning/path:stale_repeat: Value 1.0000 deviated from baseline 0.0056±0.0750 (z=13.3, confirmed x17) (sev=1.00)
[monitor_node-6] [WARN] [1789951903.671906354] [diagnostic_monitor]: ANOMALY on [planning_node] /planning/path:stale_repeat: Value 1.0000 deviated from baseline 0.0056±0.0750 (z=13.3, confirmed x18) (sev=1.00)
[monitor_node-6] [WARN] [1789951903.871069114] [diagnostic_monitor]: ANOMALY on [planning_node] /planning/path:stale_repeat: Value 1.0000 deviated from baseline 0.0056±0.0750 (z=13.3, confirmed x19) (sev=1.00)
[monitor_node-6] [WARN] [1789951904.071730045] [diagnostic_monitor]: ANOMALY on [planning_node] /planning/path:stale_repeat: Value 1.0000 deviated from baseline 0.0056±0.0750 (z=13.3, confirmed x20) (sev=1.00)
[monitor_node-6] [WARN] [1789951904.271176888] [diagnostic_monitor]: ANOMALY on [planning_node] /planning/path:stale_repeat: Value 1.0000 deviated from baseline 0.0056±0.0750 (z=13.3, confirmed x21) (sev=1.00)
[monitor_node-6] [WARN] [1789951904.471535644] [diagnostic_monitor]: ANOMALY on [planning_node] /planning/path:stale_repeat: Value 1.0000 deviated from baseline 0.0056±0.0750 (z=13.3, confirmed x22) (sev=1.00)
[monitor_node-6] [WARN] [1789951904.671346485] [diagnostic_monitor]: ANOMALY on [planning_node] /planning/path:stale_repeat: Value 1.0000 deviated from baseline 0.0056±0.0750 (z=13.3, confirmed x23) (sev=1.00)
[monitor_node-6] [WARN] [1789951904.871527115] [diagnostic_monitor]: ANOMALY on [planning_node] /planning/path:stale_repeat: Value 1.0000 deviated from baseline 0.0056±0.0750 (z=13.3, confirmed x24) (sev=1.00)
[monitor_node-6] [WARN] [1789951905.071047537] [diagnostic_monitor]: ANOMALY on [planning_node] /planning/path:stale_repeat: Value 1.0000 deviated from baseline 0.0056±0.0750 (z=13.3, confirmed x25) (sev=1.00)
[monitor_node-6] [WARN] [1789951905.271109354] [diagnostic_monitor]: ANOMALY on [planning_node] /planning/path:stale_repeat: Value 1.0000 deviated from baseline 0.0056±0.0750 (z=13.3, confirmed x26) (sev=1.00)
[monitor_node-6] [WARN] [1789951905.471209842] [diagnostic_monitor]: ANOMALY on [planning_node] /planning/path:stale_repeat: Value 1.0000 deviated from baseline 0.0056±0.0750 (z=13.3, confirmed x27) (sev=1.00)
[monitor_node-6] [WARN] [1789951905.565816550] [diagnostic_monitor]: ANOMALY on [localization_node] node_crash: Node localization_node absent from ROS 2 graph (process crash or killed); last seen alive t=1789951899.87, missing for 5.7s (sev=1.00)
[monitor_node-6] [WARN] [1789951905.671709693] [diagnostic_monitor]: ANOMALY on [planning_node] /planning/path:stale_repeat: Value 1.0000 deviated from baseline 0.0056±0.0750 (z=13.3, confirmed x28) (sev=1.00)
[monitor_node-6] [WARN] [1789951905.870933229] [diagnostic_monitor]: ANOMALY on [planning_node] /planning/path:stale_repeat: Value 1.0000 deviated from baseline 0.0056±0.0750 (z=13.3, confirmed x29) (sev=1.00)
[monitor_node-6] [WARN] [1789951906.071452810] [diagnostic_monitor]: ANOMALY on [planning_node] /planning/path:stale_repeat: Value 1.0000 deviated from baseline 0.0056±0.0750 (z=13.3, confirmed x30) (sev=1.00)
[monitor_node-6] [WARN] [1789951906.271283664] [diagnostic_monitor]: ANOMALY on [planning_node] /planning/path:stale_repeat: Value 1.0000 deviated from baseline 0.0056±0.0750 (z=13.3, confirmed x31) (sev=1.00)
[monitor_node-6] [WARN] [1789951906.470854603] [diagnostic_monitor]: ANOMALY on [planning_node] /planning/path:stale_repeat: Value 1.0000 deviated from baseline 0.0056±0.0750 (z=13.3, confirmed x32) (sev=1.00)
[monitor_node-6] [WARN] [1789951906.671128675] [diagnostic_monitor]: ANOMALY on [planning_node] /planning/path:stale_repeat: Value 1.0000 deviated from baseline 0.0056±0.0750 (z=13.3, confirmed x33) (sev=1.00)
[monitor_node-6] [WARN] [1789951906.871368701] [diagnostic_monitor]: ANOMALY on [planning_node] /planning/path:stale_repeat: Value 1.0000 deviated from baseline 0.0056±0.0750 (z=13.3, confirmed x34) (sev=1.00)
[monitor_node-6] [WARN] [1789951907.071633167] [diagnostic_monitor]: ANOMALY on [planning_node] /planning/path:stale_repeat: Value 1.0000 deviated from baseline 0.0056±0.0750 (z=13.3, confirmed x35) (sev=1.00)
[monitor_node-6] [WARN] [1789951907.271145859] [diagnostic_monitor]: ANOMALY on [planning_node] /planning/path:stale_repeat: Value 1.0000 deviated from baseline 0.0056±0.0750 (z=13.3, confirmed x36) (sev=1.00)
[monitor_node-6] [WARN] [1789951907.471548532] [diagnostic_monitor]: ANOMALY on [planning_node] /planning/path:stale_repeat: Value 1.0000 deviated from baseline 0.0056±0.0750 (z=13.3, confirmed x37) (sev=1.00)
[monitor_node-6] [WARN] [1789951907.671131861] [diagnostic_monitor]: ANOMALY on [planning_node] /planning/path:stale_repeat: Value 1.0000 deviated from baseline 0.0056±0.0750 (z=13.3, confirmed x38) (sev=1.00)
[monitor_node-6] [WARN] [1789951907.871695661] [diagnostic_monitor]: ANOMALY on [planning_node] /planning/path:stale_repeat: Value 1.0000 deviated from baseline 0.0056±0.0750 (z=13.3, confirmed x39) (sev=1.00)
[monitor_node-6] [WARN] [1789951908.071003683] [diagnostic_monitor]: ANOMALY on [planning_node] /planning/path:stale_repeat: Value 1.0000 deviated from baseline 0.0056±0.0750 (z=13.3, confirmed x40) (sev=1.00)
[monitor_node-6] [WARN] [1789951908.271629863] [diagnostic_monitor]: ANOMALY on [planning_node] /planning/path:stale_repeat: Value 1.0000 deviated from baseline 0.0056±0.0750 (z=13.3, confirmed x41) (sev=1.00)
[monitor_node-6] [WARN] [1789951908.472037912] [diagnostic_monitor]: ANOMALY on [planning_node] /planning/path:stale_repeat: Value 1.0000 deviated from baseline 0.0056±0.0750 (z=13.3, confirmed x42) (sev=1.00)
[monitor_node-6] [WARN] [1789951908.566082114] [diagnostic_monitor]: ANOMALY on [localization_node] node_crash: Node localization_node absent from ROS 2 graph (process crash or killed); last seen alive t=1789951899.87, missing for 8.7s (sev=1.00)
[monitor_node-6] [WARN] [1789951908.671823552] [diagnostic_monitor]: ANOMALY on [planning_node] /planning/path:stale_repeat: Value 1.0000 deviated from baseline 0.0056±0.0750 (z=13.3, confirmed x43) (sev=1.00)
[monitor_node-6] [WARN] [1789951908.871312697] [diagnostic_monitor]: ANOMALY on [planning_node] /planning/path:stale_repeat: Value 1.0000 deviated from baseline 0.0056±0.0750 (z=13.3, confirmed x44) (sev=1.00)
[monitor_node-6] [WARN] [1789951909.071455437] [diagnostic_monitor]: ANOMALY on [planning_node] /planning/path:stale_repeat: Value 1.0000 deviated from baseline 0.0056±0.0750 (z=13.3, confirmed x45) (sev=1.00)
[monitor_node-6] [WARN] [1789951909.271156585] [diagnostic_monitor]: ANOMALY on [planning_node] /planning/path:stale_repeat: Value 1.0000 deviated from baseline 0.0056±0.0750 (z=13.3, confirmed x46) (sev=1.00)
[monitor_node-6] [WARN] [1789951909.471578622] [diagnostic_monitor]: ANOMALY on [planning_node] /planning/path:stale_repeat: Value 1.0000 deviated from baseline 0.0056±0.0750 (z=13.3, confirmed x47) (sev=1.00)
[monitor_node-6] [WARN] [1789951909.670977873] [diagnostic_monitor]: ANOMALY on [planning_node] /planning/path:stale_repeat: Value 1.0000 deviated from baseline 0.0056±0.0750 (z=13.3, confirmed x48) (sev=1.00)
[monitor_node-6] [WARN] [1789951909.871723647] [diagnostic_monitor]: ANOMALY on [planning_node] /planning/path:stale_repeat: Value 1.0000 deviated from baseline 0.0056±0.0750 (z=13.3, confirmed x49) (sev=1.00)
[monitor_node-6] [WARN] [1789951910.071139124] [diagnostic_monitor]: ANOMALY on [planning_node] /planning/path:stale_repeat: Value 1.0000 deviated from baseline 0.0056±0.0750 (z=13.3, confirmed x50) (sev=1.00)
[perception_node-2] [WARN] [1789951910.262821387] [perception_node]: perception_node: degradation "crash" param=0 duration=1.0s
[perception_node-2] [FATAL] [1789951910.263282496] [perception_node]: perception_node: crash -> exiting process
[ERROR] [perception_node-2]: process has died [pid 11695, exit code 1, cmd '/home/lynx/ros2_rca_ws/install/rca_sim/lib/rca_sim/perception_node --ros-args -r __node:=perception_node --params-file /tmp/launch_params_fqzpofsw'].
Task exception was never retrieved
future: <Task finished name='Task-4' coro=<ExecuteLocal.__execute_process() done, defined at /opt/ros/jazzy/lib/python3.12/site-packages/launch/actions/execute_local.py:544> exception=TypeError("'>' not supported between instances of 'LaunchConfiguration' and 'float'")>
Traceback (most recent call last):
  File "/opt/ros/jazzy/lib/python3.12/site-packages/launch/actions/execute_local.py", line 611, in __execute_process
    if self.__respawn_delay is not None and self.__respawn_delay > 0.0:
                                            ^^^^^^^^^^^^^^^^^^^^^^^^^^
TypeError: '>' not supported between instances of 'LaunchConfiguration' and 'float'
[monitor_node-6] [WARN] [1789951910.272698289] [diagnostic_monitor]: ANOMALY on [planning_node] /planning/path:stale_repeat: Value 1.0000 deviated from baseline 0.0056±0.0750 (z=13.3, confirmed x51) (sev=1.00)
[monitor_node-6] [WARN] [1789951910.471426382] [diagnostic_monitor]: ANOMALY on [planning_node] /planning/path:stale_repeat: Value 1.0000 deviated from baseline 0.0056±0.0750 (z=13.3, confirmed x52) (sev=1.00)
[monitor_node-6] [WARN] [1789951910.565758386] [diagnostic_monitor]: ANOMALY on [localization_node] node_crash: Node localization_node absent from ROS 2 graph (process crash or killed); last seen alive t=1789951899.87, missing for 10.7s (sev=1.00)
[monitor_node-6] [WARN] [1789951910.671218743] [diagnostic_monitor]: ANOMALY on [planning_node] /planning/path:stale_repeat: Value 1.0000 deviated from baseline 0.0056±0.0750 (z=13.3, confirmed x53) (sev=1.00)
[monitor_node-6] [WARN] [1789951910.872273005] [diagnostic_monitor]: ANOMALY on [planning_node] /planning/path:stale_repeat: Value 1.0000 deviated from baseline 0.0056±0.0750 (z=13.3, confirmed x54) (sev=1.00)
[monitor_node-6] [WARN] [1789951911.065040552] [diagnostic_monitor]: ANOMALY on [perception_node] message_timeout: Message timeout on /perception/obstacles: no message for 0.84s (expected ~0.100s, threshold 0.45s, last seen t=1789951910.23) (sev=0.97)
[monitor_node-6] [WARN] [1789951911.072140145] [diagnostic_monitor]: ANOMALY on [planning_node] /planning/path:stale_repeat: Value 1.0000 deviated from baseline 0.0056±0.0750 (z=13.3, confirmed x55) (sev=1.00)
[monitor_node-6] [WARN] [1789951911.271527187] [diagnostic_monitor]: ANOMALY on [planning_node] /planning/path:stale_repeat: Value 1.0000 deviated from baseline 0.0056±0.0750 (z=13.3, confirmed x56) (sev=1.00)
[monitor_node-6] [WARN] [1789951911.471539143] [diagnostic_monitor]: ANOMALY on [planning_node] /planning/path:stale_repeat: Value 1.0000 deviated from baseline 0.0056±0.0750 (z=13.3, confirmed x57) (sev=1.00)
[monitor_node-6] [WARN] [1789951911.566382170] [diagnostic_monitor]: ANOMALY on [perception_node] message_timeout: Message timeout on /perception/obstacles: no message for 1.34s (expected ~0.100s, threshold 0.45s, last seen t=1789951910.23) (sev=1.00)
[monitor_node-6] [WARN] [1789951911.671509412] [diagnostic_monitor]: ANOMALY on [planning_node] /planning/path:stale_repeat: Value 1.0000 deviated from baseline 0.0056±0.0750 (z=13.3, confirmed x58) (sev=1.00)
[monitor_node-6] [WARN] [1789951911.871342470] [diagnostic_monitor]: ANOMALY on [planning_node] /planning/path:stale_repeat: Value 1.0000 deviated from baseline 0.0056±0.0750 (z=13.3, confirmed x59) (sev=1.00)
[monitor_node-6] [WARN] [1789951912.065690201] [diagnostic_monitor]: ANOMALY on [perception_node] message_timeout: Message timeout on /perception/obstacles: no message for 1.84s (expected ~0.100s, threshold 0.45s, last seen t=1789951910.23) (sev=1.00)
[monitor_node-6] [WARN] [1789951912.070817449] [diagnostic_monitor]: ANOMALY on [planning_node] /planning/path:stale_repeat: Value 1.0000 deviated from baseline 0.0056±0.0750 (z=13.3, confirmed x60) (sev=1.00)
[monitor_node-6] [WARN] [1789951912.271671781] [diagnostic_monitor]: ANOMALY on [planning_node] /planning/path:stale_repeat: Value 1.0000 deviated from baseline 0.0056±0.0750 (z=13.3, confirmed x61) (sev=1.00)
[monitor_node-6] [WARN] [1789951912.471307661] [diagnostic_monitor]: ANOMALY on [planning_node] /planning/path:stale_repeat: Value 1.0000 deviated from baseline 0.0056±0.0750 (z=13.3, confirmed x62) (sev=1.00)
[monitor_node-6] [WARN] [1789951912.566260942] [diagnostic_monitor]: ANOMALY on [perception_node] message_timeout: Message timeout on /perception/obstacles: no message for 2.34s (expected ~0.100s, threshold 0.45s, last seen t=1789951910.23) (sev=1.00)
[monitor_node-6] [WARN] [1789951912.671469216] [diagnostic_monitor]: ANOMALY on [planning_node] /planning/path:stale_repeat: Value 1.0000 deviated from baseline 0.0056±0.0750 (z=13.3, confirmed x63) (sev=1.00)
[monitor_node-6] [WARN] [1789951912.871557658] [diagnostic_monitor]: ANOMALY on [planning_node] /planning/path:stale_repeat: Value 1.0000 deviated from baseline 0.0056±0.0750 (z=13.3, confirmed x64) (sev=1.00)
[monitor_node-6] [WARN] [1789951913.065293227] [diagnostic_monitor]: ANOMALY on [perception_node] message_timeout: Message timeout on /perception/obstacles: no message for 2.84s (expected ~0.100s, threshold 0.45s, last seen t=1789951910.23) (sev=1.00)
[monitor_node-6] [WARN] [1789951913.071250289] [diagnostic_monitor]: ANOMALY on [planning_node] /planning/path:stale_repeat: Value 1.0000 deviated from baseline 0.0056±0.0750 (z=13.3, confirmed x65) (sev=1.00)
[monitor_node-6] [WARN] [1789951913.271818368] [diagnostic_monitor]: ANOMALY on [planning_node] /planning/path:stale_repeat: Value 1.0000 deviated from baseline 0.0056±0.0750 (z=13.3, confirmed x66) (sev=1.00)
[monitor_node-6] [WARN] [1789951913.470875933] [diagnostic_monitor]: ANOMALY on [planning_node] /planning/path:stale_repeat: Value 1.0000 deviated from baseline 0.0056±0.0750 (z=13.3, confirmed x67) (sev=1.00)
[monitor_node-6] [WARN] [1789951913.565706145] [diagnostic_monitor]: ANOMALY on [localization_node] node_crash: Node localization_node absent from ROS 2 graph (process crash or killed); last seen alive t=1789951899.87, missing for 13.7s (sev=1.00)
[monitor_node-6] [WARN] [1789951913.566868350] [diagnostic_monitor]: ANOMALY on [perception_node] message_timeout: Message timeout on /perception/obstacles: no message for 3.34s (expected ~0.100s, threshold 0.45s, last seen t=1789951910.23) (sev=1.00)
[monitor_node-6] [WARN] [1789951913.671404281] [diagnostic_monitor]: ANOMALY on [planning_node] /planning/path:stale_repeat: Value 1.0000 deviated from baseline 0.0056±0.0750 (z=13.3, confirmed x68) (sev=1.00)
[monitor_node-6] [WARN] [1789951913.870998741] [diagnostic_monitor]: ANOMALY on [planning_node] /planning/path:stale_repeat: Value 1.0000 deviated from baseline 0.0056±0.0750 (z=13.3, confirmed x69) (sev=1.00)
[monitor_node-6] [WARN] [1789951914.065183937] [diagnostic_monitor]: ANOMALY on [perception_node] message_timeout: Message timeout on /perception/obstacles: no message for 3.84s (expected ~0.100s, threshold 0.45s, last seen t=1789951910.23) (sev=1.00)
[monitor_node-6] [WARN] [1789951914.071211032] [diagnostic_monitor]: ANOMALY on [planning_node] /planning/path:stale_repeat: Value 1.0000 deviated from baseline 0.0056±0.0750 (z=13.3, confirmed x70) (sev=1.00)
[monitor_node-6] [WARN] [1789951914.271589475] [diagnostic_monitor]: ANOMALY on [planning_node] /planning/path:stale_repeat: Value 1.0000 deviated from baseline 0.0056±0.0750 (z=13.3, confirmed x71) (sev=1.00)
[monitor_node-6] [WARN] [1789951914.471151524] [diagnostic_monitor]: ANOMALY on [planning_node] /planning/path:stale_repeat: Value 1.0000 deviated from baseline 0.0056±0.0750 (z=13.3, confirmed x72) (sev=1.00)
[monitor_node-6] [WARN] [1789951914.566270090] [diagnostic_monitor]: ANOMALY on [perception_node] message_timeout: Message timeout on /perception/obstacles: no message for 4.34s (expected ~0.100s, threshold 0.45s, last seen t=1789951910.23) (sev=1.00)
[monitor_node-6] [WARN] [1789951914.671644450] [diagnostic_monitor]: ANOMALY on [planning_node] /planning/path:stale_repeat: Value 1.0000 deviated from baseline 0.0056±0.0750 (z=13.3, confirmed x73) (sev=1.00)
[monitor_node-6] [WARN] [1789951914.871188219] [diagnostic_monitor]: ANOMALY on [planning_node] /planning/path:stale_repeat: Value 1.0000 deviated from baseline 0.0056±0.0750 (z=13.3, confirmed x74) (sev=1.00)
[monitor_node-6] [WARN] [1789951915.065394815] [diagnostic_monitor]: ANOMALY on [perception_node] message_timeout: Message timeout on /perception/obstacles: no message for 4.84s (expected ~0.100s, threshold 0.45s, last seen t=1789951910.23) (sev=1.00)
[monitor_node-6] [WARN] [1789951915.071011044] [diagnostic_monitor]: ANOMALY on [planning_node] /planning/path:stale_repeat: Value 1.0000 deviated from baseline 0.0056±0.0750 (z=13.3, confirmed x75) (sev=1.00)
[monitor_node-6] [WARN] [1789951915.271122992] [diagnostic_monitor]: ANOMALY on [planning_node] /planning/path:stale_repeat: Value 1.0000 deviated from baseline 0.0056±0.0750 (z=13.3, confirmed x76) (sev=1.00)
[monitor_node-6] [WARN] [1789951915.470874244] [diagnostic_monitor]: ANOMALY on [planning_node] /planning/path:stale_repeat: Value 1.0000 deviated from baseline 0.0056±0.0750 (z=13.3, confirmed x77) (sev=1.00)
[monitor_node-6] [WARN] [1789951915.566318522] [diagnostic_monitor]: ANOMALY on [perception_node] message_timeout: Message timeout on /perception/obstacles: no message for 5.34s (expected ~0.100s, threshold 0.45s, last seen t=1789951910.23) (sev=1.00)
[monitor_node-6] [WARN] [1789951915.671584192] [diagnostic_monitor]: ANOMALY on [planning_node] /planning/path:stale_repeat: Value 1.0000 deviated from baseline 0.0056±0.0750 (z=13.3, confirmed x78) (sev=1.00)
[monitor_node-6] [WARN] [1789951915.871015554] [diagnostic_monitor]: ANOMALY on [planning_node] /planning/path:stale_repeat: Value 1.0000 deviated from baseline 0.0056±0.0750 (z=13.3, confirmed x79) (sev=1.00)
[monitor_node-6] [WARN] [1789951916.065086984] [diagnostic_monitor]: ANOMALY on [perception_node] message_timeout: Message timeout on /perception/obstacles: no message for 5.84s (expected ~0.100s, threshold 0.45s, last seen t=1789951910.23) (sev=1.00)
[monitor_node-6] [WARN] [1789951916.070814129] [diagnostic_monitor]: ANOMALY on [planning_node] /planning/path:stale_repeat: Value 1.0000 deviated from baseline 0.0056±0.0750 (z=13.3, confirmed x80) (sev=1.00)
[monitor_node-6] [WARN] [1789951916.271055184] [diagnostic_monitor]: ANOMALY on [planning_node] /planning/path:stale_repeat: Value 1.0000 deviated from baseline 0.0056±0.0750 (z=13.3, confirmed x81) (sev=1.00)
[monitor_node-6] [WARN] [1789951916.471843691] [diagnostic_monitor]: ANOMALY on [planning_node] /planning/path:stale_repeat: Value 1.0000 deviated from baseline 0.0056±0.0750 (z=13.3, confirmed x82) (sev=1.00)
[monitor_node-6] [WARN] [1789951916.565645371] [diagnostic_monitor]: ANOMALY on [localization_node] node_crash: Node localization_node absent from ROS 2 graph (process crash or killed); last seen alive t=1789951899.87, missing for 16.7s (sev=1.00)
[monitor_node-6] [WARN] [1789951916.566817809] [diagnostic_monitor]: ANOMALY on [perception_node] message_timeout: Message timeout on /perception/obstacles: no message for 6.34s (expected ~0.100s, threshold 0.45s, last seen t=1789951910.23) (sev=1.00)
[monitor_node-6] [WARN] [1789951916.671233309] [diagnostic_monitor]: ANOMALY on [planning_node] /planning/path:stale_repeat: Value 1.0000 deviated from baseline 0.0056±0.0750 (z=13.3, confirmed x83) (sev=1.00)
[monitor_node-6] [WARN] [1789951916.871388464] [diagnostic_monitor]: ANOMALY on [planning_node] /planning/path:stale_repeat: Value 1.0000 deviated from baseline 0.0056±0.0750 (z=13.3, confirmed x84) (sev=1.00)
[monitor_node-6] [WARN] [1789951917.065219836] [diagnostic_monitor]: ANOMALY on [perception_node] message_timeout: Message timeout on /perception/obstacles: no message for 6.84s (expected ~0.100s, threshold 0.45s, last seen t=1789951910.23) (sev=1.00)
[monitor_node-6] [WARN] [1789951917.070864931] [diagnostic_monitor]: ANOMALY on [planning_node] /planning/path:stale_repeat: Value 1.0000 deviated from baseline 0.0056±0.0750 (z=13.3, confirmed x85) (sev=1.00)
[monitor_node-6] [WARN] [1789951917.271346801] [diagnostic_monitor]: ANOMALY on [planning_node] /planning/path:stale_repeat: Value 1.0000 deviated from baseline 0.0056±0.0750 (z=13.3, confirmed x86) (sev=1.00)
[monitor_node-6] [WARN] [1789951917.470956548] [diagnostic_monitor]: ANOMALY on [planning_node] /planning/path:stale_repeat: Value 1.0000 deviated from baseline 0.0056±0.0750 (z=13.3, confirmed x87) (sev=1.00)
[monitor_node-6] [WARN] [1789951917.566367378] [diagnostic_monitor]: ANOMALY on [perception_node] message_timeout: Message timeout on /perception/obstacles: no message for 7.34s (expected ~0.100s, threshold 0.45s, last seen t=1789951910.23) (sev=1.00)
[monitor_node-6] [WARN] [1789951917.670744444] [diagnostic_monitor]: ANOMALY on [planning_node] /planning/path:stale_repeat: Value 1.0000 deviated from baseline 0.0056±0.0750 (z=13.3, confirmed x88) (sev=1.00)
[monitor_node-6] [WARN] [1789951917.871366227] [diagnostic_monitor]: ANOMALY on [planning_node] /planning/path:stale_repeat: Value 1.0000 deviated from baseline 0.0056±0.0750 (z=13.3, confirmed x89) (sev=1.00)
[monitor_node-6] [WARN] [1789951918.065144286] [diagnostic_monitor]: ANOMALY on [perception_node] message_timeout: Message timeout on /perception/obstacles: no message for 7.84s (expected ~0.100s, threshold 0.45s, last seen t=1789951910.23) (sev=1.00)
[monitor_node-6] [WARN] [1789951918.071506993] [diagnostic_monitor]: ANOMALY on [planning_node] /planning/path:stale_repeat: Value 1.0000 deviated from baseline 0.0056±0.0750 (z=13.3, confirmed x90) (sev=1.00)
[monitor_node-6] [WARN] [1789951918.271053902] [diagnostic_monitor]: ANOMALY on [planning_node] /planning/path:stale_repeat: Value 1.0000 deviated from baseline 0.0056±0.0750 (z=13.3, confirmed x91) (sev=1.00)
[monitor_node-6] [WARN] [1789951918.471682970] [diagnostic_monitor]: ANOMALY on [planning_node] /planning/path:stale_repeat: Value 1.0000 deviated from baseline 0.0056±0.0750 (z=13.3, confirmed x92) (sev=1.00)
[monitor_node-6] [WARN] [1789951918.565681470] [diagnostic_monitor]: ANOMALY on [localization_node] node_crash: Node localization_node absent from ROS 2 graph (process crash or killed); last seen alive t=1789951899.87, missing for 18.7s (sev=1.00)
[monitor_node-6] [WARN] [1789951918.566892591] [diagnostic_monitor]: ANOMALY on [perception_node] message_timeout: Message timeout on /perception/obstacles: no message for 8.34s (expected ~0.100s, threshold 0.45s, last seen t=1789951910.23) (sev=1.00)
[monitor_node-6] [WARN] [1789951918.671515475] [diagnostic_monitor]: ANOMALY on [planning_node] /planning/path:stale_repeat: Value 1.0000 deviated from baseline 0.0056±0.0750 (z=13.3, confirmed x93) (sev=1.00)
[monitor_node-6] [WARN] [1789951918.871636472] [diagnostic_monitor]: ANOMALY on [planning_node] /planning/path:stale_repeat: Value 1.0000 deviated from baseline 0.0056±0.0750 (z=13.3, confirmed x94) (sev=1.00)
[monitor_node-6] [WARN] [1789951919.065220003] [diagnostic_monitor]: ANOMALY on [perception_node] message_timeout: Message timeout on /perception/obstacles: no message for 8.84s (expected ~0.100s, threshold 0.45s, last seen t=1789951910.23) (sev=1.00)
[monitor_node-6] [WARN] [1789951919.071471819] [diagnostic_monitor]: ANOMALY on [planning_node] /planning/path:stale_repeat: Value 1.0000 deviated from baseline 0.0056±0.0750 (z=13.3, confirmed x95) (sev=1.00)
[monitor_node-6] [WARN] [1789951919.271289233] [diagnostic_monitor]: ANOMALY on [planning_node] /planning/path:stale_repeat: Value 1.0000 deviated from baseline 0.0056±0.0750 (z=13.3, confirmed x96) (sev=1.00)
[monitor_node-6] [WARN] [1789951919.471044582] [diagnostic_monitor]: ANOMALY on [planning_node] /planning/path:stale_repeat: Value 1.0000 deviated from baseline 0.0056±0.0750 (z=13.3, confirmed x97) (sev=1.00)
[monitor_node-6] [WARN] [1789951919.566388267] [diagnostic_monitor]: ANOMALY on [perception_node] message_timeout: Message timeout on /perception/obstacles: no message for 9.34s (expected ~0.100s, threshold 0.45s, last seen t=1789951910.23) (sev=1.00)
[monitor_node-6] [WARN] [1789951919.670872920] [diagnostic_monitor]: ANOMALY on [planning_node] /planning/path:stale_repeat: Value 1.0000 deviated from baseline 0.0056±0.0750 (z=13.3, confirmed x98) (sev=1.00)
[monitor_node-6] [WARN] [1789951919.871209461] [diagnostic_monitor]: ANOMALY on [planning_node] /planning/path:stale_repeat: Value 1.0000 deviated from baseline 0.0056±0.0750 (z=13.3, confirmed x99) (sev=1.00)
[monitor_node-6] [WARN] [1789951920.065200177] [diagnostic_monitor]: ANOMALY on [perception_node] message_timeout: Message timeout on /perception/obstacles: no message for 9.84s (expected ~0.100s, threshold 0.45s, last seen t=1789951910.23) (sev=1.00)
[monitor_node-6] [WARN] [1789951920.071477752] [diagnostic_monitor]: ANOMALY on [planning_node] /planning/path:stale_repeat: Value 1.0000 deviated from baseline 0.0056±0.0750 (z=13.3, confirmed x100) (sev=1.00)
[monitor_node-6] [WARN] [1789951920.271584779] [diagnostic_monitor]: ANOMALY on [planning_node] /planning/path:stale_repeat: Value 1.0000 deviated from baseline 0.0056±0.0750 (z=13.3, confirmed x101) (sev=1.00)
[monitor_node-6] [WARN] [1789951920.471267699] [diagnostic_monitor]: ANOMALY on [planning_node] /planning/path:stale_repeat: Value 1.0000 deviated from baseline 0.0056±0.0750 (z=13.3, confirmed x102) (sev=1.00)
[monitor_node-6] [WARN] [1789951920.566231644] [diagnostic_monitor]: ANOMALY on [perception_node] message_timeout: Message timeout on /perception/obstacles: no message for 10.34s (expected ~0.100s, threshold 0.45s, last seen t=1789951910.23) (sev=1.00)
[monitor_node-6] [WARN] [1789951920.671199693] [diagnostic_monitor]: ANOMALY on [planning_node] /planning/path:stale_repeat: Value 1.0000 deviated from baseline 0.0056±0.0750 (z=13.3, confirmed x103) (sev=1.00)
[monitor_node-6] [WARN] [1789951920.871421114] [diagnostic_monitor]: ANOMALY on [planning_node] /planning/path:stale_repeat: Value 1.0000 deviated from baseline 0.0056±0.0750 (z=13.3, confirmed x104) (sev=1.00)
[monitor_node-6] [WARN] [1789951921.065113491] [diagnostic_monitor]: ANOMALY on [perception_node] message_timeout: Message timeout on /perception/obstacles: no message for 10.84s (expected ~0.100s, threshold 0.45s, last seen t=1789951910.23) (sev=1.00)
[monitor_node-6] [WARN] [1789951921.070933187] [diagnostic_monitor]: ANOMALY on [planning_node] /planning/path:stale_repeat: Value 1.0000 deviated from baseline 0.0056±0.0750 (z=13.3, confirmed x105) (sev=1.00)
[monitor_node-6] [WARN] [1789951921.271283704] [diagnostic_monitor]: ANOMALY on [planning_node] /planning/path:stale_repeat: Value 1.0000 deviated from baseline 0.0056±0.0750 (z=13.3, confirmed x106) (sev=1.00)
[monitor_node-6] [WARN] [1789951921.471099419] [diagnostic_monitor]: ANOMALY on [planning_node] /planning/path:stale_repeat: Value 1.0000 deviated from baseline 0.0056±0.0750 (z=13.3, confirmed x107) (sev=1.00)
[monitor_node-6] [WARN] [1789951921.565705181] [diagnostic_monitor]: ANOMALY on [localization_node] node_crash: Node localization_node absent from ROS 2 graph (process crash or killed); last seen alive t=1789951899.87, missing for 21.7s (sev=1.00)
[monitor_node-6] [WARN] [1789951921.567022782] [diagnostic_monitor]: ANOMALY on [perception_node] message_timeout: Message timeout on /perception/obstacles: no message for 11.34s (expected ~0.100s, threshold 0.45s, last seen t=1789951910.23) (sev=1.00)
[monitor_node-6] [WARN] [1789951921.670886984] [diagnostic_monitor]: ANOMALY on [planning_node] /planning/path:stale_repeat: Value 1.0000 deviated from baseline 0.0056±0.0750 (z=13.3, confirmed x108) (sev=1.00)
[monitor_node-6] [WARN] [1789951921.871515923] [diagnostic_monitor]: ANOMALY on [planning_node] /planning/path:stale_repeat: Value 1.0000 deviated from baseline 0.0056±0.0750 (z=13.3, confirmed x109) (sev=1.00)
[monitor_node-6] [WARN] [1789951922.073682542] [diagnostic_monitor]: ANOMALY on [perception_node] message_timeout: Message timeout on /perception/obstacles: no message for 11.84s (expected ~0.100s, threshold 0.45s, last seen t=1789951910.23) (sev=1.00)
[monitor_node-6] [WARN] [1789951922.075389218] [diagnostic_monitor]: ANOMALY on [planning_node] /planning/path:stale_repeat: Value 1.0000 deviated from baseline 0.0056±0.0750 (z=13.3, confirmed x110) (sev=1.00)
[monitor_node-6] [WARN] [1789951922.271278521] [diagnostic_monitor]: ANOMALY on [planning_node] /planning/path:stale_repeat: Value 1.0000 deviated from baseline 0.0056±0.0750 (z=13.3, confirmed x111) (sev=1.00)
[monitor_node-6] [WARN] [1789951922.471396111] [diagnostic_monitor]: ANOMALY on [planning_node] /planning/path:stale_repeat: Value 1.0000 deviated from baseline 0.0056±0.0750 (z=13.3, confirmed x112) (sev=1.00)
[monitor_node-6] [WARN] [1789951922.566324054] [diagnostic_monitor]: ANOMALY on [perception_node] message_timeout: Message timeout on /perception/obstacles: no message for 12.34s (expected ~0.100s, threshold 0.45s, last seen t=1789951910.23) (sev=1.00)
[monitor_node-6] [WARN] [1789951922.671175689] [diagnostic_monitor]: ANOMALY on [planning_node] /planning/path:stale_repeat: Value 1.0000 deviated from baseline 0.0056±0.0750 (z=13.3, confirmed x113) (sev=1.00)
[monitor_node-6] [WARN] [1789951922.871078586] [diagnostic_monitor]: ANOMALY on [planning_node] /planning/path:stale_repeat: Value 1.0000 deviated from baseline 0.0056±0.0750 (z=13.3, confirmed x114) (sev=1.00)
[monitor_node-6] [WARN] [1789951923.065271417] [diagnostic_monitor]: ANOMALY on [perception_node] message_timeout: Message timeout on /perception/obstacles: no message for 12.84s (expected ~0.100s, threshold 0.45s, last seen t=1789951910.23) (sev=1.00)
[monitor_node-6] [WARN] [1789951923.071617892] [diagnostic_monitor]: ANOMALY on [planning_node] /planning/path:stale_repeat: Value 1.0000 deviated from baseline 0.0056±0.0750 (z=13.3, confirmed x115) (sev=1.00)
[monitor_node-6] [WARN] [1789951923.271335110] [diagnostic_monitor]: ANOMALY on [planning_node] /planning/path:stale_repeat: Value 1.0000 deviated from baseline 0.0056±0.0750 (z=13.3, confirmed x116) (sev=1.00)
[monitor_node-6] [WARN] [1789951923.471630275] [diagnostic_monitor]: ANOMALY on [planning_node] /planning/path:stale_repeat: Value 1.0000 deviated from baseline 0.0056±0.0750 (z=13.3, confirmed x117) (sev=1.00)
[monitor_node-6] [WARN] [1789951923.566396862] [diagnostic_monitor]: ANOMALY on [perception_node] message_timeout: Message timeout on /perception/obstacles: no message for 13.34s (expected ~0.100s, threshold 0.45s, last seen t=1789951910.23) (sev=1.00)
[monitor_node-6] [WARN] [1789951923.670905502] [diagnostic_monitor]: ANOMALY on [planning_node] /planning/path:stale_repeat: Value 1.0000 deviated from baseline 0.0056±0.0750 (z=13.3, confirmed x118) (sev=1.00)
[monitor_node-6] [WARN] [1789951923.871033914] [diagnostic_monitor]: ANOMALY on [planning_node] /planning/path:stale_repeat: Value 1.0000 deviated from baseline 0.0056±0.0750 (z=13.3, confirmed x119) (sev=1.00)
[monitor_node-6] [WARN] [1789951924.065105719] [diagnostic_monitor]: ANOMALY on [perception_node] message_timeout: Message timeout on /perception/obstacles: no message for 13.84s (expected ~0.100s, threshold 0.45s, last seen t=1789951910.23) (sev=1.00)
[monitor_node-6] [WARN] [1789951924.071195417] [diagnostic_monitor]: ANOMALY on [planning_node] /planning/path:stale_repeat: Value 1.0000 deviated from baseline 0.0056±0.0750 (z=13.3, confirmed x120) (sev=1.00)
[monitor_node-6] [WARN] [1789951924.270916377] [diagnostic_monitor]: ANOMALY on [planning_node] /planning/path:stale_repeat: Value 1.0000 deviated from baseline 0.0056±0.0750 (z=13.3, confirmed x121) (sev=1.00)
[monitor_node-6] [WARN] [1789951924.471089632] [diagnostic_monitor]: ANOMALY on [planning_node] /planning/path:stale_repeat: Value 1.0000 deviated from baseline 0.0056±0.0750 (z=13.3, confirmed x122) (sev=1.00)
[monitor_node-6] [WARN] [1789951924.565654606] [diagnostic_monitor]: ANOMALY on [localization_node] node_crash: Node localization_node absent from ROS 2 graph (process crash or killed); last seen alive t=1789951899.87, missing for 24.7s (sev=1.00)
[monitor_node-6] [WARN] [1789951924.566902587] [diagnostic_monitor]: ANOMALY on [perception_node] message_timeout: Message timeout on /perception/obstacles: no message for 14.34s (expected ~0.100s, threshold 0.45s, last seen t=1789951910.23) (sev=1.00)
[monitor_node-6] [WARN] [1789951924.671539622] [diagnostic_monitor]: ANOMALY on [planning_node] /planning/path:stale_repeat: Value 1.0000 deviated from baseline 0.0056±0.0750 (z=13.3, confirmed x123) (sev=1.00)
[monitor_node-6] [WARN] [1789951924.871207224] [diagnostic_monitor]: ANOMALY on [planning_node] /planning/path:stale_repeat: Value 1.0000 deviated from baseline 0.0056±0.0750 (z=13.3, confirmed x124) (sev=1.00)
[monitor_node-6] [WARN] [1789951925.065233066] [diagnostic_monitor]: ANOMALY on [perception_node] message_timeout: Message timeout on /perception/obstacles: no message for 14.84s (expected ~0.100s, threshold 0.45s, last seen t=1789951910.23) (sev=1.00)
[monitor_node-6] [WARN] [1789951925.070975198] [diagnostic_monitor]: ANOMALY on [planning_node] /planning/path:stale_repeat: Value 1.0000 deviated from baseline 0.0056±0.0750 (z=13.3, confirmed x125) (sev=1.00)
[monitor_node-6] [WARN] [1789951925.271103898] [diagnostic_monitor]: ANOMALY on [planning_node] /planning/path:stale_repeat: Value 1.0000 deviated from baseline 0.0056±0.0750 (z=13.3, confirmed x126) (sev=1.00)
[monitor_node-6] [WARN] [1789951925.471469282] [diagnostic_monitor]: ANOMALY on [planning_node] /planning/path:stale_repeat: Value 1.0000 deviated from baseline 0.0056±0.0750 (z=13.3, confirmed x127) (sev=1.00)
[monitor_node-6] [WARN] [1789951925.566385227] [diagnostic_monitor]: ANOMALY on [perception_node] message_timeout: Message timeout on /perception/obstacles: no message for 15.34s (expected ~0.100s, threshold 0.45s, last seen t=1789951910.23) (sev=1.00)
[monitor_node-6] [WARN] [1789951925.671575586] [diagnostic_monitor]: ANOMALY on [planning_node] /planning/path:stale_repeat: Value 1.0000 deviated from baseline 0.0056±0.0750 (z=13.3, confirmed x128) (sev=1.00)
[monitor_node-6] [WARN] [1789951925.870957604] [diagnostic_monitor]: ANOMALY on [planning_node] /planning/path:stale_repeat: Value 1.0000 deviated from baseline 0.0056±0.0750 (z=13.3, confirmed x129) (sev=1.00)
[monitor_node-6] [WARN] [1789951926.065175102] [diagnostic_monitor]: ANOMALY on [perception_node] message_timeout: Message timeout on /perception/obstacles: no message for 15.84s (expected ~0.100s, threshold 0.45s, last seen t=1789951910.23) (sev=1.00)
[monitor_node-6] [WARN] [1789951926.071191134] [diagnostic_monitor]: ANOMALY on [planning_node] /planning/path:stale_repeat: Value 1.0000 deviated from baseline 0.0056±0.0750 (z=13.3, confirmed x130) (sev=1.00)
[monitor_node-6] [WARN] [1789951926.271312653] [diagnostic_monitor]: ANOMALY on [planning_node] /planning/path:stale_repeat: Value 1.0000 deviated from baseline 0.0056±0.0750 (z=13.3, confirmed x131) (sev=1.00)
[monitor_node-6] [WARN] [1789951926.471464969] [diagnostic_monitor]: ANOMALY on [planning_node] /planning/path:stale_repeat: Value 1.0000 deviated from baseline 0.0056±0.0750 (z=13.3, confirmed x132) (sev=1.00)
[monitor_node-6] [WARN] [1789951926.565677917] [diagnostic_monitor]: ANOMALY on [localization_node] node_crash: Node localization_node absent from ROS 2 graph (process crash or killed); last seen alive t=1789951899.87, missing for 26.7s (sev=1.00)
[monitor_node-6] [WARN] [1789951926.566843411] [diagnostic_monitor]: ANOMALY on [perception_node] message_timeout: Message timeout on /perception/obstacles: no message for 16.34s (expected ~0.100s, threshold 0.45s, last seen t=1789951910.23) (sev=1.00)
[monitor_node-6] [WARN] [1789951926.671108786] [diagnostic_monitor]: ANOMALY on [planning_node] /planning/path:stale_repeat: Value 1.0000 deviated from baseline 0.0056±0.0750 (z=13.3, confirmed x133) (sev=1.00)
[monitor_node-6] [WARN] [1789951926.870955504] [diagnostic_monitor]: ANOMALY on [planning_node] /planning/path:stale_repeat: Value 1.0000 deviated from baseline 0.0056±0.0750 (z=13.3, confirmed x134) (sev=1.00)
[monitor_node-6] [WARN] [1789951927.065174487] [diagnostic_monitor]: ANOMALY on [perception_node] message_timeout: Message timeout on /perception/obstacles: no message for 16.84s (expected ~0.100s, threshold 0.45s, last seen t=1789951910.23) (sev=1.00)
[monitor_node-6] [WARN] [1789951927.071580420] [diagnostic_monitor]: ANOMALY on [planning_node] /planning/path:stale_repeat: Value 1.0000 deviated from baseline 0.0056±0.0750 (z=13.3, confirmed x135) (sev=1.00)
[monitor_node-6] [WARN] [1789951927.270882195] [diagnostic_monitor]: ANOMALY on [planning_node] /planning/path:stale_repeat: Value 1.0000 deviated from baseline 0.0056±0.0750 (z=13.3, confirmed x136) (sev=1.00)
[monitor_node-6] [WARN] [1789951927.471332001] [diagnostic_monitor]: ANOMALY on [planning_node] /planning/path:stale_repeat: Value 1.0000 deviated from baseline 0.0056±0.0750 (z=13.3, confirmed x137) (sev=1.00)
[monitor_node-6] [WARN] [1789951927.566191936] [diagnostic_monitor]: ANOMALY on [perception_node] message_timeout: Message timeout on /perception/obstacles: no message for 17.34s (expected ~0.100s, threshold 0.45s, last seen t=1789951910.23) (sev=1.00)
[monitor_node-6] [WARN] [1789951927.670842215] [diagnostic_monitor]: ANOMALY on [planning_node] /planning/path:stale_repeat: Value 1.0000 deviated from baseline 0.0056±0.0750 (z=13.3, confirmed x138) (sev=1.00)
[monitor_node-6] [WARN] [1789951927.871346056] [diagnostic_monitor]: ANOMALY on [planning_node] /planning/path:stale_repeat: Value 1.0000 deviated from baseline 0.0056±0.0750 (z=13.3, confirmed x139) (sev=1.00)
[monitor_node-6] [WARN] [1789951928.065091530] [diagnostic_monitor]: ANOMALY on [perception_node] message_timeout: Message timeout on /perception/obstacles: no message for 17.84s (expected ~0.100s, threshold 0.45s, last seen t=1789951910.23) (sev=1.00)
[monitor_node-6] [WARN] [1789951928.071394812] [diagnostic_monitor]: ANOMALY on [planning_node] /planning/path:stale_repeat: Value 1.0000 deviated from baseline 0.0056±0.0750 (z=13.3, confirmed x140) (sev=1.00)
[monitor_node-6] [WARN] [1789951928.272025389] [diagnostic_monitor]: ANOMALY on [planning_node] /planning/path:stale_repeat: Value 1.0000 deviated from baseline 0.0056±0.0750 (z=13.3, confirmed x141) (sev=1.00)
[monitor_node-6] [WARN] [1789951928.471231822] [diagnostic_monitor]: ANOMALY on [planning_node] /planning/path:stale_repeat: Value 1.0000 deviated from baseline 0.0056±0.0750 (z=13.3, confirmed x142) (sev=1.00)
[monitor_node-6] [WARN] [1789951928.566274986] [diagnostic_monitor]: ANOMALY on [perception_node] message_timeout: Message timeout on /perception/obstacles: no message for 18.34s (expected ~0.100s, threshold 0.45s, last seen t=1789951910.23) (sev=1.00)
[monitor_node-6] [WARN] [1789951928.670906247] [diagnostic_monitor]: ANOMALY on [planning_node] /planning/path:stale_repeat: Value 1.0000 deviated from baseline 0.0056±0.0750 (z=13.3, confirmed x143) (sev=1.00)
[monitor_node-6] [WARN] [1789951928.871123410] [diagnostic_monitor]: ANOMALY on [planning_node] /planning/path:stale_repeat: Value 1.0000 deviated from baseline 0.0056±0.0750 (z=13.3, confirmed x144) (sev=1.00)
[monitor_node-6] [WARN] [1789951929.065197065] [diagnostic_monitor]: ANOMALY on [perception_node] message_timeout: Message timeout on /perception/obstacles: no message for 18.84s (expected ~0.100s, threshold 0.45s, last seen t=1789951910.23) (sev=1.00)
[monitor_node-6] [WARN] [1789951929.070853344] [diagnostic_monitor]: ANOMALY on [planning_node] /planning/path:stale_repeat: Value 1.0000 deviated from baseline 0.0056±0.0750 (z=13.3, confirmed x145) (sev=1.00)
[monitor_node-6] [WARN] [1789951929.271631335] [diagnostic_monitor]: ANOMALY on [planning_node] /planning/path:stale_repeat: Value 1.0000 deviated from baseline 0.0056±0.0750 (z=13.3, confirmed x146) (sev=1.00)
[monitor_node-6] [WARN] [1789951929.471154504] [diagnostic_monitor]: ANOMALY on [planning_node] /planning/path:stale_repeat: Value 1.0000 deviated from baseline 0.0056±0.0750 (z=13.3, confirmed x147) (sev=1.00)
[monitor_node-6] [WARN] [1789951929.565689359] [diagnostic_monitor]: ANOMALY on [localization_node] node_crash: Node localization_node absent from ROS 2 graph (process crash or killed); last seen alive t=1789951899.87, missing for 29.7s (sev=1.00)
[monitor_node-6] [WARN] [1789951929.566963048] [diagnostic_monitor]: ANOMALY on [perception_node] message_timeout: Message timeout on /perception/obstacles: no message for 19.34s (expected ~0.100s, threshold 0.45s, last seen t=1789951910.23) (sev=1.00)
[monitor_node-6] [WARN] [1789951929.671572549] [diagnostic_monitor]: ANOMALY on [planning_node] /planning/path:stale_repeat: Value 1.0000 deviated from baseline 0.0056±0.0750 (z=13.3, confirmed x148) (sev=1.00)
[monitor_node-6] [WARN] [1789951929.871141698] [diagnostic_monitor]: ANOMALY on [planning_node] /planning/path:stale_repeat: Value 1.0000 deviated from baseline 0.0056±0.0750 (z=13.3, confirmed x149) (sev=1.00)
[monitor_node-6] [WARN] [1789951930.065158114] [diagnostic_monitor]: ANOMALY on [perception_node] message_timeout: Message timeout on /perception/obstacles: no message for 19.84s (expected ~0.100s, threshold 0.45s, last seen t=1789951910.23) (sev=1.00)
[monitor_node-6] [WARN] [1789951930.071168946] [diagnostic_monitor]: ANOMALY on [planning_node] /planning/path:stale_repeat: Value 1.0000 deviated from baseline 0.0056±0.0750 (z=13.3, confirmed x150) (sev=1.00)
[monitor_node-6] [WARN] [1789951930.271631419] [diagnostic_monitor]: ANOMALY on [planning_node] /planning/path:stale_repeat: Value 1.0000 deviated from baseline 0.0056±0.0750 (z=13.3, confirmed x151) (sev=1.00)
[monitor_node-6] [WARN] [1789951930.471232337] [diagnostic_monitor]: ANOMALY on [planning_node] /planning/path:stale_repeat: Value 1.0000 deviated from baseline 0.0056±0.0750 (z=13.3, confirmed x152) (sev=1.00)
[monitor_node-6] [WARN] [1789951930.565503621] [diagnostic_monitor]: ANOMALY on [perception_node] node_crash: Node perception_node absent from ROS 2 graph (process crash or killed); last seen alive t=1789951910.23, missing for 20.3s (sev=1.00)
[monitor_node-6] [FATAL] [1789951930.565962214] [diagnostic_monitor]: CRASH DETECTED: Node perception_node absent from ROS 2 graph (process crash or killed); last seen alive t=1789951910.23, missing for 20.3s
[monitor_node-6] [WARN] [1789951930.671448469] [diagnostic_monitor]: ANOMALY on [planning_node] /planning/path:stale_repeat: Value 1.0000 deviated from baseline 0.0056±0.0750 (z=13.3, confirmed x153) (sev=1.00)
[monitor_node-6] [WARN] [1789951930.871468364] [diagnostic_monitor]: ANOMALY on [planning_node] /planning/path:stale_repeat: Value 1.0000 deviated from baseline 0.0056±0.0750 (z=13.3, confirmed x154) (sev=1.00)
[monitor_node-6] [WARN] [1789951931.070993071] [diagnostic_monitor]: ANOMALY on [planning_node] /planning/path:stale_repeat: Value 1.0000 deviated from baseline 0.0056±0.0750 (z=13.3, confirmed x155) (sev=1.00)
[monitor_node-6] [WARN] [1789951931.270955054] [diagnostic_monitor]: ANOMALY on [planning_node] /planning/path:stale_repeat: Value 1.0000 deviated from baseline 0.0056±0.0750 (z=13.3, confirmed x156) (sev=1.00)
[monitor_node-6] [WARN] [1789951931.471280608] [diagnostic_monitor]: ANOMALY on [planning_node] /planning/path:stale_repeat: Value 1.0000 deviated from baseline 0.0056±0.0750 (z=13.3, confirmed x157) (sev=1.00)
[monitor_node-6] [WARN] [1789951931.671036784] [diagnostic_monitor]: ANOMALY on [planning_node] /planning/path:stale_repeat: Value 1.0000 deviated from baseline 0.0056±0.0750 (z=13.3, confirmed x158) (sev=1.00)
[monitor_node-6] [WARN] [1789951931.870973201] [diagnostic_monitor]: ANOMALY on [planning_node] /planning/path:stale_repeat: Value 1.0000 deviated from baseline 0.0056±0.0750 (z=13.3, confirmed x159) (sev=1.00)
[monitor_node-6] [WARN] [1789951932.071090904] [diagnostic_monitor]: ANOMALY on [planning_node] /planning/path:stale_repeat: Value 1.0000 deviated from baseline 0.0056±0.0750 (z=13.3, confirmed x160) (sev=1.00)
[monitor_node-6] [WARN] [1789951932.271637236] [diagnostic_monitor]: ANOMALY on [planning_node] /planning/path:stale_repeat: Value 1.0000 deviated from baseline 0.0056±0.0750 (z=13.3, confirmed x161) (sev=1.00)
[monitor_node-6] [WARN] [1789951932.471448625] [diagnostic_monitor]: ANOMALY on [planning_node] /planning/path:stale_repeat: Value 1.0000 deviated from baseline 0.0056±0.0750 (z=13.3, confirmed x162) (sev=1.00)
[monitor_node-6] [WARN] [1789951932.565635523] [diagnostic_monitor]: ANOMALY on [localization_node] node_crash: Node localization_node absent from ROS 2 graph (process crash or killed); last seen alive t=1789951899.87, missing for 32.7s (sev=1.00)
[monitor_node-6] [WARN] [1789951932.566171855] [diagnostic_monitor]: ANOMALY on [perception_node] node_crash: Node perception_node absent from ROS 2 graph (process crash or killed); last seen alive t=1789951910.23, missing for 22.3s (sev=1.00)
[monitor_node-6] [WARN] [1789951932.671213379] [diagnostic_monitor]: ANOMALY on [planning_node] /planning/path:stale_repeat: Value 1.0000 deviated from baseline 0.0056±0.0750 (z=13.3, confirmed x163) (sev=1.00)
[monitor_node-6] [WARN] [1789951932.870905109] [diagnostic_monitor]: ANOMALY on [planning_node] /planning/path:stale_repeat: Value 1.0000 deviated from baseline 0.0056±0.0750 (z=13.3, confirmed x164) (sev=1.00)
[monitor_node-6] [WARN] [1789951933.071164690] [diagnostic_monitor]: ANOMALY on [planning_node] /planning/path:stale_repeat: Value 1.0000 deviated from baseline 0.0056±0.0750 (z=13.3, confirmed x165) (sev=1.00)
[monitor_node-6] [WARN] [1789951933.271806049] [diagnostic_monitor]: ANOMALY on [planning_node] /planning/path:stale_repeat: Value 1.0000 deviated from baseline 0.0056±0.0750 (z=13.3, confirmed x166) (sev=1.00)
[monitor_node-6] [WARN] [1789951933.471437687] [diagnostic_monitor]: ANOMALY on [planning_node] /planning/path:stale_repeat: Value 1.0000 deviated from baseline 0.0056±0.0750 (z=13.3, confirmed x167) (sev=1.00)
[monitor_node-6] [WARN] [1789951933.671884931] [diagnostic_monitor]: ANOMALY on [planning_node] /planning/path:stale_repeat: Value 1.0000 deviated from baseline 0.0056±0.0750 (z=13.3, confirmed x168) (sev=1.00)
[monitor_node-6] [WARN] [1789951933.871443437] [diagnostic_monitor]: ANOMALY on [planning_node] /planning/path:stale_repeat: Value 1.0000 deviated from baseline 0.0056±0.0750 (z=13.3, confirmed x169) (sev=1.00)
[monitor_node-6] [WARN] [1789951934.071255282] [diagnostic_monitor]: ANOMALY on [planning_node] /planning/path:stale_repeat: Value 1.0000 deviated from baseline 0.0056±0.0750 (z=13.3, confirmed x170) (sev=1.00)
[monitor_node-6] [WARN] [1789951934.271568417] [diagnostic_monitor]: ANOMALY on [planning_node] /planning/path:stale_repeat: Value 1.0000 deviated from baseline 0.0056±0.0750 (z=13.3, confirmed x171) (sev=1.00)
[monitor_node-6] [WARN] [1789951934.471256994] [diagnostic_monitor]: ANOMALY on [planning_node] /planning/path:stale_repeat: Value 1.0000 deviated from baseline 0.0056±0.0750 (z=13.3, confirmed x172) (sev=1.00)
[monitor_node-6] [WARN] [1789951934.565719316] [diagnostic_monitor]: ANOMALY on [localization_node] node_crash: Node localization_node absent from ROS 2 graph (process crash or killed); last seen alive t=1789951899.87, missing for 34.7s (sev=1.00)
[monitor_node-6] [WARN] [1789951934.566262234] [diagnostic_monitor]: ANOMALY on [perception_node] node_crash: Node perception_node absent from ROS 2 graph (process crash or killed); last seen alive t=1789951910.23, missing for 24.3s (sev=1.00)
[monitor_node-6] [WARN] [1789951934.671734268] [diagnostic_monitor]: ANOMALY on [planning_node] /planning/path:stale_repeat: Value 1.0000 deviated from baseline 0.0056±0.0750 (z=13.3, confirmed x173) (sev=1.00)
[monitor_node-6] [WARN] [1789951934.871172849] [diagnostic_monitor]: ANOMALY on [planning_node] /planning/path:stale_repeat: Value 1.0000 deviated from baseline 0.0056±0.0750 (z=13.3, confirmed x174) (sev=1.00)
[monitor_node-6] [WARN] [1789951935.071310378] [diagnostic_monitor]: ANOMALY on [planning_node] /planning/path:stale_repeat: Value 1.0000 deviated from baseline 0.0056±0.0750 (z=13.3, confirmed x175) (sev=1.00)
[monitor_node-6] [WARN] [1789951935.271172055] [diagnostic_monitor]: ANOMALY on [planning_node] /planning/path:stale_repeat: Value 1.0000 deviated from baseline 0.0056±0.0750 (z=13.3, confirmed x176) (sev=1.00)
[monitor_node-6] [WARN] [1789951935.471216573] [diagnostic_monitor]: ANOMALY on [planning_node] /planning/path:stale_repeat: Value 1.0000 deviated from baseline 0.0056±0.0750 (z=13.3, confirmed x177) (sev=1.00)
[monitor_node-6] [WARN] [1789951935.671309636] [diagnostic_monitor]: ANOMALY on [planning_node] /planning/path:stale_repeat: Value 1.0000 deviated from baseline 0.0056±0.0750 (z=13.3, confirmed x178) (sev=1.00)
[monitor_node-6] [WARN] [1789951935.871498970] [diagnostic_monitor]: ANOMALY on [planning_node] /planning/path:stale_repeat: Value 1.0000 deviated from baseline 0.0056±0.0750 (z=13.3, confirmed x179) (sev=1.00)
[monitor_node-6] [WARN] [1789951936.070897053] [diagnostic_monitor]: ANOMALY on [planning_node] /planning/path:stale_repeat: Value 1.0000 deviated from baseline 0.0056±0.0750 (z=13.3, confirmed x180) (sev=1.00)
[monitor_node-6] [WARN] [1789951936.271137223] [diagnostic_monitor]: ANOMALY on [planning_node] /planning/path:stale_repeat: Value 1.0000 deviated from baseline 0.0056±0.0750 (z=13.3, confirmed x181) (sev=1.00)
[monitor_node-6] [WARN] [1789951936.471736774] [diagnostic_monitor]: ANOMALY on [planning_node] /planning/path:stale_repeat: Value 1.0000 deviated from baseline 0.0056±0.0750 (z=13.3, confirmed x182) (sev=1.00)
[monitor_node-6] [WARN] [1789951936.671857602] [diagnostic_monitor]: ANOMALY on [planning_node] /planning/path:stale_repeat: Value 1.0000 deviated from baseline 0.0056±0.0750 (z=13.3, confirmed x183) (sev=1.00)
[monitor_node-6] [WARN] [1789951936.871808651] [diagnostic_monitor]: ANOMALY on [planning_node] /planning/path:stale_repeat: Value 1.0000 deviated from baseline 0.0056±0.0750 (z=13.3, confirmed x184) (sev=1.00)
[monitor_node-6] [WARN] [1789951937.071317232] [diagnostic_monitor]: ANOMALY on [planning_node] /planning/path:stale_repeat: Value 1.0000 deviated from baseline 0.0056±0.0750 (z=13.3, confirmed x185) (sev=1.00)
[monitor_node-6] [WARN] [1789951937.271308792] [diagnostic_monitor]: ANOMALY on [planning_node] /planning/path:stale_repeat: Value 1.0000 deviated from baseline 0.0056±0.0750 (z=13.3, confirmed x186) (sev=1.00)
[monitor_node-6] [WARN] [1789951937.470925889] [diagnostic_monitor]: ANOMALY on [planning_node] /planning/path:stale_repeat: Value 1.0000 deviated from baseline 0.0056±0.0750 (z=13.3, confirmed x187) (sev=1.00)
[monitor_node-6] [WARN] [1789951937.566512351] [diagnostic_monitor]: ANOMALY on [localization_node] node_crash: Node localization_node absent from ROS 2 graph (process crash or killed); last seen alive t=1789951899.87, missing for 37.7s (sev=1.00)
[monitor_node-6] [WARN] [1789951937.567241332] [diagnostic_monitor]: ANOMALY on [perception_node] node_crash: Node perception_node absent from ROS 2 graph (process crash or killed); last seen alive t=1789951910.23, missing for 27.3s (sev=1.00)
[monitor_node-6] [WARN] [1789951937.671154979] [diagnostic_monitor]: ANOMALY on [planning_node] /planning/path:stale_repeat: Value 1.0000 deviated from baseline 0.0056±0.0750 (z=13.3, confirmed x188) (sev=1.00)
[monitor_node-6] [WARN] [1789951937.871021158] [diagnostic_monitor]: ANOMALY on [planning_node] /planning/path:stale_repeat: Value 1.0000 deviated from baseline 0.0056±0.0750 (z=13.3, confirmed x189) (sev=1.00)
[monitor_node-6] [WARN] [1789951938.071426722] [diagnostic_monitor]: ANOMALY on [planning_node] /planning/path:stale_repeat: Value 1.0000 deviated from baseline 0.0056±0.0750 (z=13.3, confirmed x190) (sev=1.00)
[monitor_node-6] [WARN] [1789951938.271349994] [diagnostic_monitor]: ANOMALY on [planning_node] /planning/path:stale_repeat: Value 1.0000 deviated from baseline 0.0056±0.0750 (z=13.3, confirmed x191) (sev=1.00)
[monitor_node-6] [WARN] [1789951938.471764587] [diagnostic_monitor]: ANOMALY on [planning_node] /planning/path:stale_repeat: Value 1.0000 deviated from baseline 0.0056±0.0750 (z=13.3, confirmed x192) (sev=1.00)
[monitor_node-6] [WARN] [1789951938.671049940] [diagnostic_monitor]: ANOMALY on [planning_node] /planning/path:stale_repeat: Value 1.0000 deviated from baseline 0.0056±0.0750 (z=13.3, confirmed x193) (sev=1.00)
[monitor_node-6] [WARN] [1789951938.871543308] [diagnostic_monitor]: ANOMALY on [planning_node] /planning/path:stale_repeat: Value 1.0000 deviated from baseline 0.0056±0.0750 (z=13.3, confirmed x194) (sev=1.00)
[monitor_node-6] [WARN] [1789951939.070927279] [diagnostic_monitor]: ANOMALY on [planning_node] /planning/path:stale_repeat: Value 1.0000 deviated from baseline 0.0056±0.0750 (z=13.3, confirmed x195) (sev=1.00)
[monitor_node-6] [WARN] [1789951939.270903264] [diagnostic_monitor]: ANOMALY on [planning_node] /planning/path:stale_repeat: Value 1.0000 deviated from baseline 0.0056±0.0750 (z=13.3, confirmed x196) (sev=1.00)
[monitor_node-6] [WARN] [1789951939.471489209] [diagnostic_monitor]: ANOMALY on [planning_node] /planning/path:stale_repeat: Value 1.0000 deviated from baseline 0.0056±0.0750 (z=13.3, confirmed x197) (sev=1.00)
[monitor_node-6] [WARN] [1789951939.671364225] [diagnostic_monitor]: ANOMALY on [planning_node] /planning/path:stale_repeat: Value 1.0000 deviated from baseline 0.0056±0.0750 (z=13.3, confirmed x198) (sev=1.00)
[monitor_node-6] [WARN] [1789951939.871157459] [diagnostic_monitor]: ANOMALY on [planning_node] /planning/path:stale_repeat: Value 1.0000 deviated from baseline 0.0056±0.0750 (z=13.3, confirmed x199) (sev=1.00)
[monitor_node-6] [WARN] [1789951940.071445652] [diagnostic_monitor]: ANOMALY on [planning_node] /planning/path:stale_repeat: Value 1.0000 deviated from baseline 0.0056±0.0750 (z=13.3, confirmed x200) (sev=1.00)
[monitor_node-6] [WARN] [1789951940.271327510] [diagnostic_monitor]: ANOMALY on [planning_node] /planning/path:stale_repeat: Value 1.0000 deviated from baseline 0.0056±0.0750 (z=13.3, confirmed x201) (sev=1.00)
[monitor_node-6] [WARN] [1789951940.471377694] [diagnostic_monitor]: ANOMALY on [planning_node] /planning/path:stale_repeat: Value 1.0000 deviated from baseline 0.0056±0.0750 (z=13.3, confirmed x202) (sev=1.00)
[monitor_node-6] [WARN] [1789951940.566397907] [diagnostic_monitor]: ANOMALY on [localization_node] node_crash: Node localization_node absent from ROS 2 graph (process crash or killed); last seen alive t=1789951899.87, missing for 40.7s (sev=1.00)
[monitor_node-6] [WARN] [1789951940.566879112] [diagnostic_monitor]: ANOMALY on [perception_node] node_crash: Node perception_node absent from ROS 2 graph (process crash or killed); last seen alive t=1789951910.23, missing for 30.3s (sev=1.00)
[monitor_node-6] [WARN] [1789951940.671209838] [diagnostic_monitor]: ANOMALY on [planning_node] /planning/path:stale_repeat: Value 1.0000 deviated from baseline 0.0056±0.0750 (z=13.3, confirmed x203) (sev=1.00)
[monitor_node-6] [WARN] [1789951940.871268608] [diagnostic_monitor]: ANOMALY on [planning_node] /planning/path:stale_repeat: Value 1.0000 deviated from baseline 0.0056±0.0750 (z=13.3, confirmed x204) (sev=1.00)
[monitor_node-6] [WARN] [1789951941.071351497] [diagnostic_monitor]: ANOMALY on [planning_node] /planning/path:stale_repeat: Value 1.0000 deviated from baseline 0.0056±0.0750 (z=13.3, confirmed x205) (sev=1.00)
[monitor_node-6] [WARN] [1789951941.271301737] [diagnostic_monitor]: ANOMALY on [planning_node] /planning/path:stale_repeat: Value 1.0000 deviated from baseline 0.0056±0.0750 (z=13.3, confirmed x206) (sev=1.00)
[monitor_node-6] [WARN] [1789951941.471388881] [diagnostic_monitor]: ANOMALY on [planning_node] /planning/path:stale_repeat: Value 1.0000 deviated from baseline 0.0056±0.0750 (z=13.3, confirmed x207) (sev=1.00)
[monitor_node-6] [WARN] [1789951941.671352490] [diagnostic_monitor]: ANOMALY on [planning_node] /planning/path:stale_repeat: Value 1.0000 deviated from baseline 0.0056±0.0750 (z=13.3, confirmed x208) (sev=1.00)
[monitor_node-6] [WARN] [1789951941.871433109] [diagnostic_monitor]: ANOMALY on [planning_node] /planning/path:stale_repeat: Value 1.0000 deviated from baseline 0.0056±0.0750 (z=13.3, confirmed x209) (sev=1.00)
[monitor_node-6] [WARN] [1789951942.071292640] [diagnostic_monitor]: ANOMALY on [planning_node] /planning/path:stale_repeat: Value 1.0000 deviated from baseline 0.0056±0.0750 (z=13.3, confirmed x210) (sev=1.00)
[monitor_node-6] [WARN] [1789951942.271385391] [diagnostic_monitor]: ANOMALY on [planning_node] /planning/path:stale_repeat: Value 1.0000 deviated from baseline 0.0056±0.0750 (z=13.3, confirmed x211) (sev=1.00)
[monitor_node-6] [WARN] [1789951942.471095820] [diagnostic_monitor]: ANOMALY on [planning_node] /planning/path:stale_repeat: Value 1.0000 deviated from baseline 0.0056±0.0750 (z=13.3, confirmed x212) (sev=1.00)
[monitor_node-6] [WARN] [1789951942.670863784] [diagnostic_monitor]: ANOMALY on [planning_node] /planning/path:stale_repeat: Value 1.0000 deviated from baseline 0.0056±0.0750 (z=13.3, confirmed x213) (sev=1.00)
[monitor_node-6] [WARN] [1789951942.871480152] [diagnostic_monitor]: ANOMALY on [planning_node] /planning/path:stale_repeat: Value 1.0000 deviated from baseline 0.0056±0.0750 (z=13.3, confirmed x214) (sev=1.00)
[monitor_node-6] [WARN] [1789951943.071366952] [diagnostic_monitor]: ANOMALY on [planning_node] /planning/path:stale_repeat: Value 1.0000 deviated from baseline 0.0056±0.0750 (z=13.3, confirmed x215) (sev=1.00)
[monitor_node-6] [WARN] [1789951943.271347490] [diagnostic_monitor]: ANOMALY on [planning_node] /planning/path:stale_repeat: Value 1.0000 deviated from baseline 0.0056±0.0750 (z=13.3, confirmed x216) (sev=1.00)
[monitor_node-6] [WARN] [1789951943.471061711] [diagnostic_monitor]: ANOMALY on [planning_node] /planning/path:stale_repeat: Value 1.0000 deviated from baseline 0.0056±0.0750 (z=13.3, confirmed x217) (sev=1.00)
[monitor_node-6] [WARN] [1789951943.565812659] [diagnostic_monitor]: ANOMALY on [localization_node] node_crash: Node localization_node absent from ROS 2 graph (process crash or killed); last seen alive t=1789951899.87, missing for 43.7s (sev=1.00)
[monitor_node-6] [WARN] [1789951943.566449995] [diagnostic_monitor]: ANOMALY on [perception_node] node_crash: Node perception_node absent from ROS 2 graph (process crash or killed); last seen alive t=1789951910.23, missing for 33.3s (sev=1.00)
[monitor_node-6] [WARN] [1789951943.671064169] [diagnostic_monitor]: ANOMALY on [planning_node] /planning/path:stale_repeat: Value 1.0000 deviated from baseline 0.0056±0.0750 (z=13.3, confirmed x218) (sev=1.00)
[monitor_node-6] [WARN] [1789951943.871543897] [diagnostic_monitor]: ANOMALY on [planning_node] /planning/path:stale_repeat: Value 1.0000 deviated from baseline 0.0056±0.0750 (z=13.3, confirmed x219) (sev=1.00)
[monitor_node-6] [WARN] [1789951944.070859658] [diagnostic_monitor]: ANOMALY on [planning_node] /planning/path:stale_repeat: Value 1.0000 deviated from baseline 0.0056±0.0750 (z=13.3, confirmed x220) (sev=1.00)
[monitor_node-6] [WARN] [1789951944.271067076] [diagnostic_monitor]: ANOMALY on [planning_node] /planning/path:stale_repeat: Value 1.0000 deviated from baseline 0.0056±0.0750 (z=13.3, confirmed x221) (sev=1.00)
[monitor_node-6] [WARN] [1789951944.471652517] [diagnostic_monitor]: ANOMALY on [planning_node] /planning/path:stale_repeat: Value 1.0000 deviated from baseline 0.0056±0.0750 (z=13.3, confirmed x222) (sev=1.00)
[monitor_node-6] [WARN] [1789951944.671868599] [diagnostic_monitor]: ANOMALY on [planning_node] /planning/path:stale_repeat: Value 1.0000 deviated from baseline 0.0056±0.0750 (z=13.3, confirmed x223) (sev=1.00)
[monitor_node-6] [WARN] [1789951944.871488329] [diagnostic_monitor]: ANOMALY on [planning_node] /planning/path:stale_repeat: Value 1.0000 deviated from baseline 0.0056±0.0750 (z=13.3, confirmed x224) (sev=1.00)
[monitor_node-6] [WARN] [1789951945.071469677] [diagnostic_monitor]: ANOMALY on [planning_node] /planning/path:stale_repeat: Value 1.0000 deviated from baseline 0.0056±0.0750 (z=13.3, confirmed x225) (sev=1.00)
[monitor_node-6] [WARN] [1789951945.271351281] [diagnostic_monitor]: ANOMALY on [planning_node] /planning/path:stale_repeat: Value 1.0000 deviated from baseline 0.0056±0.0750 (z=13.3, confirmed x226) (sev=1.00)
[monitor_node-6] [WARN] [1789951945.471307359] [diagnostic_monitor]: ANOMALY on [planning_node] /planning/path:stale_repeat: Value 1.0000 deviated from baseline 0.0056±0.0750 (z=13.3, confirmed x227) (sev=1.00)
[monitor_node-6] [WARN] [1789951945.671306240] [diagnostic_monitor]: ANOMALY on [planning_node] /planning/path:stale_repeat: Value 1.0000 deviated from baseline 0.0056±0.0750 (z=13.3, confirmed x228) (sev=1.00)
[monitor_node-6] [WARN] [1789951945.903282078] [diagnostic_monitor]: ANOMALY on [planning_node] /planning/path:stale_repeat: Value 1.0000 deviated from baseline 0.0056±0.0750 (z=13.3, confirmed x229) (sev=1.00)
[monitor_node-6] [WARN] [1789951946.071488602] [diagnostic_monitor]: ANOMALY on [planning_node] /planning/path:stale_repeat: Value 1.0000 deviated from baseline 0.0056±0.0750 (z=13.3, confirmed x230) (sev=1.00)
[monitor_node-6] [WARN] [1789951946.271017478] [diagnostic_monitor]: ANOMALY on [planning_node] /planning/path:stale_repeat: Value 1.0000 deviated from baseline 0.0056±0.0750 (z=13.3, confirmed x231) (sev=1.00)
[monitor_node-6] [WARN] [1789951946.471539235] [diagnostic_monitor]: ANOMALY on [planning_node] /planning/path:stale_repeat: Value 1.0000 deviated from baseline 0.0056±0.0750 (z=13.3, confirmed x232) (sev=1.00)
[monitor_node-6] [WARN] [1789951946.565554982] [diagnostic_monitor]: ANOMALY on [localization_node] node_crash: Node localization_node absent from ROS 2 graph (process crash or killed); last seen alive t=1789951899.87, missing for 46.7s (sev=1.00)
[monitor_node-6] [WARN] [1789951946.566065585] [diagnostic_monitor]: ANOMALY on [perception_node] node_crash: Node perception_node absent from ROS 2 graph (process crash or killed); last seen alive t=1789951910.23, missing for 36.3s (sev=1.00)
[monitor_node-6] [WARN] [1789951946.670930283] [diagnostic_monitor]: ANOMALY on [planning_node] /planning/path:stale_repeat: Value 1.0000 deviated from baseline 0.0056±0.0750 (z=13.3, confirmed x233) (sev=1.00)
[monitor_node-6] [WARN] [1789951946.871463137] [diagnostic_monitor]: ANOMALY on [planning_node] /planning/path:stale_repeat: Value 1.0000 deviated from baseline 0.0056±0.0750 (z=13.3, confirmed x234) (sev=1.00)
[monitor_node-6] [WARN] [1789951947.071287724] [diagnostic_monitor]: ANOMALY on [planning_node] /planning/path:stale_repeat: Value 1.0000 deviated from baseline 0.0056±0.0750 (z=13.3, confirmed x235) (sev=1.00)
[monitor_node-6] [WARN] [1789951947.271318635] [diagnostic_monitor]: ANOMALY on [planning_node] /planning/path:stale_repeat: Value 1.0000 deviated from baseline 0.0056±0.0750 (z=13.3, confirmed x236) (sev=1.00)
[monitor_node-6] [WARN] [1789951947.471288288] [diagnostic_monitor]: ANOMALY on [planning_node] /planning/path:stale_repeat: Value 1.0000 deviated from baseline 0.0056±0.0750 (z=13.3, confirmed x237) (sev=1.00)
[monitor_node-6] [WARN] [1789951947.671257053] [diagnostic_monitor]: ANOMALY on [planning_node] /planning/path:stale_repeat: Value 1.0000 deviated from baseline 0.0056±0.0750 (z=13.3, confirmed x238) (sev=1.00)
[monitor_node-6] [WARN] [1789951947.870859535] [diagnostic_monitor]: ANOMALY on [planning_node] /planning/path:stale_repeat: Value 1.0000 deviated from baseline 0.0056±0.0750 (z=13.3, confirmed x239) (sev=1.00)
[monitor_node-6] [WARN] [1789951948.071514446] [diagnostic_monitor]: ANOMALY on [planning_node] /planning/path:stale_repeat: Value 1.0000 deviated from baseline 0.0056±0.0750 (z=13.3, confirmed x240) (sev=1.00)
[monitor_node-6] [WARN] [1789951948.271873743] [diagnostic_monitor]: ANOMALY on [planning_node] /planning/path:stale_repeat: Value 1.0000 deviated from baseline 0.0056±0.0750 (z=13.3, confirmed x241) (sev=1.00)
[monitor_node-6] [WARN] [1789951948.470896638] [diagnostic_monitor]: ANOMALY on [planning_node] /planning/path:stale_repeat: Value 1.0000 deviated from baseline 0.0056±0.0750 (z=13.3, confirmed x242) (sev=1.00)
[monitor_node-6] [WARN] [1789951948.565653507] [diagnostic_monitor]: ANOMALY on [localization_node] node_crash: Node localization_node absent from ROS 2 graph (process crash or killed); last seen alive t=1789951899.87, missing for 48.7s (sev=1.00)
[monitor_node-6] [WARN] [1789951948.566166485] [diagnostic_monitor]: ANOMALY on [perception_node] node_crash: Node perception_node absent from ROS 2 graph (process crash or killed); last seen alive t=1789951910.23, missing for 38.3s (sev=1.00)
[monitor_node-6] [WARN] [1789951948.671197198] [diagnostic_monitor]: ANOMALY on [planning_node] /planning/path:stale_repeat: Value 1.0000 deviated from baseline 0.0056±0.0750 (z=13.3, confirmed x243) (sev=1.00)
[monitor_node-6] [WARN] [1789951948.871128610] [diagnostic_monitor]: ANOMALY on [planning_node] /planning/path:stale_repeat: Value 1.0000 deviated from baseline 0.0056±0.0750 (z=13.3, confirmed x244) (sev=1.00)
[monitor_node-6] [WARN] [1789951949.071139935] [diagnostic_monitor]: ANOMALY on [planning_node] /planning/path:stale_repeat: Value 1.0000 deviated from baseline 0.0056±0.0750 (z=13.3, confirmed x245) (sev=1.00)
[monitor_node-6] [WARN] [1789951949.271155866] [diagnostic_monitor]: ANOMALY on [planning_node] /planning/path:stale_repeat: Value 1.0000 deviated from baseline 0.0056±0.0750 (z=13.3, confirmed x246) (sev=1.00)
[monitor_node-6] [WARN] [1789951949.471205991] [diagnostic_monitor]: ANOMALY on [planning_node] /planning/path:stale_repeat: Value 1.0000 deviated from baseline 0.0056±0.0750 (z=13.3, confirmed x247) (sev=1.00)
[monitor_node-6] [WARN] [1789951949.671410879] [diagnostic_monitor]: ANOMALY on [planning_node] /planning/path:stale_repeat: Value 1.0000 deviated from baseline 0.0056±0.0750 (z=13.3, confirmed x248) (sev=1.00)
[monitor_node-6] [WARN] [1789951949.871077161] [diagnostic_monitor]: ANOMALY on [planning_node] /planning/path:stale_repeat: Value 1.0000 deviated from baseline 0.0056±0.0750 (z=13.3, confirmed x249) (sev=1.00)
[monitor_node-6] [WARN] [1789951950.071014113] [diagnostic_monitor]: ANOMALY on [planning_node] /planning/path:stale_repeat: Value 1.0000 deviated from baseline 0.0056±0.0750 (z=13.3, confirmed x250) (sev=1.00)
[monitor_node-6] [WARN] [1789951950.271239187] [diagnostic_monitor]: ANOMALY on [planning_node] /planning/path:stale_repeat: Value 1.0000 deviated from baseline 0.0056±0.0750 (z=13.3, confirmed x251) (sev=1.00)
[monitor_node-6] [WARN] [1789951950.471307159] [diagnostic_monitor]: ANOMALY on [planning_node] /planning/path:stale_repeat: Value 1.0000 deviated from baseline 0.0056±0.0750 (z=13.3, confirmed x252) (sev=1.00)
[monitor_node-6] [WARN] [1789951950.670846741] [diagnostic_monitor]: ANOMALY on [planning_node] /planning/path:stale_repeat: Value 1.0000 deviated from baseline 0.0056±0.0750 (z=13.3, confirmed x253) (sev=1.00)
[monitor_node-6] [WARN] [1789951950.870812581] [diagnostic_monitor]: ANOMALY on [planning_node] /planning/path:stale_repeat: Value 1.0000 deviated from baseline 0.0056±0.0750 (z=13.3, confirmed x254) (sev=1.00)
[monitor_node-6] [WARN] [1789951951.070755199] [diagnostic_monitor]: ANOMALY on [planning_node] /planning/path:stale_repeat: Value 1.0000 deviated from baseline 0.0056±0.0750 (z=13.3, confirmed x255) (sev=1.00)
[monitor_node-6] [WARN] [1789951951.271528250] [diagnostic_monitor]: ANOMALY on [planning_node] /planning/path:stale_repeat: Value 1.0000 deviated from baseline 0.0056±0.0750 (z=13.3, confirmed x256) (sev=1.00)
[monitor_node-6] [WARN] [1789951951.471111236] [diagnostic_monitor]: ANOMALY on [planning_node] /planning/path:stale_repeat: Value 1.0000 deviated from baseline 0.0056±0.0750 (z=13.3, confirmed x257) (sev=1.00)
[monitor_node-6] [WARN] [1789951951.565442514] [diagnostic_monitor]: ANOMALY on [localization_node] node_crash: Node localization_node absent from ROS 2 graph (process crash or killed); last seen alive t=1789951899.87, missing for 51.7s (sev=1.00)
[monitor_node-6] [WARN] [1789951951.566034128] [diagnostic_monitor]: ANOMALY on [perception_node] node_crash: Node perception_node absent from ROS 2 graph (process crash or killed); last seen alive t=1789951910.23, missing for 41.3s (sev=1.00)
[monitor_node-6] [WARN] [1789951951.671264185] [diagnostic_monitor]: ANOMALY on [planning_node] /planning/path:stale_repeat: Value 1.0000 deviated from baseline 0.0056±0.0750 (z=13.3, confirmed x258) (sev=1.00)
[monitor_node-6] [WARN] [1789951951.871362051] [diagnostic_monitor]: ANOMALY on [planning_node] /planning/path:stale_repeat: Value 1.0000 deviated from baseline 0.0056±0.0750 (z=13.3, confirmed x259) (sev=1.00)
[monitor_node-6] [WARN] [1789951952.071712715] [diagnostic_monitor]: ANOMALY on [planning_node] /planning/path:stale_repeat: Value 1.0000 deviated from baseline 0.0056±0.0750 (z=13.3, confirmed x260) (sev=1.00)
[monitor_node-6] [WARN] [1789951952.271324674] [diagnostic_monitor]: ANOMALY on [planning_node] /planning/path:stale_repeat: Value 1.0000 deviated from baseline 0.0056±0.0750 (z=13.3, confirmed x261) (sev=1.00)
[monitor_node-6] [WARN] [1789951952.471231490] [diagnostic_monitor]: ANOMALY on [planning_node] /planning/path:stale_repeat: Value 1.0000 deviated from baseline 0.0056±0.0750 (z=13.3, confirmed x262) (sev=1.00)
[monitor_node-6] [WARN] [1789951952.671299373] [diagnostic_monitor]: ANOMALY on [planning_node] /planning/path:stale_repeat: Value 1.0000 deviated from baseline 0.0056±0.0750 (z=13.3, confirmed x263) (sev=1.00)
[monitor_node-6] [WARN] [1789951952.871427896] [diagnostic_monitor]: ANOMALY on [planning_node] /planning/path:stale_repeat: Value 1.0000 deviated from baseline 0.0056±0.0750 (z=13.3, confirmed x264) (sev=1.00)
[monitor_node-6] [WARN] [1789951953.071240843] [diagnostic_monitor]: ANOMALY on [planning_node] /planning/path:stale_repeat: Value 1.0000 deviated from baseline 0.0056±0.0750 (z=13.3, confirmed x265) (sev=1.00)
[monitor_node-6] [WARN] [1789951953.271306357] [diagnostic_monitor]: ANOMALY on [planning_node] /planning/path:stale_repeat: Value 1.0000 deviated from baseline 0.0056±0.0750 (z=13.3, confirmed x266) (sev=1.00)
[monitor_node-6] [WARN] [1789951953.471093630] [diagnostic_monitor]: ANOMALY on [planning_node] /planning/path:stale_repeat: Value 1.0000 deviated from baseline 0.0056±0.0750 (z=13.3, confirmed x267) (sev=1.00)
[monitor_node-6] [WARN] [1789951953.565663396] [diagnostic_monitor]: ANOMALY on [localization_node] node_crash: Node localization_node absent from ROS 2 graph (process crash or killed); last seen alive t=1789951899.87, missing for 53.7s (sev=1.00)
[monitor_node-6] [WARN] [1789951953.566215024] [diagnostic_monitor]: ANOMALY on [perception_node] node_crash: Node perception_node absent from ROS 2 graph (process crash or killed); last seen alive t=1789951910.23, missing for 43.3s (sev=1.00)
[monitor_node-6] [WARN] [1789951953.671147871] [diagnostic_monitor]: ANOMALY on [planning_node] /planning/path:stale_repeat: Value 1.0000 deviated from baseline 0.0056±0.0750 (z=13.3, confirmed x268) (sev=1.00)
[monitor_node-6] [WARN] [1789951953.871777891] [diagnostic_monitor]: ANOMALY on [planning_node] /planning/path:stale_repeat: Value 1.0000 deviated from baseline 0.0056±0.0750 (z=13.3, confirmed x269) (sev=1.00)
[monitor_node-6] [WARN] [1789951954.071510589] [diagnostic_monitor]: ANOMALY on [planning_node] /planning/path:stale_repeat: Value 1.0000 deviated from baseline 0.0056±0.0750 (z=13.3, confirmed x270) (sev=1.00)
[monitor_node-6] [WARN] [1789951954.271353937] [diagnostic_monitor]: ANOMALY on [planning_node] /planning/path:stale_repeat: Value 1.0000 deviated from baseline 0.0056±0.0750 (z=13.3, confirmed x271) (sev=1.00)
[monitor_node-6] [WARN] [1789951954.471497027] [diagnostic_monitor]: ANOMALY on [planning_node] /planning/path:stale_repeat: Value 1.0000 deviated from baseline 0.0056±0.0750 (z=13.3, confirmed x272) (sev=1.00)
[monitor_node-6] [WARN] [1789951954.670909848] [diagnostic_monitor]: ANOMALY on [planning_node] /planning/path:stale_repeat: Value 1.0000 deviated from baseline 0.0056±0.0750 (z=13.3, confirmed x273) (sev=1.00)
[monitor_node-6] [WARN] [1789951954.871421384] [diagnostic_monitor]: ANOMALY on [planning_node] /planning/path:stale_repeat: Value 1.0000 deviated from baseline 0.0056±0.0750 (z=13.3, confirmed x274) (sev=1.00)
[monitor_node-6] [WARN] [1789951955.071105662] [diagnostic_monitor]: ANOMALY on [planning_node] /planning/path:stale_repeat: Value 1.0000 deviated from baseline 0.0056±0.0750 (z=13.3, confirmed x275) (sev=1.00)
[monitor_node-6] [WARN] [1789951955.271983881] [diagnostic_monitor]: ANOMALY on [planning_node] /planning/path:stale_repeat: Value 1.0000 deviated from baseline 0.0056±0.0750 (z=13.3, confirmed x276) (sev=1.00)
[monitor_node-6] [WARN] [1789951955.471696275] [diagnostic_monitor]: ANOMALY on [planning_node] /planning/path:stale_repeat: Value 1.0000 deviated from baseline 0.0056±0.0750 (z=13.3, confirmed x277) (sev=1.00)
[monitor_node-6] [WARN] [1789951955.670945700] [diagnostic_monitor]: ANOMALY on [planning_node] /planning/path:stale_repeat: Value 1.0000 deviated from baseline 0.0056±0.0750 (z=13.3, confirmed x278) (sev=1.00)
[monitor_node-6] [WARN] [1789951955.871155865] [diagnostic_monitor]: ANOMALY on [planning_node] /planning/path:stale_repeat: Value 1.0000 deviated from baseline 0.0056±0.0750 (z=13.3, confirmed x279) (sev=1.00)
[monitor_node-6] [WARN] [1789951956.070939060] [diagnostic_monitor]: ANOMALY on [planning_node] /planning/path:stale_repeat: Value 1.0000 deviated from baseline 0.0056±0.0750 (z=13.3, confirmed x280) (sev=1.00)
[monitor_node-6] [WARN] [1789951956.271439250] [diagnostic_monitor]: ANOMALY on [planning_node] /planning/path:stale_repeat: Value 1.0000 deviated from baseline 0.0056±0.0750 (z=13.3, confirmed x281) (sev=1.00)
[monitor_node-6] [WARN] [1789951956.471215249] [diagnostic_monitor]: ANOMALY on [planning_node] /planning/path:stale_repeat: Value 1.0000 deviated from baseline 0.0056±0.0750 (z=13.3, confirmed x282) (sev=1.00)
[monitor_node-6] [WARN] [1789951956.565620605] [diagnostic_monitor]: ANOMALY on [localization_node] node_crash: Node localization_node absent from ROS 2 graph (process crash or killed); last seen alive t=1789951899.87, missing for 56.7s (sev=1.00)
[monitor_node-6] [WARN] [1789951956.566141261] [diagnostic_monitor]: ANOMALY on [perception_node] node_crash: Node perception_node absent from ROS 2 graph (process crash or killed); last seen alive t=1789951910.23, missing for 46.3s (sev=1.00)
[monitor_node-6] [WARN] [1789951956.671281890] [diagnostic_monitor]: ANOMALY on [planning_node] /planning/path:stale_repeat: Value 1.0000 deviated from baseline 0.0056±0.0750 (z=13.3, confirmed x283) (sev=1.00)
[monitor_node-6] [WARN] [1789951956.871258108] [diagnostic_monitor]: ANOMALY on [planning_node] /planning/path:stale_repeat: Value 1.0000 deviated from baseline 0.0056±0.0750 (z=13.3, confirmed x284) (sev=1.00)
[monitor_node-6] [WARN] [1789951957.071060404] [diagnostic_monitor]: ANOMALY on [planning_node] /planning/path:stale_repeat: Value 1.0000 deviated from baseline 0.0056±0.0750 (z=13.3, confirmed x285) (sev=1.00)
[monitor_node-6] [WARN] [1789951957.272173368] [diagnostic_monitor]: ANOMALY on [planning_node] /planning/path:stale_repeat: Value 1.0000 deviated from baseline 0.0056±0.0750 (z=13.3, confirmed x286) (sev=1.00)
[monitor_node-6] [WARN] [1789951957.471663870] [diagnostic_monitor]: ANOMALY on [planning_node] /planning/path:stale_repeat: Value 1.0000 deviated from baseline 0.0056±0.0750 (z=13.3, confirmed x287) (sev=1.00)
[monitor_node-6] [WARN] [1789951957.671597293] [diagnostic_monitor]: ANOMALY on [planning_node] /planning/path:stale_repeat: Value 1.0000 deviated from baseline 0.0056±0.0750 (z=13.3, confirmed x288) (sev=1.00)
[monitor_node-6] [WARN] [1789951957.879422848] [diagnostic_monitor]: ANOMALY on [planning_node] /planning/path:stale_repeat: Value 1.0000 deviated from baseline 0.0056±0.0750 (z=13.3, confirmed x289) (sev=1.00)
[monitor_node-6] [WARN] [1789951958.071216303] [diagnostic_monitor]: ANOMALY on [planning_node] /planning/path:stale_repeat: Value 1.0000 deviated from baseline 0.0056±0.0750 (z=13.3, confirmed x290) (sev=1.00)
[monitor_node-6] [WARN] [1789951958.271311757] [diagnostic_monitor]: ANOMALY on [planning_node] /planning/path:stale_repeat: Value 1.0000 deviated from baseline 0.0056±0.0750 (z=13.3, confirmed x291) (sev=1.00)
[monitor_node-6] [WARN] [1789951958.470958543] [diagnostic_monitor]: ANOMALY on [planning_node] /planning/path:stale_repeat: Value 1.0000 deviated from baseline 0.0056±0.0750 (z=13.3, confirmed x292) (sev=1.00)
[monitor_node-6] [WARN] [1789951958.566647312] [diagnostic_monitor]: ANOMALY on [localization_node] node_crash: Node localization_node absent from ROS 2 graph (process crash or killed); last seen alive t=1789951899.87, missing for 58.7s (sev=1.00)
[monitor_node-6] [WARN] [1789951958.567447488] [diagnostic_monitor]: ANOMALY on [perception_node] node_crash: Node perception_node absent from ROS 2 graph (process crash or killed); last seen alive t=1789951910.23, missing for 48.3s (sev=1.00)
[monitor_node-6] [WARN] [1789951958.671290784] [diagnostic_monitor]: ANOMALY on [planning_node] /planning/path:stale_repeat: Value 1.0000 deviated from baseline 0.0056±0.0750 (z=13.3, confirmed x293) (sev=1.00)
[monitor_node-6] [WARN] [1789951958.871148256] [diagnostic_monitor]: ANOMALY on [planning_node] /planning/path:stale_repeat: Value 1.0000 deviated from baseline 0.0056±0.0750 (z=13.3, confirmed x294) (sev=1.00)
[monitor_node-6] [WARN] [1789951959.071112587] [diagnostic_monitor]: ANOMALY on [planning_node] /planning/path:stale_repeat: Value 1.0000 deviated from baseline 0.0056±0.0750 (z=13.3, confirmed x295) (sev=1.00)
[monitor_node-6] [WARN] [1789951959.271754224] [diagnostic_monitor]: ANOMALY on [planning_node] /planning/path:stale_repeat: Value 1.0000 deviated from baseline 0.0056±0.0750 (z=13.3, confirmed x296) (sev=1.00)
[monitor_node-6] [WARN] [1789951959.470924346] [diagnostic_monitor]: ANOMALY on [planning_node] /planning/path:stale_repeat: Value 1.0000 deviated from baseline 0.0056±0.0750 (z=13.3, confirmed x297) (sev=1.00)
[monitor_node-6] [WARN] [1789951959.671359760] [diagnostic_monitor]: ANOMALY on [planning_node] /planning/path:stale_repeat: Value 1.0000 deviated from baseline 0.0056±0.0750 (z=13.3, confirmed x298) (sev=1.00)
[monitor_node-6] [WARN] [1789951959.872120030] [diagnostic_monitor]: ANOMALY on [planning_node] /planning/path:stale_repeat: Value 1.0000 deviated from baseline 0.0056±0.0750 (z=13.3, confirmed x299) (sev=1.00)
[monitor_node-6] [WARN] [1789951960.070913484] [diagnostic_monitor]: ANOMALY on [planning_node] /planning/path:stale_repeat: Value 1.0000 deviated from baseline 0.0056±0.0750 (z=13.3, confirmed x300) (sev=1.00)
[monitor_node-6] [WARN] [1789951960.271084208] [diagnostic_monitor]: ANOMALY on [planning_node] /planning/path:stale_repeat: Value 1.0000 deviated from baseline 0.0056±0.0750 (z=13.3, confirmed x301) (sev=1.00)
[monitor_node-6] [WARN] [1789951960.470805385] [diagnostic_monitor]: ANOMALY on [planning_node] /planning/path:stale_repeat: Value 1.0000 deviated from baseline 0.0056±0.0750 (z=13.3, confirmed x302) (sev=1.00)
[monitor_node-6] [WARN] [1789951960.672052401] [diagnostic_monitor]: ANOMALY on [planning_node] /planning/path:stale_repeat: Value 1.0000 deviated from baseline 0.0056±0.0750 (z=13.3, confirmed x303) (sev=1.00)
[monitor_node-6] [WARN] [1789951960.871261163] [diagnostic_monitor]: ANOMALY on [planning_node] /planning/path:stale_repeat: Value 1.0000 deviated from baseline 0.0056±0.0750 (z=13.3, confirmed x304) (sev=1.00)
[monitor_node-6] [WARN] [1789951961.071494762] [diagnostic_monitor]: ANOMALY on [planning_node] /planning/path:stale_repeat: Value 1.0000 deviated from baseline 0.0056±0.0750 (z=13.3, confirmed x305) (sev=1.00)
[monitor_node-6] [WARN] [1789951961.271030835] [diagnostic_monitor]: ANOMALY on [planning_node] /planning/path:stale_repeat: Value 1.0000 deviated from baseline 0.0056±0.0750 (z=13.3, confirmed x306) (sev=1.00)
[monitor_node-6] [WARN] [1789951961.471034302] [diagnostic_monitor]: ANOMALY on [planning_node] /planning/path:stale_repeat: Value 1.0000 deviated from baseline 0.0056±0.0750 (z=13.3, confirmed x307) (sev=1.00)
[monitor_node-6] [WARN] [1789951961.565715052] [diagnostic_monitor]: ANOMALY on [localization_node] node_crash: Node localization_node absent from ROS 2 graph (process crash or killed); last seen alive t=1789951899.87, missing for 61.7s (sev=1.00)
[monitor_node-6] [WARN] [1789951961.566227915] [diagnostic_monitor]: ANOMALY on [perception_node] node_crash: Node perception_node absent from ROS 2 graph (process crash or killed); last seen alive t=1789951910.23, missing for 51.3s (sev=1.00)
[monitor_node-6] [WARN] [1789951961.670839926] [diagnostic_monitor]: ANOMALY on [planning_node] /planning/path:stale_repeat: Value 1.0000 deviated from baseline 0.0056±0.0750 (z=13.3, confirmed x308) (sev=1.00)
[monitor_node-6] [WARN] [1789951961.870971944] [diagnostic_monitor]: ANOMALY on [planning_node] /planning/path:stale_repeat: Value 1.0000 deviated from baseline 0.0056±0.0750 (z=13.3, confirmed x309) (sev=1.00)
[monitor_node-6] [WARN] [1789951962.071486447] [diagnostic_monitor]: ANOMALY on [planning_node] /planning/path:stale_repeat: Value 1.0000 deviated from baseline 0.0056±0.0750 (z=13.3, confirmed x310) (sev=1.00)
[monitor_node-6] [WARN] [1789951962.271243128] [diagnostic_monitor]: ANOMALY on [planning_node] /planning/path:stale_repeat: Value 1.0000 deviated from baseline 0.0056±0.0750 (z=13.3, confirmed x311) (sev=1.00)
[monitor_node-6] [WARN] [1789951962.471339586] [diagnostic_monitor]: ANOMALY on [planning_node] /planning/path:stale_repeat: Value 1.0000 deviated from baseline 0.0056±0.0750 (z=13.3, confirmed x312) (sev=1.00)
[monitor_node-6] [WARN] [1789951962.671610620] [diagnostic_monitor]: ANOMALY on [planning_node] /planning/path:stale_repeat: Value 1.0000 deviated from baseline 0.0056±0.0750 (z=13.3, confirmed x313) (sev=1.00)
[monitor_node-6] [WARN] [1789951962.871326192] [diagnostic_monitor]: ANOMALY on [planning_node] /planning/path:stale_repeat: Value 1.0000 deviated from baseline 0.0056±0.0750 (z=13.3, confirmed x314) (sev=1.00)
[monitor_node-6] [WARN] [1789951963.071464448] [diagnostic_monitor]: ANOMALY on [planning_node] /planning/path:stale_repeat: Value 1.0000 deviated from baseline 0.0056±0.0750 (z=13.3, confirmed x315) (sev=1.00)
[monitor_node-6] [WARN] [1789951963.271311639] [diagnostic_monitor]: ANOMALY on [planning_node] /planning/path:stale_repeat: Value 1.0000 deviated from baseline 0.0056±0.0750 (z=13.3, confirmed x316) (sev=1.00)
[monitor_node-6] [WARN] [1789951963.471589516] [diagnostic_monitor]: ANOMALY on [planning_node] /planning/path:stale_repeat: Value 1.0000 deviated from baseline 0.0056±0.0750 (z=13.3, confirmed x317) (sev=1.00)
[monitor_node-6] [WARN] [1789951963.671137259] [diagnostic_monitor]: ANOMALY on [planning_node] /planning/path:stale_repeat: Value 1.0000 deviated from baseline 0.0056±0.0750 (z=13.3, confirmed x318) (sev=1.00)
[monitor_node-6] [WARN] [1789951963.871354101] [diagnostic_monitor]: ANOMALY on [planning_node] /planning/path:stale_repeat: Value 1.0000 deviated from baseline 0.0056±0.0750 (z=13.3, confirmed x319) (sev=1.00)
[monitor_node-6] [WARN] [1789951964.071862214] [diagnostic_monitor]: ANOMALY on [planning_node] /planning/path:stale_repeat: Value 1.0000 deviated from baseline 0.0056±0.0750 (z=13.3, confirmed x320) (sev=1.00)
[monitor_node-6] [WARN] [1789951964.271613227] [diagnostic_monitor]: ANOMALY on [planning_node] /planning/path:stale_repeat: Value 1.0000 deviated from baseline 0.0056±0.0750 (z=13.3, confirmed x321) (sev=1.00)
[monitor_node-6] [WARN] [1789951964.471322329] [diagnostic_monitor]: ANOMALY on [planning_node] /planning/path:stale_repeat: Value 1.0000 deviated from baseline 0.0056±0.0750 (z=13.3, confirmed x322) (sev=1.00)
[monitor_node-6] [WARN] [1789951964.565488312] [diagnostic_monitor]: ANOMALY on [localization_node] node_crash: Node localization_node absent from ROS 2 graph (process crash or killed); last seen alive t=1789951899.87, missing for 64.7s (sev=1.00)
[monitor_node-6] [WARN] [1789951964.566044625] [diagnostic_monitor]: ANOMALY on [perception_node] node_crash: Node perception_node absent from ROS 2 graph (process crash or killed); last seen alive t=1789951910.23, missing for 54.3s (sev=1.00)
[monitor_node-6] [WARN] [1789951964.671044987] [diagnostic_monitor]: ANOMALY on [planning_node] /planning/path:stale_repeat: Value 1.0000 deviated from baseline 0.0056±0.0750 (z=13.3, confirmed x323) (sev=1.00)
[monitor_node-6] [WARN] [1789951964.871301744] [diagnostic_monitor]: ANOMALY on [planning_node] /planning/path:stale_repeat: Value 1.0000 deviated from baseline 0.0056±0.0750 (z=13.3, confirmed x324) (sev=1.00)
[monitor_node-6] [WARN] [1789951965.071642562] [diagnostic_monitor]: ANOMALY on [planning_node] /planning/path:stale_repeat: Value 1.0000 deviated from baseline 0.0056±0.0750 (z=13.3, confirmed x325) (sev=1.00)
[monitor_node-6] [WARN] [1789951965.271567416] [diagnostic_monitor]: ANOMALY on [planning_node] /planning/path:stale_repeat: Value 1.0000 deviated from baseline 0.0056±0.0750 (z=13.3, confirmed x326) (sev=1.00)
[monitor_node-6] [WARN] [1789951965.471046886] [diagnostic_monitor]: ANOMALY on [planning_node] /planning/path:stale_repeat: Value 1.0000 deviated from baseline 0.0056±0.0750 (z=13.3, confirmed x327) (sev=1.00)
[monitor_node-6] [WARN] [1789951965.671660291] [diagnostic_monitor]: ANOMALY on [planning_node] /planning/path:stale_repeat: Value 1.0000 deviated from baseline 0.0056±0.0750 (z=13.3, confirmed x328) (sev=1.00)
[monitor_node-6] [WARN] [1789951965.871634019] [diagnostic_monitor]: ANOMALY on [planning_node] /planning/path:stale_repeat: Value 1.0000 deviated from baseline 0.0056±0.0750 (z=13.3, confirmed x329) (sev=1.00)
[monitor_node-6] [WARN] [1789951966.071221342] [diagnostic_monitor]: ANOMALY on [planning_node] /planning/path:stale_repeat: Value 1.0000 deviated from baseline 0.0056±0.0750 (z=13.3, confirmed x330) (sev=1.00)
[monitor_node-6] [WARN] [1789951966.271743422] [diagnostic_monitor]: ANOMALY on [planning_node] /planning/path:stale_repeat: Value 1.0000 deviated from baseline 0.0056±0.0750 (z=13.3, confirmed x331) (sev=1.00)
[monitor_node-6] [WARN] [1789951966.471337734] [diagnostic_monitor]: ANOMALY on [planning_node] /planning/path:stale_repeat: Value 1.0000 deviated from baseline 0.0056±0.0750 (z=13.3, confirmed x332) (sev=1.00)
[monitor_node-6] [WARN] [1789951966.671365174] [diagnostic_monitor]: ANOMALY on [planning_node] /planning/path:stale_repeat: Value 1.0000 deviated from baseline 0.0056±0.0750 (z=13.3, confirmed x333) (sev=1.00)
[monitor_node-6] [WARN] [1789951966.871365727] [diagnostic_monitor]: ANOMALY on [planning_node] /planning/path:stale_repeat: Value 1.0000 deviated from baseline 0.0056±0.0750 (z=13.3, confirmed x334) (sev=1.00)
[monitor_node-6] [WARN] [1789951967.071036869] [diagnostic_monitor]: ANOMALY on [planning_node] /planning/path:stale_repeat: Value 1.0000 deviated from baseline 0.0056±0.0750 (z=13.3, confirmed x335) (sev=1.00)
[monitor_node-6] [WARN] [1789951967.270969105] [diagnostic_monitor]: ANOMALY on [planning_node] /planning/path:stale_repeat: Value 1.0000 deviated from baseline 0.0056±0.0750 (z=13.3, confirmed x336) (sev=1.00)
[monitor_node-6] [WARN] [1789951967.471186926] [diagnostic_monitor]: ANOMALY on [planning_node] /planning/path:stale_repeat: Value 1.0000 deviated from baseline 0.0056±0.0750 (z=13.3, confirmed x337) (sev=1.00)
[monitor_node-6] [WARN] [1789951967.565574025] [diagnostic_monitor]: ANOMALY on [localization_node] node_crash: Node localization_node absent from ROS 2 graph (process crash or killed); last seen alive t=1789951899.87, missing for 67.7s (sev=1.00)
[monitor_node-6] [WARN] [1789951967.566099825] [diagnostic_monitor]: ANOMALY on [perception_node] node_crash: Node perception_node absent from ROS 2 graph (process crash or killed); last seen alive t=1789951910.23, missing for 57.3s (sev=1.00)
[monitor_node-6] [WARN] [1789951967.671829452] [diagnostic_monitor]: ANOMALY on [planning_node] /planning/path:stale_repeat: Value 1.0000 deviated from baseline 0.0056±0.0750 (z=13.3, confirmed x338) (sev=1.00)
[monitor_node-6] [WARN] [1789951967.871220119] [diagnostic_monitor]: ANOMALY on [planning_node] /planning/path:stale_repeat: Value 1.0000 deviated from baseline 0.0056±0.0750 (z=13.3, confirmed x339) (sev=1.00)
[monitor_node-6] [WARN] [1789951968.071421074] [diagnostic_monitor]: ANOMALY on [planning_node] /planning/path:stale_repeat: Value 1.0000 deviated from baseline 0.0056±0.0750 (z=13.3, confirmed x340) (sev=1.00)
[monitor_node-6] [WARN] [1789951968.271193821] [diagnostic_monitor]: ANOMALY on [planning_node] /planning/path:stale_repeat: Value 1.0000 deviated from baseline 0.0056±0.0750 (z=13.3, confirmed x341) (sev=1.00)
[monitor_node-6] [WARN] [1789951968.471135840] [diagnostic_monitor]: ANOMALY on [planning_node] /planning/path:stale_repeat: Value 1.0000 deviated from baseline 0.0056±0.0750 (z=13.3, confirmed x342) (sev=1.00)
[monitor_node-6] [WARN] [1789951968.671242378] [diagnostic_monitor]: ANOMALY on [planning_node] /planning/path:stale_repeat: Value 1.0000 deviated from baseline 0.0056±0.0750 (z=13.3, confirmed x343) (sev=1.00)
[monitor_node-6] [WARN] [1789951968.871943633] [diagnostic_monitor]: ANOMALY on [planning_node] /planning/path:stale_repeat: Value 1.0000 deviated from baseline 0.0056±0.0750 (z=13.3, confirmed x344) (sev=1.00)
[monitor_node-6] [WARN] [1789951969.070755889] [diagnostic_monitor]: ANOMALY on [planning_node] /planning/path:stale_repeat: Value 1.0000 deviated from baseline 0.0056±0.0750 (z=13.3, confirmed x345) (sev=1.00)
[monitor_node-6] [WARN] [1789951969.271081393] [diagnostic_monitor]: ANOMALY on [planning_node] /planning/path:stale_repeat: Value 1.0000 deviated from baseline 0.0056±0.0750 (z=13.3, confirmed x346) (sev=1.00)
[monitor_node-6] [WARN] [1789951969.471075534] [diagnostic_monitor]: ANOMALY on [planning_node] /planning/path:stale_repeat: Value 1.0000 deviated from baseline 0.0056±0.0750 (z=13.3, confirmed x347) (sev=1.00)
[monitor_node-6] [WARN] [1789951969.565693499] [diagnostic_monitor]: ANOMALY on [localization_node] node_crash: Node localization_node absent from ROS 2 graph (process crash or killed); last seen alive t=1789951899.87, missing for 69.7s (sev=1.00)
[monitor_node-6] [WARN] [1789951969.566189984] [diagnostic_monitor]: ANOMALY on [perception_node] node_crash: Node perception_node absent from ROS 2 graph (process crash or killed); last seen alive t=1789951910.23, missing for 59.3s (sev=1.00)
[monitor_node-6] [WARN] [1789951969.671820734] [diagnostic_monitor]: ANOMALY on [planning_node] /planning/path:stale_repeat: Value 1.0000 deviated from baseline 0.0056±0.0750 (z=13.3, confirmed x348) (sev=1.00)
[monitor_node-6] [WARN] [1789951969.871945087] [diagnostic_monitor]: ANOMALY on [planning_node] /planning/path:stale_repeat: Value 1.0000 deviated from baseline 0.0056±0.0750 (z=13.3, confirmed x349) (sev=1.00)
[monitor_node-6] [WARN] [1789951970.072383071] [diagnostic_monitor]: ANOMALY on [planning_node] /planning/path:stale_repeat: Value 1.0000 deviated from baseline 0.0056±0.0750 (z=13.3, confirmed x350) (sev=1.00)
[monitor_node-6] [WARN] [1789951970.271667201] [diagnostic_monitor]: ANOMALY on [planning_node] /planning/path:stale_repeat: Value 1.0000 deviated from baseline 0.0056±0.0750 (z=13.3, confirmed x351) (sev=1.00)
[monitor_node-6] [WARN] [1789951970.471323291] [diagnostic_monitor]: ANOMALY on [planning_node] /planning/path:stale_repeat: Value 1.0000 deviated from baseline 0.0056±0.0750 (z=13.3, confirmed x352) (sev=1.00)
[monitor_node-6] [WARN] [1789951970.671368794] [diagnostic_monitor]: ANOMALY on [planning_node] /planning/path:stale_repeat: Value 1.0000 deviated from baseline 0.0056±0.0750 (z=13.3, confirmed x353) (sev=1.00)
[monitor_node-6] [WARN] [1789951970.871902442] [diagnostic_monitor]: ANOMALY on [planning_node] /planning/path:stale_repeat: Value 1.0000 deviated from baseline 0.0056±0.0750 (z=13.3, confirmed x354) (sev=1.00)
[monitor_node-6] [WARN] [1789951971.071034823] [diagnostic_monitor]: ANOMALY on [planning_node] /planning/path:stale_repeat: Value 1.0000 deviated from baseline 0.0056±0.0750 (z=13.3, confirmed x355) (sev=1.00)
[monitor_node-6] [WARN] [1789951971.271049737] [diagnostic_monitor]: ANOMALY on [planning_node] /planning/path:stale_repeat: Value 1.0000 deviated from baseline 0.0056±0.0750 (z=13.3, confirmed x356) (sev=1.00)
[monitor_node-6] [WARN] [1789951971.471036521] [diagnostic_monitor]: ANOMALY on [planning_node] /planning/path:stale_repeat: Value 1.0000 deviated from baseline 0.0056±0.0750 (z=13.3, confirmed x357) (sev=1.00)
[monitor_node-6] [WARN] [1789951971.670864451] [diagnostic_monitor]: ANOMALY on [planning_node] /planning/path:stale_repeat: Value 1.0000 deviated from baseline 0.0056±0.0750 (z=13.3, confirmed x358) (sev=1.00)
[monitor_node-6] [WARN] [1789951971.871013688] [diagnostic_monitor]: ANOMALY on [planning_node] /planning/path:stale_repeat: Value 1.0000 deviated from baseline 0.0056±0.0750 (z=13.3, confirmed x359) (sev=1.00)
[monitor_node-6] [WARN] [1789951972.071365363] [diagnostic_monitor]: ANOMALY on [planning_node] /planning/path:stale_repeat: Value 1.0000 deviated from baseline 0.0056±0.0750 (z=13.3, confirmed x360) (sev=1.00)
[monitor_node-6] [WARN] [1789951972.271407888] [diagnostic_monitor]: ANOMALY on [planning_node] /planning/path:stale_repeat: Value 1.0000 deviated from baseline 0.0056±0.0750 (z=13.3, confirmed x361) (sev=1.00)
[monitor_node-6] [WARN] [1789951972.470749489] [diagnostic_monitor]: ANOMALY on [planning_node] /planning/path:stale_repeat: Value 1.0000 deviated from baseline 0.0056±0.0750 (z=13.3, confirmed x362) (sev=1.00)
[monitor_node-6] [WARN] [1789951972.565555676] [diagnostic_monitor]: ANOMALY on [localization_node] node_crash: Node localization_node absent from ROS 2 graph (process crash or killed); last seen alive t=1789951899.87, missing for 72.7s (sev=1.00)
[monitor_node-6] [WARN] [1789951972.566091158] [diagnostic_monitor]: ANOMALY on [perception_node] node_crash: Node perception_node absent from ROS 2 graph (process crash or killed); last seen alive t=1789951910.23, missing for 62.3s (sev=1.00)
[monitor_node-6] [WARN] [1789951972.671871504] [diagnostic_monitor]: ANOMALY on [planning_node] /planning/path:stale_repeat: Value 1.0000 deviated from baseline 0.0056±0.0750 (z=13.3, confirmed x363) (sev=1.00)
[monitor_node-6] [WARN] [1789951972.871129079] [diagnostic_monitor]: ANOMALY on [planning_node] /planning/path:stale_repeat: Value 1.0000 deviated from baseline 0.0056±0.0750 (z=13.3, confirmed x364) (sev=1.00)
[monitor_node-6] [WARN] [1789951973.070968589] [diagnostic_monitor]: ANOMALY on [planning_node] /planning/path:stale_repeat: Value 1.0000 deviated from baseline 0.0056±0.0750 (z=13.3, confirmed x365) (sev=1.00)
[monitor_node-6] [WARN] [1789951973.270822721] [diagnostic_monitor]: ANOMALY on [planning_node] /planning/path:stale_repeat: Value 1.0000 deviated from baseline 0.0056±0.0750 (z=13.3, confirmed x366) (sev=1.00)
[monitor_node-6] [WARN] [1789951973.471139290] [diagnostic_monitor]: ANOMALY on [planning_node] /planning/path:stale_repeat: Value 1.0000 deviated from baseline 0.0056±0.0750 (z=13.3, confirmed x367) (sev=1.00)
[monitor_node-6] [WARN] [1789951973.671231015] [diagnostic_monitor]: ANOMALY on [planning_node] /planning/path:stale_repeat: Value 1.0000 deviated from baseline 0.0056±0.0750 (z=13.3, confirmed x368) (sev=1.00)
[monitor_node-6] [WARN] [1789951973.871477069] [diagnostic_monitor]: ANOMALY on [planning_node] /planning/path:stale_repeat: Value 1.0000 deviated from baseline 0.0056±0.0750 (z=13.3, confirmed x369) (sev=1.00)
[monitor_node-6] [WARN] [1789951974.071017170] [diagnostic_monitor]: ANOMALY on [planning_node] /planning/path:stale_repeat: Value 1.0000 deviated from baseline 0.0056±0.0750 (z=13.3, confirmed x370) (sev=1.00)
[monitor_node-6] [WARN] [1789951974.271571699] [diagnostic_monitor]: ANOMALY on [planning_node] /planning/path:stale_repeat: Value 1.0000 deviated from baseline 0.0056±0.0750 (z=13.3, confirmed x371) (sev=1.00)
[monitor_node-6] [WARN] [1789951974.471136915] [diagnostic_monitor]: ANOMALY on [planning_node] /planning/path:stale_repeat: Value 1.0000 deviated from baseline 0.0056±0.0750 (z=13.3, confirmed x372) (sev=1.00)
[monitor_node-6] [WARN] [1789951974.565677631] [diagnostic_monitor]: ANOMALY on [localization_node] node_crash: Node localization_node absent from ROS 2 graph (process crash or killed); last seen alive t=1789951899.87, missing for 74.7s (sev=1.00)
[monitor_node-6] [WARN] [1789951974.566169709] [diagnostic_monitor]: ANOMALY on [perception_node] node_crash: Node perception_node absent from ROS 2 graph (process crash or killed); last seen alive t=1789951910.23, missing for 64.3s (sev=1.00)
[monitor_node-6] [WARN] [1789951974.671692770] [diagnostic_monitor]: ANOMALY on [planning_node] /planning/path:stale_repeat: Value 1.0000 deviated from baseline 0.0056±0.0750 (z=13.3, confirmed x373) (sev=1.00)
[monitor_node-6] [WARN] [1789951974.871356662] [diagnostic_monitor]: ANOMALY on [planning_node] /planning/path:stale_repeat: Value 1.0000 deviated from baseline 0.0056±0.0750 (z=13.3, confirmed x374) (sev=1.00)
[monitor_node-6] [WARN] [1789951975.071099701] [diagnostic_monitor]: ANOMALY on [planning_node] /planning/path:stale_repeat: Value 1.0000 deviated from baseline 0.0056±0.0750 (z=13.3, confirmed x375) (sev=1.00)
[monitor_node-6] [WARN] [1789951975.271560130] [diagnostic_monitor]: ANOMALY on [planning_node] /planning/path:stale_repeat: Value 1.0000 deviated from baseline 0.0056±0.0750 (z=13.3, confirmed x376) (sev=1.00)
[monitor_node-6] [WARN] [1789951975.470947595] [diagnostic_monitor]: ANOMALY on [planning_node] /planning/path:stale_repeat: Value 1.0000 deviated from baseline 0.0056±0.0750 (z=13.3, confirmed x377) (sev=1.00)
[monitor_node-6] [WARN] [1789951975.671310393] [diagnostic_monitor]: ANOMALY on [planning_node] /planning/path:stale_repeat: Value 1.0000 deviated from baseline 0.0056±0.0750 (z=13.3, confirmed x378) (sev=1.00)
[monitor_node-6] [WARN] [1789951975.871007462] [diagnostic_monitor]: ANOMALY on [planning_node] /planning/path:stale_repeat: Value 1.0000 deviated from baseline 0.0056±0.0750 (z=13.3, confirmed x379) (sev=1.00)
[monitor_node-6] [WARN] [1789951976.071038466] [diagnostic_monitor]: ANOMALY on [planning_node] /planning/path:stale_repeat: Value 1.0000 deviated from baseline 0.0056±0.0750 (z=13.3, confirmed x380) (sev=1.00)
[monitor_node-6] [WARN] [1789951976.271527480] [diagnostic_monitor]: ANOMALY on [planning_node] /planning/path:stale_repeat: Value 1.0000 deviated from baseline 0.0056±0.0750 (z=13.3, confirmed x381) (sev=1.00)
[monitor_node-6] [WARN] [1789951976.471341386] [diagnostic_monitor]: ANOMALY on [planning_node] /planning/path:stale_repeat: Value 1.0000 deviated from baseline 0.0056±0.0750 (z=13.3, confirmed x382) (sev=1.00)
[monitor_node-6] [WARN] [1789951976.565785938] [diagnostic_monitor]: ANOMALY on [localization_node] node_crash: Node localization_node absent from ROS 2 graph (process crash or killed); last seen alive t=1789951899.87, missing for 76.7s (sev=1.00)
[monitor_node-6] [WARN] [1789951976.566298647] [diagnostic_monitor]: ANOMALY on [perception_node] node_crash: Node perception_node absent from ROS 2 graph (process crash or killed); last seen alive t=1789951910.23, missing for 66.3s (sev=1.00)
[monitor_node-6] [WARN] [1789951976.671170814] [diagnostic_monitor]: ANOMALY on [planning_node] /planning/path:stale_repeat: Value 1.0000 deviated from baseline 0.0056±0.0750 (z=13.3, confirmed x383) (sev=1.00)
[monitor_node-6] [WARN] [1789951976.870826361] [diagnostic_monitor]: ANOMALY on [planning_node] /planning/path:stale_repeat: Value 1.0000 deviated from baseline 0.0056±0.0750 (z=13.3, confirmed x384) (sev=1.00)
[monitor_node-6] [WARN] [1789951977.070900328] [diagnostic_monitor]: ANOMALY on [planning_node] /planning/path:stale_repeat: Value 1.0000 deviated from baseline 0.0056±0.0750 (z=13.3, confirmed x385) (sev=1.00)
[monitor_node-6] [WARN] [1789951977.271050555] [diagnostic_monitor]: ANOMALY on [planning_node] /planning/path:stale_repeat: Value 1.0000 deviated from baseline 0.0056±0.0750 (z=13.3, confirmed x386) (sev=1.00)
[monitor_node-6] [WARN] [1789951977.471484778] [diagnostic_monitor]: ANOMALY on [planning_node] /planning/path:stale_repeat: Value 1.0000 deviated from baseline 0.0056±0.0750 (z=13.3, confirmed x387) (sev=1.00)
[monitor_node-6] [WARN] [1789951977.671330673] [diagnostic_monitor]: ANOMALY on [planning_node] /planning/path:stale_repeat: Value 1.0000 deviated from baseline 0.0056±0.0750 (z=13.3, confirmed x388) (sev=1.00)
[monitor_node-6] [WARN] [1789951977.871324039] [diagnostic_monitor]: ANOMALY on [planning_node] /planning/path:stale_repeat: Value 1.0000 deviated from baseline 0.0056±0.0750 (z=13.3, confirmed x389) (sev=1.00)
[monitor_node-6] [WARN] [1789951978.071304510] [diagnostic_monitor]: ANOMALY on [planning_node] /planning/path:stale_repeat: Value 1.0000 deviated from baseline 0.0056±0.0750 (z=13.3, confirmed x390) (sev=1.00)
[monitor_node-6] [WARN] [1789951978.271633848] [diagnostic_monitor]: ANOMALY on [planning_node] /planning/path:stale_repeat: Value 1.0000 deviated from baseline 0.0056±0.0750 (z=13.3, confirmed x391) (sev=1.00)
[monitor_node-6] [WARN] [1789951978.471053778] [diagnostic_monitor]: ANOMALY on [planning_node] /planning/path:stale_repeat: Value 1.0000 deviated from baseline 0.0056±0.0750 (z=13.3, confirmed x392) (sev=1.00)
[monitor_node-6] [WARN] [1789951978.671860253] [diagnostic_monitor]: ANOMALY on [planning_node] /planning/path:stale_repeat: Value 1.0000 deviated from baseline 0.0056±0.0750 (z=13.3, confirmed x393) (sev=1.00)
[monitor_node-6] [WARN] [1789951978.871262897] [diagnostic_monitor]: ANOMALY on [planning_node] /planning/path:stale_repeat: Value 1.0000 deviated from baseline 0.0056±0.0750 (z=13.3, confirmed x394) (sev=1.00)
[monitor_node-6] [WARN] [1789951979.071936669] [diagnostic_monitor]: ANOMALY on [planning_node] /planning/path:stale_repeat: Value 1.0000 deviated from baseline 0.0056±0.0750 (z=13.3, confirmed x395) (sev=1.00)
[monitor_node-6] [WARN] [1789951979.271667665] [diagnostic_monitor]: ANOMALY on [planning_node] /planning/path:stale_repeat: Value 1.0000 deviated from baseline 0.0056±0.0750 (z=13.3, confirmed x396) (sev=1.00)
[monitor_node-6] [WARN] [1789951979.470898905] [diagnostic_monitor]: ANOMALY on [planning_node] /planning/path:stale_repeat: Value 1.0000 deviated from baseline 0.0056±0.0750 (z=13.3, confirmed x397) (sev=1.00)
[monitor_node-6] [WARN] [1789951979.565515008] [diagnostic_monitor]: ANOMALY on [localization_node] node_crash: Node localization_node absent from ROS 2 graph (process crash or killed); last seen alive t=1789951899.87, missing for 79.7s (sev=1.00)
[monitor_node-6] [WARN] [1789951979.566100973] [diagnostic_monitor]: ANOMALY on [perception_node] node_crash: Node perception_node absent from ROS 2 graph (process crash or killed); last seen alive t=1789951910.23, missing for 69.3s (sev=1.00)
[monitor_node-6] [WARN] [1789951979.670936994] [diagnostic_monitor]: ANOMALY on [planning_node] /planning/path:stale_repeat: Value 1.0000 deviated from baseline 0.0056±0.0750 (z=13.3, confirmed x398) (sev=1.00)
[monitor_node-6] [WARN] [1789951979.871674825] [diagnostic_monitor]: ANOMALY on [planning_node] /planning/path:stale_repeat: Value 1.0000 deviated from baseline 0.0056±0.0750 (z=13.3, confirmed x399) (sev=1.00)
[monitor_node-6] [WARN] [1789951980.072215648] [diagnostic_monitor]: ANOMALY on [planning_node] /planning/path:stale_repeat: Value 1.0000 deviated from baseline 0.0056±0.0750 (z=13.3, confirmed x400) (sev=1.00)
[monitor_node-6] [WARN] [1789951980.271456408] [diagnostic_monitor]: ANOMALY on [planning_node] /planning/path:stale_repeat: Value 1.0000 deviated from baseline 0.0056±0.0750 (z=13.3, confirmed x401) (sev=1.00)
