[INFO] [launch]: All log files can be found below /home/lynx/.ros/log/2026-09-21-00-44-52-178863-WINDOWS-FIRE-10752
[INFO] [launch]: Default logging verbosity is set to INFO
[INFO] [sim_world-1]: process started with pid [10756]
[INFO] [perception_node-2]: process started with pid [10757]
[INFO] [localization_node-3]: process started with pid [10758]
[INFO] [planning_node-4]: process started with pid [10759]
[INFO] [control_node-5]: process started with pid [10760]
[INFO] [monitor_node-6]: process started with pid [10761]
[control_node-5] [INFO] [1789951493.602466072] [control_node]: control_node ready (path -> /cmd_vel)
[planning_node-4] [WARN] [1789951493.603677930] [planning_node]: planning_node: pose source = localization
[planning_node-4] [INFO] [1789951493.604705819] [planning_node]: planning_node ready (pose + obstacles -> /planning/path)
[perception_node-2] [INFO] [1789951493.616353465] [perception_node]: perception_node ready (lidar + camera -> /perception/obstacles)
[monitor_node-6] [INFO] [1789951493.620126943] [diagnostic_monitor]: DiagnosticMonitorNode started. DB: /home/lynx/ros2_rca_ws/events.db, Weights: (wD=0.3, wT=0.3, wS=0.25, wA=0.15), z>3.0 confirmed x2, warmup 4.0s
[localization_node-3] [INFO] [1789951493.627518125] [localization_node]: localization_node ready (odom + imu + landmarks -> /localization/pose)
[sim_world-1] [INFO] [1789951493.789053581] [sim_world]: sensor node started: lidar_node
[sim_world-1] [INFO] [1789951493.810016325] [sim_world]: sensor node started: camera_node
[sim_world-1] [INFO] [1789951493.823921455] [sim_world]: sensor node started: imu_node
[sim_world-1] [INFO] [1789951493.840695643] [sim_world]: sensor node started: odometry_node
[sim_world-1] [INFO] [1789951493.841337977] [sim_world]: sim_world ready (seed=7, obstacles=12)
[monitor_node-6] [INFO] [1789951494.590126213] [diagnostic_monitor]: Discovered graph: nodes=['camera_node', 'control_node', 'imu_node', 'lidar_node', 'localization_node', 'odometry_node', 'perception_node', 'planning_node', 'sim_world'] edges=[camera_node->perception_node, control_node->sim_world, imu_node->localization_node, lidar_node->perception_node, localization_node->planning_node, odometry_node->localization_node, perception_node->localization_node, perception_node->planning_node, planning_node->control_node]
[monitor_node-6] [INFO] [1789951494.637575533] [diagnostic_monitor]: Dynamically subscribed to monitor topic: /cmd_vel [geometry_msgs/msg/TwistStamped]
[monitor_node-6] [INFO] [1789951494.639787941] [diagnostic_monitor]: Dynamically subscribed to monitor topic: /localization/pose [geometry_msgs/msg/PoseWithCovarianceStamped]
[monitor_node-6] [INFO] [1789951494.641812456] [diagnostic_monitor]: Dynamically subscribed to monitor topic: /perception/obstacles [geometry_msgs/msg/PoseArray]
[monitor_node-6] [INFO] [1789951494.662582428] [diagnostic_monitor]: Dynamically subscribed to monitor topic: /planning/path [nav_msgs/msg/Path]
[monitor_node-6] [INFO] [1789951494.725407120] [diagnostic_monitor]: Dynamically subscribed to monitor topic: /sim/camera/image [sensor_msgs/msg/Image]
[monitor_node-6] [INFO] [1789951494.727593388] [diagnostic_monitor]: Dynamically subscribed to monitor topic: /sim/imu/data [sensor_msgs/msg/Imu]
[monitor_node-6] [INFO] [1789951494.729757609] [diagnostic_monitor]: Dynamically subscribed to monitor topic: /sim/lidar/scan [sensor_msgs/msg/LaserScan]
[monitor_node-6] [INFO] [1789951494.731650697] [diagnostic_monitor]: Dynamically subscribed to monitor topic: /sim/odom [nav_msgs/msg/Odometry]
[sim_world-1] [WARN] [1789951534.214389000] [lidar_node]: lidar_node: degradation "noise" param=8 duration=8.0s
[sim_world-1] [WARN] [1789951534.263806808] [lidar_node]: lidar_node: degradation "noise" param=8 duration=8.0s
[sim_world-1] [WARN] [1789951534.314375558] [lidar_node]: lidar_node: degradation "noise" param=8 duration=8.0s
[monitor_node-6] [WARN] [1789951534.382528379] [diagnostic_monitor]: ANOMALY on [lidar_node] /sim/lidar/scan:nan_ratio: Value 0.3222 deviated from baseline 0.0000±0.0001 (z=3222.2, confirmed x2) (sev=1.00)
[monitor_node-6] [WARN] [1789951534.388619124] [diagnostic_monitor]: ANOMALY on [perception_node] /perception/obstacles:obstacle_empty: Value 1.0000 deviated from baseline 0.0000±0.0001 (z=10000.0, confirmed x2) (sev=1.00)
[monitor_node-6] [WARN] [1789951534.482382062] [diagnostic_monitor]: ANOMALY on [lidar_node] /sim/lidar/scan:nan_ratio: Value 0.3222 deviated from baseline 0.0000±0.0001 (z=3222.2, confirmed x3) (sev=1.00)
[monitor_node-6] [WARN] [1789951534.488408940] [diagnostic_monitor]: ANOMALY on [perception_node] /perception/obstacles:obstacle_empty: Value 1.0000 deviated from baseline 0.0000±0.0001 (z=10000.0, confirmed x3) (sev=1.00)
[monitor_node-6] [WARN] [1789951534.582151197] [diagnostic_monitor]: ANOMALY on [lidar_node] /sim/lidar/scan:nan_ratio: Value 0.3556 deviated from baseline 0.0000±0.0001 (z=3555.6, confirmed x4) (sev=1.00)
[monitor_node-6] [WARN] [1789951534.588428159] [diagnostic_monitor]: ANOMALY on [perception_node] /perception/obstacles:obstacle_empty: Value 1.0000 deviated from baseline 0.0000±0.0001 (z=10000.0, confirmed x4) (sev=1.00)
[monitor_node-6] [INFO] [1789951534.591770847] [diagnostic_monitor]: 
[monitor_node-6] ============================================================
[monitor_node-6] ROOT CAUSE DIAGNOSIS: lidar_node (Confidence: 1.000)
[monitor_node-6] ============================================================
[monitor_node-6] Score Breakdown  R(C) = wD*D + wT*T + wS*S + wA*A:
[monitor_node-6]   R(lidar_node) = 0.3·D(1.00) + 0.3·T(1.00) + 0.25·S(1.00) + 0.15·A(1.00) = 1.000
[monitor_node-6]   - Dependency D: 1.00 (reaches 1 downstream anomalous node(s); 0 anomalous upstream node(s))
[monitor_node-6]   - Temporal   T: 1.00 (first anomaly at t=1789951534.28s; earliest in window = supporting evidence, not proof of causality)
[monitor_node-6]   - Symptom    S: 1.00 (explains 2/2 anomalous nodes)
[monitor_node-6]   - Severity   A: 1.00 (max normalised severity on node, 3 direct anomaly event(s))
[monitor_node-6] 
[monitor_node-6] Propagation Chain (evidence-ordered, via discovered graph edges):
[monitor_node-6]   lidar_node (t=1789951534.28s: /sim/lidar/scan:nan_ratio, sev=1.00)
[monitor_node-6]     └─→ perception_node via /sim/lidar/scan (t=1789951534.29s, +0.01s after lidar_node: /perception/obstacles:obstacle_empty)
[monitor_node-6] 
[monitor_node-6] Candidate Ranking & Evidence Comparison:
[monitor_node-6]   #2 perception_node      R=0.575 (Δ -0.425) [first anomaly 0.01s after lidar_node; downstream of lidar_node in discovered graph; lower symptom coverage (50% vs 100%)]
[monitor_node-6]   #3 camera_node          R=0.290 (Δ -0.710) [no direct anomaly observed; does not reach observed symptoms via dependency edges; lower symptom coverage (50% vs 100%)]
[monitor_node-6] ============================================================
[monitor_node-6] [WARN] [1789951534.682452444] [diagnostic_monitor]: ANOMALY on [lidar_node] /sim/lidar/scan:nan_ratio: Value 0.3111 deviated from baseline 0.0000±0.0001 (z=3111.1, confirmed x5) (sev=1.00)
[monitor_node-6] [WARN] [1789951534.688519378] [diagnostic_monitor]: ANOMALY on [perception_node] /perception/obstacles:obstacle_empty: Value 1.0000 deviated from baseline 0.0000±0.0001 (z=10000.0, confirmed x5) (sev=1.00)
[monitor_node-6] [WARN] [1789951534.782151850] [diagnostic_monitor]: ANOMALY on [lidar_node] /sim/lidar/scan:nan_ratio: Value 0.3444 deviated from baseline 0.0000±0.0001 (z=3444.4, confirmed x6) (sev=1.00)
[monitor_node-6] [WARN] [1789951534.788604162] [diagnostic_monitor]: ANOMALY on [perception_node] /perception/obstacles:obstacle_empty: Value 1.0000 deviated from baseline 0.0000±0.0001 (z=10000.0, confirmed x6) (sev=1.00)
[monitor_node-6] [WARN] [1789951534.882693264] [diagnostic_monitor]: ANOMALY on [lidar_node] /sim/lidar/scan:nan_ratio: Value 0.3111 deviated from baseline 0.0000±0.0001 (z=3111.1, confirmed x7) (sev=1.00)
[monitor_node-6] [WARN] [1789951534.888587095] [diagnostic_monitor]: ANOMALY on [perception_node] /perception/obstacles:obstacle_empty: Value 1.0000 deviated from baseline 0.0000±0.0001 (z=10000.0, confirmed x7) (sev=1.00)
[monitor_node-6] [WARN] [1789951534.981770862] [diagnostic_monitor]: ANOMALY on [lidar_node] /sim/lidar/scan:nan_ratio: Value 0.3222 deviated from baseline 0.0000±0.0001 (z=3222.2, confirmed x8) (sev=1.00)
[monitor_node-6] [WARN] [1789951534.988461158] [diagnostic_monitor]: ANOMALY on [perception_node] /perception/obstacles:obstacle_empty: Value 1.0000 deviated from baseline 0.0000±0.0001 (z=10000.0, confirmed x8) (sev=1.00)
[monitor_node-6] [WARN] [1789951535.082349239] [diagnostic_monitor]: ANOMALY on [lidar_node] /sim/lidar/scan:nan_ratio: Value 0.4222 deviated from baseline 0.0000±0.0001 (z=4222.2, confirmed x9) (sev=1.00)
[monitor_node-6] [WARN] [1789951535.088793654] [diagnostic_monitor]: ANOMALY on [perception_node] /perception/obstacles:obstacle_empty: Value 1.0000 deviated from baseline 0.0000±0.0001 (z=10000.0, confirmed x9) (sev=1.00)
[monitor_node-6] [WARN] [1789951535.182226833] [diagnostic_monitor]: ANOMALY on [lidar_node] /sim/lidar/scan:nan_ratio: Value 0.3000 deviated from baseline 0.0000±0.0001 (z=3000.0, confirmed x10) (sev=1.00)
[monitor_node-6] [WARN] [1789951535.282081805] [diagnostic_monitor]: ANOMALY on [lidar_node] /sim/lidar/scan:nan_ratio: Value 0.3000 deviated from baseline 0.0000±0.0001 (z=3000.0, confirmed x11) (sev=1.00)
[monitor_node-6] [WARN] [1789951535.382351966] [diagnostic_monitor]: ANOMALY on [lidar_node] /sim/lidar/scan:nan_ratio: Value 0.3333 deviated from baseline 0.0000±0.0001 (z=3333.3, confirmed x12) (sev=1.00)
[monitor_node-6] [WARN] [1789951535.482360916] [diagnostic_monitor]: ANOMALY on [lidar_node] /sim/lidar/scan:nan_ratio: Value 0.3333 deviated from baseline 0.0000±0.0001 (z=3333.3, confirmed x13) (sev=1.00)
[monitor_node-6] [WARN] [1789951535.488844109] [diagnostic_monitor]: ANOMALY on [perception_node] /perception/obstacles:obstacle_empty: Value 1.0000 deviated from baseline 0.0000±0.0001 (z=10000.0, confirmed x2) (sev=1.00)
[monitor_node-6] [WARN] [1789951535.581845899] [diagnostic_monitor]: ANOMALY on [lidar_node] /sim/lidar/scan:nan_ratio: Value 0.2889 deviated from baseline 0.0000±0.0001 (z=2888.9, confirmed x14) (sev=1.00)
[monitor_node-6] [WARN] [1789951535.682174961] [diagnostic_monitor]: ANOMALY on [lidar_node] /sim/lidar/scan:nan_ratio: Value 0.2889 deviated from baseline 0.0000±0.0001 (z=2888.9, confirmed x15) (sev=1.00)
[monitor_node-6] [WARN] [1789951535.782090989] [diagnostic_monitor]: ANOMALY on [lidar_node] /sim/lidar/scan:nan_ratio: Value 0.3556 deviated from baseline 0.0000±0.0001 (z=3555.6, confirmed x16) (sev=1.00)
[monitor_node-6] [WARN] [1789951535.882226523] [diagnostic_monitor]: ANOMALY on [lidar_node] /sim/lidar/scan:nan_ratio: Value 0.4111 deviated from baseline 0.0000±0.0001 (z=4111.1, confirmed x17) (sev=1.00)
[monitor_node-6] [WARN] [1789951535.888140352] [diagnostic_monitor]: ANOMALY on [perception_node] /perception/obstacles:obstacle_empty: Value 1.0000 deviated from baseline 0.0000±0.0001 (z=10000.0, confirmed x2) (sev=1.00)
[monitor_node-6] [WARN] [1789951535.982501192] [diagnostic_monitor]: ANOMALY on [lidar_node] /sim/lidar/scan:nan_ratio: Value 0.3222 deviated from baseline 0.0000±0.0001 (z=3222.2, confirmed x18) (sev=1.00)
[monitor_node-6] [WARN] [1789951535.988330505] [diagnostic_monitor]: ANOMALY on [perception_node] /perception/obstacles:obstacle_empty: Value 1.0000 deviated from baseline 0.0000±0.0001 (z=10000.0, confirmed x3) (sev=1.00)
[monitor_node-6] [WARN] [1789951536.082329986] [diagnostic_monitor]: ANOMALY on [lidar_node] /sim/lidar/scan:nan_ratio: Value 0.3444 deviated from baseline 0.0000±0.0001 (z=3444.4, confirmed x19) (sev=1.00)
[monitor_node-6] [WARN] [1789951536.088777344] [diagnostic_monitor]: ANOMALY on [perception_node] /perception/obstacles:obstacle_empty: Value 1.0000 deviated from baseline 0.0000±0.0001 (z=10000.0, confirmed x4) (sev=1.00)
[monitor_node-6] [WARN] [1789951536.182021302] [diagnostic_monitor]: ANOMALY on [lidar_node] /sim/lidar/scan:nan_ratio: Value 0.3556 deviated from baseline 0.0000±0.0001 (z=3555.6, confirmed x20) (sev=1.00)
[monitor_node-6] [WARN] [1789951536.188596486] [diagnostic_monitor]: ANOMALY on [perception_node] /perception/obstacles:obstacle_empty: Value 1.0000 deviated from baseline 0.0000±0.0001 (z=10000.0, confirmed x5) (sev=1.00)
[monitor_node-6] [WARN] [1789951536.282622686] [diagnostic_monitor]: ANOMALY on [lidar_node] /sim/lidar/scan:nan_ratio: Value 0.2556 deviated from baseline 0.0000±0.0001 (z=2555.6, confirmed x21) (sev=1.00)
[monitor_node-6] [WARN] [1789951536.382038350] [diagnostic_monitor]: ANOMALY on [lidar_node] /sim/lidar/scan:nan_ratio: Value 0.2444 deviated from baseline 0.0000±0.0001 (z=2444.4, confirmed x22) (sev=1.00)
[monitor_node-6] [WARN] [1789951536.482094451] [diagnostic_monitor]: ANOMALY on [lidar_node] /sim/lidar/scan:nan_ratio: Value 0.3556 deviated from baseline 0.0000±0.0001 (z=3555.6, confirmed x23) (sev=1.00)
[monitor_node-6] [WARN] [1789951536.582714257] [diagnostic_monitor]: ANOMALY on [lidar_node] /sim/lidar/scan:nan_ratio: Value 0.3889 deviated from baseline 0.0000±0.0001 (z=3888.9, confirmed x24) (sev=1.00)
[monitor_node-6] [WARN] [1789951536.589094173] [diagnostic_monitor]: ANOMALY on [perception_node] /perception/obstacles:obstacle_empty: Value 1.0000 deviated from baseline 0.0000±0.0001 (z=10000.0, confirmed x2) (sev=1.00)
[monitor_node-6] [WARN] [1789951536.682640462] [diagnostic_monitor]: ANOMALY on [lidar_node] /sim/lidar/scan:nan_ratio: Value 0.4222 deviated from baseline 0.0000±0.0001 (z=4222.2, confirmed x25) (sev=1.00)
[monitor_node-6] [WARN] [1789951536.688743208] [diagnostic_monitor]: ANOMALY on [perception_node] /perception/obstacles:obstacle_empty: Value 1.0000 deviated from baseline 0.0000±0.0001 (z=10000.0, confirmed x3) (sev=1.00)
[monitor_node-6] [WARN] [1789951536.782251119] [diagnostic_monitor]: ANOMALY on [lidar_node] /sim/lidar/scan:nan_ratio: Value 0.4222 deviated from baseline 0.0000±0.0001 (z=4222.2, confirmed x26) (sev=1.00)
[monitor_node-6] [WARN] [1789951536.788873844] [diagnostic_monitor]: ANOMALY on [perception_node] /perception/obstacles:obstacle_empty: Value 1.0000 deviated from baseline 0.0000±0.0001 (z=10000.0, confirmed x4) (sev=1.00)
[monitor_node-6] [WARN] [1789951536.882115942] [diagnostic_monitor]: ANOMALY on [lidar_node] /sim/lidar/scan:nan_ratio: Value 0.2222 deviated from baseline 0.0000±0.0001 (z=2222.2, confirmed x27) (sev=1.00)
[monitor_node-6] [WARN] [1789951536.982284676] [diagnostic_monitor]: ANOMALY on [lidar_node] /sim/lidar/scan:nan_ratio: Value 0.3333 deviated from baseline 0.0000±0.0001 (z=3333.3, confirmed x28) (sev=1.00)
[monitor_node-6] [WARN] [1789951537.082410107] [diagnostic_monitor]: ANOMALY on [lidar_node] /sim/lidar/scan:nan_ratio: Value 0.3000 deviated from baseline 0.0000±0.0001 (z=3000.0, confirmed x29) (sev=1.00)
[monitor_node-6] [WARN] [1789951537.182275453] [diagnostic_monitor]: ANOMALY on [lidar_node] /sim/lidar/scan:nan_ratio: Value 0.3000 deviated from baseline 0.0000±0.0001 (z=3000.0, confirmed x30) (sev=1.00)
[monitor_node-6] [WARN] [1789951537.282117431] [diagnostic_monitor]: ANOMALY on [lidar_node] /sim/lidar/scan:nan_ratio: Value 0.2222 deviated from baseline 0.0000±0.0001 (z=2222.2, confirmed x31) (sev=1.00)
[monitor_node-6] [WARN] [1789951537.382084499] [diagnostic_monitor]: ANOMALY on [lidar_node] /sim/lidar/scan:nan_ratio: Value 0.2333 deviated from baseline 0.0000±0.0001 (z=2333.3, confirmed x32) (sev=1.00)
[monitor_node-6] [WARN] [1789951537.482151105] [diagnostic_monitor]: ANOMALY on [lidar_node] /sim/lidar/scan:nan_ratio: Value 0.3333 deviated from baseline 0.0000±0.0001 (z=3333.3, confirmed x33) (sev=1.00)
[monitor_node-6] [WARN] [1789951537.582251732] [diagnostic_monitor]: ANOMALY on [lidar_node] /sim/lidar/scan:nan_ratio: Value 0.2556 deviated from baseline 0.0000±0.0001 (z=2555.6, confirmed x34) (sev=1.00)
[monitor_node-6] [WARN] [1789951537.681805390] [diagnostic_monitor]: ANOMALY on [lidar_node] /sim/lidar/scan:nan_ratio: Value 0.3111 deviated from baseline 0.0000±0.0001 (z=3111.1, confirmed x35) (sev=1.00)
[monitor_node-6] [WARN] [1789951537.782280832] [diagnostic_monitor]: ANOMALY on [lidar_node] /sim/lidar/scan:nan_ratio: Value 0.3333 deviated from baseline 0.0000±0.0001 (z=3333.3, confirmed x36) (sev=1.00)
[monitor_node-6] [WARN] [1789951537.788692055] [diagnostic_monitor]: ANOMALY on [perception_node] /perception/obstacles:obstacle_empty: Value 1.0000 deviated from baseline 0.0000±0.0001 (z=10000.0, confirmed x2) (sev=1.00)
[monitor_node-6] [WARN] [1789951537.882225260] [diagnostic_monitor]: ANOMALY on [lidar_node] /sim/lidar/scan:nan_ratio: Value 0.2778 deviated from baseline 0.0000±0.0001 (z=2777.8, confirmed x37) (sev=1.00)
[monitor_node-6] [WARN] [1789951537.982180317] [diagnostic_monitor]: ANOMALY on [lidar_node] /sim/lidar/scan:nan_ratio: Value 0.3111 deviated from baseline 0.0000±0.0001 (z=3111.1, confirmed x38) (sev=1.00)
[monitor_node-6] [WARN] [1789951538.082270803] [diagnostic_monitor]: ANOMALY on [lidar_node] /sim/lidar/scan:nan_ratio: Value 0.3222 deviated from baseline 0.0000±0.0001 (z=3222.2, confirmed x39) (sev=1.00)
[monitor_node-6] [WARN] [1789951538.088264173] [diagnostic_monitor]: ANOMALY on [perception_node] /perception/obstacles:obstacle_empty: Value 1.0000 deviated from baseline 0.0000±0.0001 (z=10000.0, confirmed x2) (sev=1.00)
[monitor_node-6] [WARN] [1789951538.181992034] [diagnostic_monitor]: ANOMALY on [lidar_node] /sim/lidar/scan:nan_ratio: Value 0.2889 deviated from baseline 0.0000±0.0001 (z=2888.9, confirmed x40) (sev=1.00)
[monitor_node-6] [WARN] [1789951538.282306199] [diagnostic_monitor]: ANOMALY on [lidar_node] /sim/lidar/scan:nan_ratio: Value 0.3111 deviated from baseline 0.0000±0.0001 (z=3111.1, confirmed x41) (sev=1.00)
[monitor_node-6] [WARN] [1789951538.382153387] [diagnostic_monitor]: ANOMALY on [lidar_node] /sim/lidar/scan:nan_ratio: Value 0.4111 deviated from baseline 0.0000±0.0001 (z=4111.1, confirmed x42) (sev=1.00)
[monitor_node-6] [WARN] [1789951538.388584831] [diagnostic_monitor]: ANOMALY on [perception_node] /perception/obstacles:obstacle_empty: Value 1.0000 deviated from baseline 0.0000±0.0001 (z=10000.0, confirmed x2) (sev=1.00)
[monitor_node-6] [WARN] [1789951538.481898132] [diagnostic_monitor]: ANOMALY on [lidar_node] /sim/lidar/scan:nan_ratio: Value 0.2556 deviated from baseline 0.0000±0.0001 (z=2555.6, confirmed x43) (sev=1.00)
[monitor_node-6] [WARN] [1789951538.582039588] [diagnostic_monitor]: ANOMALY on [lidar_node] /sim/lidar/scan:nan_ratio: Value 0.2111 deviated from baseline 0.0000±0.0001 (z=2111.1, confirmed x44) (sev=1.00)
[monitor_node-6] [WARN] [1789951538.682167434] [diagnostic_monitor]: ANOMALY on [lidar_node] /sim/lidar/scan:nan_ratio: Value 0.3222 deviated from baseline 0.0000±0.0001 (z=3222.2, confirmed x45) (sev=1.00)
[monitor_node-6] [WARN] [1789951538.782278963] [diagnostic_monitor]: ANOMALY on [lidar_node] /sim/lidar/scan:nan_ratio: Value 0.3000 deviated from baseline 0.0000±0.0001 (z=3000.0, confirmed x46) (sev=1.00)
[monitor_node-6] [WARN] [1789951538.881987855] [diagnostic_monitor]: ANOMALY on [lidar_node] /sim/lidar/scan:nan_ratio: Value 0.3222 deviated from baseline 0.0000±0.0001 (z=3222.2, confirmed x47) (sev=1.00)
[monitor_node-6] [WARN] [1789951538.982184731] [diagnostic_monitor]: ANOMALY on [lidar_node] /sim/lidar/scan:nan_ratio: Value 0.3111 deviated from baseline 0.0000±0.0001 (z=3111.1, confirmed x48) (sev=1.00)
[monitor_node-6] [WARN] [1789951538.988180765] [diagnostic_monitor]: ANOMALY on [perception_node] /perception/obstacles:obstacle_empty: Value 1.0000 deviated from baseline 0.0000±0.0001 (z=10000.0, confirmed x2) (sev=1.00)
[monitor_node-6] [WARN] [1789951539.082346198] [diagnostic_monitor]: ANOMALY on [lidar_node] /sim/lidar/scan:nan_ratio: Value 0.3444 deviated from baseline 0.0000±0.0001 (z=3444.4, confirmed x49) (sev=1.00)
[monitor_node-6] [WARN] [1789951539.088400118] [diagnostic_monitor]: ANOMALY on [perception_node] /perception/obstacles:obstacle_empty: Value 1.0000 deviated from baseline 0.0000±0.0001 (z=10000.0, confirmed x3) (sev=1.00)
[monitor_node-6] [WARN] [1789951539.182606471] [diagnostic_monitor]: ANOMALY on [lidar_node] /sim/lidar/scan:nan_ratio: Value 0.3778 deviated from baseline 0.0000±0.0001 (z=3777.8, confirmed x50) (sev=1.00)
[monitor_node-6] [WARN] [1789951539.188685540] [diagnostic_monitor]: ANOMALY on [perception_node] /perception/obstacles:obstacle_empty: Value 1.0000 deviated from baseline 0.0000±0.0001 (z=10000.0, confirmed x4) (sev=1.00)
[monitor_node-6] [WARN] [1789951539.282282163] [diagnostic_monitor]: ANOMALY on [lidar_node] /sim/lidar/scan:nan_ratio: Value 0.3556 deviated from baseline 0.0000±0.0001 (z=3555.6, confirmed x51) (sev=1.00)
[monitor_node-6] [WARN] [1789951539.288692290] [diagnostic_monitor]: ANOMALY on [perception_node] /perception/obstacles:obstacle_empty: Value 1.0000 deviated from baseline 0.0000±0.0001 (z=10000.0, confirmed x5) (sev=1.00)
[monitor_node-6] [WARN] [1789951539.381929941] [diagnostic_monitor]: ANOMALY on [lidar_node] /sim/lidar/scan:nan_ratio: Value 0.3889 deviated from baseline 0.0000±0.0001 (z=3888.9, confirmed x52) (sev=1.00)
[monitor_node-6] [WARN] [1789951539.388257627] [diagnostic_monitor]: ANOMALY on [perception_node] /perception/obstacles:obstacle_empty: Value 1.0000 deviated from baseline 0.0000±0.0001 (z=10000.0, confirmed x6) (sev=1.00)
[monitor_node-6] [WARN] [1789951539.482082688] [diagnostic_monitor]: ANOMALY on [lidar_node] /sim/lidar/scan:nan_ratio: Value 0.3444 deviated from baseline 0.0000±0.0001 (z=3444.4, confirmed x53) (sev=1.00)
[monitor_node-6] [WARN] [1789951539.488347176] [diagnostic_monitor]: ANOMALY on [perception_node] /perception/obstacles:obstacle_empty: Value 1.0000 deviated from baseline 0.0000±0.0001 (z=10000.0, confirmed x7) (sev=1.00)
[monitor_node-6] [WARN] [1789951539.582343130] [diagnostic_monitor]: ANOMALY on [lidar_node] /sim/lidar/scan:nan_ratio: Value 0.3667 deviated from baseline 0.0000±0.0001 (z=3666.7, confirmed x54) (sev=1.00)
[monitor_node-6] [WARN] [1789951539.588261801] [diagnostic_monitor]: ANOMALY on [perception_node] /perception/obstacles:obstacle_empty: Value 1.0000 deviated from baseline 0.0000±0.0001 (z=10000.0, confirmed x8) (sev=1.00)
[monitor_node-6] [WARN] [1789951539.681849626] [diagnostic_monitor]: ANOMALY on [lidar_node] /sim/lidar/scan:nan_ratio: Value 0.3667 deviated from baseline 0.0000±0.0001 (z=3666.7, confirmed x55) (sev=1.00)
[monitor_node-6] [WARN] [1789951539.688797564] [diagnostic_monitor]: ANOMALY on [perception_node] /perception/obstacles:obstacle_empty: Value 1.0000 deviated from baseline 0.0000±0.0001 (z=10000.0, confirmed x9) (sev=1.00)
[monitor_node-6] [WARN] [1789951539.782146392] [diagnostic_monitor]: ANOMALY on [lidar_node] /sim/lidar/scan:nan_ratio: Value 0.3333 deviated from baseline 0.0000±0.0001 (z=3333.3, confirmed x56) (sev=1.00)
[monitor_node-6] [WARN] [1789951539.788200229] [diagnostic_monitor]: ANOMALY on [perception_node] /perception/obstacles:obstacle_empty: Value 1.0000 deviated from baseline 0.0000±0.0001 (z=10000.0, confirmed x10) (sev=1.00)
[monitor_node-6] [WARN] [1789951539.882325884] [diagnostic_monitor]: ANOMALY on [lidar_node] /sim/lidar/scan:nan_ratio: Value 0.3667 deviated from baseline 0.0000±0.0001 (z=3666.7, confirmed x57) (sev=1.00)
[monitor_node-6] [WARN] [1789951539.888866367] [diagnostic_monitor]: ANOMALY on [perception_node] /perception/obstacles:obstacle_empty: Value 1.0000 deviated from baseline 0.0000±0.0001 (z=10000.0, confirmed x11) (sev=1.00)
[monitor_node-6] [WARN] [1789951539.982278784] [diagnostic_monitor]: ANOMALY on [lidar_node] /sim/lidar/scan:nan_ratio: Value 0.4111 deviated from baseline 0.0000±0.0001 (z=4111.1, confirmed x58) (sev=1.00)
[monitor_node-6] [WARN] [1789951539.988237758] [diagnostic_monitor]: ANOMALY on [perception_node] /perception/obstacles:obstacle_empty: Value 1.0000 deviated from baseline 0.0000±0.0001 (z=10000.0, confirmed x12) (sev=1.00)
[monitor_node-6] [WARN] [1789951540.081986644] [diagnostic_monitor]: ANOMALY on [lidar_node] /sim/lidar/scan:nan_ratio: Value 0.3111 deviated from baseline 0.0000±0.0001 (z=3111.1, confirmed x59) (sev=1.00)
[monitor_node-6] [WARN] [1789951540.088373098] [diagnostic_monitor]: ANOMALY on [perception_node] /perception/obstacles:obstacle_empty: Value 1.0000 deviated from baseline 0.0000±0.0001 (z=10000.0, confirmed x13) (sev=1.00)
[monitor_node-6] [WARN] [1789951540.182163252] [diagnostic_monitor]: ANOMALY on [lidar_node] /sim/lidar/scan:nan_ratio: Value 0.3778 deviated from baseline 0.0000±0.0001 (z=3777.8, confirmed x60) (sev=1.00)
[monitor_node-6] [WARN] [1789951540.188398726] [diagnostic_monitor]: ANOMALY on [perception_node] /perception/obstacles:obstacle_empty: Value 1.0000 deviated from baseline 0.0000±0.0001 (z=10000.0, confirmed x14) (sev=1.00)
[monitor_node-6] [WARN] [1789951540.282725970] [diagnostic_monitor]: ANOMALY on [lidar_node] /sim/lidar/scan:nan_ratio: Value 0.3889 deviated from baseline 0.0000±0.0001 (z=3888.9, confirmed x61) (sev=1.00)
[monitor_node-6] [WARN] [1789951540.288704149] [diagnostic_monitor]: ANOMALY on [perception_node] /perception/obstacles:obstacle_empty: Value 1.0000 deviated from baseline 0.0000±0.0001 (z=10000.0, confirmed x15) (sev=1.00)
[monitor_node-6] [WARN] [1789951540.382130137] [diagnostic_monitor]: ANOMALY on [lidar_node] /sim/lidar/scan:nan_ratio: Value 0.2889 deviated from baseline 0.0000±0.0001 (z=2888.9, confirmed x62) (sev=1.00)
[monitor_node-6] [WARN] [1789951540.482282434] [diagnostic_monitor]: ANOMALY on [lidar_node] /sim/lidar/scan:nan_ratio: Value 0.2778 deviated from baseline 0.0000±0.0001 (z=2777.8, confirmed x63) (sev=1.00)
[monitor_node-6] [WARN] [1789951540.582144949] [diagnostic_monitor]: ANOMALY on [lidar_node] /sim/lidar/scan:nan_ratio: Value 0.3333 deviated from baseline 0.0000±0.0001 (z=3333.3, confirmed x64) (sev=1.00)
[monitor_node-6] [WARN] [1789951540.681904551] [diagnostic_monitor]: ANOMALY on [lidar_node] /sim/lidar/scan:nan_ratio: Value 0.3111 deviated from baseline 0.0000±0.0001 (z=3111.1, confirmed x65) (sev=1.00)
[monitor_node-6] [WARN] [1789951540.688592518] [diagnostic_monitor]: ANOMALY on [perception_node] /perception/obstacles:obstacle_empty: Value 1.0000 deviated from baseline 0.0000±0.0001 (z=10000.0, confirmed x2) (sev=1.00)
[monitor_node-6] [WARN] [1789951540.782397559] [diagnostic_monitor]: ANOMALY on [lidar_node] /sim/lidar/scan:nan_ratio: Value 0.3556 deviated from baseline 0.0000±0.0001 (z=3555.6, confirmed x66) (sev=1.00)
[monitor_node-6] [WARN] [1789951540.788228746] [diagnostic_monitor]: ANOMALY on [perception_node] /perception/obstacles:obstacle_empty: Value 1.0000 deviated from baseline 0.0000±0.0001 (z=10000.0, confirmed x3) (sev=1.00)
[monitor_node-6] [WARN] [1789951540.882355948] [diagnostic_monitor]: ANOMALY on [lidar_node] /sim/lidar/scan:nan_ratio: Value 0.3000 deviated from baseline 0.0000±0.0001 (z=3000.0, confirmed x67) (sev=1.00)
[monitor_node-6] [WARN] [1789951540.982605231] [diagnostic_monitor]: ANOMALY on [lidar_node] /sim/lidar/scan:nan_ratio: Value 0.2889 deviated from baseline 0.0000±0.0001 (z=2888.9, confirmed x68) (sev=1.00)
[monitor_node-6] [WARN] [1789951541.082764704] [diagnostic_monitor]: ANOMALY on [lidar_node] /sim/lidar/scan:nan_ratio: Value 0.3444 deviated from baseline 0.0000±0.0001 (z=3444.4, confirmed x69) (sev=1.00)
[monitor_node-6] [WARN] [1789951541.182978874] [diagnostic_monitor]: ANOMALY on [lidar_node] /sim/lidar/scan:nan_ratio: Value 0.3000 deviated from baseline 0.0000±0.0001 (z=3000.0, confirmed x70) (sev=1.00)
[monitor_node-6] [WARN] [1789951541.282197905] [diagnostic_monitor]: ANOMALY on [lidar_node] /sim/lidar/scan:nan_ratio: Value 0.3333 deviated from baseline 0.0000±0.0001 (z=3333.3, confirmed x71) (sev=1.00)
[monitor_node-6] [WARN] [1789951541.382108940] [diagnostic_monitor]: ANOMALY on [lidar_node] /sim/lidar/scan:nan_ratio: Value 0.3222 deviated from baseline 0.0000±0.0001 (z=3222.2, confirmed x72) (sev=1.00)
[monitor_node-6] [WARN] [1789951541.388419628] [diagnostic_monitor]: ANOMALY on [perception_node] /perception/obstacles:obstacle_empty: Value 1.0000 deviated from baseline 0.0000±0.0001 (z=10000.0, confirmed x2) (sev=1.00)
[monitor_node-6] [WARN] [1789951541.482482267] [diagnostic_monitor]: ANOMALY on [lidar_node] /sim/lidar/scan:nan_ratio: Value 0.3444 deviated from baseline 0.0000±0.0001 (z=3444.4, confirmed x73) (sev=1.00)
[monitor_node-6] [WARN] [1789951541.488526481] [diagnostic_monitor]: ANOMALY on [perception_node] /perception/obstacles:obstacle_empty: Value 1.0000 deviated from baseline 0.0000±0.0001 (z=10000.0, confirmed x3) (sev=1.00)
[monitor_node-6] [WARN] [1789951541.582047905] [diagnostic_monitor]: ANOMALY on [lidar_node] /sim/lidar/scan:nan_ratio: Value 0.3556 deviated from baseline 0.0000±0.0001 (z=3555.6, confirmed x74) (sev=1.00)
[monitor_node-6] [WARN] [1789951541.588717013] [diagnostic_monitor]: ANOMALY on [perception_node] /perception/obstacles:obstacle_empty: Value 1.0000 deviated from baseline 0.0000±0.0001 (z=10000.0, confirmed x4) (sev=1.00)
[monitor_node-6] [WARN] [1789951541.682260775] [diagnostic_monitor]: ANOMALY on [lidar_node] /sim/lidar/scan:nan_ratio: Value 0.4889 deviated from baseline 0.0000±0.0001 (z=4888.9, confirmed x75) (sev=1.00)
[monitor_node-6] [WARN] [1789951541.688378793] [diagnostic_monitor]: ANOMALY on [perception_node] /perception/obstacles:obstacle_empty: Value 1.0000 deviated from baseline 0.0000±0.0001 (z=10000.0, confirmed x5) (sev=1.00)
[monitor_node-6] [WARN] [1789951541.782235647] [diagnostic_monitor]: ANOMALY on [lidar_node] /sim/lidar/scan:nan_ratio: Value 0.3778 deviated from baseline 0.0000±0.0001 (z=3777.8, confirmed x76) (sev=1.00)
[monitor_node-6] [WARN] [1789951541.788447480] [diagnostic_monitor]: ANOMALY on [perception_node] /perception/obstacles:obstacle_empty: Value 1.0000 deviated from baseline 0.0000±0.0001 (z=10000.0, confirmed x6) (sev=1.00)
[monitor_node-6] [WARN] [1789951541.882235800] [diagnostic_monitor]: ANOMALY on [lidar_node] /sim/lidar/scan:nan_ratio: Value 0.2667 deviated from baseline 0.0000±0.0001 (z=2666.7, confirmed x77) (sev=1.00)
[monitor_node-6] [WARN] [1789951541.982453488] [diagnostic_monitor]: ANOMALY on [lidar_node] /sim/lidar/scan:nan_ratio: Value 0.3000 deviated from baseline 0.0000±0.0001 (z=3000.0, confirmed x78) (sev=1.00)
[monitor_node-6] [WARN] [1789951542.081903483] [diagnostic_monitor]: ANOMALY on [lidar_node] /sim/lidar/scan:nan_ratio: Value 0.2222 deviated from baseline 0.0000±0.0001 (z=2222.2, confirmed x79) (sev=1.00)
[monitor_node-6] [WARN] [1789951542.182194581] [diagnostic_monitor]: ANOMALY on [lidar_node] /sim/lidar/scan:nan_ratio: Value 0.2889 deviated from baseline 0.0000±0.0001 (z=2888.9, confirmed x80) (sev=1.00)
[monitor_node-6] [WARN] [1789951542.282590461] [diagnostic_monitor]: ANOMALY on [lidar_node] /sim/lidar/scan:nan_ratio: Value 0.3333 deviated from baseline 0.0000±0.0001 (z=3333.3, confirmed x81) (sev=1.00)
[monitor_node-6] [WARN] [1789951542.382464615] [diagnostic_monitor]: ANOMALY on [lidar_node] /sim/lidar/scan:nan_ratio: Value 0.2667 deviated from baseline 0.0000±0.0001 (z=2666.7, confirmed x82) (sev=1.00)
[monitor_node-6] [WARN] [1789951542.483157581] [diagnostic_monitor]: ANOMALY on [lidar_node] /sim/lidar/scan:nan_ratio: Value 0.3000 deviated from baseline 0.0000±0.0001 (z=3000.0, confirmed x83) (sev=1.00)
[sim_world-1] [INFO] [1789951542.521578021] [lidar_node]: lidar_node: degradation "noise" expired
[sim_world-1] [INFO] [1789951543.290835776] [lidar_node]: lidar_node: faults cleared
[planning_node-4] [INFO] [1789951543.291242275] [planning_node]: planning_node: faults cleared
[localization_node-3] [INFO] [1789951543.291357871] [localization_node]: localization_node: faults cleared
[sim_world-1] [INFO] [1789951543.291725979] [odometry_node]: odometry_node: faults cleared
[control_node-5] [INFO] [1789951543.291755766] [control_node]: control_node: faults cleared
[sim_world-1] [INFO] [1789951543.292372892] [camera_node]: camera_node: faults cleared
[sim_world-1] [INFO] [1789951543.292861325] [imu_node]: imu_node: faults cleared
[planning_node-4] [INFO] [1789951543.340799770] [planning_node]: planning_node: faults cleared
[sim_world-1] [INFO] [1789951543.340884019] [lidar_node]: lidar_node: faults cleared
[localization_node-3] [INFO] [1789951543.341084249] [localization_node]: localization_node: faults cleared
[control_node-5] [INFO] [1789951543.341084190] [control_node]: control_node: faults cleared
[sim_world-1] [INFO] [1789951543.341341664] [odometry_node]: odometry_node: faults cleared
[sim_world-1] [INFO] [1789951543.341699176] [camera_node]: camera_node: faults cleared
[sim_world-1] [INFO] [1789951543.342074823] [imu_node]: imu_node: faults cleared
[localization_node-3] [INFO] [1789951543.391122334] [localization_node]: localization_node: faults cleared
[planning_node-4] [INFO] [1789951543.391410347] [planning_node]: planning_node: faults cleared
[control_node-5] [INFO] [1789951543.391431632] [control_node]: control_node: faults cleared
[sim_world-1] [INFO] [1789951543.391540385] [lidar_node]: lidar_node: faults cleared
[sim_world-1] [INFO] [1789951543.392269465] [odometry_node]: odometry_node: faults cleared
[sim_world-1] [INFO] [1789951543.392919782] [camera_node]: camera_node: faults cleared
[sim_world-1] [INFO] [1789951543.393632351] [imu_node]: imu_node: faults cleared
[monitor_node-6] [INFO] [1789951548.600263920] [diagnostic_monitor]: Anomaly window cleared. System operating nominally.
[sim_world-1] [WARN] [1789951552.089384182] [lidar_node]: lidar_node: degradation "stale" param=1 duration=8.0s
[sim_world-1] [WARN] [1789951552.139324734] [lidar_node]: lidar_node: degradation "stale" param=1 duration=8.0s
[sim_world-1] [WARN] [1789951552.189977476] [lidar_node]: lidar_node: degradation "stale" param=1 duration=8.0s
[monitor_node-6] [WARN] [1789951552.282090551] [diagnostic_monitor]: ANOMALY on [lidar_node] /sim/lidar/scan:stale_repeat: Value 1.0000 deviated from baseline 0.0000±0.0001 (z=10000.0, confirmed x2) (sev=1.00)
[monitor_node-6] [WARN] [1789951552.288455010] [diagnostic_monitor]: ANOMALY on [perception_node] /perception/obstacles:stale_repeat: Value 1.0000 deviated from baseline 0.0000±0.0001 (z=10000.0, confirmed x2) (sev=1.00)
[monitor_node-6] [WARN] [1789951552.382314070] [diagnostic_monitor]: ANOMALY on [lidar_node] /sim/lidar/scan:stale_repeat: Value 1.0000 deviated from baseline 0.0000±0.0001 (z=10000.0, confirmed x3) (sev=1.00)
[monitor_node-6] [WARN] [1789951552.388740708] [diagnostic_monitor]: ANOMALY on [perception_node] /perception/obstacles:stale_repeat: Value 1.0000 deviated from baseline 0.0000±0.0001 (z=10000.0, confirmed x3) (sev=1.00)
[monitor_node-6] [WARN] [1789951552.482103567] [diagnostic_monitor]: ANOMALY on [lidar_node] /sim/lidar/scan:stale_repeat: Value 1.0000 deviated from baseline 0.0000±0.0001 (z=10000.0, confirmed x4) (sev=1.00)
[monitor_node-6] [WARN] [1789951552.488095484] [diagnostic_monitor]: ANOMALY on [perception_node] /perception/obstacles:stale_repeat: Value 1.0000 deviated from baseline 0.0000±0.0001 (z=10000.0, confirmed x4) (sev=1.00)
[monitor_node-6] [WARN] [1789951552.582348691] [diagnostic_monitor]: ANOMALY on [lidar_node] /sim/lidar/scan:stale_repeat: Value 1.0000 deviated from baseline 0.0000±0.0001 (z=10000.0, confirmed x5) (sev=1.00)
[monitor_node-6] [WARN] [1789951552.588907621] [diagnostic_monitor]: ANOMALY on [perception_node] /perception/obstacles:stale_repeat: Value 1.0000 deviated from baseline 0.0000±0.0001 (z=10000.0, confirmed x5) (sev=1.00)
[monitor_node-6] [INFO] [1789951552.592630501] [diagnostic_monitor]: 
[monitor_node-6] ============================================================
[monitor_node-6] ROOT CAUSE DIAGNOSIS: lidar_node (Confidence: 1.000)
[monitor_node-6] ============================================================
[monitor_node-6] Score Breakdown  R(C) = wD*D + wT*T + wS*S + wA*A:
[monitor_node-6]   R(lidar_node) = 0.3·D(1.00) + 0.3·T(1.00) + 0.25·S(1.00) + 0.15·A(1.00) = 1.000
[monitor_node-6]   - Dependency D: 1.00 (reaches 1 downstream anomalous node(s); 0 anomalous upstream node(s))
[monitor_node-6]   - Temporal   T: 1.00 (first anomaly at t=1789951552.18s; earliest in window = supporting evidence, not proof of causality)
[monitor_node-6]   - Symptom    S: 1.00 (explains 2/2 anomalous nodes)
[monitor_node-6]   - Severity   A: 1.00 (max normalised severity on node, 4 direct anomaly event(s))
[monitor_node-6] 
[monitor_node-6] Propagation Chain (evidence-ordered, via discovered graph edges):
[monitor_node-6]   lidar_node (t=1789951552.18s: /sim/lidar/scan:stale_repeat, sev=1.00)
[monitor_node-6]     └─→ perception_node via /sim/lidar/scan (t=1789951552.19s, +0.01s after lidar_node: /perception/obstacles:stale_repeat)
[monitor_node-6] 
[monitor_node-6] Candidate Ranking & Evidence Comparison:
[monitor_node-6]   #2 perception_node      R=0.575 (Δ -0.425) [first anomaly 0.01s after lidar_node; downstream of lidar_node in discovered graph; lower symptom coverage (50% vs 100%)]
[monitor_node-6]   #3 camera_node          R=0.290 (Δ -0.710) [no direct anomaly observed; does not reach observed symptoms via dependency edges; lower symptom coverage (50% vs 100%)]
[monitor_node-6] ============================================================
[monitor_node-6] [WARN] [1789951552.681918231] [diagnostic_monitor]: ANOMALY on [lidar_node] /sim/lidar/scan:stale_repeat: Value 1.0000 deviated from baseline 0.0000±0.0001 (z=10000.0, confirmed x6) (sev=1.00)
[monitor_node-6] [WARN] [1789951552.688525002] [diagnostic_monitor]: ANOMALY on [perception_node] /perception/obstacles:stale_repeat: Value 1.0000 deviated from baseline 0.0000±0.0001 (z=10000.0, confirmed x6) (sev=1.00)
[monitor_node-6] [WARN] [1789951552.782409086] [diagnostic_monitor]: ANOMALY on [lidar_node] /sim/lidar/scan:stale_repeat: Value 1.0000 deviated from baseline 0.0000±0.0001 (z=10000.0, confirmed x7) (sev=1.00)
[monitor_node-6] [WARN] [1789951552.788862834] [diagnostic_monitor]: ANOMALY on [perception_node] /perception/obstacles:stale_repeat: Value 1.0000 deviated from baseline 0.0000±0.0001 (z=10000.0, confirmed x7) (sev=1.00)
[monitor_node-6] [WARN] [1789951552.882322781] [diagnostic_monitor]: ANOMALY on [lidar_node] /sim/lidar/scan:stale_repeat: Value 1.0000 deviated from baseline 0.0000±0.0001 (z=10000.0, confirmed x8) (sev=1.00)
[monitor_node-6] [WARN] [1789951552.888733616] [diagnostic_monitor]: ANOMALY on [perception_node] /perception/obstacles:stale_repeat: Value 1.0000 deviated from baseline 0.0000±0.0001 (z=10000.0, confirmed x8) (sev=1.00)
[monitor_node-6] [WARN] [1789951552.982347069] [diagnostic_monitor]: ANOMALY on [lidar_node] /sim/lidar/scan:stale_repeat: Value 1.0000 deviated from baseline 0.0000±0.0001 (z=10000.0, confirmed x9) (sev=1.00)
[monitor_node-6] [WARN] [1789951552.988351507] [diagnostic_monitor]: ANOMALY on [perception_node] /perception/obstacles:stale_repeat: Value 1.0000 deviated from baseline 0.0000±0.0001 (z=10000.0, confirmed x9) (sev=1.00)
[monitor_node-6] [WARN] [1789951553.082589517] [diagnostic_monitor]: ANOMALY on [lidar_node] /sim/lidar/scan:stale_repeat: Value 1.0000 deviated from baseline 0.0000±0.0001 (z=10000.0, confirmed x10) (sev=1.00)
[monitor_node-6] [WARN] [1789951553.089302603] [diagnostic_monitor]: ANOMALY on [perception_node] /perception/obstacles:stale_repeat: Value 1.0000 deviated from baseline 0.0000±0.0001 (z=10000.0, confirmed x10) (sev=1.00)
[monitor_node-6] [WARN] [1789951553.182039644] [diagnostic_monitor]: ANOMALY on [lidar_node] /sim/lidar/scan:stale_repeat: Value 1.0000 deviated from baseline 0.0000±0.0001 (z=10000.0, confirmed x11) (sev=1.00)
[monitor_node-6] [WARN] [1789951553.188559534] [diagnostic_monitor]: ANOMALY on [perception_node] /perception/obstacles:stale_repeat: Value 1.0000 deviated from baseline 0.0000±0.0001 (z=10000.0, confirmed x11) (sev=1.00)
[monitor_node-6] [WARN] [1789951553.282081705] [diagnostic_monitor]: ANOMALY on [lidar_node] /sim/lidar/scan:stale_repeat: Value 1.0000 deviated from baseline 0.0000±0.0001 (z=10000.0, confirmed x12) (sev=1.00)
[monitor_node-6] [WARN] [1789951553.288896319] [diagnostic_monitor]: ANOMALY on [perception_node] /perception/obstacles:stale_repeat: Value 1.0000 deviated from baseline 0.0000±0.0001 (z=10000.0, confirmed x12) (sev=1.00)
[monitor_node-6] [WARN] [1789951553.382332728] [diagnostic_monitor]: ANOMALY on [lidar_node] /sim/lidar/scan:stale_repeat: Value 1.0000 deviated from baseline 0.0000±0.0001 (z=10000.0, confirmed x13) (sev=1.00)
[monitor_node-6] [WARN] [1789951553.388694952] [diagnostic_monitor]: ANOMALY on [perception_node] /perception/obstacles:stale_repeat: Value 1.0000 deviated from baseline 0.0000±0.0001 (z=10000.0, confirmed x13) (sev=1.00)
[monitor_node-6] [WARN] [1789951553.482365643] [diagnostic_monitor]: ANOMALY on [lidar_node] /sim/lidar/scan:stale_repeat: Value 1.0000 deviated from baseline 0.0000±0.0001 (z=10000.0, confirmed x14) (sev=1.00)
[monitor_node-6] [WARN] [1789951553.488891893] [diagnostic_monitor]: ANOMALY on [perception_node] /perception/obstacles:stale_repeat: Value 1.0000 deviated from baseline 0.0000±0.0001 (z=10000.0, confirmed x14) (sev=1.00)
[monitor_node-6] [WARN] [1789951553.582127591] [diagnostic_monitor]: ANOMALY on [lidar_node] /sim/lidar/scan:stale_repeat: Value 1.0000 deviated from baseline 0.0000±0.0001 (z=10000.0, confirmed x15) (sev=1.00)
[monitor_node-6] [WARN] [1789951553.588811433] [diagnostic_monitor]: ANOMALY on [perception_node] /perception/obstacles:stale_repeat: Value 1.0000 deviated from baseline 0.0000±0.0001 (z=10000.0, confirmed x15) (sev=1.00)
[monitor_node-6] [WARN] [1789951553.682088508] [diagnostic_monitor]: ANOMALY on [lidar_node] /sim/lidar/scan:stale_repeat: Value 1.0000 deviated from baseline 0.0000±0.0001 (z=10000.0, confirmed x16) (sev=1.00)
[monitor_node-6] [WARN] [1789951553.688777460] [diagnostic_monitor]: ANOMALY on [perception_node] /perception/obstacles:stale_repeat: Value 1.0000 deviated from baseline 0.0000±0.0001 (z=10000.0, confirmed x16) (sev=1.00)
[monitor_node-6] [WARN] [1789951553.782152545] [diagnostic_monitor]: ANOMALY on [lidar_node] /sim/lidar/scan:stale_repeat: Value 1.0000 deviated from baseline 0.0000±0.0001 (z=10000.0, confirmed x17) (sev=1.00)
[monitor_node-6] [WARN] [1789951553.788585463] [diagnostic_monitor]: ANOMALY on [perception_node] /perception/obstacles:stale_repeat: Value 1.0000 deviated from baseline 0.0000±0.0001 (z=10000.0, confirmed x17) (sev=1.00)
[monitor_node-6] [WARN] [1789951553.882189898] [diagnostic_monitor]: ANOMALY on [lidar_node] /sim/lidar/scan:stale_repeat: Value 1.0000 deviated from baseline 0.0000±0.0001 (z=10000.0, confirmed x18) (sev=1.00)
[monitor_node-6] [WARN] [1789951553.888480303] [diagnostic_monitor]: ANOMALY on [perception_node] /perception/obstacles:stale_repeat: Value 1.0000 deviated from baseline 0.0000±0.0001 (z=10000.0, confirmed x18) (sev=1.00)
[monitor_node-6] [WARN] [1789951553.982202888] [diagnostic_monitor]: ANOMALY on [lidar_node] /sim/lidar/scan:stale_repeat: Value 1.0000 deviated from baseline 0.0000±0.0001 (z=10000.0, confirmed x19) (sev=1.00)
[monitor_node-6] [WARN] [1789951553.988429379] [diagnostic_monitor]: ANOMALY on [perception_node] /perception/obstacles:stale_repeat: Value 1.0000 deviated from baseline 0.0000±0.0001 (z=10000.0, confirmed x19) (sev=1.00)
[monitor_node-6] [WARN] [1789951554.082206600] [diagnostic_monitor]: ANOMALY on [lidar_node] /sim/lidar/scan:stale_repeat: Value 1.0000 deviated from baseline 0.0000±0.0001 (z=10000.0, confirmed x20) (sev=1.00)
[monitor_node-6] [WARN] [1789951554.088386894] [diagnostic_monitor]: ANOMALY on [perception_node] /perception/obstacles:stale_repeat: Value 1.0000 deviated from baseline 0.0000±0.0001 (z=10000.0, confirmed x20) (sev=1.00)
[monitor_node-6] [WARN] [1789951554.182174953] [diagnostic_monitor]: ANOMALY on [lidar_node] /sim/lidar/scan:stale_repeat: Value 1.0000 deviated from baseline 0.0000±0.0001 (z=10000.0, confirmed x21) (sev=1.00)
[monitor_node-6] [WARN] [1789951554.188299279] [diagnostic_monitor]: ANOMALY on [perception_node] /perception/obstacles:stale_repeat: Value 1.0000 deviated from baseline 0.0000±0.0001 (z=10000.0, confirmed x21) (sev=1.00)
[monitor_node-6] [WARN] [1789951554.282086866] [diagnostic_monitor]: ANOMALY on [lidar_node] /sim/lidar/scan:stale_repeat: Value 1.0000 deviated from baseline 0.0000±0.0001 (z=10000.0, confirmed x22) (sev=1.00)
[monitor_node-6] [WARN] [1789951554.288817320] [diagnostic_monitor]: ANOMALY on [perception_node] /perception/obstacles:stale_repeat: Value 1.0000 deviated from baseline 0.0000±0.0001 (z=10000.0, confirmed x22) (sev=1.00)
[monitor_node-6] [WARN] [1789951554.382307776] [diagnostic_monitor]: ANOMALY on [lidar_node] /sim/lidar/scan:stale_repeat: Value 1.0000 deviated from baseline 0.0000±0.0001 (z=10000.0, confirmed x23) (sev=1.00)
[monitor_node-6] [WARN] [1789951554.388911648] [diagnostic_monitor]: ANOMALY on [perception_node] /perception/obstacles:stale_repeat: Value 1.0000 deviated from baseline 0.0000±0.0001 (z=10000.0, confirmed x23) (sev=1.00)
[monitor_node-6] [WARN] [1789951554.481937209] [diagnostic_monitor]: ANOMALY on [lidar_node] /sim/lidar/scan:stale_repeat: Value 1.0000 deviated from baseline 0.0000±0.0001 (z=10000.0, confirmed x24) (sev=1.00)
[monitor_node-6] [WARN] [1789951554.488403582] [diagnostic_monitor]: ANOMALY on [perception_node] /perception/obstacles:stale_repeat: Value 1.0000 deviated from baseline 0.0000±0.0001 (z=10000.0, confirmed x24) (sev=1.00)
[monitor_node-6] [WARN] [1789951554.582314108] [diagnostic_monitor]: ANOMALY on [lidar_node] /sim/lidar/scan:stale_repeat: Value 1.0000 deviated from baseline 0.0000±0.0001 (z=10000.0, confirmed x25) (sev=1.00)
[monitor_node-6] [WARN] [1789951554.588749246] [diagnostic_monitor]: ANOMALY on [perception_node] /perception/obstacles:stale_repeat: Value 1.0000 deviated from baseline 0.0000±0.0001 (z=10000.0, confirmed x25) (sev=1.00)
[monitor_node-6] [WARN] [1789951554.682388789] [diagnostic_monitor]: ANOMALY on [lidar_node] /sim/lidar/scan:stale_repeat: Value 1.0000 deviated from baseline 0.0000±0.0001 (z=10000.0, confirmed x26) (sev=1.00)
[monitor_node-6] [WARN] [1789951554.688416875] [diagnostic_monitor]: ANOMALY on [perception_node] /perception/obstacles:stale_repeat: Value 1.0000 deviated from baseline 0.0000±0.0001 (z=10000.0, confirmed x26) (sev=1.00)
[monitor_node-6] [WARN] [1789951554.782327042] [diagnostic_monitor]: ANOMALY on [lidar_node] /sim/lidar/scan:stale_repeat: Value 1.0000 deviated from baseline 0.0000±0.0001 (z=10000.0, confirmed x27) (sev=1.00)
[monitor_node-6] [WARN] [1789951554.788877506] [diagnostic_monitor]: ANOMALY on [perception_node] /perception/obstacles:stale_repeat: Value 1.0000 deviated from baseline 0.0000±0.0001 (z=10000.0, confirmed x27) (sev=1.00)
[monitor_node-6] [WARN] [1789951554.881906900] [diagnostic_monitor]: ANOMALY on [lidar_node] /sim/lidar/scan:stale_repeat: Value 1.0000 deviated from baseline 0.0000±0.0001 (z=10000.0, confirmed x28) (sev=1.00)
[monitor_node-6] [WARN] [1789951554.888858159] [diagnostic_monitor]: ANOMALY on [perception_node] /perception/obstacles:stale_repeat: Value 1.0000 deviated from baseline 0.0000±0.0001 (z=10000.0, confirmed x28) (sev=1.00)
[monitor_node-6] [WARN] [1789951554.982280135] [diagnostic_monitor]: ANOMALY on [lidar_node] /sim/lidar/scan:stale_repeat: Value 1.0000 deviated from baseline 0.0000±0.0001 (z=10000.0, confirmed x29) (sev=1.00)
[monitor_node-6] [WARN] [1789951554.988967503] [diagnostic_monitor]: ANOMALY on [perception_node] /perception/obstacles:stale_repeat: Value 1.0000 deviated from baseline 0.0000±0.0001 (z=10000.0, confirmed x29) (sev=1.00)
[monitor_node-6] [WARN] [1789951555.081984935] [diagnostic_monitor]: ANOMALY on [lidar_node] /sim/lidar/scan:stale_repeat: Value 1.0000 deviated from baseline 0.0000±0.0001 (z=10000.0, confirmed x30) (sev=1.00)
[monitor_node-6] [WARN] [1789951555.088424665] [diagnostic_monitor]: ANOMALY on [perception_node] /perception/obstacles:stale_repeat: Value 1.0000 deviated from baseline 0.0000±0.0001 (z=10000.0, confirmed x30) (sev=1.00)
[monitor_node-6] [WARN] [1789951555.182268409] [diagnostic_monitor]: ANOMALY on [lidar_node] /sim/lidar/scan:stale_repeat: Value 1.0000 deviated from baseline 0.0000±0.0001 (z=10000.0, confirmed x31) (sev=1.00)
[monitor_node-6] [WARN] [1789951555.188966031] [diagnostic_monitor]: ANOMALY on [perception_node] /perception/obstacles:stale_repeat: Value 1.0000 deviated from baseline 0.0000±0.0001 (z=10000.0, confirmed x31) (sev=1.00)
[monitor_node-6] [WARN] [1789951555.282334281] [diagnostic_monitor]: ANOMALY on [lidar_node] /sim/lidar/scan:stale_repeat: Value 1.0000 deviated from baseline 0.0000±0.0001 (z=10000.0, confirmed x32) (sev=1.00)
[monitor_node-6] [WARN] [1789951555.289209092] [diagnostic_monitor]: ANOMALY on [perception_node] /perception/obstacles:stale_repeat: Value 1.0000 deviated from baseline 0.0000±0.0001 (z=10000.0, confirmed x32) (sev=1.00)
[monitor_node-6] [WARN] [1789951555.382590287] [diagnostic_monitor]: ANOMALY on [lidar_node] /sim/lidar/scan:stale_repeat: Value 1.0000 deviated from baseline 0.0000±0.0001 (z=10000.0, confirmed x33) (sev=1.00)
[monitor_node-6] [WARN] [1789951555.388784475] [diagnostic_monitor]: ANOMALY on [perception_node] /perception/obstacles:stale_repeat: Value 1.0000 deviated from baseline 0.0000±0.0001 (z=10000.0, confirmed x33) (sev=1.00)
[monitor_node-6] [WARN] [1789951555.481793194] [diagnostic_monitor]: ANOMALY on [lidar_node] /sim/lidar/scan:stale_repeat: Value 1.0000 deviated from baseline 0.0000±0.0001 (z=10000.0, confirmed x34) (sev=1.00)
[monitor_node-6] [WARN] [1789951555.488418436] [diagnostic_monitor]: ANOMALY on [perception_node] /perception/obstacles:stale_repeat: Value 1.0000 deviated from baseline 0.0000±0.0001 (z=10000.0, confirmed x34) (sev=1.00)
[monitor_node-6] [WARN] [1789951555.581879990] [diagnostic_monitor]: ANOMALY on [lidar_node] /sim/lidar/scan:stale_repeat: Value 1.0000 deviated from baseline 0.0000±0.0001 (z=10000.0, confirmed x35) (sev=1.00)
[monitor_node-6] [WARN] [1789951555.588757844] [diagnostic_monitor]: ANOMALY on [perception_node] /perception/obstacles:stale_repeat: Value 1.0000 deviated from baseline 0.0000±0.0001 (z=10000.0, confirmed x35) (sev=1.00)
[monitor_node-6] [WARN] [1789951555.682336171] [diagnostic_monitor]: ANOMALY on [lidar_node] /sim/lidar/scan:stale_repeat: Value 1.0000 deviated from baseline 0.0000±0.0001 (z=10000.0, confirmed x36) (sev=1.00)
[monitor_node-6] [WARN] [1789951555.688199814] [diagnostic_monitor]: ANOMALY on [perception_node] /perception/obstacles:stale_repeat: Value 1.0000 deviated from baseline 0.0000±0.0001 (z=10000.0, confirmed x36) (sev=1.00)
[monitor_node-6] [WARN] [1789951555.782115735] [diagnostic_monitor]: ANOMALY on [lidar_node] /sim/lidar/scan:stale_repeat: Value 1.0000 deviated from baseline 0.0000±0.0001 (z=10000.0, confirmed x37) (sev=1.00)
[monitor_node-6] [WARN] [1789951555.788606526] [diagnostic_monitor]: ANOMALY on [perception_node] /perception/obstacles:stale_repeat: Value 1.0000 deviated from baseline 0.0000±0.0001 (z=10000.0, confirmed x37) (sev=1.00)
[monitor_node-6] [WARN] [1789951555.881935097] [diagnostic_monitor]: ANOMALY on [lidar_node] /sim/lidar/scan:stale_repeat: Value 1.0000 deviated from baseline 0.0000±0.0001 (z=10000.0, confirmed x38) (sev=1.00)
[monitor_node-6] [WARN] [1789951555.888518653] [diagnostic_monitor]: ANOMALY on [perception_node] /perception/obstacles:stale_repeat: Value 1.0000 deviated from baseline 0.0000±0.0001 (z=10000.0, confirmed x38) (sev=1.00)
[monitor_node-6] [WARN] [1789951555.982253697] [diagnostic_monitor]: ANOMALY on [lidar_node] /sim/lidar/scan:stale_repeat: Value 1.0000 deviated from baseline 0.0000±0.0001 (z=10000.0, confirmed x39) (sev=1.00)
[monitor_node-6] [WARN] [1789951555.988871780] [diagnostic_monitor]: ANOMALY on [perception_node] /perception/obstacles:stale_repeat: Value 1.0000 deviated from baseline 0.0000±0.0001 (z=10000.0, confirmed x39) (sev=1.00)
[monitor_node-6] [WARN] [1789951556.082249730] [diagnostic_monitor]: ANOMALY on [lidar_node] /sim/lidar/scan:stale_repeat: Value 1.0000 deviated from baseline 0.0000±0.0001 (z=10000.0, confirmed x40) (sev=1.00)
[monitor_node-6] [WARN] [1789951556.088777982] [diagnostic_monitor]: ANOMALY on [perception_node] /perception/obstacles:stale_repeat: Value 1.0000 deviated from baseline 0.0000±0.0001 (z=10000.0, confirmed x40) (sev=1.00)
[monitor_node-6] [WARN] [1789951556.182251525] [diagnostic_monitor]: ANOMALY on [lidar_node] /sim/lidar/scan:stale_repeat: Value 1.0000 deviated from baseline 0.0000±0.0001 (z=10000.0, confirmed x41) (sev=1.00)
[monitor_node-6] [WARN] [1789951556.188828323] [diagnostic_monitor]: ANOMALY on [perception_node] /perception/obstacles:stale_repeat: Value 1.0000 deviated from baseline 0.0000±0.0001 (z=10000.0, confirmed x41) (sev=1.00)
[monitor_node-6] [WARN] [1789951556.282254836] [diagnostic_monitor]: ANOMALY on [lidar_node] /sim/lidar/scan:stale_repeat: Value 1.0000 deviated from baseline 0.0000±0.0001 (z=10000.0, confirmed x42) (sev=1.00)
[monitor_node-6] [WARN] [1789951556.288194993] [diagnostic_monitor]: ANOMALY on [perception_node] /perception/obstacles:stale_repeat: Value 1.0000 deviated from baseline 0.0000±0.0001 (z=10000.0, confirmed x42) (sev=1.00)
[monitor_node-6] [WARN] [1789951556.382130872] [diagnostic_monitor]: ANOMALY on [lidar_node] /sim/lidar/scan:stale_repeat: Value 1.0000 deviated from baseline 0.0000±0.0001 (z=10000.0, confirmed x43) (sev=1.00)
[monitor_node-6] [WARN] [1789951556.388524911] [diagnostic_monitor]: ANOMALY on [perception_node] /perception/obstacles:stale_repeat: Value 1.0000 deviated from baseline 0.0000±0.0001 (z=10000.0, confirmed x43) (sev=1.00)
[monitor_node-6] [WARN] [1789951556.482294628] [diagnostic_monitor]: ANOMALY on [lidar_node] /sim/lidar/scan:stale_repeat: Value 1.0000 deviated from baseline 0.0000±0.0001 (z=10000.0, confirmed x44) (sev=1.00)
[monitor_node-6] [WARN] [1789951556.488290047] [diagnostic_monitor]: ANOMALY on [perception_node] /perception/obstacles:stale_repeat: Value 1.0000 deviated from baseline 0.0000±0.0001 (z=10000.0, confirmed x44) (sev=1.00)
[monitor_node-6] [WARN] [1789951556.582281522] [diagnostic_monitor]: ANOMALY on [lidar_node] /sim/lidar/scan:stale_repeat: Value 1.0000 deviated from baseline 0.0000±0.0001 (z=10000.0, confirmed x45) (sev=1.00)
[monitor_node-6] [WARN] [1789951556.588547808] [diagnostic_monitor]: ANOMALY on [perception_node] /perception/obstacles:stale_repeat: Value 1.0000 deviated from baseline 0.0000±0.0001 (z=10000.0, confirmed x45) (sev=1.00)
[monitor_node-6] [WARN] [1789951556.682330382] [diagnostic_monitor]: ANOMALY on [lidar_node] /sim/lidar/scan:stale_repeat: Value 1.0000 deviated from baseline 0.0000±0.0001 (z=10000.0, confirmed x46) (sev=1.00)
[monitor_node-6] [WARN] [1789951556.688650305] [diagnostic_monitor]: ANOMALY on [perception_node] /perception/obstacles:stale_repeat: Value 1.0000 deviated from baseline 0.0000±0.0001 (z=10000.0, confirmed x46) (sev=1.00)
[monitor_node-6] [WARN] [1789951556.781884089] [diagnostic_monitor]: ANOMALY on [lidar_node] /sim/lidar/scan:stale_repeat: Value 1.0000 deviated from baseline 0.0000±0.0001 (z=10000.0, confirmed x47) (sev=1.00)
[monitor_node-6] [WARN] [1789951556.788522784] [diagnostic_monitor]: ANOMALY on [perception_node] /perception/obstacles:stale_repeat: Value 1.0000 deviated from baseline 0.0000±0.0001 (z=10000.0, confirmed x47) (sev=1.00)
[monitor_node-6] [WARN] [1789951556.882122553] [diagnostic_monitor]: ANOMALY on [lidar_node] /sim/lidar/scan:stale_repeat: Value 1.0000 deviated from baseline 0.0000±0.0001 (z=10000.0, confirmed x48) (sev=1.00)
[monitor_node-6] [WARN] [1789951556.888281256] [diagnostic_monitor]: ANOMALY on [perception_node] /perception/obstacles:stale_repeat: Value 1.0000 deviated from baseline 0.0000±0.0001 (z=10000.0, confirmed x48) (sev=1.00)
[monitor_node-6] [WARN] [1789951556.981784598] [diagnostic_monitor]: ANOMALY on [lidar_node] /sim/lidar/scan:stale_repeat: Value 1.0000 deviated from baseline 0.0000±0.0001 (z=10000.0, confirmed x49) (sev=1.00)
[monitor_node-6] [WARN] [1789951556.988249689] [diagnostic_monitor]: ANOMALY on [perception_node] /perception/obstacles:stale_repeat: Value 1.0000 deviated from baseline 0.0000±0.0001 (z=10000.0, confirmed x49) (sev=1.00)
[monitor_node-6] [WARN] [1789951557.082423360] [diagnostic_monitor]: ANOMALY on [lidar_node] /sim/lidar/scan:stale_repeat: Value 1.0000 deviated from baseline 0.0000±0.0001 (z=10000.0, confirmed x50) (sev=1.00)
[monitor_node-6] [WARN] [1789951557.088215483] [diagnostic_monitor]: ANOMALY on [perception_node] /perception/obstacles:stale_repeat: Value 1.0000 deviated from baseline 0.0000±0.0001 (z=10000.0, confirmed x50) (sev=1.00)
[monitor_node-6] [WARN] [1789951557.183617653] [diagnostic_monitor]: ANOMALY on [lidar_node] /sim/lidar/scan:stale_repeat: Value 1.0000 deviated from baseline 0.0000±0.0001 (z=10000.0, confirmed x51) (sev=1.00)
[monitor_node-6] [WARN] [1789951557.188680734] [diagnostic_monitor]: ANOMALY on [perception_node] /perception/obstacles:stale_repeat: Value 1.0000 deviated from baseline 0.0000±0.0001 (z=10000.0, confirmed x51) (sev=1.00)
[monitor_node-6] [WARN] [1789951557.281931543] [diagnostic_monitor]: ANOMALY on [lidar_node] /sim/lidar/scan:stale_repeat: Value 1.0000 deviated from baseline 0.0000±0.0001 (z=10000.0, confirmed x52) (sev=1.00)
[monitor_node-6] [WARN] [1789951557.288101812] [diagnostic_monitor]: ANOMALY on [perception_node] /perception/obstacles:stale_repeat: Value 1.0000 deviated from baseline 0.0000±0.0001 (z=10000.0, confirmed x52) (sev=1.00)
[monitor_node-6] [WARN] [1789951557.382024284] [diagnostic_monitor]: ANOMALY on [lidar_node] /sim/lidar/scan:stale_repeat: Value 1.0000 deviated from baseline 0.0000±0.0001 (z=10000.0, confirmed x53) (sev=1.00)
[monitor_node-6] [WARN] [1789951557.388244187] [diagnostic_monitor]: ANOMALY on [perception_node] /perception/obstacles:stale_repeat: Value 1.0000 deviated from baseline 0.0000±0.0001 (z=10000.0, confirmed x53) (sev=1.00)
[monitor_node-6] [WARN] [1789951557.481981805] [diagnostic_monitor]: ANOMALY on [lidar_node] /sim/lidar/scan:stale_repeat: Value 1.0000 deviated from baseline 0.0000±0.0001 (z=10000.0, confirmed x54) (sev=1.00)
[monitor_node-6] [WARN] [1789951557.488679683] [diagnostic_monitor]: ANOMALY on [perception_node] /perception/obstacles:stale_repeat: Value 1.0000 deviated from baseline 0.0000±0.0001 (z=10000.0, confirmed x54) (sev=1.00)
[monitor_node-6] [WARN] [1789951557.582269173] [diagnostic_monitor]: ANOMALY on [lidar_node] /sim/lidar/scan:stale_repeat: Value 1.0000 deviated from baseline 0.0000±0.0001 (z=10000.0, confirmed x55) (sev=1.00)
[monitor_node-6] [WARN] [1789951557.588231301] [diagnostic_monitor]: ANOMALY on [perception_node] /perception/obstacles:stale_repeat: Value 1.0000 deviated from baseline 0.0000±0.0001 (z=10000.0, confirmed x55) (sev=1.00)
[monitor_node-6] [WARN] [1789951557.682450219] [diagnostic_monitor]: ANOMALY on [lidar_node] /sim/lidar/scan:stale_repeat: Value 1.0000 deviated from baseline 0.0000±0.0001 (z=10000.0, confirmed x56) (sev=1.00)
[monitor_node-6] [WARN] [1789951557.688641511] [diagnostic_monitor]: ANOMALY on [perception_node] /perception/obstacles:stale_repeat: Value 1.0000 deviated from baseline 0.0000±0.0001 (z=10000.0, confirmed x56) (sev=1.00)
[monitor_node-6] [WARN] [1789951557.782337647] [diagnostic_monitor]: ANOMALY on [lidar_node] /sim/lidar/scan:stale_repeat: Value 1.0000 deviated from baseline 0.0000±0.0001 (z=10000.0, confirmed x57) (sev=1.00)
[monitor_node-6] [WARN] [1789951557.788817683] [diagnostic_monitor]: ANOMALY on [perception_node] /perception/obstacles:stale_repeat: Value 1.0000 deviated from baseline 0.0000±0.0001 (z=10000.0, confirmed x57) (sev=1.00)
[monitor_node-6] [WARN] [1789951557.882045728] [diagnostic_monitor]: ANOMALY on [lidar_node] /sim/lidar/scan:stale_repeat: Value 1.0000 deviated from baseline 0.0000±0.0001 (z=10000.0, confirmed x58) (sev=1.00)
[monitor_node-6] [WARN] [1789951557.888772533] [diagnostic_monitor]: ANOMALY on [perception_node] /perception/obstacles:stale_repeat: Value 1.0000 deviated from baseline 0.0000±0.0001 (z=10000.0, confirmed x58) (sev=1.00)
[monitor_node-6] [WARN] [1789951557.982308932] [diagnostic_monitor]: ANOMALY on [lidar_node] /sim/lidar/scan:stale_repeat: Value 1.0000 deviated from baseline 0.0000±0.0001 (z=10000.0, confirmed x59) (sev=1.00)
[monitor_node-6] [WARN] [1789951557.988769133] [diagnostic_monitor]: ANOMALY on [perception_node] /perception/obstacles:stale_repeat: Value 1.0000 deviated from baseline 0.0000±0.0001 (z=10000.0, confirmed x59) (sev=1.00)
[monitor_node-6] [WARN] [1789951558.081973613] [diagnostic_monitor]: ANOMALY on [lidar_node] /sim/lidar/scan:stale_repeat: Value 1.0000 deviated from baseline 0.0000±0.0001 (z=10000.0, confirmed x60) (sev=1.00)
[monitor_node-6] [WARN] [1789951558.088765008] [diagnostic_monitor]: ANOMALY on [perception_node] /perception/obstacles:stale_repeat: Value 1.0000 deviated from baseline 0.0000±0.0001 (z=10000.0, confirmed x60) (sev=1.00)
[monitor_node-6] [WARN] [1789951558.182664520] [diagnostic_monitor]: ANOMALY on [lidar_node] /sim/lidar/scan:stale_repeat: Value 1.0000 deviated from baseline 0.0000±0.0001 (z=10000.0, confirmed x61) (sev=1.00)
[monitor_node-6] [WARN] [1789951558.188567474] [diagnostic_monitor]: ANOMALY on [perception_node] /perception/obstacles:stale_repeat: Value 1.0000 deviated from baseline 0.0000±0.0001 (z=10000.0, confirmed x61) (sev=1.00)
[monitor_node-6] [WARN] [1789951558.282330746] [diagnostic_monitor]: ANOMALY on [lidar_node] /sim/lidar/scan:stale_repeat: Value 1.0000 deviated from baseline 0.0000±0.0001 (z=10000.0, confirmed x62) (sev=1.00)
[monitor_node-6] [WARN] [1789951558.288932220] [diagnostic_monitor]: ANOMALY on [perception_node] /perception/obstacles:stale_repeat: Value 1.0000 deviated from baseline 0.0000±0.0001 (z=10000.0, confirmed x62) (sev=1.00)
[monitor_node-6] [WARN] [1789951558.382140026] [diagnostic_monitor]: ANOMALY on [lidar_node] /sim/lidar/scan:stale_repeat: Value 1.0000 deviated from baseline 0.0000±0.0001 (z=10000.0, confirmed x63) (sev=1.00)
[monitor_node-6] [WARN] [1789951558.388527162] [diagnostic_monitor]: ANOMALY on [perception_node] /perception/obstacles:stale_repeat: Value 1.0000 deviated from baseline 0.0000±0.0001 (z=10000.0, confirmed x63) (sev=1.00)
[monitor_node-6] [WARN] [1789951558.482028019] [diagnostic_monitor]: ANOMALY on [lidar_node] /sim/lidar/scan:stale_repeat: Value 1.0000 deviated from baseline 0.0000±0.0001 (z=10000.0, confirmed x64) (sev=1.00)
[monitor_node-6] [WARN] [1789951558.488790831] [diagnostic_monitor]: ANOMALY on [perception_node] /perception/obstacles:stale_repeat: Value 1.0000 deviated from baseline 0.0000±0.0001 (z=10000.0, confirmed x64) (sev=1.00)
[monitor_node-6] [WARN] [1789951558.582443056] [diagnostic_monitor]: ANOMALY on [lidar_node] /sim/lidar/scan:stale_repeat: Value 1.0000 deviated from baseline 0.0000±0.0001 (z=10000.0, confirmed x65) (sev=1.00)
[monitor_node-6] [WARN] [1789951558.588327335] [diagnostic_monitor]: ANOMALY on [perception_node] /perception/obstacles:stale_repeat: Value 1.0000 deviated from baseline 0.0000±0.0001 (z=10000.0, confirmed x65) (sev=1.00)
[monitor_node-6] [WARN] [1789951558.682074687] [diagnostic_monitor]: ANOMALY on [lidar_node] /sim/lidar/scan:stale_repeat: Value 1.0000 deviated from baseline 0.0000±0.0001 (z=10000.0, confirmed x66) (sev=1.00)
[monitor_node-6] [WARN] [1789951558.688513370] [diagnostic_monitor]: ANOMALY on [perception_node] /perception/obstacles:stale_repeat: Value 1.0000 deviated from baseline 0.0000±0.0001 (z=10000.0, confirmed x66) (sev=1.00)
[monitor_node-6] [WARN] [1789951558.782376746] [diagnostic_monitor]: ANOMALY on [lidar_node] /sim/lidar/scan:stale_repeat: Value 1.0000 deviated from baseline 0.0000±0.0001 (z=10000.0, confirmed x67) (sev=1.00)
[monitor_node-6] [WARN] [1789951558.788606049] [diagnostic_monitor]: ANOMALY on [perception_node] /perception/obstacles:stale_repeat: Value 1.0000 deviated from baseline 0.0000±0.0001 (z=10000.0, confirmed x67) (sev=1.00)
[monitor_node-6] [WARN] [1789951558.883163432] [diagnostic_monitor]: ANOMALY on [lidar_node] /sim/lidar/scan:stale_repeat: Value 1.0000 deviated from baseline 0.0000±0.0001 (z=10000.0, confirmed x68) (sev=1.00)
[monitor_node-6] [WARN] [1789951558.888768912] [diagnostic_monitor]: ANOMALY on [perception_node] /perception/obstacles:stale_repeat: Value 1.0000 deviated from baseline 0.0000±0.0001 (z=10000.0, confirmed x68) (sev=1.00)
[monitor_node-6] [WARN] [1789951558.982167743] [diagnostic_monitor]: ANOMALY on [lidar_node] /sim/lidar/scan:stale_repeat: Value 1.0000 deviated from baseline 0.0000±0.0001 (z=10000.0, confirmed x69) (sev=1.00)
[monitor_node-6] [WARN] [1789951558.988356418] [diagnostic_monitor]: ANOMALY on [perception_node] /perception/obstacles:stale_repeat: Value 1.0000 deviated from baseline 0.0000±0.0001 (z=10000.0, confirmed x69) (sev=1.00)
[monitor_node-6] [WARN] [1789951559.082375542] [diagnostic_monitor]: ANOMALY on [lidar_node] /sim/lidar/scan:stale_repeat: Value 1.0000 deviated from baseline 0.0000±0.0001 (z=10000.0, confirmed x70) (sev=1.00)
[monitor_node-6] [WARN] [1789951559.088688364] [diagnostic_monitor]: ANOMALY on [perception_node] /perception/obstacles:stale_repeat: Value 1.0000 deviated from baseline 0.0000±0.0001 (z=10000.0, confirmed x70) (sev=1.00)
[monitor_node-6] [WARN] [1789951559.181889590] [diagnostic_monitor]: ANOMALY on [lidar_node] /sim/lidar/scan:stale_repeat: Value 1.0000 deviated from baseline 0.0000±0.0001 (z=10000.0, confirmed x71) (sev=1.00)
[monitor_node-6] [WARN] [1789951559.188773216] [diagnostic_monitor]: ANOMALY on [perception_node] /perception/obstacles:stale_repeat: Value 1.0000 deviated from baseline 0.0000±0.0001 (z=10000.0, confirmed x71) (sev=1.00)
[monitor_node-6] [WARN] [1789951559.282088697] [diagnostic_monitor]: ANOMALY on [lidar_node] /sim/lidar/scan:stale_repeat: Value 1.0000 deviated from baseline 0.0000±0.0001 (z=10000.0, confirmed x72) (sev=1.00)
[monitor_node-6] [WARN] [1789951559.288375297] [diagnostic_monitor]: ANOMALY on [perception_node] /perception/obstacles:stale_repeat: Value 1.0000 deviated from baseline 0.0000±0.0001 (z=10000.0, confirmed x72) (sev=1.00)
[monitor_node-6] [WARN] [1789951559.381835684] [diagnostic_monitor]: ANOMALY on [lidar_node] /sim/lidar/scan:stale_repeat: Value 1.0000 deviated from baseline 0.0000±0.0001 (z=10000.0, confirmed x73) (sev=1.00)
[monitor_node-6] [WARN] [1789951559.388510263] [diagnostic_monitor]: ANOMALY on [perception_node] /perception/obstacles:stale_repeat: Value 1.0000 deviated from baseline 0.0000±0.0001 (z=10000.0, confirmed x73) (sev=1.00)
[monitor_node-6] [WARN] [1789951559.482241724] [diagnostic_monitor]: ANOMALY on [lidar_node] /sim/lidar/scan:stale_repeat: Value 1.0000 deviated from baseline 0.0000±0.0001 (z=10000.0, confirmed x74) (sev=1.00)
[monitor_node-6] [WARN] [1789951559.488556257] [diagnostic_monitor]: ANOMALY on [perception_node] /perception/obstacles:stale_repeat: Value 1.0000 deviated from baseline 0.0000±0.0001 (z=10000.0, confirmed x74) (sev=1.00)
[monitor_node-6] [WARN] [1789951559.582150409] [diagnostic_monitor]: ANOMALY on [lidar_node] /sim/lidar/scan:stale_repeat: Value 1.0000 deviated from baseline 0.0000±0.0001 (z=10000.0, confirmed x75) (sev=1.00)
[monitor_node-6] [WARN] [1789951559.588974558] [diagnostic_monitor]: ANOMALY on [perception_node] /perception/obstacles:stale_repeat: Value 1.0000 deviated from baseline 0.0000±0.0001 (z=10000.0, confirmed x75) (sev=1.00)
[monitor_node-6] [WARN] [1789951559.681770887] [diagnostic_monitor]: ANOMALY on [lidar_node] /sim/lidar/scan:stale_repeat: Value 1.0000 deviated from baseline 0.0000±0.0001 (z=10000.0, confirmed x76) (sev=1.00)
[monitor_node-6] [WARN] [1789951559.688080113] [diagnostic_monitor]: ANOMALY on [perception_node] /perception/obstacles:stale_repeat: Value 1.0000 deviated from baseline 0.0000±0.0001 (z=10000.0, confirmed x76) (sev=1.00)
[monitor_node-6] [WARN] [1789951559.782246929] [diagnostic_monitor]: ANOMALY on [lidar_node] /sim/lidar/scan:stale_repeat: Value 1.0000 deviated from baseline 0.0000±0.0001 (z=10000.0, confirmed x77) (sev=1.00)
[monitor_node-6] [WARN] [1789951559.788866998] [diagnostic_monitor]: ANOMALY on [perception_node] /perception/obstacles:stale_repeat: Value 1.0000 deviated from baseline 0.0000±0.0001 (z=10000.0, confirmed x77) (sev=1.00)
[monitor_node-6] [WARN] [1789951559.882183671] [diagnostic_monitor]: ANOMALY on [lidar_node] /sim/lidar/scan:stale_repeat: Value 1.0000 deviated from baseline 0.0000±0.0001 (z=10000.0, confirmed x78) (sev=1.00)
[monitor_node-6] [WARN] [1789951559.888746098] [diagnostic_monitor]: ANOMALY on [perception_node] /perception/obstacles:stale_repeat: Value 1.0000 deviated from baseline 0.0000±0.0001 (z=10000.0, confirmed x78) (sev=1.00)
[monitor_node-6] [WARN] [1789951559.982360170] [diagnostic_monitor]: ANOMALY on [lidar_node] /sim/lidar/scan:stale_repeat: Value 1.0000 deviated from baseline 0.0000±0.0001 (z=10000.0, confirmed x79) (sev=1.00)
[monitor_node-6] [WARN] [1789951559.988643712] [diagnostic_monitor]: ANOMALY on [perception_node] /perception/obstacles:stale_repeat: Value 1.0000 deviated from baseline 0.0000±0.0001 (z=10000.0, confirmed x79) (sev=1.00)
[monitor_node-6] [WARN] [1789951560.082813826] [diagnostic_monitor]: ANOMALY on [lidar_node] /sim/lidar/scan:stale_repeat: Value 1.0000 deviated from baseline 0.0000±0.0001 (z=10000.0, confirmed x80) (sev=1.00)
[monitor_node-6] [WARN] [1789951560.092473988] [diagnostic_monitor]: ANOMALY on [perception_node] /perception/obstacles:stale_repeat: Value 1.0000 deviated from baseline 0.0000±0.0001 (z=10000.0, confirmed x80) (sev=1.00)
[monitor_node-6] [WARN] [1789951560.182228353] [diagnostic_monitor]: ANOMALY on [lidar_node] /sim/lidar/scan:stale_repeat: Value 1.0000 deviated from baseline 0.0000±0.0001 (z=10000.0, confirmed x81) (sev=1.00)
[monitor_node-6] [WARN] [1789951560.189077082] [diagnostic_monitor]: ANOMALY on [perception_node] /perception/obstacles:stale_repeat: Value 1.0000 deviated from baseline 0.0000±0.0001 (z=10000.0, confirmed x81) (sev=1.00)
[sim_world-1] [INFO] [1789951560.271021000] [lidar_node]: lidar_node: degradation "stale" expired
[localization_node-3] [INFO] [1789951563.388021967] [localization_node]: localization_node: faults cleared
[sim_world-1] [INFO] [1789951563.388116621] [lidar_node]: lidar_node: faults cleared
[planning_node-4] [INFO] [1789951563.388183366] [planning_node]: planning_node: faults cleared
[control_node-5] [INFO] [1789951563.388224886] [control_node]: control_node: faults cleared
[sim_world-1] [INFO] [1789951563.388666076] [odometry_node]: odometry_node: faults cleared
[sim_world-1] [INFO] [1789951563.389146014] [camera_node]: camera_node: faults cleared
[perception_node-2] [INFO] [1789951563.388937596] [perception_node]: perception_node: faults cleared
[sim_world-1] [INFO] [1789951563.389638966] [imu_node]: imu_node: faults cleared
[localization_node-3] [INFO] [1789951563.438093036] [localization_node]: localization_node: faults cleared
[control_node-5] [INFO] [1789951563.438322652] [control_node]: control_node: faults cleared
[perception_node-2] [INFO] [1789951563.438325560] [perception_node]: perception_node: faults cleared
[planning_node-4] [INFO] [1789951563.438343996] [planning_node]: planning_node: faults cleared
[sim_world-1] [INFO] [1789951563.439080135] [lidar_node]: lidar_node: faults cleared
[sim_world-1] [INFO] [1789951563.439593023] [odometry_node]: odometry_node: faults cleared
[sim_world-1] [INFO] [1789951563.440055393] [camera_node]: camera_node: faults cleared
[sim_world-1] [INFO] [1789951563.440435262] [imu_node]: imu_node: faults cleared
[perception_node-2] [INFO] [1789951563.488537335] [perception_node]: perception_node: faults cleared
[control_node-5] [INFO] [1789951563.488558506] [control_node]: control_node: faults cleared
[localization_node-3] [INFO] [1789951563.488778108] [localization_node]: localization_node: faults cleared
[planning_node-4] [INFO] [1789951563.488825278] [planning_node]: planning_node: faults cleared
[sim_world-1] [INFO] [1789951563.489259485] [lidar_node]: lidar_node: faults cleared
[sim_world-1] [INFO] [1789951563.489774049] [odometry_node]: odometry_node: faults cleared
[sim_world-1] [INFO] [1789951563.490203392] [camera_node]: camera_node: faults cleared
[sim_world-1] [INFO] [1789951563.490605485] [imu_node]: imu_node: faults cleared
[monitor_node-6] [INFO] [1789951566.591000013] [diagnostic_monitor]: Anomaly window cleared. System operating nominally.
[perception_node-2] [WARN] [1789951571.100558980] [perception_node]: perception_node: degradation "workload" param=150 duration=8.0s
[perception_node-2] [WARN] [1789951571.150958387] [perception_node]: perception_node: degradation "workload" param=150 duration=8.0s
[perception_node-2] [WARN] [1789951571.332538025] [perception_node]: perception_node: degradation "workload" param=150 duration=8.0s
[monitor_node-6] [WARN] [1789951571.936417987] [diagnostic_monitor]: ANOMALY on [perception_node] /perception/obstacles:inter_arrival: Value 0.3012 deviated from baseline 0.1001±0.0058 (z=34.6, confirmed x2) (sev=1.00)
[monitor_node-6] [WARN] [1789951571.937118716] [diagnostic_monitor]: ANOMALY on [perception_node] /perception/obstacles:latency: Value 0.5646 deviated from baseline 0.0174±0.0058 (z=94.7, confirmed x2) (sev=1.00)
[monitor_node-6] [INFO] [1789951572.090013473] [diagnostic_monitor]: 
[monitor_node-6] ============================================================
[monitor_node-6] ROOT CAUSE DIAGNOSIS: perception_node (Confidence: 1.000)
[monitor_node-6] ============================================================
[monitor_node-6] Score Breakdown  R(C) = wD*D + wT*T + wS*S + wA*A:
[monitor_node-6]   R(perception_node) = 0.3·D(1.00) + 0.3·T(1.00) + 0.25·S(1.00) + 0.15·A(1.00) = 1.000
[monitor_node-6]   - Dependency D: 1.00 (reaches 0 downstream anomalous node(s); 0 anomalous upstream node(s))
[monitor_node-6]   - Temporal   T: 1.00 (first anomaly at t=1789951571.63s; earliest in window = supporting evidence, not proof of causality)
[monitor_node-6]   - Symptom    S: 1.00 (explains 1/1 anomalous nodes)
[monitor_node-6]   - Severity   A: 1.00 (max normalised severity on node, 2 direct anomaly event(s))
[monitor_node-6] 
[monitor_node-6] Propagation Chain (evidence-ordered, via discovered graph edges):
[monitor_node-6]   perception_node (t=1789951571.63s: /perception/obstacles:inter_arrival, sev=1.00)
[monitor_node-6] 
[monitor_node-6] Candidate Ranking & Evidence Comparison:
[monitor_node-6]   #2 camera_node          R=0.415 (Δ -0.585) [no direct anomaly observed; does not reach observed symptoms via dependency edges]
[monitor_node-6]   #3 lidar_node           R=0.415 (Δ -0.585) [no direct anomaly observed; does not reach observed symptoms via dependency edges]
[monitor_node-6] ============================================================
[monitor_node-6] [WARN] [1789951572.237030059] [diagnostic_monitor]: ANOMALY on [perception_node] /perception/obstacles:inter_arrival: Value 0.3011 deviated from baseline 0.1001±0.0058 (z=34.6, confirmed x3) (sev=1.00)
[monitor_node-6] [WARN] [1789951572.237612504] [diagnostic_monitor]: ANOMALY on [perception_node] /perception/obstacles:latency: Value 0.7657 deviated from baseline 0.0174±0.0058 (z=129.4, confirmed x3) (sev=1.00)
[monitor_node-6] [WARN] [1789951572.538301721] [diagnostic_monitor]: ANOMALY on [perception_node] /perception/obstacles:inter_arrival: Value 0.3011 deviated from baseline 0.1001±0.0058 (z=34.6, confirmed x4) (sev=1.00)
[monitor_node-6] [WARN] [1789951572.538930662] [diagnostic_monitor]: ANOMALY on [perception_node] /perception/obstacles:latency: Value 0.9668 deviated from baseline 0.0174±0.0058 (z=164.2, confirmed x4) (sev=1.00)
[monitor_node-6] [WARN] [1789951572.839849596] [diagnostic_monitor]: ANOMALY on [perception_node] /perception/obstacles:inter_arrival: Value 0.3014 deviated from baseline 0.1001±0.0058 (z=34.7, confirmed x5) (sev=1.00)
[monitor_node-6] [WARN] [1789951572.840431568] [diagnostic_monitor]: ANOMALY on [perception_node] /perception/obstacles:latency: Value 1.1682 deviated from baseline 0.0174±0.0058 (z=199.1, confirmed x5) (sev=1.00)
[monitor_node-6] [WARN] [1789951573.140622769] [diagnostic_monitor]: ANOMALY on [perception_node] /perception/obstacles:inter_arrival: Value 0.3011 deviated from baseline 0.1001±0.0058 (z=34.6, confirmed x6) (sev=1.00)
[monitor_node-6] [WARN] [1789951573.141403971] [diagnostic_monitor]: ANOMALY on [perception_node] /perception/obstacles:latency: Value 1.2693 deviated from baseline 0.0174±0.0058 (z=216.6, confirmed x6) (sev=1.00)
[monitor_node-6] [WARN] [1789951573.442154875] [diagnostic_monitor]: ANOMALY on [perception_node] /perception/obstacles:inter_arrival: Value 0.3012 deviated from baseline 0.1001±0.0058 (z=34.6, confirmed x7) (sev=1.00)
[monitor_node-6] [WARN] [1789951573.442997498] [diagnostic_monitor]: ANOMALY on [perception_node] /perception/obstacles:latency: Value 1.2705 deviated from baseline 0.0174±0.0058 (z=216.8, confirmed x7) (sev=1.00)
[monitor_node-6] [WARN] [1789951573.743072756] [diagnostic_monitor]: ANOMALY on [perception_node] /perception/obstacles:inter_arrival: Value 0.3011 deviated from baseline 0.1001±0.0058 (z=34.6, confirmed x8) (sev=1.00)
[monitor_node-6] [WARN] [1789951573.743660923] [diagnostic_monitor]: ANOMALY on [perception_node] /perception/obstacles:latency: Value 1.2716 deviated from baseline 0.0174±0.0058 (z=217.0, confirmed x8) (sev=1.00)
[monitor_node-6] [WARN] [1789951574.044510004] [diagnostic_monitor]: ANOMALY on [perception_node] /perception/obstacles:inter_arrival: Value 0.3012 deviated from baseline 0.1001±0.0058 (z=34.7, confirmed x9) (sev=1.00)
[monitor_node-6] [WARN] [1789951574.045466222] [diagnostic_monitor]: ANOMALY on [perception_node] /perception/obstacles:latency: Value 1.2729 deviated from baseline 0.0174±0.0058 (z=217.2, confirmed x9) (sev=1.00)
[monitor_node-6] [WARN] [1789951574.346309647] [diagnostic_monitor]: ANOMALY on [perception_node] /perception/obstacles:inter_arrival: Value 0.3014 deviated from baseline 0.1001±0.0058 (z=34.7, confirmed x10) (sev=1.00)
[monitor_node-6] [WARN] [1789951574.347146672] [diagnostic_monitor]: ANOMALY on [perception_node] /perception/obstacles:latency: Value 1.2744 deviated from baseline 0.0174±0.0058 (z=217.4, confirmed x10) (sev=1.00)
[monitor_node-6] [WARN] [1789951574.647187318] [diagnostic_monitor]: ANOMALY on [perception_node] /perception/obstacles:inter_arrival: Value 0.3013 deviated from baseline 0.1001±0.0058 (z=34.7, confirmed x11) (sev=1.00)
[monitor_node-6] [WARN] [1789951574.647687523] [diagnostic_monitor]: ANOMALY on [perception_node] /perception/obstacles:latency: Value 1.2756 deviated from baseline 0.0174±0.0058 (z=217.7, confirmed x11) (sev=1.00)
[monitor_node-6] [WARN] [1789951574.948736681] [diagnostic_monitor]: ANOMALY on [perception_node] /perception/obstacles:inter_arrival: Value 0.3014 deviated from baseline 0.1001±0.0058 (z=34.7, confirmed x12) (sev=1.00)
[monitor_node-6] [WARN] [1789951574.949623597] [diagnostic_monitor]: ANOMALY on [perception_node] /perception/obstacles:latency: Value 1.2769 deviated from baseline 0.0174±0.0058 (z=217.9, confirmed x12) (sev=1.00)
[monitor_node-6] [WARN] [1789951575.249716843] [diagnostic_monitor]: ANOMALY on [perception_node] /perception/obstacles:inter_arrival: Value 0.3013 deviated from baseline 0.1001±0.0058 (z=34.7, confirmed x13) (sev=1.00)
[monitor_node-6] [WARN] [1789951575.250227861] [diagnostic_monitor]: ANOMALY on [perception_node] /perception/obstacles:latency: Value 1.2783 deviated from baseline 0.0174±0.0058 (z=218.1, confirmed x13) (sev=1.00)
[monitor_node-6] [WARN] [1789951575.551243281] [diagnostic_monitor]: ANOMALY on [perception_node] /perception/obstacles:inter_arrival: Value 0.3015 deviated from baseline 0.1001±0.0058 (z=34.7, confirmed x14) (sev=1.00)
[monitor_node-6] [WARN] [1789951575.551769098] [diagnostic_monitor]: ANOMALY on [perception_node] /perception/obstacles:latency: Value 1.2798 deviated from baseline 0.0174±0.0058 (z=218.4, confirmed x14) (sev=1.00)
[monitor_node-6] [WARN] [1789951575.852278971] [diagnostic_monitor]: ANOMALY on [perception_node] /perception/obstacles:inter_arrival: Value 0.3011 deviated from baseline 0.1001±0.0058 (z=34.6, confirmed x15) (sev=1.00)
[monitor_node-6] [WARN] [1789951575.852836801] [diagnostic_monitor]: ANOMALY on [perception_node] /perception/obstacles:latency: Value 1.2809 deviated from baseline 0.0174±0.0058 (z=218.6, confirmed x15) (sev=1.00)
[monitor_node-6] [WARN] [1789951576.153370046] [diagnostic_monitor]: ANOMALY on [perception_node] /perception/obstacles:inter_arrival: Value 0.3011 deviated from baseline 0.1001±0.0058 (z=34.6, confirmed x16) (sev=1.00)
[monitor_node-6] [WARN] [1789951576.153894109] [diagnostic_monitor]: ANOMALY on [perception_node] /perception/obstacles:latency: Value 1.2820 deviated from baseline 0.0174±0.0058 (z=218.8, confirmed x16) (sev=1.00)
[monitor_node-6] [WARN] [1789951576.454359518] [diagnostic_monitor]: ANOMALY on [perception_node] /perception/obstacles:inter_arrival: Value 0.3010 deviated from baseline 0.1001±0.0058 (z=34.6, confirmed x17) (sev=1.00)
[monitor_node-6] [WARN] [1789951576.454947201] [diagnostic_monitor]: ANOMALY on [perception_node] /perception/obstacles:latency: Value 1.2829 deviated from baseline 0.0174±0.0058 (z=218.9, confirmed x17) (sev=1.00)
[monitor_node-6] [WARN] [1789951576.756322954] [diagnostic_monitor]: ANOMALY on [perception_node] /perception/obstacles:inter_arrival: Value 0.3019 deviated from baseline 0.1001±0.0058 (z=34.8, confirmed x18) (sev=1.00)
[monitor_node-6] [WARN] [1789951576.756868589] [diagnostic_monitor]: ANOMALY on [perception_node] /perception/obstacles:latency: Value 1.2848 deviated from baseline 0.0174±0.0058 (z=219.2, confirmed x18) (sev=1.00)
[monitor_node-6] [WARN] [1789951577.057386447] [diagnostic_monitor]: ANOMALY on [perception_node] /perception/obstacles:inter_arrival: Value 0.3011 deviated from baseline 0.1001±0.0058 (z=34.6, confirmed x19) (sev=1.00)
[monitor_node-6] [WARN] [1789951577.057907492] [diagnostic_monitor]: ANOMALY on [perception_node] /perception/obstacles:latency: Value 1.2858 deviated from baseline 0.0174±0.0058 (z=219.4, confirmed x19) (sev=1.00)
[monitor_node-6] [WARN] [1789951577.358780458] [diagnostic_monitor]: ANOMALY on [perception_node] /perception/obstacles:inter_arrival: Value 0.3011 deviated from baseline 0.1001±0.0058 (z=34.6, confirmed x20) (sev=1.00)
[monitor_node-6] [WARN] [1789951577.359595718] [diagnostic_monitor]: ANOMALY on [perception_node] /perception/obstacles:latency: Value 1.2872 deviated from baseline 0.0174±0.0058 (z=219.7, confirmed x20) (sev=1.00)
[monitor_node-6] [WARN] [1789951577.659933831] [diagnostic_monitor]: ANOMALY on [perception_node] /perception/obstacles:inter_arrival: Value 0.3012 deviated from baseline 0.1001±0.0058 (z=34.6, confirmed x21) (sev=1.00)
[monitor_node-6] [WARN] [1789951577.660723709] [diagnostic_monitor]: ANOMALY on [perception_node] /perception/obstacles:latency: Value 1.2882 deviated from baseline 0.0174±0.0058 (z=219.8, confirmed x21) (sev=1.00)
[monitor_node-6] [WARN] [1789951577.960740123] [diagnostic_monitor]: ANOMALY on [perception_node] /perception/obstacles:inter_arrival: Value 0.3011 deviated from baseline 0.1001±0.0058 (z=34.6, confirmed x22) (sev=1.00)
[monitor_node-6] [WARN] [1789951577.961271919] [diagnostic_monitor]: ANOMALY on [perception_node] /perception/obstacles:latency: Value 1.2894 deviated from baseline 0.0174±0.0058 (z=220.0, confirmed x22) (sev=1.00)
[monitor_node-6] [WARN] [1789951578.262470199] [diagnostic_monitor]: ANOMALY on [perception_node] /perception/obstacles:inter_arrival: Value 0.3013 deviated from baseline 0.1001±0.0058 (z=34.7, confirmed x23) (sev=1.00)
[monitor_node-6] [WARN] [1789951578.263289012] [diagnostic_monitor]: ANOMALY on [perception_node] /perception/obstacles:latency: Value 1.2907 deviated from baseline 0.0174±0.0058 (z=220.3, confirmed x23) (sev=1.00)
[monitor_node-6] [WARN] [1789951578.563801778] [diagnostic_monitor]: ANOMALY on [perception_node] /perception/obstacles:inter_arrival: Value 0.3014 deviated from baseline 0.1001±0.0058 (z=34.7, confirmed x24) (sev=1.00)
[monitor_node-6] [WARN] [1789951578.564597936] [diagnostic_monitor]: ANOMALY on [perception_node] /perception/obstacles:latency: Value 1.2921 deviated from baseline 0.0174±0.0058 (z=220.5, confirmed x24) (sev=1.00)
[monitor_node-6] [WARN] [1789951578.864413596] [diagnostic_monitor]: ANOMALY on [perception_node] /perception/obstacles:inter_arrival: Value 0.3009 deviated from baseline 0.1001±0.0058 (z=34.6, confirmed x25) (sev=1.00)
[monitor_node-6] [WARN] [1789951578.865151967] [diagnostic_monitor]: ANOMALY on [perception_node] /perception/obstacles:latency: Value 1.2931 deviated from baseline 0.0174±0.0058 (z=220.7, confirmed x25) (sev=1.00)
[monitor_node-6] [WARN] [1789951579.166443073] [diagnostic_monitor]: ANOMALY on [perception_node] /perception/obstacles:inter_arrival: Value 0.3016 deviated from baseline 0.1001±0.0058 (z=34.7, confirmed x26) (sev=1.00)
[monitor_node-6] [WARN] [1789951579.167006452] [diagnostic_monitor]: ANOMALY on [perception_node] /perception/obstacles:latency: Value 1.2947 deviated from baseline 0.0174±0.0058 (z=221.0, confirmed x26) (sev=1.00)
[perception_node-2] [INFO] [1789951579.466508956] [perception_node]: perception_node: degradation "workload" expired
[monitor_node-6] [WARN] [1789951579.466700081] [diagnostic_monitor]: ANOMALY on [perception_node] /perception/obstacles:inter_arrival: Value 0.3007 deviated from baseline 0.1001±0.0058 (z=34.6, confirmed x27) (sev=1.00)
[monitor_node-6] [WARN] [1789951579.467139605] [diagnostic_monitor]: ANOMALY on [perception_node] /perception/obstacles:latency: Value 1.2953 deviated from baseline 0.0174±0.0058 (z=221.1, confirmed x27) (sev=1.00)
[monitor_node-6] [WARN] [1789951579.468067636] [diagnostic_monitor]: ANOMALY on [perception_node] /perception/obstacles:latency: Value 0.9969 deviated from baseline 0.0174±0.0058 (z=169.4, confirmed x28) (sev=1.00)
[monitor_node-6] [WARN] [1789951579.479234432] [diagnostic_monitor]: ANOMALY on [perception_node] /perception/obstacles:latency: Value 0.9074 deviated from baseline 0.0174±0.0058 (z=154.0, confirmed x29) (sev=1.00)
[monitor_node-6] [WARN] [1789951579.480425041] [diagnostic_monitor]: ANOMALY on [perception_node] /perception/obstacles:latency: Value 0.8092 deviated from baseline 0.0174±0.0058 (z=137.0, confirmed x30) (sev=1.00)
[monitor_node-6] [WARN] [1789951579.481921333] [diagnostic_monitor]: ANOMALY on [perception_node] /perception/obstacles:latency: Value 0.7103 deviated from baseline 0.0174±0.0058 (z=119.9, confirmed x31) (sev=1.00)
[monitor_node-6] [WARN] [1789951579.482842119] [diagnostic_monitor]: ANOMALY on [perception_node] /perception/obstacles:latency: Value 0.6117 deviated from baseline 0.0174±0.0058 (z=102.8, confirmed x32) (sev=1.00)
[monitor_node-6] [WARN] [1789951579.484037571] [diagnostic_monitor]: ANOMALY on [perception_node] /perception/obstacles:latency: Value 0.5128 deviated from baseline 0.0174±0.0058 (z=85.7, confirmed x33) (sev=1.00)
[monitor_node-6] [WARN] [1789951579.485292381] [diagnostic_monitor]: ANOMALY on [perception_node] /perception/obstacles:latency: Value 0.4141 deviated from baseline 0.0174±0.0058 (z=68.6, confirmed x34) (sev=1.00)
[monitor_node-6] [WARN] [1789951579.486233117] [diagnostic_monitor]: ANOMALY on [perception_node] /perception/obstacles:latency: Value 0.3152 deviated from baseline 0.0174±0.0058 (z=51.5, confirmed x35) (sev=1.00)
[perception_node-2] [INFO] [1789951581.252223599] [perception_node]: perception_node: faults cleared
[control_node-5] [INFO] [1789951581.252721722] [control_node]: control_node: faults cleared
[sim_world-1] [INFO] [1789951581.253135416] [lidar_node]: lidar_node: faults cleared
[localization_node-3] [INFO] [1789951581.253229946] [localization_node]: localization_node: faults cleared
[sim_world-1] [INFO] [1789951581.253957624] [odometry_node]: odometry_node: faults cleared
[sim_world-1] [INFO] [1789951581.254506806] [camera_node]: camera_node: faults cleared
[sim_world-1] [INFO] [1789951581.255691668] [imu_node]: imu_node: faults cleared
[control_node-5] [INFO] [1789951581.302647518] [control_node]: control_node: faults cleared
[localization_node-3] [INFO] [1789951581.302812395] [localization_node]: localization_node: faults cleared
[perception_node-2] [INFO] [1789951581.302845988] [perception_node]: perception_node: faults cleared
[sim_world-1] [INFO] [1789951581.302851681] [lidar_node]: lidar_node: faults cleared
[sim_world-1] [INFO] [1789951581.303439683] [odometry_node]: odometry_node: faults cleared
[sim_world-1] [INFO] [1789951581.303813900] [camera_node]: camera_node: faults cleared
[sim_world-1] [INFO] [1789951581.304265888] [imu_node]: imu_node: faults cleared
[perception_node-2] [INFO] [1789951581.352981391] [perception_node]: perception_node: faults cleared
[localization_node-3] [INFO] [1789951581.353180432] [localization_node]: localization_node: faults cleared
[sim_world-1] [INFO] [1789951581.353240740] [lidar_node]: lidar_node: faults cleared
[control_node-5] [INFO] [1789951581.353263214] [control_node]: control_node: faults cleared
[sim_world-1] [INFO] [1789951581.354052497] [odometry_node]: odometry_node: faults cleared
[sim_world-1] [INFO] [1789951581.354474785] [camera_node]: camera_node: faults cleared
[sim_world-1] [INFO] [1789951581.354886276] [imu_node]: imu_node: faults cleared
[monitor_node-6] [INFO] [1789951585.590600600] [diagnostic_monitor]: Anomaly window cleared. System operating nominally.
[perception_node-2] [WARN] [1789951588.703221482] [perception_node]: perception_node: degradation "cpu_pressure" param=3 duration=8.0s
[perception_node-2] [WARN] [1789951589.163721705] [perception_node]: perception_node: degradation "cpu_pressure" param=3 duration=8.0s
[perception_node-2] [WARN] [1789951589.417061764] [perception_node]: perception_node: degradation "cpu_pressure" param=3 duration=8.0s
[monitor_node-6] [WARN] [1789951589.450421760] [diagnostic_monitor]: ANOMALY on [perception_node] /perception/obstacles:latency: Value 0.5792 deviated from baseline 0.0177±0.0096 (z=58.4, confirmed x2) (sev=1.00)
[monitor_node-6] [WARN] [1789951589.550993407] [diagnostic_monitor]: ANOMALY on [perception_node] /perception/obstacles:latency: Value 0.5794 deviated from baseline 0.0177±0.0096 (z=58.4, confirmed x3) (sev=1.00)
[monitor_node-6] [WARN] [1789951589.552620097] [diagnostic_monitor]: ANOMALY on [perception_node] /perception/obstacles:latency: Value 0.4810 deviated from baseline 0.0177±0.0096 (z=48.2, confirmed x4) (sev=1.00)
[monitor_node-6] [WARN] [1789951589.554314197] [diagnostic_monitor]: ANOMALY on [perception_node] /perception/obstacles:latency: Value 0.3828 deviated from baseline 0.0177±0.0096 (z=38.0, confirmed x5) (sev=1.00)
[monitor_node-6] [WARN] [1789951589.555795952] [diagnostic_monitor]: ANOMALY on [perception_node] /perception/obstacles:latency: Value 0.2842 deviated from baseline 0.0177±0.0096 (z=27.7, confirmed x6) (sev=1.00)
[monitor_node-6] [INFO] [1789951589.593284886] [diagnostic_monitor]: 
[monitor_node-6] ============================================================
[monitor_node-6] ROOT CAUSE DIAGNOSIS: perception_node (Confidence: 1.000)
[monitor_node-6] ============================================================
[monitor_node-6] Score Breakdown  R(C) = wD*D + wT*T + wS*S + wA*A:
[monitor_node-6]   R(perception_node) = 0.3·D(1.00) + 0.3·T(1.00) + 0.25·S(1.00) + 0.15·A(1.00) = 1.000
[monitor_node-6]   - Dependency D: 1.00 (reaches 0 downstream anomalous node(s); 0 anomalous upstream node(s))
[monitor_node-6]   - Temporal   T: 1.00 (first anomaly at t=1789951589.20s; earliest in window = supporting evidence, not proof of causality)
[monitor_node-6]   - Symptom    S: 1.00 (explains 1/1 anomalous nodes)
[monitor_node-6]   - Severity   A: 1.00 (max normalised severity on node, 5 direct anomaly event(s))
[monitor_node-6] 
[monitor_node-6] Propagation Chain (evidence-ordered, via discovered graph edges):
[monitor_node-6]   perception_node (t=1789951589.20s: /perception/obstacles:latency, sev=1.00)
[monitor_node-6] 
[monitor_node-6] Candidate Ranking & Evidence Comparison:
[monitor_node-6]   #2 camera_node          R=0.415 (Δ -0.585) [no direct anomaly observed; does not reach observed symptoms via dependency edges]
[monitor_node-6]   #3 lidar_node           R=0.415 (Δ -0.585) [no direct anomaly observed; does not reach observed symptoms via dependency edges]
[monitor_node-6] ============================================================
[monitor_node-6] [WARN] [1789951590.103294408] [diagnostic_monitor]: ANOMALY on [perception_node] /perception/obstacles:latency: Value 0.4320 deviated from baseline 0.0180±0.0116 (z=35.6, confirmed x2) (sev=1.00)
[monitor_node-6] [WARN] [1789951590.104251817] [diagnostic_monitor]: ANOMALY on [perception_node] /perception/obstacles:latency: Value 0.3330 deviated from baseline 0.0180±0.0116 (z=27.1, confirmed x3) (sev=1.00)
[monitor_node-6] [WARN] [1789951590.277721126] [diagnostic_monitor]: ANOMALY on [perception_node] /perception/obstacles:latency: Value 0.4063 deviated from baseline 0.0180±0.0116 (z=33.4, confirmed x4) (sev=1.00)
[monitor_node-6] [WARN] [1789951590.278720202] [diagnostic_monitor]: ANOMALY on [perception_node] /perception/obstacles:latency: Value 0.3076 deviated from baseline 0.0180±0.0116 (z=24.9, confirmed x5) (sev=1.00)
[monitor_node-6] [WARN] [1789951590.885318613] [diagnostic_monitor]: ANOMALY on [perception_node] /perception/obstacles:latency: Value 0.4136 deviated from baseline 0.0187±0.0155 (z=25.4, confirmed x2) (sev=1.00)
[monitor_node-6] [WARN] [1789951590.886376320] [diagnostic_monitor]: ANOMALY on [perception_node] /perception/obstacles:latency: Value 0.3150 deviated from baseline 0.0187±0.0155 (z=19.1, confirmed x3) (sev=1.00)
[monitor_node-6] [WARN] [1789951590.893057826] [diagnostic_monitor]: ANOMALY on [perception_node] /perception/obstacles:latency: Value 0.2215 deviated from baseline 0.0187±0.0155 (z=13.0, confirmed x4) (sev=1.00)
[monitor_node-6] [WARN] [1789951591.637780132] [diagnostic_monitor]: ANOMALY on [perception_node] /perception/obstacles:latency: Value 0.2664 deviated from baseline 0.0190±0.0169 (z=14.6, confirmed x2) (sev=1.00)
[monitor_node-6] [WARN] [1789951592.409240737] [diagnostic_monitor]: ANOMALY on [perception_node] /perception/obstacles:latency: Value 0.3377 deviated from baseline 0.0199±0.0202 (z=15.7, confirmed x2) (sev=1.00)
[monitor_node-6] [WARN] [1789951592.410151097] [diagnostic_monitor]: ANOMALY on [perception_node] /perception/obstacles:latency: Value 0.2390 deviated from baseline 0.0199±0.0202 (z=10.8, confirmed x3) (sev=1.00)
[monitor_node-6] [WARN] [1789951592.537529870] [diagnostic_monitor]: ANOMALY on [perception_node] /perception/obstacles:latency: Value 0.2657 deviated from baseline 0.0199±0.0202 (z=12.2, confirmed x4) (sev=1.00)
[monitor_node-6] [WARN] [1789951593.008138818] [diagnostic_monitor]: ANOMALY on [perception_node] /perception/obstacles:latency: Value 0.3369 deviated from baseline 0.0201±0.0209 (z=15.2, confirmed x2) (sev=1.00)
[monitor_node-6] [WARN] [1789951593.187710181] [diagnostic_monitor]: ANOMALY on [perception_node] /perception/obstacles:latency: Value 0.4160 deviated from baseline 0.0201±0.0209 (z=18.9, confirmed x3) (sev=1.00)
[monitor_node-6] [WARN] [1789951593.188776938] [diagnostic_monitor]: ANOMALY on [perception_node] /perception/obstacles:latency: Value 0.3176 deviated from baseline 0.0201±0.0209 (z=14.2, confirmed x4) (sev=1.00)
[monitor_node-6] [WARN] [1789951594.084690356] [diagnostic_monitor]: ANOMALY on [perception_node] /perception/obstacles:latency: Value 0.4129 deviated from baseline 0.0208±0.0230 (z=17.0, confirmed x2) (sev=1.00)
[monitor_node-6] [WARN] [1789951594.085870247] [diagnostic_monitor]: ANOMALY on [perception_node] /perception/obstacles:latency: Value 0.3147 deviated from baseline 0.0208±0.0230 (z=12.8, confirmed x3) (sev=1.00)
[monitor_node-6] [WARN] [1789951594.577437644] [diagnostic_monitor]: ANOMALY on [perception_node] /perception/obstacles:latency: Value 0.3059 deviated from baseline 0.0211±0.0242 (z=11.8, confirmed x2) (sev=1.00)
[monitor_node-6] [WARN] [1789951595.292311442] [diagnostic_monitor]: ANOMALY on [perception_node] /perception/obstacles:latency: Value 0.5208 deviated from baseline 0.0216±0.0256 (z=19.5, confirmed x2) (sev=1.00)
[monitor_node-6] [WARN] [1789951595.293221312] [diagnostic_monitor]: ANOMALY on [perception_node] /perception/obstacles:latency: Value 0.4220 deviated from baseline 0.0216±0.0256 (z=15.7, confirmed x3) (sev=1.00)
[monitor_node-6] [WARN] [1789951595.294110185] [diagnostic_monitor]: ANOMALY on [perception_node] /perception/obstacles:latency: Value 0.3229 deviated from baseline 0.0216±0.0256 (z=11.8, confirmed x4) (sev=1.00)
[monitor_node-6] [WARN] [1789951595.294897822] [diagnostic_monitor]: ANOMALY on [perception_node] /perception/obstacles:latency: Value 0.2238 deviated from baseline 0.0216±0.0256 (z=7.9, confirmed x5) (sev=0.88)
[monitor_node-6] [WARN] [1789951595.821059424] [diagnostic_monitor]: ANOMALY on [perception_node] /perception/obstacles:latency: Value 0.2496 deviated from baseline 0.0218±0.0258 (z=8.8, confirmed x2) (sev=0.98)
[monitor_node-6] [WARN] [1789951596.132581821] [diagnostic_monitor]: ANOMALY on [perception_node] /perception/obstacles:latency: Value 0.2612 deviated from baseline 0.0220±0.0262 (z=9.1, confirmed x2) (sev=1.00)
[monitor_node-6] [WARN] [1789951597.002775593] [diagnostic_monitor]: ANOMALY on [perception_node] /perception/obstacles:latency: Value 0.2307 deviated from baseline 0.0227±0.0280 (z=7.4, confirmed x2) (sev=0.82)
[perception_node-2] [INFO] [1789951597.375074219] [perception_node]: perception_node: degradation "cpu_pressure" expired
[control_node-5] [INFO] [1789951600.416649792] [control_node]: control_node: faults cleared
[localization_node-3] [INFO] [1789951600.416687247] [localization_node]: localization_node: faults cleared
[perception_node-2] [INFO] [1789951600.416941765] [perception_node]: perception_node: faults cleared
[sim_world-1] [INFO] [1789951600.417070306] [lidar_node]: lidar_node: faults cleared
[planning_node-4] [INFO] [1789951600.417178346] [planning_node]: planning_node: faults cleared
[sim_world-1] [INFO] [1789951600.417950407] [odometry_node]: odometry_node: faults cleared
[sim_world-1] [INFO] [1789951600.418390538] [camera_node]: camera_node: faults cleared
[sim_world-1] [INFO] [1789951600.418795793] [imu_node]: imu_node: faults cleared
[control_node-5] [INFO] [1789951600.467411441] [control_node]: control_node: faults cleared
[perception_node-2] [INFO] [1789951600.467483589] [perception_node]: perception_node: faults cleared
[localization_node-3] [INFO] [1789951600.467483796] [localization_node]: localization_node: faults cleared
[planning_node-4] [INFO] [1789951600.467511970] [planning_node]: planning_node: faults cleared
[sim_world-1] [INFO] [1789951600.467511565] [lidar_node]: lidar_node: faults cleared
[sim_world-1] [INFO] [1789951600.468200027] [odometry_node]: odometry_node: faults cleared
[sim_world-1] [INFO] [1789951600.468565243] [camera_node]: camera_node: faults cleared
[sim_world-1] [INFO] [1789951600.468948196] [imu_node]: imu_node: faults cleared
[planning_node-4] [INFO] [1789951600.517500255] [planning_node]: planning_node: faults cleared
[perception_node-2] [INFO] [1789951600.517575085] [perception_node]: perception_node: faults cleared
[control_node-5] [INFO] [1789951600.517677589] [control_node]: control_node: faults cleared
[localization_node-3] [INFO] [1789951600.517781201] [localization_node]: localization_node: faults cleared
[sim_world-1] [INFO] [1789951600.517806946] [lidar_node]: lidar_node: faults cleared
[sim_world-1] [INFO] [1789951600.518465844] [odometry_node]: odometry_node: faults cleared
[sim_world-1] [INFO] [1789951600.518912560] [camera_node]: camera_node: faults cleared
[sim_world-1] [INFO] [1789951600.519292476] [imu_node]: imu_node: faults cleared
[monitor_node-6] [INFO] [1789951603.089783422] [diagnostic_monitor]: Anomaly window cleared. System operating nominally.
[perception_node-2] [WARN] [1789951606.168373868] [perception_node]: perception_node: degradation "jitter" param=0.3 duration=8.0s
[perception_node-2] [WARN] [1789951606.218611892] [perception_node]: perception_node: degradation "jitter" param=0.3 duration=8.0s
[perception_node-2] [WARN] [1789951606.269044548] [perception_node]: perception_node: degradation "jitter" param=0.3 duration=8.0s
[monitor_node-6] [WARN] [1789951606.399121280] [diagnostic_monitor]: ANOMALY on [perception_node] out_of_order: Out of order header timestamp (1789951606.171 < 1789951606.271) (sev=0.40)
[monitor_node-6] [INFO] [1789951606.591092433] [diagnostic_monitor]: 
[monitor_node-6] ============================================================
[monitor_node-6] ROOT CAUSE DIAGNOSIS: perception_node (Confidence: 0.910)
[monitor_node-6] ============================================================
[monitor_node-6] Score Breakdown  R(C) = wD*D + wT*T + wS*S + wA*A:
[monitor_node-6]   R(perception_node) = 0.3·D(1.00) + 0.3·T(1.00) + 0.25·S(1.00) + 0.15·A(0.40) = 0.910
[monitor_node-6]   - Dependency D: 1.00 (reaches 0 downstream anomalous node(s); 0 anomalous upstream node(s))
[monitor_node-6]   - Temporal   T: 1.00 (first anomaly at t=1789951606.40s; earliest in window = supporting evidence, not proof of causality)
[monitor_node-6]   - Symptom    S: 1.00 (explains 1/1 anomalous nodes)
[monitor_node-6]   - Severity   A: 0.40 (max normalised severity on node, 1 direct anomaly event(s))
[monitor_node-6] 
[monitor_node-6] Propagation Chain (evidence-ordered, via discovered graph edges):
[monitor_node-6]   perception_node (t=1789951606.40s: out_of_order, sev=0.40)
[monitor_node-6] 
[monitor_node-6] Candidate Ranking & Evidence Comparison:
[monitor_node-6]   #2 camera_node          R=0.415 (Δ -0.495) [no direct anomaly observed; does not reach observed symptoms via dependency edges]
[monitor_node-6]   #3 lidar_node           R=0.415 (Δ -0.495) [no direct anomaly observed; does not reach observed symptoms via dependency edges]
[monitor_node-6] ============================================================
[monitor_node-6] [WARN] [1789951606.948717331] [diagnostic_monitor]: ANOMALY on [perception_node] out_of_order: Out of order header timestamp (1789951606.571 < 1789951606.771) (sev=0.40)
[monitor_node-6] [WARN] [1789951607.499540127] [diagnostic_monitor]: ANOMALY on [perception_node] out_of_order: Out of order header timestamp (1789951607.071 < 1789951607.471) (sev=0.40)
[monitor_node-6] [WARN] [1789951607.928402464] [diagnostic_monitor]: ANOMALY on [perception_node] out_of_order: Out of order header timestamp (1789951607.671 < 1789951607.771) (sev=0.40)
[monitor_node-6] [WARN] [1789951608.098698712] [diagnostic_monitor]: ANOMALY on [perception_node] /perception/obstacles:latency: Value 0.2268 deviated from baseline 0.0236±0.0293 (z=6.9, confirmed x2) (sev=0.77)
[monitor_node-6] [WARN] [1789951608.258935640] [diagnostic_monitor]: ANOMALY on [perception_node] /perception/obstacles:latency: Value 0.2875 deviated from baseline 0.0236±0.0293 (z=9.0, confirmed x3) (sev=1.00)
[monitor_node-6] [WARN] [1789951608.318890020] [diagnostic_monitor]: ANOMALY on [perception_node] /perception/obstacles:latency: Value 0.2472 deviated from baseline 0.0236±0.0293 (z=7.6, confirmed x4) (sev=0.85)
[monitor_node-6] [WARN] [1789951608.449108128] [diagnostic_monitor]: ANOMALY on [perception_node] /perception/obstacles:latency: Value 0.2773 deviated from baseline 0.0236±0.0293 (z=8.6, confirmed x5) (sev=0.96)
[monitor_node-6] [WARN] [1789951608.558586873] [diagnostic_monitor]: ANOMALY on [perception_node] out_of_order: Out of order header timestamp (1789951608.271 < 1789951608.371) (sev=0.40)
[monitor_node-6] [WARN] [1789951609.578429680] [diagnostic_monitor]: ANOMALY on [perception_node] out_of_order: Out of order header timestamp (1789951609.071 < 1789951609.271) (sev=0.40)
[monitor_node-6] [WARN] [1789951609.678600123] [diagnostic_monitor]: ANOMALY on [perception_node] out_of_order: Out of order header timestamp (1789951608.971 < 1789951609.571) (sev=0.40)
[monitor_node-6] [WARN] [1789951609.948616036] [diagnostic_monitor]: ANOMALY on [perception_node] /perception/obstacles:latency: Value 0.5771 deviated from baseline 0.0246±0.0313 (z=17.6, confirmed x2) (sev=1.00)
[monitor_node-6] [WARN] [1789951610.118322696] [diagnostic_monitor]: ANOMALY on [perception_node] out_of_order: Out of order header timestamp (1789951609.671 < 1789951609.771) (sev=0.40)
[monitor_node-6] [WARN] [1789951610.258524293] [diagnostic_monitor]: ANOMALY on [perception_node] out_of_order: Out of order header timestamp (1789951609.971 < 1789951610.171) (sev=0.40)
[monitor_node-6] [WARN] [1789951610.268812856] [diagnostic_monitor]: ANOMALY on [perception_node] out_of_order: Out of order header timestamp (1789951609.871 < 1789951609.971) (sev=0.40)
[monitor_node-6] [WARN] [1789951610.269599710] [diagnostic_monitor]: ANOMALY on [perception_node] /perception/obstacles:latency: Value 0.3972 deviated from baseline 0.0249±0.0319 (z=11.7, confirmed x2) (sev=1.00)
[monitor_node-6] [WARN] [1789951610.348548098] [diagnostic_monitor]: ANOMALY on [perception_node] /perception/obstacles:latency: Value 0.2769 deviated from baseline 0.0249±0.0319 (z=7.9, confirmed x3) (sev=0.88)
[monitor_node-6] [WARN] [1789951610.508352067] [diagnostic_monitor]: ANOMALY on [perception_node] /perception/obstacles:latency: Value 0.2370 deviated from baseline 0.0249±0.0319 (z=6.7, confirmed x4) (sev=0.74)
[monitor_node-6] [WARN] [1789951610.738644510] [diagnostic_monitor]: ANOMALY on [perception_node] /perception/obstacles:latency: Value 0.3664 deviated from baseline 0.0249±0.0319 (z=10.7, confirmed x5) (sev=1.00)
[monitor_node-6] [WARN] [1789951610.849007805] [diagnostic_monitor]: ANOMALY on [perception_node] /perception/obstacles:latency: Value 0.3773 deviated from baseline 0.0249±0.0319 (z=11.1, confirmed x6) (sev=1.00)
[monitor_node-6] [WARN] [1789951610.888743403] [diagnostic_monitor]: ANOMALY on [perception_node] /perception/obstacles:latency: Value 0.3170 deviated from baseline 0.0249±0.0319 (z=9.2, confirmed x7) (sev=1.00)
[monitor_node-6] [WARN] [1789951611.118728076] [diagnostic_monitor]: ANOMALY on [perception_node] /perception/obstacles:latency: Value 0.3474 deviated from baseline 0.0249±0.0319 (z=10.1, confirmed x8) (sev=1.00)
[monitor_node-6] [WARN] [1789951611.218773666] [diagnostic_monitor]: ANOMALY on [perception_node] /perception/obstacles:latency: Value 0.2475 deviated from baseline 0.0249±0.0319 (z=7.0, confirmed x9) (sev=0.78)
[monitor_node-6] [WARN] [1789951611.228937789] [diagnostic_monitor]: ANOMALY on [perception_node] out_of_order: Out of order header timestamp (1789951610.671 < 1789951610.971) (sev=0.40)
[monitor_node-6] [WARN] [1789951611.229896625] [diagnostic_monitor]: ANOMALY on [perception_node] /perception/obstacles:latency: Value 0.5573 deviated from baseline 0.0249±0.0319 (z=16.7, confirmed x10) (sev=1.00)
[monitor_node-6] [WARN] [1789951611.348810303] [diagnostic_monitor]: ANOMALY on [perception_node] out_of_order: Out of order header timestamp (1789951610.871 < 1789951611.071) (sev=0.40)
[monitor_node-6] [WARN] [1789951611.508553750] [diagnostic_monitor]: ANOMALY on [perception_node] out_of_order: Out of order header timestamp (1789951611.171 < 1789951611.271) (sev=0.40)
[monitor_node-6] [WARN] [1789951611.608778863] [diagnostic_monitor]: ANOMALY on [perception_node] /perception/obstacles:latency: Value 0.2372 deviated from baseline 0.0251±0.0324 (z=6.6, confirmed x2) (sev=0.73)
[monitor_node-6] [WARN] [1789951611.828516068] [diagnostic_monitor]: ANOMALY on [perception_node] out_of_order: Out of order header timestamp (1789951611.571 < 1789951611.671) (sev=0.40)
[monitor_node-6] [WARN] [1789951611.868484952] [diagnostic_monitor]: ANOMALY on [perception_node] out_of_order: Out of order header timestamp (1789951611.471 < 1789951611.571) (sev=0.40)
[monitor_node-6] [WARN] [1789951611.869014320] [diagnostic_monitor]: ANOMALY on [perception_node] /perception/obstacles:latency: Value 0.3970 deviated from baseline 0.0252±0.0325 (z=11.4, confirmed x2) (sev=1.00)
[monitor_node-6] [WARN] [1789951612.328610325] [diagnostic_monitor]: ANOMALY on [perception_node] out_of_order: Out of order header timestamp (1789951612.071 < 1789951612.171) (sev=0.40)
[monitor_node-6] [WARN] [1789951612.788734789] [diagnostic_monitor]: ANOMALY on [perception_node] out_of_order: Out of order header timestamp (1789951612.271 < 1789951612.471) (sev=0.40)
[monitor_node-6] [WARN] [1789951612.858531612] [diagnostic_monitor]: ANOMALY on [perception_node] /perception/obstacles:latency: Value 0.4869 deviated from baseline 0.0257±0.0335 (z=13.8, confirmed x2) (sev=1.00)
[monitor_node-6] [WARN] [1789951613.048848525] [diagnostic_monitor]: ANOMALY on [perception_node] out_of_order: Out of order header timestamp (1789951612.771 < 1789951612.871) (sev=0.40)
[monitor_node-6] [WARN] [1789951613.079184274] [diagnostic_monitor]: ANOMALY on [perception_node] out_of_order: Out of order header timestamp (1789951612.671 < 1789951612.771) (sev=0.40)
[monitor_node-6] [WARN] [1789951613.079880480] [diagnostic_monitor]: ANOMALY on [perception_node] /perception/obstacles:latency: Value 0.4073 deviated from baseline 0.0258±0.0335 (z=11.4, confirmed x2) (sev=1.00)
[monitor_node-6] [WARN] [1789951613.158845355] [diagnostic_monitor]: ANOMALY on [perception_node] out_of_order: Out of order header timestamp (1789951612.571 < 1789951613.071) (sev=0.40)
[monitor_node-6] [WARN] [1789951613.338709579] [diagnostic_monitor]: ANOMALY on [perception_node] out_of_order: Out of order header timestamp (1789951612.971 < 1789951613.271) (sev=0.40)
[monitor_node-6] [WARN] [1789951613.908523493] [diagnostic_monitor]: ANOMALY on [perception_node] /perception/obstacles:latency: Value 0.3370 deviated from baseline 0.0260±0.0340 (z=9.2, confirmed x2) (sev=1.00)
[monitor_node-6] [WARN] [1789951613.918537310] [diagnostic_monitor]: ANOMALY on [perception_node] out_of_order: Out of order header timestamp (1789951613.471 < 1789951613.571) (sev=0.40)
[monitor_node-6] [WARN] [1789951613.919428300] [diagnostic_monitor]: ANOMALY on [perception_node] /perception/obstacles:latency: Value 0.4469 deviated from baseline 0.0260±0.0340 (z=12.4, confirmed x3) (sev=1.00)
[monitor_node-6] [WARN] [1789951614.028903534] [diagnostic_monitor]: ANOMALY on [perception_node] /perception/obstacles:latency: Value 0.3572 deviated from baseline 0.0260±0.0340 (z=9.7, confirmed x4) (sev=1.00)
[monitor_node-6] [WARN] [1789951614.298754215] [diagnostic_monitor]: ANOMALY on [perception_node] out_of_order: Out of order header timestamp (1789951613.771 < 1789951613.971) (sev=0.40)
[perception_node-2] [INFO] [1789951614.308042256] [perception_node]: perception_node: degradation "jitter" expired
[monitor_node-6] [WARN] [1789951614.308648590] [diagnostic_monitor]: ANOMALY on [perception_node] /perception/obstacles:latency: Value 0.4371 deviated from baseline 0.0261±0.0341 (z=12.1, confirmed x2) (sev=1.00)
[monitor_node-6] [WARN] [1789951614.358225041] [diagnostic_monitor]: ANOMALY on [perception_node] /perception/obstacles:latency: Value 0.2870 deviated from baseline 0.0261±0.0341 (z=7.7, confirmed x3) (sev=0.85)
[monitor_node-6] [WARN] [1789951614.558583626] [diagnostic_monitor]: ANOMALY on [perception_node] out_of_order: Out of order header timestamp (1789951614.271 < 1789951614.471) (sev=0.40)
[monitor_node-6] [WARN] [1789951614.658359136] [diagnostic_monitor]: ANOMALY on [perception_node] out_of_order: Out of order header timestamp (1789951614.171 < 1789951614.571) (sev=0.40)
[control_node-5] [INFO] [1789951615.248979779] [control_node]: control_node: faults cleared
[perception_node-2] [INFO] [1789951615.249211401] [perception_node]: perception_node: faults cleared
[planning_node-4] [INFO] [1789951615.249355527] [planning_node]: planning_node: faults cleared
[sim_world-1] [INFO] [1789951615.249787162] [lidar_node]: lidar_node: faults cleared
[sim_world-1] [INFO] [1789951615.250605238] [odometry_node]: odometry_node: faults cleared
[sim_world-1] [INFO] [1789951615.251214116] [camera_node]: camera_node: faults cleared
[sim_world-1] [INFO] [1789951615.251647604] [imu_node]: imu_node: faults cleared
[perception_node-2] [INFO] [1789951615.299578656] [perception_node]: perception_node: faults cleared
[sim_world-1] [INFO] [1789951615.299626343] [lidar_node]: lidar_node: faults cleared
[control_node-5] [INFO] [1789951615.299651789] [control_node]: control_node: faults cleared
[planning_node-4] [INFO] [1789951615.299718913] [planning_node]: planning_node: faults cleared
[sim_world-1] [INFO] [1789951615.300457363] [odometry_node]: odometry_node: faults cleared
[sim_world-1] [INFO] [1789951615.301110449] [camera_node]: camera_node: faults cleared
[sim_world-1] [INFO] [1789951615.301754761] [imu_node]: imu_node: faults cleared
[sim_world-1] [INFO] [1789951615.349833477] [odometry_node]: odometry_node: faults cleared
[planning_node-4] [INFO] [1789951615.349857059] [planning_node]: planning_node: faults cleared
[perception_node-2] [INFO] [1789951615.350011462] [perception_node]: perception_node: faults cleared
[control_node-5] [INFO] [1789951615.350017584] [control_node]: control_node: faults cleared
[sim_world-1] [INFO] [1789951615.350306563] [imu_node]: imu_node: faults cleared
[sim_world-1] [INFO] [1789951615.351035302] [lidar_node]: lidar_node: faults cleared
[sim_world-1] [INFO] [1789951615.351433974] [camera_node]: camera_node: faults cleared
[monitor_node-6] [INFO] [1789951621.089911053] [diagnostic_monitor]: Anomaly window cleared. System operating nominally.
[sim_world-1] [WARN] [1789951624.367701623] [lidar_node]: lidar_node: degradation "loss" param=0.6 duration=8.0s
[sim_world-1] [WARN] [1789951624.418130286] [lidar_node]: lidar_node: degradation "loss" param=0.6 duration=8.0s
[sim_world-1] [WARN] [1789951624.468815639] [lidar_node]: lidar_node: degradation "loss" param=0.6 duration=8.0s
[monitor_node-6] [WARN] [1789951624.882691535] [diagnostic_monitor]: ANOMALY on [lidar_node] /sim/lidar/scan:inter_arrival: Value 0.2999 deviated from baseline 0.1000±0.0002 (z=803.6, confirmed x2) (sev=1.00)
[monitor_node-6] [WARN] [1789951624.888625124] [diagnostic_monitor]: ANOMALY on [perception_node] /perception/obstacles:inter_arrival: Value 0.3000 deviated from baseline 0.0951±0.0328 (z=6.2, confirmed x2) (sev=0.69)
[monitor_node-6] [INFO] [1789951625.089999411] [diagnostic_monitor]: 
[monitor_node-6] ============================================================
[monitor_node-6] ROOT CAUSE DIAGNOSIS: lidar_node (Confidence: 1.000)
[monitor_node-6] ============================================================
[monitor_node-6] Score Breakdown  R(C) = wD*D + wT*T + wS*S + wA*A:
[monitor_node-6]   R(lidar_node) = 0.3·D(1.00) + 0.3·T(1.00) + 0.25·S(1.00) + 0.15·A(1.00) = 1.000
[monitor_node-6]   - Dependency D: 1.00 (reaches 1 downstream anomalous node(s); 0 anomalous upstream node(s))
[monitor_node-6]   - Temporal   T: 1.00 (first anomaly at t=1789951624.58s; earliest in window = supporting evidence, not proof of causality)
[monitor_node-6]   - Symptom    S: 1.00 (explains 2/2 anomalous nodes)
[monitor_node-6]   - Severity   A: 1.00 (max normalised severity on node, 1 direct anomaly event(s))
[monitor_node-6] 
[monitor_node-6] Propagation Chain (evidence-ordered, via discovered graph edges):
[monitor_node-6]   lidar_node (t=1789951624.58s: /sim/lidar/scan:inter_arrival, sev=1.00)
[monitor_node-6]     └─→ perception_node via /sim/lidar/scan (t=1789951624.59s, +0.01s after lidar_node: /perception/obstacles:inter_arrival)
[monitor_node-6] 
[monitor_node-6] Candidate Ranking & Evidence Comparison:
[monitor_node-6]   #2 perception_node      R=0.529 (Δ -0.471) [first anomaly 0.01s after lidar_node; downstream of lidar_node in discovered graph; lower symptom coverage (50% vs 100%)]
[monitor_node-6]   #3 camera_node          R=0.290 (Δ -0.710) [no direct anomaly observed; does not reach observed symptoms via dependency edges; lower symptom coverage (50% vs 100%)]
[monitor_node-6] ============================================================
[monitor_node-6] [WARN] [1789951629.089453515] [diagnostic_monitor]: ANOMALY on [perception_node] message_timeout: Message timeout on /perception/obstacles: no message for 0.50s (expected ~0.096s, threshold 0.45s, last seen t=1789951628.59) (sev=0.78)
[monitor_node-6] [WARN] [1789951629.090004180] [diagnostic_monitor]: ANOMALY on [lidar_node] message_timeout: Message timeout on /sim/lidar/scan: no message for 0.51s (expected ~0.100s, threshold 0.45s, last seen t=1789951628.58) (sev=0.78)
[monitor_node-6] [WARN] [1789951629.481998605] [diagnostic_monitor]: ANOMALY on [lidar_node] /sim/lidar/scan:inter_arrival: Value 0.3000 deviated from baseline 0.1004±0.0064 (z=31.3, confirmed x2) (sev=1.00)
[monitor_node-6] [WARN] [1789951629.488667783] [diagnostic_monitor]: ANOMALY on [perception_node] /perception/obstacles:inter_arrival: Value 0.3004 deviated from baseline 0.0956±0.0334 (z=6.1, confirmed x2) (sev=0.68)
[monitor_node-6] [WARN] [1789951629.882370905] [diagnostic_monitor]: ANOMALY on [lidar_node] /sim/lidar/scan:inter_arrival: Value 0.4000 deviated from baseline 0.1004±0.0064 (z=46.9, confirmed x3) (sev=1.00)
[monitor_node-6] [WARN] [1789951629.888188640] [diagnostic_monitor]: ANOMALY on [perception_node] /perception/obstacles:inter_arrival: Value 0.3997 deviated from baseline 0.0956±0.0334 (z=9.1, confirmed x3) (sev=1.00)
[monitor_node-6] [WARN] [1789951630.282408666] [diagnostic_monitor]: ANOMALY on [lidar_node] /sim/lidar/scan:inter_arrival: Value 0.4001 deviated from baseline 0.1004±0.0064 (z=46.9, confirmed x4) (sev=1.00)
[monitor_node-6] [WARN] [1789951630.288521986] [diagnostic_monitor]: ANOMALY on [perception_node] /perception/obstacles:inter_arrival: Value 0.4002 deviated from baseline 0.0956±0.0334 (z=9.1, confirmed x4) (sev=1.00)
[sim_world-1] [INFO] [1789951632.521271952] [lidar_node]: lidar_node: degradation "loss" expired
[planning_node-4] [INFO] [1789951635.352482177] [planning_node]: planning_node: faults cleared
[localization_node-3] [INFO] [1789951635.352504042] [localization_node]: localization_node: faults cleared
[perception_node-2] [INFO] [1789951635.352577171] [perception_node]: perception_node: faults cleared
[control_node-5] [INFO] [1789951635.352698860] [control_node]: control_node: faults cleared
[planning_node-4] [INFO] [1789951635.402409111] [planning_node]: planning_node: faults cleared
[control_node-5] [INFO] [1789951635.402429447] [control_node]: control_node: faults cleared
[localization_node-3] [INFO] [1789951635.402435134] [localization_node]: localization_node: faults cleared
[perception_node-2] [INFO] [1789951635.402435730] [perception_node]: perception_node: faults cleared
[planning_node-4] [INFO] [1789951635.773429845] [planning_node]: planning_node: faults cleared
[localization_node-3] [INFO] [1789951635.773461373] [localization_node]: localization_node: faults cleared
[control_node-5] [INFO] [1789951635.773461631] [control_node]: control_node: faults cleared
[perception_node-2] [INFO] [1789951635.773735289] [perception_node]: perception_node: faults cleared
[monitor_node-6] [INFO] [1789951636.590909053] [diagnostic_monitor]: Anomaly window cleared. System operating nominally.
[planning_node-4] [WARN] [1789951641.948813590] [planning_node]: planning_node: degradation "topic_change" param=1 duration=8.0s
[planning_node-4] [WARN] [1789951641.953352433] [planning_node]: planning_node: pose source = odom
[planning_node-4] [WARN] [1789951642.000007085] [planning_node]: planning_node: degradation "topic_change" param=1 duration=8.0s
[planning_node-4] [WARN] [1789951642.002376646] [planning_node]: planning_node: pose source = odom
[planning_node-4] [WARN] [1789951642.049496941] [planning_node]: planning_node: degradation "topic_change" param=1 duration=8.0s
[planning_node-4] [WARN] [1789951642.051775812] [planning_node]: planning_node: pose source = odom
[monitor_node-6] [INFO] [1789951642.590875694] [diagnostic_monitor]: Discovered graph: nodes=['camera_node', 'control_node', 'imu_node', 'lidar_node', 'localization_node', 'odometry_node', 'perception_node', 'planning_node', 'sim_world'] edges=[camera_node->perception_node, control_node->sim_world, imu_node->localization_node, lidar_node->perception_node, odometry_node->localization_node, odometry_node->planning_node, perception_node->localization_node, perception_node->planning_node, planning_node->control_node]
[planning_node-4] [INFO] [1789951650.291579788] [planning_node]: planning_node: degradation "topic_change" expired
[planning_node-4] [WARN] [1789951650.294797490] [planning_node]: planning_node: pose source = localization
[localization_node-3] [INFO] [1789951650.578578368] [localization_node]: localization_node: faults cleared
[perception_node-2] [INFO] [1789951650.578724499] [perception_node]: perception_node: faults cleared
[planning_node-4] [INFO] [1789951650.578737130] [planning_node]: planning_node: faults cleared
[control_node-5] [INFO] [1789951650.578900960] [control_node]: control_node: faults cleared
[sim_world-1] [INFO] [1789951650.579549369] [lidar_node]: lidar_node: faults cleared
[sim_world-1] [INFO] [1789951650.580058054] [odometry_node]: odometry_node: faults cleared
[sim_world-1] [INFO] [1789951650.580486411] [camera_node]: camera_node: faults cleared
[sim_world-1] [INFO] [1789951650.580905786] [imu_node]: imu_node: faults cleared
[monitor_node-6] [INFO] [1789951650.590916400] [diagnostic_monitor]: Discovered graph: nodes=['camera_node', 'control_node', 'imu_node', 'lidar_node', 'localization_node', 'odometry_node', 'perception_node', 'planning_node', 'sim_world'] edges=[camera_node->perception_node, control_node->sim_world, imu_node->localization_node, lidar_node->perception_node, localization_node->planning_node, odometry_node->localization_node, perception_node->localization_node, perception_node->planning_node, planning_node->control_node]
[localization_node-3] [INFO] [1789951650.949891914] [localization_node]: localization_node: faults cleared
[planning_node-4] [INFO] [1789951650.950031929] [planning_node]: planning_node: faults cleared
[sim_world-1] [INFO] [1789951650.950155468] [lidar_node]: lidar_node: faults cleared
[perception_node-2] [INFO] [1789951650.950188559] [perception_node]: perception_node: faults cleared
[control_node-5] [INFO] [1789951650.950225248] [control_node]: control_node: faults cleared
[sim_world-1] [INFO] [1789951650.950610563] [odometry_node]: odometry_node: faults cleared
[sim_world-1] [INFO] [1789951650.950960702] [camera_node]: camera_node: faults cleared
[sim_world-1] [INFO] [1789951650.951332160] [imu_node]: imu_node: faults cleared
[planning_node-4] [INFO] [1789951651.000331355] [planning_node]: planning_node: faults cleared
[localization_node-3] [INFO] [1789951651.000531061] [localization_node]: localization_node: faults cleared
[control_node-5] [INFO] [1789951651.000565785] [control_node]: control_node: faults cleared
[perception_node-2] [INFO] [1789951651.000610620] [perception_node]: perception_node: faults cleared
[sim_world-1] [INFO] [1789951651.000615072] [lidar_node]: lidar_node: faults cleared
[sim_world-1] [INFO] [1789951651.001281330] [odometry_node]: odometry_node: faults cleared
[sim_world-1] [INFO] [1789951651.001773753] [camera_node]: camera_node: faults cleared
[sim_world-1] [INFO] [1789951651.002207574] [imu_node]: imu_node: faults cleared
[planning_node-4] [WARN] [1789951689.339439677] [planning_node]: planning_node: degradation "topic_change" param=1 duration=8.0s
[planning_node-4] [WARN] [1789951689.341692402] [planning_node]: planning_node: pose source = odom
[planning_node-4] [WARN] [1789951689.389990296] [planning_node]: planning_node: degradation "topic_change" param=1 duration=8.0s
[planning_node-4] [WARN] [1789951689.392965291] [planning_node]: planning_node: pose source = odom
[planning_node-4] [WARN] [1789951689.440458928] [planning_node]: planning_node: degradation "topic_change" param=1 duration=8.0s
[planning_node-4] [WARN] [1789951689.443046795] [planning_node]: planning_node: pose source = odom
[monitor_node-6] [INFO] [1789951689.591190698] [diagnostic_monitor]: Discovered graph: nodes=['camera_node', 'control_node', 'imu_node', 'lidar_node', 'localization_node', 'odometry_node', 'perception_node', 'planning_node', 'sim_world'] edges=[camera_node->perception_node, control_node->sim_world, imu_node->localization_node, lidar_node->perception_node, odometry_node->localization_node, odometry_node->planning_node, perception_node->localization_node, perception_node->planning_node, planning_node->control_node]
[planning_node-4] [INFO] [1789951697.541427024] [planning_node]: planning_node: degradation "topic_change" expired
[planning_node-4] [WARN] [1789951697.543771549] [planning_node]: planning_node: pose source = localization
[monitor_node-6] [INFO] [1789951697.589877075] [diagnostic_monitor]: Discovered graph: nodes=['camera_node', 'control_node', 'imu_node', 'lidar_node', 'localization_node', 'odometry_node', 'perception_node', 'planning_node', 'sim_world'] edges=[camera_node->perception_node, control_node->sim_world, imu_node->localization_node, lidar_node->perception_node, localization_node->planning_node, odometry_node->localization_node, perception_node->localization_node, perception_node->planning_node, planning_node->control_node]
[sim_world-1] [WARN] [1789951701.568335191] [camera_node]: camera_node: degradation "restart" param=6 duration=1.0s
[sim_world-1] [WARN] [1789951701.618237512] [camera_node]: camera_node: degradation "restart" param=6 duration=1.0s
[sim_world-1] [WARN] [1789951701.669454072] [camera_node]: camera_node: degradation "restart" param=6 duration=1.0s
[sim_world-1] [WARN] [1789951701.773698621] [sim_world]: sensor node removed from ROS graph: camera_node
[monitor_node-6] [WARN] [1789951702.590980604] [diagnostic_monitor]: ANOMALY on [camera_node] node_crash: Node camera_node absent from ROS 2 graph (process crash or killed); last seen alive t=1789951701.62, missing for 1.0s (sev=1.00)
[monitor_node-6] [FATAL] [1789951702.591596138] [diagnostic_monitor]: CRASH DETECTED: Node camera_node absent from ROS 2 graph (process crash or killed); last seen alive t=1789951701.62, missing for 1.0s
[monitor_node-6] [INFO] [1789951702.594151200] [diagnostic_monitor]: 
[monitor_node-6] ============================================================
[monitor_node-6] ROOT CAUSE DIAGNOSIS: camera_node (Confidence: 1.000)
[monitor_node-6] ============================================================
[monitor_node-6] Score Breakdown  R(C) = wD*D + wT*T + wS*S + wA*A:
[monitor_node-6]   R(camera_node) = 0.3·D(1.00) + 0.3·T(1.00) + 0.25·S(1.00) + 0.15·A(1.00) = 1.000
[monitor_node-6]   - Dependency D: 1.00 (reaches 0 downstream anomalous node(s); 0 anomalous upstream node(s))
[monitor_node-6]   - Temporal   T: 1.00 (first anomaly at t=1789951701.62s; earliest in window = supporting evidence, not proof of causality)
[monitor_node-6]   - Symptom    S: 1.00 (explains 1/1 anomalous nodes)
[monitor_node-6]   - Severity   A: 1.00 (max normalised severity on node, 1 direct anomaly event(s))
[monitor_node-6] 
[monitor_node-6] Propagation Chain (evidence-ordered, via discovered graph edges):
[monitor_node-6]   camera_node (t=1789951701.62s: node_crash, sev=1.00)
[monitor_node-6] 
[monitor_node-6] ============================================================
[monitor_node-6] [WARN] [1789951705.589687879] [diagnostic_monitor]: ANOMALY on [camera_node] node_crash: Node camera_node absent from ROS 2 graph (process crash or killed); last seen alive t=1789951701.62, missing for 4.0s (sev=1.00)
[monitor_node-6] [WARN] [1789951707.591682324] [diagnostic_monitor]: ANOMALY on [camera_node] node_crash: Node camera_node absent from ROS 2 graph (process crash or killed); last seen alive t=1789951701.62, missing for 6.0s (sev=1.00)
[sim_world-1] [INFO] [1789951707.777494984] [sim_world]: sensor node started: camera_node
[monitor_node-6] [INFO] [1789951713.591046671] [diagnostic_monitor]: Anomaly window cleared. System operating nominally.
[localization_node-3] [WARN] [1789951744.061060524] [localization_node]: localization_node: degradation "stop" param=0 duration=1.0s
[localization_node-3] [FATAL] [1789951744.061704912] [localization_node]: localization_node: stop -> exiting process
[INFO] [localization_node-3]: process has finished cleanly [pid 10758]
Task exception was never retrieved
future: <Task finished name='Task-5' coro=<ExecuteLocal.__execute_process() done, defined at /opt/ros/jazzy/lib/python3.12/site-packages/launch/actions/execute_local.py:544> exception=TypeError("'>' not supported between instances of 'LaunchConfiguration' and 'float'")>
Traceback (most recent call last):
  File "/opt/ros/jazzy/lib/python3.12/site-packages/launch/actions/execute_local.py", line 611, in __execute_process
    if self.__respawn_delay is not None and self.__respawn_delay > 0.0:
                                            ^^^^^^^^^^^^^^^^^^^^^^^^^^
TypeError: '>' not supported between instances of 'LaunchConfiguration' and 'float'
[monitor_node-6] [WARN] [1789951744.589688574] [diagnostic_monitor]: ANOMALY on [localization_node] node_crash: Node localization_node absent from ROS 2 graph (process crash or killed); last seen alive t=1789951744.05, missing for 0.5s (sev=1.00)
[monitor_node-6] [FATAL] [1789951744.590132915] [diagnostic_monitor]: CRASH DETECTED: Node localization_node absent from ROS 2 graph (process crash or killed); last seen alive t=1789951744.05, missing for 0.5s
[monitor_node-6] [INFO] [1789951744.591796145] [diagnostic_monitor]: 
[monitor_node-6] ============================================================
[monitor_node-6] ROOT CAUSE DIAGNOSIS: localization_node (Confidence: 1.000)
[monitor_node-6] ============================================================
[monitor_node-6] Score Breakdown  R(C) = wD*D + wT*T + wS*S + wA*A:
[monitor_node-6]   R(localization_node) = 0.3·D(1.00) + 0.3·T(1.00) + 0.25·S(1.00) + 0.15·A(1.00) = 1.000
[monitor_node-6]   - Dependency D: 1.00 (reaches 0 downstream anomalous node(s); 0 anomalous upstream node(s))
[monitor_node-6]   - Temporal   T: 1.00 (first anomaly at t=1789951744.05s; earliest in window = supporting evidence, not proof of causality)
[monitor_node-6]   - Symptom    S: 1.00 (explains 1/1 anomalous nodes)
[monitor_node-6]   - Severity   A: 1.00 (max normalised severity on node, 1 direct anomaly event(s))
[monitor_node-6] 
[monitor_node-6] Propagation Chain (evidence-ordered, via discovered graph edges):
[monitor_node-6]   localization_node (t=1789951744.05s: node_crash, sev=1.00)
[monitor_node-6] 
[monitor_node-6] Candidate Ranking & Evidence Comparison:
[monitor_node-6]   #2 camera_node          R=0.415 (Δ -0.585) [no direct anomaly observed; does not reach observed symptoms via dependency edges]
[monitor_node-6]   #3 imu_node             R=0.415 (Δ -0.585) [no direct anomaly observed; does not reach observed symptoms via dependency edges]
[monitor_node-6]   #4 lidar_node           R=0.415 (Δ -0.585) [no direct anomaly observed; does not reach observed symptoms via dependency edges]
[monitor_node-6] ============================================================
[monitor_node-6] [WARN] [1789951744.612581344] [diagnostic_monitor]: ANOMALY on [planning_node] /planning/path:stale_repeat: Value 1.0000 deviated from baseline 0.0000±0.0001 (z=10000.0, confirmed x2) (sev=1.00)
[monitor_node-6] [WARN] [1789951744.812484678] [diagnostic_monitor]: ANOMALY on [planning_node] /planning/path:stale_repeat: Value 1.0000 deviated from baseline 0.0000±0.0001 (z=10000.0, confirmed x3) (sev=1.00)
[monitor_node-6] [WARN] [1789951745.012248013] [diagnostic_monitor]: ANOMALY on [planning_node] /planning/path:stale_repeat: Value 1.0000 deviated from baseline 0.0000±0.0001 (z=10000.0, confirmed x4) (sev=1.00)
[monitor_node-6] [WARN] [1789951745.212280335] [diagnostic_monitor]: ANOMALY on [planning_node] /planning/path:stale_repeat: Value 1.0000 deviated from baseline 0.0000±0.0001 (z=10000.0, confirmed x5) (sev=1.00)
[monitor_node-6] [WARN] [1789951745.412191031] [diagnostic_monitor]: ANOMALY on [planning_node] /planning/path:stale_repeat: Value 1.0000 deviated from baseline 0.0000±0.0001 (z=10000.0, confirmed x6) (sev=1.00)
[monitor_node-6] [WARN] [1789951745.612349968] [diagnostic_monitor]: ANOMALY on [planning_node] /planning/path:stale_repeat: Value 1.0000 deviated from baseline 0.0000±0.0001 (z=10000.0, confirmed x7) (sev=1.00)
[monitor_node-6] [WARN] [1789951745.812462865] [diagnostic_monitor]: ANOMALY on [planning_node] /planning/path:stale_repeat: Value 1.0000 deviated from baseline 0.0000±0.0001 (z=10000.0, confirmed x8) (sev=1.00)
[monitor_node-6] [WARN] [1789951746.012299964] [diagnostic_monitor]: ANOMALY on [planning_node] /planning/path:stale_repeat: Value 1.0000 deviated from baseline 0.0000±0.0001 (z=10000.0, confirmed x9) (sev=1.00)
[monitor_node-6] [WARN] [1789951746.212452203] [diagnostic_monitor]: ANOMALY on [planning_node] /planning/path:stale_repeat: Value 1.0000 deviated from baseline 0.0000±0.0001 (z=10000.0, confirmed x10) (sev=1.00)
[monitor_node-6] [WARN] [1789951746.412703085] [diagnostic_monitor]: ANOMALY on [planning_node] /planning/path:stale_repeat: Value 1.0000 deviated from baseline 0.0000±0.0001 (z=10000.0, confirmed x11) (sev=1.00)
[monitor_node-6] [WARN] [1789951746.612217066] [diagnostic_monitor]: ANOMALY on [planning_node] /planning/path:stale_repeat: Value 1.0000 deviated from baseline 0.0000±0.0001 (z=10000.0, confirmed x12) (sev=1.00)
[monitor_node-6] [WARN] [1789951746.812039703] [diagnostic_monitor]: ANOMALY on [planning_node] /planning/path:stale_repeat: Value 1.0000 deviated from baseline 0.0000±0.0001 (z=10000.0, confirmed x13) (sev=1.00)
[monitor_node-6] [WARN] [1789951747.012520583] [diagnostic_monitor]: ANOMALY on [planning_node] /planning/path:stale_repeat: Value 1.0000 deviated from baseline 0.0000±0.0001 (z=10000.0, confirmed x14) (sev=1.00)
[monitor_node-6] [WARN] [1789951747.212486461] [diagnostic_monitor]: ANOMALY on [planning_node] /planning/path:stale_repeat: Value 1.0000 deviated from baseline 0.0000±0.0001 (z=10000.0, confirmed x15) (sev=1.00)
[monitor_node-6] [WARN] [1789951747.412154425] [diagnostic_monitor]: ANOMALY on [planning_node] /planning/path:stale_repeat: Value 1.0000 deviated from baseline 0.0000±0.0001 (z=10000.0, confirmed x16) (sev=1.00)
[monitor_node-6] [WARN] [1789951747.589819803] [diagnostic_monitor]: ANOMALY on [localization_node] node_crash: Node localization_node absent from ROS 2 graph (process crash or killed); last seen alive t=1789951744.05, missing for 3.5s (sev=1.00)
[monitor_node-6] [WARN] [1789951747.613347209] [diagnostic_monitor]: ANOMALY on [planning_node] /planning/path:stale_repeat: Value 1.0000 deviated from baseline 0.0000±0.0001 (z=10000.0, confirmed x17) (sev=1.00)
[monitor_node-6] [WARN] [1789951747.812249389] [diagnostic_monitor]: ANOMALY on [planning_node] /planning/path:stale_repeat: Value 1.0000 deviated from baseline 0.0000±0.0001 (z=10000.0, confirmed x18) (sev=1.00)
[monitor_node-6] [WARN] [1789951748.013118865] [diagnostic_monitor]: ANOMALY on [planning_node] /planning/path:stale_repeat: Value 1.0000 deviated from baseline 0.0000±0.0001 (z=10000.0, confirmed x19) (sev=1.00)
[monitor_node-6] [WARN] [1789951748.212136641] [diagnostic_monitor]: ANOMALY on [planning_node] /planning/path:stale_repeat: Value 1.0000 deviated from baseline 0.0000±0.0001 (z=10000.0, confirmed x20) (sev=1.00)
[monitor_node-6] [WARN] [1789951748.412154114] [diagnostic_monitor]: ANOMALY on [planning_node] /planning/path:stale_repeat: Value 1.0000 deviated from baseline 0.0000±0.0001 (z=10000.0, confirmed x21) (sev=1.00)
[monitor_node-6] [WARN] [1789951748.612488786] [diagnostic_monitor]: ANOMALY on [planning_node] /planning/path:stale_repeat: Value 1.0000 deviated from baseline 0.0000±0.0001 (z=10000.0, confirmed x22) (sev=1.00)
[monitor_node-6] [WARN] [1789951748.812219097] [diagnostic_monitor]: ANOMALY on [planning_node] /planning/path:stale_repeat: Value 1.0000 deviated from baseline 0.0000±0.0001 (z=10000.0, confirmed x23) (sev=1.00)
[monitor_node-6] [WARN] [1789951749.012057620] [diagnostic_monitor]: ANOMALY on [planning_node] /planning/path:stale_repeat: Value 1.0000 deviated from baseline 0.0000±0.0001 (z=10000.0, confirmed x24) (sev=1.00)
[monitor_node-6] [WARN] [1789951749.212567766] [diagnostic_monitor]: ANOMALY on [planning_node] /planning/path:stale_repeat: Value 1.0000 deviated from baseline 0.0000±0.0001 (z=10000.0, confirmed x25) (sev=1.00)
[monitor_node-6] [WARN] [1789951749.412306247] [diagnostic_monitor]: ANOMALY on [planning_node] /planning/path:stale_repeat: Value 1.0000 deviated from baseline 0.0000±0.0001 (z=10000.0, confirmed x26) (sev=1.00)
[monitor_node-6] [WARN] [1789951749.612276913] [diagnostic_monitor]: ANOMALY on [planning_node] /planning/path:stale_repeat: Value 1.0000 deviated from baseline 0.0000±0.0001 (z=10000.0, confirmed x27) (sev=1.00)
[monitor_node-6] [WARN] [1789951749.812465316] [diagnostic_monitor]: ANOMALY on [planning_node] /planning/path:stale_repeat: Value 1.0000 deviated from baseline 0.0000±0.0001 (z=10000.0, confirmed x28) (sev=1.00)
[monitor_node-6] [WARN] [1789951750.012386828] [diagnostic_monitor]: ANOMALY on [planning_node] /planning/path:stale_repeat: Value 1.0000 deviated from baseline 0.0000±0.0001 (z=10000.0, confirmed x29) (sev=1.00)
[monitor_node-6] [WARN] [1789951750.212148637] [diagnostic_monitor]: ANOMALY on [planning_node] /planning/path:stale_repeat: Value 1.0000 deviated from baseline 0.0000±0.0001 (z=10000.0, confirmed x30) (sev=1.00)
[monitor_node-6] [WARN] [1789951750.412195801] [diagnostic_monitor]: ANOMALY on [planning_node] /planning/path:stale_repeat: Value 1.0000 deviated from baseline 0.0000±0.0001 (z=10000.0, confirmed x31) (sev=1.00)
[monitor_node-6] [WARN] [1789951750.590074910] [diagnostic_monitor]: ANOMALY on [localization_node] node_crash: Node localization_node absent from ROS 2 graph (process crash or killed); last seen alive t=1789951744.05, missing for 6.5s (sev=1.00)
[monitor_node-6] [WARN] [1789951750.612381792] [diagnostic_monitor]: ANOMALY on [planning_node] /planning/path:stale_repeat: Value 1.0000 deviated from baseline 0.0000±0.0001 (z=10000.0, confirmed x32) (sev=1.00)
[monitor_node-6] [WARN] [1789951750.812022423] [diagnostic_monitor]: ANOMALY on [planning_node] /planning/path:stale_repeat: Value 1.0000 deviated from baseline 0.0000±0.0001 (z=10000.0, confirmed x33) (sev=1.00)
[monitor_node-6] [WARN] [1789951751.012366154] [diagnostic_monitor]: ANOMALY on [planning_node] /planning/path:stale_repeat: Value 1.0000 deviated from baseline 0.0000±0.0001 (z=10000.0, confirmed x34) (sev=1.00)
[monitor_node-6] [WARN] [1789951751.212267804] [diagnostic_monitor]: ANOMALY on [planning_node] /planning/path:stale_repeat: Value 1.0000 deviated from baseline 0.0000±0.0001 (z=10000.0, confirmed x35) (sev=1.00)
[monitor_node-6] [WARN] [1789951751.412146052] [diagnostic_monitor]: ANOMALY on [planning_node] /planning/path:stale_repeat: Value 1.0000 deviated from baseline 0.0000±0.0001 (z=10000.0, confirmed x36) (sev=1.00)
[monitor_node-6] [WARN] [1789951751.612435866] [diagnostic_monitor]: ANOMALY on [planning_node] /planning/path:stale_repeat: Value 1.0000 deviated from baseline 0.0000±0.0001 (z=10000.0, confirmed x37) (sev=1.00)
[monitor_node-6] [WARN] [1789951751.811966319] [diagnostic_monitor]: ANOMALY on [planning_node] /planning/path:stale_repeat: Value 1.0000 deviated from baseline 0.0000±0.0001 (z=10000.0, confirmed x38) (sev=1.00)
[monitor_node-6] [WARN] [1789951752.012227417] [diagnostic_monitor]: ANOMALY on [planning_node] /planning/path:stale_repeat: Value 1.0000 deviated from baseline 0.0000±0.0001 (z=10000.0, confirmed x39) (sev=1.00)
[monitor_node-6] [WARN] [1789951752.212219593] [diagnostic_monitor]: ANOMALY on [planning_node] /planning/path:stale_repeat: Value 1.0000 deviated from baseline 0.0000±0.0001 (z=10000.0, confirmed x40) (sev=1.00)
[monitor_node-6] [WARN] [1789951752.412153873] [diagnostic_monitor]: ANOMALY on [planning_node] /planning/path:stale_repeat: Value 1.0000 deviated from baseline 0.0000±0.0001 (z=10000.0, confirmed x41) (sev=1.00)
[monitor_node-6] [WARN] [1789951752.612620521] [diagnostic_monitor]: ANOMALY on [planning_node] /planning/path:stale_repeat: Value 1.0000 deviated from baseline 0.0000±0.0001 (z=10000.0, confirmed x42) (sev=1.00)
[monitor_node-6] [WARN] [1789951752.812157197] [diagnostic_monitor]: ANOMALY on [planning_node] /planning/path:stale_repeat: Value 1.0000 deviated from baseline 0.0000±0.0001 (z=10000.0, confirmed x43) (sev=1.00)
[monitor_node-6] [WARN] [1789951753.012318014] [diagnostic_monitor]: ANOMALY on [planning_node] /planning/path:stale_repeat: Value 1.0000 deviated from baseline 0.0000±0.0001 (z=10000.0, confirmed x44) (sev=1.00)
[monitor_node-6] [WARN] [1789951753.212355332] [diagnostic_monitor]: ANOMALY on [planning_node] /planning/path:stale_repeat: Value 1.0000 deviated from baseline 0.0000±0.0001 (z=10000.0, confirmed x45) (sev=1.00)
[monitor_node-6] [WARN] [1789951753.412236725] [diagnostic_monitor]: ANOMALY on [planning_node] /planning/path:stale_repeat: Value 1.0000 deviated from baseline 0.0000±0.0001 (z=10000.0, confirmed x46) (sev=1.00)
[monitor_node-6] [WARN] [1789951753.589782612] [diagnostic_monitor]: ANOMALY on [localization_node] node_crash: Node localization_node absent from ROS 2 graph (process crash or killed); last seen alive t=1789951744.05, missing for 9.5s (sev=1.00)
[monitor_node-6] [WARN] [1789951753.612608329] [diagnostic_monitor]: ANOMALY on [planning_node] /planning/path:stale_repeat: Value 1.0000 deviated from baseline 0.0000±0.0001 (z=10000.0, confirmed x47) (sev=1.00)
[monitor_node-6] [WARN] [1789951753.812150655] [diagnostic_monitor]: ANOMALY on [planning_node] /planning/path:stale_repeat: Value 1.0000 deviated from baseline 0.0000±0.0001 (z=10000.0, confirmed x48) (sev=1.00)
[planning_node-4] [INFO] [1789951753.875676498] [planning_node]: planning_node: faults cleared
[sim_world-1] [INFO] [1789951753.875789415] [lidar_node]: lidar_node: faults cleared
[perception_node-2] [INFO] [1789951753.875948393] [perception_node]: perception_node: faults cleared
[control_node-5] [INFO] [1789951753.876081093] [control_node]: control_node: faults cleared
[sim_world-1] [INFO] [1789951753.876639777] [odometry_node]: odometry_node: faults cleared
[sim_world-1] [INFO] [1789951753.877083248] [camera_node]: camera_node: faults cleared
[sim_world-1] [INFO] [1789951753.877560226] [imu_node]: imu_node: faults cleared
[control_node-5] [INFO] [1789951753.926043535] [control_node]: control_node: faults cleared
[planning_node-4] [INFO] [1789951753.926080801] [planning_node]: planning_node: faults cleared
[sim_world-1] [INFO] [1789951753.926202939] [lidar_node]: lidar_node: faults cleared
[perception_node-2] [INFO] [1789951753.926600555] [perception_node]: perception_node: faults cleared
[sim_world-1] [INFO] [1789951753.927152470] [odometry_node]: odometry_node: faults cleared
[sim_world-1] [INFO] [1789951753.927720406] [camera_node]: camera_node: faults cleared
[sim_world-1] [INFO] [1789951753.928404005] [imu_node]: imu_node: faults cleared
[sim_world-1] [INFO] [1789951753.976153922] [lidar_node]: lidar_node: faults cleared
[planning_node-4] [INFO] [1789951753.976241722] [planning_node]: planning_node: faults cleared
[perception_node-2] [INFO] [1789951753.976378992] [perception_node]: perception_node: faults cleared
[control_node-5] [INFO] [1789951753.976425502] [control_node]: control_node: faults cleared
[sim_world-1] [INFO] [1789951753.976941314] [odometry_node]: odometry_node: faults cleared
[sim_world-1] [INFO] [1789951753.977605163] [camera_node]: camera_node: faults cleared
[sim_world-1] [INFO] [1789951753.978076982] [imu_node]: imu_node: faults cleared
[monitor_node-6] [WARN] [1789951754.012197688] [diagnostic_monitor]: ANOMALY on [planning_node] /planning/path:stale_repeat: Value 1.0000 deviated from baseline 0.0000±0.0001 (z=10000.0, confirmed x49) (sev=1.00)
[monitor_node-6] [WARN] [1789951754.212072743] [diagnostic_monitor]: ANOMALY on [planning_node] /planning/path:stale_repeat: Value 1.0000 deviated from baseline 0.0000±0.0001 (z=10000.0, confirmed x50) (sev=1.00)
[monitor_node-6] [WARN] [1789951754.412367488] [diagnostic_monitor]: ANOMALY on [planning_node] /planning/path:stale_repeat: Value 1.0000 deviated from baseline 0.0000±0.0001 (z=10000.0, confirmed x51) (sev=1.00)
[monitor_node-6] [WARN] [1789951754.612203762] [diagnostic_monitor]: ANOMALY on [planning_node] /planning/path:stale_repeat: Value 1.0000 deviated from baseline 0.0000±0.0001 (z=10000.0, confirmed x52) (sev=1.00)
[monitor_node-6] [WARN] [1789951754.812154175] [diagnostic_monitor]: ANOMALY on [planning_node] /planning/path:stale_repeat: Value 1.0000 deviated from baseline 0.0000±0.0001 (z=10000.0, confirmed x53) (sev=1.00)
[monitor_node-6] [WARN] [1789951755.012640608] [diagnostic_monitor]: ANOMALY on [planning_node] /planning/path:stale_repeat: Value 1.0000 deviated from baseline 0.0000±0.0001 (z=10000.0, confirmed x54) (sev=1.00)
[monitor_node-6] [WARN] [1789951755.212068460] [diagnostic_monitor]: ANOMALY on [planning_node] /planning/path:stale_repeat: Value 1.0000 deviated from baseline 0.0000±0.0001 (z=10000.0, confirmed x55) (sev=1.00)
[monitor_node-6] [WARN] [1789951755.412096179] [diagnostic_monitor]: ANOMALY on [planning_node] /planning/path:stale_repeat: Value 1.0000 deviated from baseline 0.0000±0.0001 (z=10000.0, confirmed x56) (sev=1.00)
[monitor_node-6] [WARN] [1789951755.612015869] [diagnostic_monitor]: ANOMALY on [planning_node] /planning/path:stale_repeat: Value 1.0000 deviated from baseline 0.0000±0.0001 (z=10000.0, confirmed x57) (sev=1.00)
[monitor_node-6] [WARN] [1789951755.812247656] [diagnostic_monitor]: ANOMALY on [planning_node] /planning/path:stale_repeat: Value 1.0000 deviated from baseline 0.0000±0.0001 (z=10000.0, confirmed x58) (sev=1.00)
[monitor_node-6] [WARN] [1789951756.014875603] [diagnostic_monitor]: ANOMALY on [planning_node] /planning/path:stale_repeat: Value 1.0000 deviated from baseline 0.0000±0.0001 (z=10000.0, confirmed x59) (sev=1.00)
[monitor_node-6] [WARN] [1789951756.212256031] [diagnostic_monitor]: ANOMALY on [planning_node] /planning/path:stale_repeat: Value 1.0000 deviated from baseline 0.0000±0.0001 (z=10000.0, confirmed x60) (sev=1.00)
[monitor_node-6] [WARN] [1789951756.412022887] [diagnostic_monitor]: ANOMALY on [planning_node] /planning/path:stale_repeat: Value 1.0000 deviated from baseline 0.0000±0.0001 (z=10000.0, confirmed x61) (sev=1.00)
[monitor_node-6] [WARN] [1789951756.589871729] [diagnostic_monitor]: ANOMALY on [localization_node] node_crash: Node localization_node absent from ROS 2 graph (process crash or killed); last seen alive t=1789951744.05, missing for 12.5s (sev=1.00)
[monitor_node-6] [WARN] [1789951756.612375517] [diagnostic_monitor]: ANOMALY on [planning_node] /planning/path:stale_repeat: Value 1.0000 deviated from baseline 0.0000±0.0001 (z=10000.0, confirmed x62) (sev=1.00)
[monitor_node-6] [WARN] [1789951756.812195326] [diagnostic_monitor]: ANOMALY on [planning_node] /planning/path:stale_repeat: Value 1.0000 deviated from baseline 0.0000±0.0001 (z=10000.0, confirmed x63) (sev=1.00)
[monitor_node-6] [WARN] [1789951757.012405760] [diagnostic_monitor]: ANOMALY on [planning_node] /planning/path:stale_repeat: Value 1.0000 deviated from baseline 0.0000±0.0001 (z=10000.0, confirmed x64) (sev=1.00)
[monitor_node-6] [WARN] [1789951757.212325818] [diagnostic_monitor]: ANOMALY on [planning_node] /planning/path:stale_repeat: Value 1.0000 deviated from baseline 0.0000±0.0001 (z=10000.0, confirmed x65) (sev=1.00)
[monitor_node-6] [WARN] [1789951757.412128638] [diagnostic_monitor]: ANOMALY on [planning_node] /planning/path:stale_repeat: Value 1.0000 deviated from baseline 0.0000±0.0001 (z=10000.0, confirmed x66) (sev=1.00)
[monitor_node-6] [WARN] [1789951757.612437122] [diagnostic_monitor]: ANOMALY on [planning_node] /planning/path:stale_repeat: Value 1.0000 deviated from baseline 0.0000±0.0001 (z=10000.0, confirmed x67) (sev=1.00)
[monitor_node-6] [WARN] [1789951757.812222116] [diagnostic_monitor]: ANOMALY on [planning_node] /planning/path:stale_repeat: Value 1.0000 deviated from baseline 0.0000±0.0001 (z=10000.0, confirmed x68) (sev=1.00)
[monitor_node-6] [WARN] [1789951758.012147111] [diagnostic_monitor]: ANOMALY on [planning_node] /planning/path:stale_repeat: Value 1.0000 deviated from baseline 0.0000±0.0001 (z=10000.0, confirmed x69) (sev=1.00)
[monitor_node-6] [WARN] [1789951758.220666183] [diagnostic_monitor]: ANOMALY on [planning_node] /planning/path:stale_repeat: Value 1.0000 deviated from baseline 0.0000±0.0001 (z=10000.0, confirmed x70) (sev=1.00)
[monitor_node-6] [WARN] [1789951758.413090103] [diagnostic_monitor]: ANOMALY on [planning_node] /planning/path:stale_repeat: Value 1.0000 deviated from baseline 0.0000±0.0001 (z=10000.0, confirmed x71) (sev=1.00)
[monitor_node-6] [WARN] [1789951758.612685021] [diagnostic_monitor]: ANOMALY on [planning_node] /planning/path:stale_repeat: Value 1.0000 deviated from baseline 0.0000±0.0001 (z=10000.0, confirmed x72) (sev=1.00)
[monitor_node-6] [WARN] [1789951758.812737507] [diagnostic_monitor]: ANOMALY on [planning_node] /planning/path:stale_repeat: Value 1.0000 deviated from baseline 0.0000±0.0001 (z=10000.0, confirmed x73) (sev=1.00)
[monitor_node-6] [WARN] [1789951759.012241912] [diagnostic_monitor]: ANOMALY on [planning_node] /planning/path:stale_repeat: Value 1.0000 deviated from baseline 0.0000±0.0001 (z=10000.0, confirmed x74) (sev=1.00)
[monitor_node-6] [WARN] [1789951759.212327906] [diagnostic_monitor]: ANOMALY on [planning_node] /planning/path:stale_repeat: Value 1.0000 deviated from baseline 0.0000±0.0001 (z=10000.0, confirmed x75) (sev=1.00)
[monitor_node-6] [WARN] [1789951759.412354666] [diagnostic_monitor]: ANOMALY on [planning_node] /planning/path:stale_repeat: Value 1.0000 deviated from baseline 0.0000±0.0001 (z=10000.0, confirmed x76) (sev=1.00)
[monitor_node-6] [WARN] [1789951759.590250710] [diagnostic_monitor]: ANOMALY on [localization_node] node_crash: Node localization_node absent from ROS 2 graph (process crash or killed); last seen alive t=1789951744.05, missing for 15.5s (sev=1.00)
[monitor_node-6] [WARN] [1789951759.612530552] [diagnostic_monitor]: ANOMALY on [planning_node] /planning/path:stale_repeat: Value 1.0000 deviated from baseline 0.0000±0.0001 (z=10000.0, confirmed x77) (sev=1.00)
[monitor_node-6] [WARN] [1789951759.812722516] [diagnostic_monitor]: ANOMALY on [planning_node] /planning/path:stale_repeat: Value 1.0000 deviated from baseline 0.0000±0.0001 (z=10000.0, confirmed x78) (sev=1.00)
[monitor_node-6] [WARN] [1789951760.012142979] [diagnostic_monitor]: ANOMALY on [planning_node] /planning/path:stale_repeat: Value 1.0000 deviated from baseline 0.0000±0.0001 (z=10000.0, confirmed x79) (sev=1.00)
[monitor_node-6] [WARN] [1789951760.212138218] [diagnostic_monitor]: ANOMALY on [planning_node] /planning/path:stale_repeat: Value 1.0000 deviated from baseline 0.0000±0.0001 (z=10000.0, confirmed x80) (sev=1.00)
[monitor_node-6] [WARN] [1789951760.411991601] [diagnostic_monitor]: ANOMALY on [planning_node] /planning/path:stale_repeat: Value 1.0000 deviated from baseline 0.0000±0.0001 (z=10000.0, confirmed x81) (sev=1.00)
[monitor_node-6] [WARN] [1789951760.612512969] [diagnostic_monitor]: ANOMALY on [planning_node] /planning/path:stale_repeat: Value 1.0000 deviated from baseline 0.0000±0.0001 (z=10000.0, confirmed x82) (sev=1.00)
[monitor_node-6] [WARN] [1789951760.812439659] [diagnostic_monitor]: ANOMALY on [planning_node] /planning/path:stale_repeat: Value 1.0000 deviated from baseline 0.0000±0.0001 (z=10000.0, confirmed x83) (sev=1.00)
[monitor_node-6] [WARN] [1789951761.012448148] [diagnostic_monitor]: ANOMALY on [planning_node] /planning/path:stale_repeat: Value 1.0000 deviated from baseline 0.0000±0.0001 (z=10000.0, confirmed x84) (sev=1.00)
[monitor_node-6] [WARN] [1789951761.212139045] [diagnostic_monitor]: ANOMALY on [planning_node] /planning/path:stale_repeat: Value 1.0000 deviated from baseline 0.0000±0.0001 (z=10000.0, confirmed x85) (sev=1.00)
[monitor_node-6] [WARN] [1789951761.412382155] [diagnostic_monitor]: ANOMALY on [planning_node] /planning/path:stale_repeat: Value 1.0000 deviated from baseline 0.0000±0.0001 (z=10000.0, confirmed x86) (sev=1.00)
[monitor_node-6] [WARN] [1789951761.612474185] [diagnostic_monitor]: ANOMALY on [planning_node] /planning/path:stale_repeat: Value 1.0000 deviated from baseline 0.0000±0.0001 (z=10000.0, confirmed x87) (sev=1.00)
[monitor_node-6] [WARN] [1789951761.812109829] [diagnostic_monitor]: ANOMALY on [planning_node] /planning/path:stale_repeat: Value 1.0000 deviated from baseline 0.0000±0.0001 (z=10000.0, confirmed x88) (sev=1.00)
[monitor_node-6] [WARN] [1789951762.012692929] [diagnostic_monitor]: ANOMALY on [planning_node] /planning/path:stale_repeat: Value 1.0000 deviated from baseline 0.0000±0.0001 (z=10000.0, confirmed x89) (sev=1.00)
[monitor_node-6] [WARN] [1789951762.212303959] [diagnostic_monitor]: ANOMALY on [planning_node] /planning/path:stale_repeat: Value 1.0000 deviated from baseline 0.0000±0.0001 (z=10000.0, confirmed x90) (sev=1.00)
[monitor_node-6] [WARN] [1789951762.412433461] [diagnostic_monitor]: ANOMALY on [planning_node] /planning/path:stale_repeat: Value 1.0000 deviated from baseline 0.0000±0.0001 (z=10000.0, confirmed x91) (sev=1.00)
[monitor_node-6] [WARN] [1789951762.589712001] [diagnostic_monitor]: ANOMALY on [localization_node] node_crash: Node localization_node absent from ROS 2 graph (process crash or killed); last seen alive t=1789951744.05, missing for 18.5s (sev=1.00)
[monitor_node-6] [WARN] [1789951762.612219699] [diagnostic_monitor]: ANOMALY on [planning_node] /planning/path:stale_repeat: Value 1.0000 deviated from baseline 0.0000±0.0001 (z=10000.0, confirmed x92) (sev=1.00)
[monitor_node-6] [WARN] [1789951762.812173073] [diagnostic_monitor]: ANOMALY on [planning_node] /planning/path:stale_repeat: Value 1.0000 deviated from baseline 0.0000±0.0001 (z=10000.0, confirmed x93) (sev=1.00)
[monitor_node-6] [WARN] [1789951763.012234541] [diagnostic_monitor]: ANOMALY on [planning_node] /planning/path:stale_repeat: Value 1.0000 deviated from baseline 0.0000±0.0001 (z=10000.0, confirmed x94) (sev=1.00)
[monitor_node-6] [WARN] [1789951763.212521418] [diagnostic_monitor]: ANOMALY on [planning_node] /planning/path:stale_repeat: Value 1.0000 deviated from baseline 0.0000±0.0001 (z=10000.0, confirmed x95) (sev=1.00)
[monitor_node-6] [WARN] [1789951763.412413909] [diagnostic_monitor]: ANOMALY on [planning_node] /planning/path:stale_repeat: Value 1.0000 deviated from baseline 0.0000±0.0001 (z=10000.0, confirmed x96) (sev=1.00)
[monitor_node-6] [WARN] [1789951763.612398454] [diagnostic_monitor]: ANOMALY on [planning_node] /planning/path:stale_repeat: Value 1.0000 deviated from baseline 0.0000±0.0001 (z=10000.0, confirmed x97) (sev=1.00)
[monitor_node-6] [WARN] [1789951763.812302622] [diagnostic_monitor]: ANOMALY on [planning_node] /planning/path:stale_repeat: Value 1.0000 deviated from baseline 0.0000±0.0001 (z=10000.0, confirmed x98) (sev=1.00)
[monitor_node-6] [WARN] [1789951764.014485670] [diagnostic_monitor]: ANOMALY on [planning_node] /planning/path:stale_repeat: Value 1.0000 deviated from baseline 0.0000±0.0001 (z=10000.0, confirmed x99) (sev=1.00)
[monitor_node-6] [WARN] [1789951764.212261354] [diagnostic_monitor]: ANOMALY on [planning_node] /planning/path:stale_repeat: Value 1.0000 deviated from baseline 0.0000±0.0001 (z=10000.0, confirmed x100) (sev=1.00)
[monitor_node-6] [WARN] [1789951764.412244217] [diagnostic_monitor]: ANOMALY on [planning_node] /planning/path:stale_repeat: Value 1.0000 deviated from baseline 0.0000±0.0001 (z=10000.0, confirmed x101) (sev=1.00)
[monitor_node-6] [WARN] [1789951764.612294116] [diagnostic_monitor]: ANOMALY on [planning_node] /planning/path:stale_repeat: Value 1.0000 deviated from baseline 0.0000±0.0001 (z=10000.0, confirmed x102) (sev=1.00)
[monitor_node-6] [WARN] [1789951764.812106831] [diagnostic_monitor]: ANOMALY on [planning_node] /planning/path:stale_repeat: Value 1.0000 deviated from baseline 0.0000±0.0001 (z=10000.0, confirmed x103) (sev=1.00)
[monitor_node-6] [WARN] [1789951765.012449190] [diagnostic_monitor]: ANOMALY on [planning_node] /planning/path:stale_repeat: Value 1.0000 deviated from baseline 0.0000±0.0001 (z=10000.0, confirmed x104) (sev=1.00)
[monitor_node-6] [WARN] [1789951765.212465642] [diagnostic_monitor]: ANOMALY on [planning_node] /planning/path:stale_repeat: Value 1.0000 deviated from baseline 0.0000±0.0001 (z=10000.0, confirmed x105) (sev=1.00)
[monitor_node-6] [WARN] [1789951765.412243839] [diagnostic_monitor]: ANOMALY on [planning_node] /planning/path:stale_repeat: Value 1.0000 deviated from baseline 0.0000±0.0001 (z=10000.0, confirmed x106) (sev=1.00)
[monitor_node-6] [WARN] [1789951765.590066705] [diagnostic_monitor]: ANOMALY on [localization_node] node_crash: Node localization_node absent from ROS 2 graph (process crash or killed); last seen alive t=1789951744.05, missing for 21.5s (sev=1.00)
[monitor_node-6] [WARN] [1789951765.612389552] [diagnostic_monitor]: ANOMALY on [planning_node] /planning/path:stale_repeat: Value 1.0000 deviated from baseline 0.0000±0.0001 (z=10000.0, confirmed x107) (sev=1.00)
[monitor_node-6] [WARN] [1789951765.812350939] [diagnostic_monitor]: ANOMALY on [planning_node] /planning/path:stale_repeat: Value 1.0000 deviated from baseline 0.0000±0.0001 (z=10000.0, confirmed x108) (sev=1.00)
[monitor_node-6] [WARN] [1789951766.012179573] [diagnostic_monitor]: ANOMALY on [planning_node] /planning/path:stale_repeat: Value 1.0000 deviated from baseline 0.0000±0.0001 (z=10000.0, confirmed x109) (sev=1.00)
[monitor_node-6] [WARN] [1789951766.212362309] [diagnostic_monitor]: ANOMALY on [planning_node] /planning/path:stale_repeat: Value 1.0000 deviated from baseline 0.0000±0.0001 (z=10000.0, confirmed x110) (sev=1.00)
[monitor_node-6] [WARN] [1789951766.412533464] [diagnostic_monitor]: ANOMALY on [planning_node] /planning/path:stale_repeat: Value 1.0000 deviated from baseline 0.0000±0.0001 (z=10000.0, confirmed x111) (sev=1.00)
[monitor_node-6] [WARN] [1789951766.612231787] [diagnostic_monitor]: ANOMALY on [planning_node] /planning/path:stale_repeat: Value 1.0000 deviated from baseline 0.0000±0.0001 (z=10000.0, confirmed x112) (sev=1.00)
[monitor_node-6] [WARN] [1789951766.812471103] [diagnostic_monitor]: ANOMALY on [planning_node] /planning/path:stale_repeat: Value 1.0000 deviated from baseline 0.0000±0.0001 (z=10000.0, confirmed x113) (sev=1.00)
[monitor_node-6] [WARN] [1789951767.012581582] [diagnostic_monitor]: ANOMALY on [planning_node] /planning/path:stale_repeat: Value 1.0000 deviated from baseline 0.0000±0.0001 (z=10000.0, confirmed x114) (sev=1.00)
[monitor_node-6] [WARN] [1789951767.212475661] [diagnostic_monitor]: ANOMALY on [planning_node] /planning/path:stale_repeat: Value 1.0000 deviated from baseline 0.0000±0.0001 (z=10000.0, confirmed x115) (sev=1.00)
[monitor_node-6] [WARN] [1789951767.412280237] [diagnostic_monitor]: ANOMALY on [planning_node] /planning/path:stale_repeat: Value 1.0000 deviated from baseline 0.0000±0.0001 (z=10000.0, confirmed x116) (sev=1.00)
[monitor_node-6] [WARN] [1789951767.612151765] [diagnostic_monitor]: ANOMALY on [planning_node] /planning/path:stale_repeat: Value 1.0000 deviated from baseline 0.0000±0.0001 (z=10000.0, confirmed x117) (sev=1.00)
[monitor_node-6] [WARN] [1789951767.812289208] [diagnostic_monitor]: ANOMALY on [planning_node] /planning/path:stale_repeat: Value 1.0000 deviated from baseline 0.0000±0.0001 (z=10000.0, confirmed x118) (sev=1.00)
[monitor_node-6] [WARN] [1789951768.012366167] [diagnostic_monitor]: ANOMALY on [planning_node] /planning/path:stale_repeat: Value 1.0000 deviated from baseline 0.0000±0.0001 (z=10000.0, confirmed x119) (sev=1.00)
[monitor_node-6] [WARN] [1789951768.212440685] [diagnostic_monitor]: ANOMALY on [planning_node] /planning/path:stale_repeat: Value 1.0000 deviated from baseline 0.0000±0.0001 (z=10000.0, confirmed x120) (sev=1.00)
[monitor_node-6] [WARN] [1789951768.412282867] [diagnostic_monitor]: ANOMALY on [planning_node] /planning/path:stale_repeat: Value 1.0000 deviated from baseline 0.0000±0.0001 (z=10000.0, confirmed x121) (sev=1.00)
[monitor_node-6] [WARN] [1789951768.590010015] [diagnostic_monitor]: ANOMALY on [localization_node] node_crash: Node localization_node absent from ROS 2 graph (process crash or killed); last seen alive t=1789951744.05, missing for 24.5s (sev=1.00)
[monitor_node-6] [WARN] [1789951768.612381533] [diagnostic_monitor]: ANOMALY on [planning_node] /planning/path:stale_repeat: Value 1.0000 deviated from baseline 0.0000±0.0001 (z=10000.0, confirmed x122) (sev=1.00)
[monitor_node-6] [WARN] [1789951768.812661809] [diagnostic_monitor]: ANOMALY on [planning_node] /planning/path:stale_repeat: Value 1.0000 deviated from baseline 0.0000±0.0001 (z=10000.0, confirmed x123) (sev=1.00)
[monitor_node-6] [WARN] [1789951769.012159508] [diagnostic_monitor]: ANOMALY on [planning_node] /planning/path:stale_repeat: Value 1.0000 deviated from baseline 0.0000±0.0001 (z=10000.0, confirmed x124) (sev=1.00)
[monitor_node-6] [WARN] [1789951769.212620896] [diagnostic_monitor]: ANOMALY on [planning_node] /planning/path:stale_repeat: Value 1.0000 deviated from baseline 0.0000±0.0001 (z=10000.0, confirmed x125) (sev=1.00)
[monitor_node-6] [WARN] [1789951769.412260656] [diagnostic_monitor]: ANOMALY on [planning_node] /planning/path:stale_repeat: Value 1.0000 deviated from baseline 0.0000±0.0001 (z=10000.0, confirmed x126) (sev=1.00)
[monitor_node-6] [WARN] [1789951769.612298854] [diagnostic_monitor]: ANOMALY on [planning_node] /planning/path:stale_repeat: Value 1.0000 deviated from baseline 0.0000±0.0001 (z=10000.0, confirmed x127) (sev=1.00)
[monitor_node-6] [WARN] [1789951769.812647038] [diagnostic_monitor]: ANOMALY on [planning_node] /planning/path:stale_repeat: Value 1.0000 deviated from baseline 0.0000±0.0001 (z=10000.0, confirmed x128) (sev=1.00)
[monitor_node-6] [WARN] [1789951770.012536459] [diagnostic_monitor]: ANOMALY on [planning_node] /planning/path:stale_repeat: Value 1.0000 deviated from baseline 0.0000±0.0001 (z=10000.0, confirmed x129) (sev=1.00)
[monitor_node-6] [WARN] [1789951770.212200762] [diagnostic_monitor]: ANOMALY on [planning_node] /planning/path:stale_repeat: Value 1.0000 deviated from baseline 0.0000±0.0001 (z=10000.0, confirmed x130) (sev=1.00)
[monitor_node-6] [WARN] [1789951770.412153933] [diagnostic_monitor]: ANOMALY on [planning_node] /planning/path:stale_repeat: Value 1.0000 deviated from baseline 0.0000±0.0001 (z=10000.0, confirmed x131) (sev=1.00)
[monitor_node-6] [WARN] [1789951770.591044685] [diagnostic_monitor]: ANOMALY on [localization_node] node_crash: Node localization_node absent from ROS 2 graph (process crash or killed); last seen alive t=1789951744.05, missing for 26.5s (sev=1.00)
[monitor_node-6] [WARN] [1789951770.612340722] [diagnostic_monitor]: ANOMALY on [planning_node] /planning/path:stale_repeat: Value 1.0000 deviated from baseline 0.0000±0.0001 (z=10000.0, confirmed x132) (sev=1.00)
[monitor_node-6] [WARN] [1789951770.812459721] [diagnostic_monitor]: ANOMALY on [planning_node] /planning/path:stale_repeat: Value 1.0000 deviated from baseline 0.0000±0.0001 (z=10000.0, confirmed x133) (sev=1.00)
[monitor_node-6] [WARN] [1789951771.012244468] [diagnostic_monitor]: ANOMALY on [planning_node] /planning/path:stale_repeat: Value 1.0000 deviated from baseline 0.0000±0.0001 (z=10000.0, confirmed x134) (sev=1.00)
[monitor_node-6] [WARN] [1789951771.212550068] [diagnostic_monitor]: ANOMALY on [planning_node] /planning/path:stale_repeat: Value 1.0000 deviated from baseline 0.0000±0.0001 (z=10000.0, confirmed x135) (sev=1.00)
[monitor_node-6] [WARN] [1789951771.412373434] [diagnostic_monitor]: ANOMALY on [planning_node] /planning/path:stale_repeat: Value 1.0000 deviated from baseline 0.0000±0.0001 (z=10000.0, confirmed x136) (sev=1.00)
[monitor_node-6] [WARN] [1789951771.612740269] [diagnostic_monitor]: ANOMALY on [planning_node] /planning/path:stale_repeat: Value 1.0000 deviated from baseline 0.0000±0.0001 (z=10000.0, confirmed x137) (sev=1.00)
[monitor_node-6] [WARN] [1789951771.812411344] [diagnostic_monitor]: ANOMALY on [planning_node] /planning/path:stale_repeat: Value 1.0000 deviated from baseline 0.0000±0.0001 (z=10000.0, confirmed x138) (sev=1.00)
[monitor_node-6] [WARN] [1789951772.012405051] [diagnostic_monitor]: ANOMALY on [planning_node] /planning/path:stale_repeat: Value 1.0000 deviated from baseline 0.0000±0.0001 (z=10000.0, confirmed x139) (sev=1.00)
[monitor_node-6] [WARN] [1789951772.212250277] [diagnostic_monitor]: ANOMALY on [planning_node] /planning/path:stale_repeat: Value 1.0000 deviated from baseline 0.0000±0.0001 (z=10000.0, confirmed x140) (sev=1.00)
[monitor_node-6] [WARN] [1789951772.412274148] [diagnostic_monitor]: ANOMALY on [planning_node] /planning/path:stale_repeat: Value 1.0000 deviated from baseline 0.0000±0.0001 (z=10000.0, confirmed x141) (sev=1.00)
[monitor_node-6] [WARN] [1789951772.590069724] [diagnostic_monitor]: ANOMALY on [localization_node] node_crash: Node localization_node absent from ROS 2 graph (process crash or killed); last seen alive t=1789951744.05, missing for 28.5s (sev=1.00)
[monitor_node-6] [WARN] [1789951772.612334098] [diagnostic_monitor]: ANOMALY on [planning_node] /planning/path:stale_repeat: Value 1.0000 deviated from baseline 0.0000±0.0001 (z=10000.0, confirmed x142) (sev=1.00)
[monitor_node-6] [WARN] [1789951772.812166423] [diagnostic_monitor]: ANOMALY on [planning_node] /planning/path:stale_repeat: Value 1.0000 deviated from baseline 0.0000±0.0001 (z=10000.0, confirmed x143) (sev=1.00)
[monitor_node-6] [WARN] [1789951773.012194529] [diagnostic_monitor]: ANOMALY on [planning_node] /planning/path:stale_repeat: Value 1.0000 deviated from baseline 0.0000±0.0001 (z=10000.0, confirmed x144) (sev=1.00)
[monitor_node-6] [WARN] [1789951773.212245030] [diagnostic_monitor]: ANOMALY on [planning_node] /planning/path:stale_repeat: Value 1.0000 deviated from baseline 0.0000±0.0001 (z=10000.0, confirmed x145) (sev=1.00)
[monitor_node-6] [WARN] [1789951773.412303134] [diagnostic_monitor]: ANOMALY on [planning_node] /planning/path:stale_repeat: Value 1.0000 deviated from baseline 0.0000±0.0001 (z=10000.0, confirmed x146) (sev=1.00)
[monitor_node-6] [WARN] [1789951773.612439135] [diagnostic_monitor]: ANOMALY on [planning_node] /planning/path:stale_repeat: Value 1.0000 deviated from baseline 0.0000±0.0001 (z=10000.0, confirmed x147) (sev=1.00)
[monitor_node-6] [WARN] [1789951773.812319709] [diagnostic_monitor]: ANOMALY on [planning_node] /planning/path:stale_repeat: Value 1.0000 deviated from baseline 0.0000±0.0001 (z=10000.0, confirmed x148) (sev=1.00)
[monitor_node-6] [WARN] [1789951774.012264227] [diagnostic_monitor]: ANOMALY on [planning_node] /planning/path:stale_repeat: Value 1.0000 deviated from baseline 0.0000±0.0001 (z=10000.0, confirmed x149) (sev=1.00)
[monitor_node-6] [WARN] [1789951774.211884309] [diagnostic_monitor]: ANOMALY on [planning_node] /planning/path:stale_repeat: Value 1.0000 deviated from baseline 0.0000±0.0001 (z=10000.0, confirmed x150) (sev=1.00)
[monitor_node-6] [WARN] [1789951774.412661302] [diagnostic_monitor]: ANOMALY on [planning_node] /planning/path:stale_repeat: Value 1.0000 deviated from baseline 0.0000±0.0001 (z=10000.0, confirmed x151) (sev=1.00)
[monitor_node-6] [WARN] [1789951774.612547902] [diagnostic_monitor]: ANOMALY on [planning_node] /planning/path:stale_repeat: Value 1.0000 deviated from baseline 0.0000±0.0001 (z=10000.0, confirmed x152) (sev=1.00)
[monitor_node-6] [WARN] [1789951774.812640031] [diagnostic_monitor]: ANOMALY on [planning_node] /planning/path:stale_repeat: Value 1.0000 deviated from baseline 0.0000±0.0001 (z=10000.0, confirmed x153) (sev=1.00)
[monitor_node-6] [WARN] [1789951775.011948968] [diagnostic_monitor]: ANOMALY on [planning_node] /planning/path:stale_repeat: Value 1.0000 deviated from baseline 0.0000±0.0001 (z=10000.0, confirmed x154) (sev=1.00)
[monitor_node-6] [WARN] [1789951775.212229939] [diagnostic_monitor]: ANOMALY on [planning_node] /planning/path:stale_repeat: Value 1.0000 deviated from baseline 0.0000±0.0001 (z=10000.0, confirmed x155) (sev=1.00)
[monitor_node-6] [WARN] [1789951775.412484106] [diagnostic_monitor]: ANOMALY on [planning_node] /planning/path:stale_repeat: Value 1.0000 deviated from baseline 0.0000±0.0001 (z=10000.0, confirmed x156) (sev=1.00)
[monitor_node-6] [WARN] [1789951775.589738971] [diagnostic_monitor]: ANOMALY on [localization_node] node_crash: Node localization_node absent from ROS 2 graph (process crash or killed); last seen alive t=1789951744.05, missing for 31.5s (sev=1.00)
[monitor_node-6] [WARN] [1789951775.612332304] [diagnostic_monitor]: ANOMALY on [planning_node] /planning/path:stale_repeat: Value 1.0000 deviated from baseline 0.0000±0.0001 (z=10000.0, confirmed x157) (sev=1.00)
[monitor_node-6] [WARN] [1789951775.812809994] [diagnostic_monitor]: ANOMALY on [planning_node] /planning/path:stale_repeat: Value 1.0000 deviated from baseline 0.0000±0.0001 (z=10000.0, confirmed x158) (sev=1.00)
[monitor_node-6] [WARN] [1789951776.012260210] [diagnostic_monitor]: ANOMALY on [planning_node] /planning/path:stale_repeat: Value 1.0000 deviated from baseline 0.0000±0.0001 (z=10000.0, confirmed x159) (sev=1.00)
[monitor_node-6] [WARN] [1789951776.212337180] [diagnostic_monitor]: ANOMALY on [planning_node] /planning/path:stale_repeat: Value 1.0000 deviated from baseline 0.0000±0.0001 (z=10000.0, confirmed x160) (sev=1.00)
[monitor_node-6] [WARN] [1789951776.412112771] [diagnostic_monitor]: ANOMALY on [planning_node] /planning/path:stale_repeat: Value 1.0000 deviated from baseline 0.0000±0.0001 (z=10000.0, confirmed x161) (sev=1.00)
[monitor_node-6] [WARN] [1789951776.612204867] [diagnostic_monitor]: ANOMALY on [planning_node] /planning/path:stale_repeat: Value 1.0000 deviated from baseline 0.0000±0.0001 (z=10000.0, confirmed x162) (sev=1.00)
[monitor_node-6] [WARN] [1789951776.812200221] [diagnostic_monitor]: ANOMALY on [planning_node] /planning/path:stale_repeat: Value 1.0000 deviated from baseline 0.0000±0.0001 (z=10000.0, confirmed x163) (sev=1.00)
[monitor_node-6] [WARN] [1789951777.012342342] [diagnostic_monitor]: ANOMALY on [planning_node] /planning/path:stale_repeat: Value 1.0000 deviated from baseline 0.0000±0.0001 (z=10000.0, confirmed x164) (sev=1.00)
[monitor_node-6] [WARN] [1789951777.212336459] [diagnostic_monitor]: ANOMALY on [planning_node] /planning/path:stale_repeat: Value 1.0000 deviated from baseline 0.0000±0.0001 (z=10000.0, confirmed x165) (sev=1.00)
[monitor_node-6] [WARN] [1789951777.412610549] [diagnostic_monitor]: ANOMALY on [planning_node] /planning/path:stale_repeat: Value 1.0000 deviated from baseline 0.0000±0.0001 (z=10000.0, confirmed x166) (sev=1.00)
[monitor_node-6] [WARN] [1789951777.612387790] [diagnostic_monitor]: ANOMALY on [planning_node] /planning/path:stale_repeat: Value 1.0000 deviated from baseline 0.0000±0.0001 (z=10000.0, confirmed x167) (sev=1.00)
[monitor_node-6] [WARN] [1789951777.812236376] [diagnostic_monitor]: ANOMALY on [planning_node] /planning/path:stale_repeat: Value 1.0000 deviated from baseline 0.0000±0.0001 (z=10000.0, confirmed x168) (sev=1.00)
[monitor_node-6] [WARN] [1789951778.012116114] [diagnostic_monitor]: ANOMALY on [planning_node] /planning/path:stale_repeat: Value 1.0000 deviated from baseline 0.0000±0.0001 (z=10000.0, confirmed x169) (sev=1.00)
[monitor_node-6] [WARN] [1789951778.212762564] [diagnostic_monitor]: ANOMALY on [planning_node] /planning/path:stale_repeat: Value 1.0000 deviated from baseline 0.0000±0.0001 (z=10000.0, confirmed x170) (sev=1.00)
[monitor_node-6] [WARN] [1789951778.412259579] [diagnostic_monitor]: ANOMALY on [planning_node] /planning/path:stale_repeat: Value 1.0000 deviated from baseline 0.0000±0.0001 (z=10000.0, confirmed x171) (sev=1.00)
[monitor_node-6] [WARN] [1789951778.589678998] [diagnostic_monitor]: ANOMALY on [localization_node] node_crash: Node localization_node absent from ROS 2 graph (process crash or killed); last seen alive t=1789951744.05, missing for 34.5s (sev=1.00)
[monitor_node-6] [WARN] [1789951778.612302497] [diagnostic_monitor]: ANOMALY on [planning_node] /planning/path:stale_repeat: Value 1.0000 deviated from baseline 0.0000±0.0001 (z=10000.0, confirmed x172) (sev=1.00)
[monitor_node-6] [WARN] [1789951778.812480594] [diagnostic_monitor]: ANOMALY on [planning_node] /planning/path:stale_repeat: Value 1.0000 deviated from baseline 0.0000±0.0001 (z=10000.0, confirmed x173) (sev=1.00)
[monitor_node-6] [WARN] [1789951779.012277151] [diagnostic_monitor]: ANOMALY on [planning_node] /planning/path:stale_repeat: Value 1.0000 deviated from baseline 0.0000±0.0001 (z=10000.0, confirmed x174) (sev=1.00)
[monitor_node-6] [WARN] [1789951779.212436537] [diagnostic_monitor]: ANOMALY on [planning_node] /planning/path:stale_repeat: Value 1.0000 deviated from baseline 0.0000±0.0001 (z=10000.0, confirmed x175) (sev=1.00)
[monitor_node-6] [WARN] [1789951779.412086108] [diagnostic_monitor]: ANOMALY on [planning_node] /planning/path:stale_repeat: Value 1.0000 deviated from baseline 0.0000±0.0001 (z=10000.0, confirmed x176) (sev=1.00)
[monitor_node-6] [WARN] [1789951779.612212448] [diagnostic_monitor]: ANOMALY on [planning_node] /planning/path:stale_repeat: Value 1.0000 deviated from baseline 0.0000±0.0001 (z=10000.0, confirmed x177) (sev=1.00)
[monitor_node-6] [WARN] [1789951779.812473226] [diagnostic_monitor]: ANOMALY on [planning_node] /planning/path:stale_repeat: Value 1.0000 deviated from baseline 0.0000±0.0001 (z=10000.0, confirmed x178) (sev=1.00)
[monitor_node-6] [WARN] [1789951780.012203715] [diagnostic_monitor]: ANOMALY on [planning_node] /planning/path:stale_repeat: Value 1.0000 deviated from baseline 0.0000±0.0001 (z=10000.0, confirmed x179) (sev=1.00)
[monitor_node-6] [WARN] [1789951780.212278775] [diagnostic_monitor]: ANOMALY on [planning_node] /planning/path:stale_repeat: Value 1.0000 deviated from baseline 0.0000±0.0001 (z=10000.0, confirmed x180) (sev=1.00)
[monitor_node-6] [WARN] [1789951780.412582011] [diagnostic_monitor]: ANOMALY on [planning_node] /planning/path:stale_repeat: Value 1.0000 deviated from baseline 0.0000±0.0001 (z=10000.0, confirmed x181) (sev=1.00)
[monitor_node-6] [WARN] [1789951780.590748163] [diagnostic_monitor]: ANOMALY on [localization_node] node_crash: Node localization_node absent from ROS 2 graph (process crash or killed); last seen alive t=1789951744.05, missing for 36.5s (sev=1.00)
[monitor_node-6] [WARN] [1789951780.612238047] [diagnostic_monitor]: ANOMALY on [planning_node] /planning/path:stale_repeat: Value 1.0000 deviated from baseline 0.0000±0.0001 (z=10000.0, confirmed x182) (sev=1.00)
[monitor_node-6] [WARN] [1789951780.812237280] [diagnostic_monitor]: ANOMALY on [planning_node] /planning/path:stale_repeat: Value 1.0000 deviated from baseline 0.0000±0.0001 (z=10000.0, confirmed x183) (sev=1.00)
[monitor_node-6] [WARN] [1789951781.012207840] [diagnostic_monitor]: ANOMALY on [planning_node] /planning/path:stale_repeat: Value 1.0000 deviated from baseline 0.0000±0.0001 (z=10000.0, confirmed x184) (sev=1.00)
[monitor_node-6] [WARN] [1789951781.212590983] [diagnostic_monitor]: ANOMALY on [planning_node] /planning/path:stale_repeat: Value 1.0000 deviated from baseline 0.0000±0.0001 (z=10000.0, confirmed x185) (sev=1.00)
[monitor_node-6] [WARN] [1789951781.412349125] [diagnostic_monitor]: ANOMALY on [planning_node] /planning/path:stale_repeat: Value 1.0000 deviated from baseline 0.0000±0.0001 (z=10000.0, confirmed x186) (sev=1.00)
[monitor_node-6] [WARN] [1789951781.612181544] [diagnostic_monitor]: ANOMALY on [planning_node] /planning/path:stale_repeat: Value 1.0000 deviated from baseline 0.0000±0.0001 (z=10000.0, confirmed x187) (sev=1.00)
[monitor_node-6] [WARN] [1789951781.812602460] [diagnostic_monitor]: ANOMALY on [planning_node] /planning/path:stale_repeat: Value 1.0000 deviated from baseline 0.0000±0.0001 (z=10000.0, confirmed x188) (sev=1.00)
[monitor_node-6] [WARN] [1789951782.012382087] [diagnostic_monitor]: ANOMALY on [planning_node] /planning/path:stale_repeat: Value 1.0000 deviated from baseline 0.0000±0.0001 (z=10000.0, confirmed x189) (sev=1.00)
[monitor_node-6] [WARN] [1789951782.212363552] [diagnostic_monitor]: ANOMALY on [planning_node] /planning/path:stale_repeat: Value 1.0000 deviated from baseline 0.0000±0.0001 (z=10000.0, confirmed x190) (sev=1.00)
[monitor_node-6] [WARN] [1789951782.412061045] [diagnostic_monitor]: ANOMALY on [planning_node] /planning/path:stale_repeat: Value 1.0000 deviated from baseline 0.0000±0.0001 (z=10000.0, confirmed x191) (sev=1.00)
[monitor_node-6] [WARN] [1789951782.612410182] [diagnostic_monitor]: ANOMALY on [planning_node] /planning/path:stale_repeat: Value 1.0000 deviated from baseline 0.0000±0.0001 (z=10000.0, confirmed x192) (sev=1.00)
[monitor_node-6] [WARN] [1789951782.812258968] [diagnostic_monitor]: ANOMALY on [planning_node] /planning/path:stale_repeat: Value 1.0000 deviated from baseline 0.0000±0.0001 (z=10000.0, confirmed x193) (sev=1.00)
[monitor_node-6] [WARN] [1789951783.012723321] [diagnostic_monitor]: ANOMALY on [planning_node] /planning/path:stale_repeat: Value 1.0000 deviated from baseline 0.0000±0.0001 (z=10000.0, confirmed x194) (sev=1.00)
[monitor_node-6] [WARN] [1789951783.212245405] [diagnostic_monitor]: ANOMALY on [planning_node] /planning/path:stale_repeat: Value 1.0000 deviated from baseline 0.0000±0.0001 (z=10000.0, confirmed x195) (sev=1.00)
[monitor_node-6] [WARN] [1789951783.412237055] [diagnostic_monitor]: ANOMALY on [planning_node] /planning/path:stale_repeat: Value 1.0000 deviated from baseline 0.0000±0.0001 (z=10000.0, confirmed x196) (sev=1.00)
[monitor_node-6] [WARN] [1789951783.589772502] [diagnostic_monitor]: ANOMALY on [localization_node] node_crash: Node localization_node absent from ROS 2 graph (process crash or killed); last seen alive t=1789951744.05, missing for 39.5s (sev=1.00)
[monitor_node-6] [WARN] [1789951783.612736256] [diagnostic_monitor]: ANOMALY on [planning_node] /planning/path:stale_repeat: Value 1.0000 deviated from baseline 0.0000±0.0001 (z=10000.0, confirmed x197) (sev=1.00)
[monitor_node-6] [WARN] [1789951783.812593747] [diagnostic_monitor]: ANOMALY on [planning_node] /planning/path:stale_repeat: Value 1.0000 deviated from baseline 0.0000±0.0001 (z=10000.0, confirmed x198) (sev=1.00)
[monitor_node-6] [WARN] [1789951784.012162353] [diagnostic_monitor]: ANOMALY on [planning_node] /planning/path:stale_repeat: Value 1.0000 deviated from baseline 0.0000±0.0001 (z=10000.0, confirmed x199) (sev=1.00)
[monitor_node-6] [WARN] [1789951784.212579675] [diagnostic_monitor]: ANOMALY on [planning_node] /planning/path:stale_repeat: Value 1.0000 deviated from baseline 0.0000±0.0001 (z=10000.0, confirmed x200) (sev=1.00)
[monitor_node-6] [WARN] [1789951784.412181728] [diagnostic_monitor]: ANOMALY on [planning_node] /planning/path:stale_repeat: Value 1.0000 deviated from baseline 0.0000±0.0001 (z=10000.0, confirmed x201) (sev=1.00)
[monitor_node-6] [WARN] [1789951784.612436471] [diagnostic_monitor]: ANOMALY on [planning_node] /planning/path:stale_repeat: Value 1.0000 deviated from baseline 0.0000±0.0001 (z=10000.0, confirmed x202) (sev=1.00)
[monitor_node-6] [WARN] [1789951784.812127886] [diagnostic_monitor]: ANOMALY on [planning_node] /planning/path:stale_repeat: Value 1.0000 deviated from baseline 0.0000±0.0001 (z=10000.0, confirmed x203) (sev=1.00)
[monitor_node-6] [WARN] [1789951785.011999891] [diagnostic_monitor]: ANOMALY on [planning_node] /planning/path:stale_repeat: Value 1.0000 deviated from baseline 0.0000±0.0001 (z=10000.0, confirmed x204) (sev=1.00)
[monitor_node-6] [WARN] [1789951785.212171042] [diagnostic_monitor]: ANOMALY on [planning_node] /planning/path:stale_repeat: Value 1.0000 deviated from baseline 0.0000±0.0001 (z=10000.0, confirmed x205) (sev=1.00)
[monitor_node-6] [WARN] [1789951785.412323996] [diagnostic_monitor]: ANOMALY on [planning_node] /planning/path:stale_repeat: Value 1.0000 deviated from baseline 0.0000±0.0001 (z=10000.0, confirmed x206) (sev=1.00)
[monitor_node-6] [WARN] [1789951785.589896699] [diagnostic_monitor]: ANOMALY on [localization_node] node_crash: Node localization_node absent from ROS 2 graph (process crash or killed); last seen alive t=1789951744.05, missing for 41.5s (sev=1.00)
[monitor_node-6] [WARN] [1789951785.612500973] [diagnostic_monitor]: ANOMALY on [planning_node] /planning/path:stale_repeat: Value 1.0000 deviated from baseline 0.0000±0.0001 (z=10000.0, confirmed x207) (sev=1.00)
[monitor_node-6] [WARN] [1789951785.812140515] [diagnostic_monitor]: ANOMALY on [planning_node] /planning/path:stale_repeat: Value 1.0000 deviated from baseline 0.0000±0.0001 (z=10000.0, confirmed x208) (sev=1.00)
[monitor_node-6] [WARN] [1789951786.012123464] [diagnostic_monitor]: ANOMALY on [planning_node] /planning/path:stale_repeat: Value 1.0000 deviated from baseline 0.0000±0.0001 (z=10000.0, confirmed x209) (sev=1.00)
[monitor_node-6] [WARN] [1789951786.212068221] [diagnostic_monitor]: ANOMALY on [planning_node] /planning/path:stale_repeat: Value 1.0000 deviated from baseline 0.0000±0.0001 (z=10000.0, confirmed x210) (sev=1.00)
[monitor_node-6] [WARN] [1789951786.412145324] [diagnostic_monitor]: ANOMALY on [planning_node] /planning/path:stale_repeat: Value 1.0000 deviated from baseline 0.0000±0.0001 (z=10000.0, confirmed x211) (sev=1.00)
[monitor_node-6] [WARN] [1789951786.612106659] [diagnostic_monitor]: ANOMALY on [planning_node] /planning/path:stale_repeat: Value 1.0000 deviated from baseline 0.0000±0.0001 (z=10000.0, confirmed x212) (sev=1.00)
[monitor_node-6] [WARN] [1789951786.812374404] [diagnostic_monitor]: ANOMALY on [planning_node] /planning/path:stale_repeat: Value 1.0000 deviated from baseline 0.0000±0.0001 (z=10000.0, confirmed x213) (sev=1.00)
[monitor_node-6] [WARN] [1789951787.013196013] [diagnostic_monitor]: ANOMALY on [planning_node] /planning/path:stale_repeat: Value 1.0000 deviated from baseline 0.0000±0.0001 (z=10000.0, confirmed x214) (sev=1.00)
[monitor_node-6] [WARN] [1789951787.212707869] [diagnostic_monitor]: ANOMALY on [planning_node] /planning/path:stale_repeat: Value 1.0000 deviated from baseline 0.0000±0.0001 (z=10000.0, confirmed x215) (sev=1.00)
[monitor_node-6] [WARN] [1789951787.412172811] [diagnostic_monitor]: ANOMALY on [planning_node] /planning/path:stale_repeat: Value 1.0000 deviated from baseline 0.0000±0.0001 (z=10000.0, confirmed x216) (sev=1.00)
[monitor_node-6] [WARN] [1789951787.612253824] [diagnostic_monitor]: ANOMALY on [planning_node] /planning/path:stale_repeat: Value 1.0000 deviated from baseline 0.0000±0.0001 (z=10000.0, confirmed x217) (sev=1.00)
[monitor_node-6] [WARN] [1789951787.812156285] [diagnostic_monitor]: ANOMALY on [planning_node] /planning/path:stale_repeat: Value 1.0000 deviated from baseline 0.0000±0.0001 (z=10000.0, confirmed x218) (sev=1.00)
[monitor_node-6] [WARN] [1789951788.012090717] [diagnostic_monitor]: ANOMALY on [planning_node] /planning/path:stale_repeat: Value 1.0000 deviated from baseline 0.0000±0.0001 (z=10000.0, confirmed x219) (sev=1.00)
[monitor_node-6] [WARN] [1789951788.212294010] [diagnostic_monitor]: ANOMALY on [planning_node] /planning/path:stale_repeat: Value 1.0000 deviated from baseline 0.0000±0.0001 (z=10000.0, confirmed x220) (sev=1.00)
[monitor_node-6] [WARN] [1789951788.412170669] [diagnostic_monitor]: ANOMALY on [planning_node] /planning/path:stale_repeat: Value 1.0000 deviated from baseline 0.0000±0.0001 (z=10000.0, confirmed x221) (sev=1.00)
[monitor_node-6] [WARN] [1789951788.589747068] [diagnostic_monitor]: ANOMALY on [localization_node] node_crash: Node localization_node absent from ROS 2 graph (process crash or killed); last seen alive t=1789951744.05, missing for 44.5s (sev=1.00)
[monitor_node-6] [WARN] [1789951788.612157925] [diagnostic_monitor]: ANOMALY on [planning_node] /planning/path:stale_repeat: Value 1.0000 deviated from baseline 0.0000±0.0001 (z=10000.0, confirmed x222) (sev=1.00)
[monitor_node-6] [WARN] [1789951788.812211065] [diagnostic_monitor]: ANOMALY on [planning_node] /planning/path:stale_repeat: Value 1.0000 deviated from baseline 0.0000±0.0001 (z=10000.0, confirmed x223) (sev=1.00)
[monitor_node-6] [WARN] [1789951789.012418404] [diagnostic_monitor]: ANOMALY on [planning_node] /planning/path:stale_repeat: Value 1.0000 deviated from baseline 0.0000±0.0001 (z=10000.0, confirmed x224) (sev=1.00)
[monitor_node-6] [WARN] [1789951789.212624774] [diagnostic_monitor]: ANOMALY on [planning_node] /planning/path:stale_repeat: Value 1.0000 deviated from baseline 0.0000±0.0001 (z=10000.0, confirmed x225) (sev=1.00)
[monitor_node-6] [WARN] [1789951789.412394055] [diagnostic_monitor]: ANOMALY on [planning_node] /planning/path:stale_repeat: Value 1.0000 deviated from baseline 0.0000±0.0001 (z=10000.0, confirmed x226) (sev=1.00)
[monitor_node-6] [WARN] [1789951789.612694497] [diagnostic_monitor]: ANOMALY on [planning_node] /planning/path:stale_repeat: Value 1.0000 deviated from baseline 0.0000±0.0001 (z=10000.0, confirmed x227) (sev=1.00)
[monitor_node-6] [WARN] [1789951789.812102300] [diagnostic_monitor]: ANOMALY on [planning_node] /planning/path:stale_repeat: Value 1.0000 deviated from baseline 0.0000±0.0001 (z=10000.0, confirmed x228) (sev=1.00)
[monitor_node-6] [WARN] [1789951790.012056448] [diagnostic_monitor]: ANOMALY on [planning_node] /planning/path:stale_repeat: Value 1.0000 deviated from baseline 0.0000±0.0001 (z=10000.0, confirmed x229) (sev=1.00)
[monitor_node-6] [WARN] [1789951790.212427992] [diagnostic_monitor]: ANOMALY on [planning_node] /planning/path:stale_repeat: Value 1.0000 deviated from baseline 0.0000±0.0001 (z=10000.0, confirmed x230) (sev=1.00)
[monitor_node-6] [WARN] [1789951790.411971686] [diagnostic_monitor]: ANOMALY on [planning_node] /planning/path:stale_repeat: Value 1.0000 deviated from baseline 0.0000±0.0001 (z=10000.0, confirmed x231) (sev=1.00)
[monitor_node-6] [WARN] [1789951790.589849936] [diagnostic_monitor]: ANOMALY on [localization_node] node_crash: Node localization_node absent from ROS 2 graph (process crash or killed); last seen alive t=1789951744.05, missing for 46.5s (sev=1.00)
[monitor_node-6] [WARN] [1789951790.612500662] [diagnostic_monitor]: ANOMALY on [planning_node] /planning/path:stale_repeat: Value 1.0000 deviated from baseline 0.0000±0.0001 (z=10000.0, confirmed x232) (sev=1.00)
[monitor_node-6] [WARN] [1789951790.812313971] [diagnostic_monitor]: ANOMALY on [planning_node] /planning/path:stale_repeat: Value 1.0000 deviated from baseline 0.0000±0.0001 (z=10000.0, confirmed x233) (sev=1.00)
[monitor_node-6] [WARN] [1789951791.012241456] [diagnostic_monitor]: ANOMALY on [planning_node] /planning/path:stale_repeat: Value 1.0000 deviated from baseline 0.0000±0.0001 (z=10000.0, confirmed x234) (sev=1.00)
[monitor_node-6] [WARN] [1789951791.212118909] [diagnostic_monitor]: ANOMALY on [planning_node] /planning/path:stale_repeat: Value 1.0000 deviated from baseline 0.0000±0.0001 (z=10000.0, confirmed x235) (sev=1.00)
[monitor_node-6] [WARN] [1789951791.412221133] [diagnostic_monitor]: ANOMALY on [planning_node] /planning/path:stale_repeat: Value 1.0000 deviated from baseline 0.0000±0.0001 (z=10000.0, confirmed x236) (sev=1.00)
[monitor_node-6] [WARN] [1789951791.612197096] [diagnostic_monitor]: ANOMALY on [planning_node] /planning/path:stale_repeat: Value 1.0000 deviated from baseline 0.0000±0.0001 (z=10000.0, confirmed x237) (sev=1.00)
[monitor_node-6] [WARN] [1789951791.812247163] [diagnostic_monitor]: ANOMALY on [planning_node] /planning/path:stale_repeat: Value 1.0000 deviated from baseline 0.0000±0.0001 (z=10000.0, confirmed x238) (sev=1.00)
[monitor_node-6] [WARN] [1789951792.012209077] [diagnostic_monitor]: ANOMALY on [planning_node] /planning/path:stale_repeat: Value 1.0000 deviated from baseline 0.0000±0.0001 (z=10000.0, confirmed x239) (sev=1.00)
[monitor_node-6] [WARN] [1789951792.212254369] [diagnostic_monitor]: ANOMALY on [planning_node] /planning/path:stale_repeat: Value 1.0000 deviated from baseline 0.0000±0.0001 (z=10000.0, confirmed x240) (sev=1.00)
[monitor_node-6] [WARN] [1789951792.412528937] [diagnostic_monitor]: ANOMALY on [planning_node] /planning/path:stale_repeat: Value 1.0000 deviated from baseline 0.0000±0.0001 (z=10000.0, confirmed x241) (sev=1.00)
[monitor_node-6] [WARN] [1789951792.612350582] [diagnostic_monitor]: ANOMALY on [planning_node] /planning/path:stale_repeat: Value 1.0000 deviated from baseline 0.0000±0.0001 (z=10000.0, confirmed x242) (sev=1.00)
[monitor_node-6] [WARN] [1789951792.812385868] [diagnostic_monitor]: ANOMALY on [planning_node] /planning/path:stale_repeat: Value 1.0000 deviated from baseline 0.0000±0.0001 (z=10000.0, confirmed x243) (sev=1.00)
[monitor_node-6] [WARN] [1789951793.012508254] [diagnostic_monitor]: ANOMALY on [planning_node] /planning/path:stale_repeat: Value 1.0000 deviated from baseline 0.0000±0.0001 (z=10000.0, confirmed x244) (sev=1.00)
[monitor_node-6] [WARN] [1789951793.212133129] [diagnostic_monitor]: ANOMALY on [planning_node] /planning/path:stale_repeat: Value 1.0000 deviated from baseline 0.0000±0.0001 (z=10000.0, confirmed x245) (sev=1.00)
[monitor_node-6] [WARN] [1789951793.412668490] [diagnostic_monitor]: ANOMALY on [planning_node] /planning/path:stale_repeat: Value 1.0000 deviated from baseline 0.0000±0.0001 (z=10000.0, confirmed x246) (sev=1.00)
[monitor_node-6] [WARN] [1789951793.589578546] [diagnostic_monitor]: ANOMALY on [localization_node] node_crash: Node localization_node absent from ROS 2 graph (process crash or killed); last seen alive t=1789951744.05, missing for 49.5s (sev=1.00)
[monitor_node-6] [WARN] [1789951793.612300723] [diagnostic_monitor]: ANOMALY on [planning_node] /planning/path:stale_repeat: Value 1.0000 deviated from baseline 0.0000±0.0001 (z=10000.0, confirmed x247) (sev=1.00)
[monitor_node-6] [WARN] [1789951793.812553741] [diagnostic_monitor]: ANOMALY on [planning_node] /planning/path:stale_repeat: Value 1.0000 deviated from baseline 0.0000±0.0001 (z=10000.0, confirmed x248) (sev=1.00)
[monitor_node-6] [WARN] [1789951794.012357423] [diagnostic_monitor]: ANOMALY on [planning_node] /planning/path:stale_repeat: Value 1.0000 deviated from baseline 0.0000±0.0001 (z=10000.0, confirmed x249) (sev=1.00)
[monitor_node-6] [WARN] [1789951794.212159342] [diagnostic_monitor]: ANOMALY on [planning_node] /planning/path:stale_repeat: Value 1.0000 deviated from baseline 0.0000±0.0001 (z=10000.0, confirmed x250) (sev=1.00)
[monitor_node-6] [WARN] [1789951794.412714989] [diagnostic_monitor]: ANOMALY on [planning_node] /planning/path:stale_repeat: Value 1.0000 deviated from baseline 0.0000±0.0001 (z=10000.0, confirmed x251) (sev=1.00)
[monitor_node-6] [WARN] [1789951794.612394531] [diagnostic_monitor]: ANOMALY on [planning_node] /planning/path:stale_repeat: Value 1.0000 deviated from baseline 0.0000±0.0001 (z=10000.0, confirmed x252) (sev=1.00)
[monitor_node-6] [WARN] [1789951794.812230109] [diagnostic_monitor]: ANOMALY on [planning_node] /planning/path:stale_repeat: Value 1.0000 deviated from baseline 0.0000±0.0001 (z=10000.0, confirmed x253) (sev=1.00)
[monitor_node-6] [WARN] [1789951795.012347253] [diagnostic_monitor]: ANOMALY on [planning_node] /planning/path:stale_repeat: Value 1.0000 deviated from baseline 0.0000±0.0001 (z=10000.0, confirmed x254) (sev=1.00)
[monitor_node-6] [WARN] [1789951795.212181731] [diagnostic_monitor]: ANOMALY on [planning_node] /planning/path:stale_repeat: Value 1.0000 deviated from baseline 0.0000±0.0001 (z=10000.0, confirmed x255) (sev=1.00)
[monitor_node-6] [WARN] [1789951795.412511070] [diagnostic_monitor]: ANOMALY on [planning_node] /planning/path:stale_repeat: Value 1.0000 deviated from baseline 0.0000±0.0001 (z=10000.0, confirmed x256) (sev=1.00)
[monitor_node-6] [WARN] [1789951795.589676685] [diagnostic_monitor]: ANOMALY on [localization_node] node_crash: Node localization_node absent from ROS 2 graph (process crash or killed); last seen alive t=1789951744.05, missing for 51.5s (sev=1.00)
[monitor_node-6] [WARN] [1789951795.612552031] [diagnostic_monitor]: ANOMALY on [planning_node] /planning/path:stale_repeat: Value 1.0000 deviated from baseline 0.0000±0.0001 (z=10000.0, confirmed x257) (sev=1.00)
[monitor_node-6] [WARN] [1789951795.812396319] [diagnostic_monitor]: ANOMALY on [planning_node] /planning/path:stale_repeat: Value 1.0000 deviated from baseline 0.0000±0.0001 (z=10000.0, confirmed x258) (sev=1.00)
[monitor_node-6] [WARN] [1789951796.012398465] [diagnostic_monitor]: ANOMALY on [planning_node] /planning/path:stale_repeat: Value 1.0000 deviated from baseline 0.0000±0.0001 (z=10000.0, confirmed x259) (sev=1.00)
[monitor_node-6] [WARN] [1789951796.212160170] [diagnostic_monitor]: ANOMALY on [planning_node] /planning/path:stale_repeat: Value 1.0000 deviated from baseline 0.0000±0.0001 (z=10000.0, confirmed x260) (sev=1.00)
[monitor_node-6] [WARN] [1789951796.412274715] [diagnostic_monitor]: ANOMALY on [planning_node] /planning/path:stale_repeat: Value 1.0000 deviated from baseline 0.0000±0.0001 (z=10000.0, confirmed x261) (sev=1.00)
[monitor_node-6] [WARN] [1789951796.612151322] [diagnostic_monitor]: ANOMALY on [planning_node] /planning/path:stale_repeat: Value 1.0000 deviated from baseline 0.0000±0.0001 (z=10000.0, confirmed x262) (sev=1.00)
[monitor_node-6] [WARN] [1789951796.812464048] [diagnostic_monitor]: ANOMALY on [planning_node] /planning/path:stale_repeat: Value 1.0000 deviated from baseline 0.0000±0.0001 (z=10000.0, confirmed x263) (sev=1.00)
[monitor_node-6] [WARN] [1789951797.012530592] [diagnostic_monitor]: ANOMALY on [planning_node] /planning/path:stale_repeat: Value 1.0000 deviated from baseline 0.0000±0.0001 (z=10000.0, confirmed x264) (sev=1.00)
[monitor_node-6] [WARN] [1789951797.212243750] [diagnostic_monitor]: ANOMALY on [planning_node] /planning/path:stale_repeat: Value 1.0000 deviated from baseline 0.0000±0.0001 (z=10000.0, confirmed x265) (sev=1.00)
[monitor_node-6] [WARN] [1789951797.411992102] [diagnostic_monitor]: ANOMALY on [planning_node] /planning/path:stale_repeat: Value 1.0000 deviated from baseline 0.0000±0.0001 (z=10000.0, confirmed x266) (sev=1.00)
[monitor_node-6] [WARN] [1789951797.589884156] [diagnostic_monitor]: ANOMALY on [localization_node] node_crash: Node localization_node absent from ROS 2 graph (process crash or killed); last seen alive t=1789951744.05, missing for 53.5s (sev=1.00)
[monitor_node-6] [WARN] [1789951797.612393819] [diagnostic_monitor]: ANOMALY on [planning_node] /planning/path:stale_repeat: Value 1.0000 deviated from baseline 0.0000±0.0001 (z=10000.0, confirmed x267) (sev=1.00)
[monitor_node-6] [WARN] [1789951797.812189582] [diagnostic_monitor]: ANOMALY on [planning_node] /planning/path:stale_repeat: Value 1.0000 deviated from baseline 0.0000±0.0001 (z=10000.0, confirmed x268) (sev=1.00)
[monitor_node-6] [WARN] [1789951798.012164105] [diagnostic_monitor]: ANOMALY on [planning_node] /planning/path:stale_repeat: Value 1.0000 deviated from baseline 0.0000±0.0001 (z=10000.0, confirmed x269) (sev=1.00)
[monitor_node-6] [WARN] [1789951798.212111146] [diagnostic_monitor]: ANOMALY on [planning_node] /planning/path:stale_repeat: Value 1.0000 deviated from baseline 0.0000±0.0001 (z=10000.0, confirmed x270) (sev=1.00)
[monitor_node-6] [WARN] [1789951798.412167634] [diagnostic_monitor]: ANOMALY on [planning_node] /planning/path:stale_repeat: Value 1.0000 deviated from baseline 0.0000±0.0001 (z=10000.0, confirmed x271) (sev=1.00)
[monitor_node-6] [WARN] [1789951798.612397116] [diagnostic_monitor]: ANOMALY on [planning_node] /planning/path:stale_repeat: Value 1.0000 deviated from baseline 0.0000±0.0001 (z=10000.0, confirmed x272) (sev=1.00)
[monitor_node-6] [WARN] [1789951798.812102271] [diagnostic_monitor]: ANOMALY on [planning_node] /planning/path:stale_repeat: Value 1.0000 deviated from baseline 0.0000±0.0001 (z=10000.0, confirmed x273) (sev=1.00)
[monitor_node-6] [WARN] [1789951799.011985126] [diagnostic_monitor]: ANOMALY on [planning_node] /planning/path:stale_repeat: Value 1.0000 deviated from baseline 0.0000±0.0001 (z=10000.0, confirmed x274) (sev=1.00)
[monitor_node-6] [WARN] [1789951799.212595727] [diagnostic_monitor]: ANOMALY on [planning_node] /planning/path:stale_repeat: Value 1.0000 deviated from baseline 0.0000±0.0001 (z=10000.0, confirmed x275) (sev=1.00)
[monitor_node-6] [WARN] [1789951799.412321133] [diagnostic_monitor]: ANOMALY on [planning_node] /planning/path:stale_repeat: Value 1.0000 deviated from baseline 0.0000±0.0001 (z=10000.0, confirmed x276) (sev=1.00)
[monitor_node-6] [WARN] [1789951799.589903867] [diagnostic_monitor]: ANOMALY on [localization_node] node_crash: Node localization_node absent from ROS 2 graph (process crash or killed); last seen alive t=1789951744.05, missing for 55.5s (sev=1.00)
[monitor_node-6] [WARN] [1789951799.612505848] [diagnostic_monitor]: ANOMALY on [planning_node] /planning/path:stale_repeat: Value 1.0000 deviated from baseline 0.0000±0.0001 (z=10000.0, confirmed x277) (sev=1.00)
[monitor_node-6] [WARN] [1789951799.812089039] [diagnostic_monitor]: ANOMALY on [planning_node] /planning/path:stale_repeat: Value 1.0000 deviated from baseline 0.0000±0.0001 (z=10000.0, confirmed x278) (sev=1.00)
[monitor_node-6] [WARN] [1789951800.012696598] [diagnostic_monitor]: ANOMALY on [planning_node] /planning/path:stale_repeat: Value 1.0000 deviated from baseline 0.0000±0.0001 (z=10000.0, confirmed x279) (sev=1.00)
[monitor_node-6] [WARN] [1789951800.212507966] [diagnostic_monitor]: ANOMALY on [planning_node] /planning/path:stale_repeat: Value 1.0000 deviated from baseline 0.0000±0.0001 (z=10000.0, confirmed x280) (sev=1.00)
[monitor_node-6] [WARN] [1789951800.412156774] [diagnostic_monitor]: ANOMALY on [planning_node] /planning/path:stale_repeat: Value 1.0000 deviated from baseline 0.0000±0.0001 (z=10000.0, confirmed x281) (sev=1.00)
[monitor_node-6] [WARN] [1789951800.612309231] [diagnostic_monitor]: ANOMALY on [planning_node] /planning/path:stale_repeat: Value 1.0000 deviated from baseline 0.0000±0.0001 (z=10000.0, confirmed x282) (sev=1.00)
[monitor_node-6] [WARN] [1789951800.812366402] [diagnostic_monitor]: ANOMALY on [planning_node] /planning/path:stale_repeat: Value 1.0000 deviated from baseline 0.0000±0.0001 (z=10000.0, confirmed x283) (sev=1.00)
[monitor_node-6] [WARN] [1789951801.012352250] [diagnostic_monitor]: ANOMALY on [planning_node] /planning/path:stale_repeat: Value 1.0000 deviated from baseline 0.0000±0.0001 (z=10000.0, confirmed x284) (sev=1.00)
[monitor_node-6] [WARN] [1789951801.212248134] [diagnostic_monitor]: ANOMALY on [planning_node] /planning/path:stale_repeat: Value 1.0000 deviated from baseline 0.0000±0.0001 (z=10000.0, confirmed x285) (sev=1.00)
[monitor_node-6] [WARN] [1789951801.412176663] [diagnostic_monitor]: ANOMALY on [planning_node] /planning/path:stale_repeat: Value 1.0000 deviated from baseline 0.0000±0.0001 (z=10000.0, confirmed x286) (sev=1.00)
[monitor_node-6] [WARN] [1789951801.612889312] [diagnostic_monitor]: ANOMALY on [planning_node] /planning/path:stale_repeat: Value 1.0000 deviated from baseline 0.0000±0.0001 (z=10000.0, confirmed x287) (sev=1.00)
[monitor_node-6] [WARN] [1789951801.812485424] [diagnostic_monitor]: ANOMALY on [planning_node] /planning/path:stale_repeat: Value 1.0000 deviated from baseline 0.0000±0.0001 (z=10000.0, confirmed x288) (sev=1.00)
[monitor_node-6] [WARN] [1789951802.012554150] [diagnostic_monitor]: ANOMALY on [planning_node] /planning/path:stale_repeat: Value 1.0000 deviated from baseline 0.0000±0.0001 (z=10000.0, confirmed x289) (sev=1.00)
[monitor_node-6] [WARN] [1789951802.212300066] [diagnostic_monitor]: ANOMALY on [planning_node] /planning/path:stale_repeat: Value 1.0000 deviated from baseline 0.0000±0.0001 (z=10000.0, confirmed x290) (sev=1.00)
[monitor_node-6] [WARN] [1789951802.412329162] [diagnostic_monitor]: ANOMALY on [planning_node] /planning/path:stale_repeat: Value 1.0000 deviated from baseline 0.0000±0.0001 (z=10000.0, confirmed x291) (sev=1.00)
[monitor_node-6] [WARN] [1789951802.590362771] [diagnostic_monitor]: ANOMALY on [localization_node] node_crash: Node localization_node absent from ROS 2 graph (process crash or killed); last seen alive t=1789951744.05, missing for 58.5s (sev=1.00)
[monitor_node-6] [WARN] [1789951802.612640327] [diagnostic_monitor]: ANOMALY on [planning_node] /planning/path:stale_repeat: Value 1.0000 deviated from baseline 0.0000±0.0001 (z=10000.0, confirmed x292) (sev=1.00)
[monitor_node-6] [WARN] [1789951802.812169035] [diagnostic_monitor]: ANOMALY on [planning_node] /planning/path:stale_repeat: Value 1.0000 deviated from baseline 0.0000±0.0001 (z=10000.0, confirmed x293) (sev=1.00)
[perception_node-2] [WARN] [1789951802.866929931] [perception_node]: perception_node: degradation "crash" param=0 duration=1.0s
[perception_node-2] [FATAL] [1789951802.867476444] [perception_node]: perception_node: crash -> exiting process
[ERROR] [perception_node-2]: process has died [pid 10757, exit code 1, cmd '/home/lynx/ros2_rca_ws/install/rca_sim/lib/rca_sim/perception_node --ros-args -r __node:=perception_node --params-file /tmp/launch_params_qmrci62v'].
Task exception was never retrieved
future: <Task finished name='Task-4' coro=<ExecuteLocal.__execute_process() done, defined at /opt/ros/jazzy/lib/python3.12/site-packages/launch/actions/execute_local.py:544> exception=TypeError("'>' not supported between instances of 'LaunchConfiguration' and 'float'")>
Traceback (most recent call last):
  File "/opt/ros/jazzy/lib/python3.12/site-packages/launch/actions/execute_local.py", line 611, in __execute_process
    if self.__respawn_delay is not None and self.__respawn_delay > 0.0:
                                            ^^^^^^^^^^^^^^^^^^^^^^^^^^
TypeError: '>' not supported between instances of 'LaunchConfiguration' and 'float'
[monitor_node-6] [WARN] [1789951803.012063919] [diagnostic_monitor]: ANOMALY on [planning_node] /planning/path:stale_repeat: Value 1.0000 deviated from baseline 0.0000±0.0001 (z=10000.0, confirmed x294) (sev=1.00)
[monitor_node-6] [WARN] [1789951803.212346611] [diagnostic_monitor]: ANOMALY on [planning_node] /planning/path:stale_repeat: Value 1.0000 deviated from baseline 0.0000±0.0001 (z=10000.0, confirmed x295) (sev=1.00)
[monitor_node-6] [WARN] [1789951803.412113829] [diagnostic_monitor]: ANOMALY on [planning_node] /planning/path:stale_repeat: Value 1.0000 deviated from baseline 0.0000±0.0001 (z=10000.0, confirmed x296) (sev=1.00)
[monitor_node-6] [WARN] [1789951803.590444555] [diagnostic_monitor]: ANOMALY on [perception_node] message_timeout: Message timeout on /perception/obstacles: no message for 0.80s (expected ~0.098s, threshold 0.45s, last seen t=1789951802.79) (sev=0.95)
[monitor_node-6] [WARN] [1789951803.612243828] [diagnostic_monitor]: ANOMALY on [planning_node] /planning/path:stale_repeat: Value 1.0000 deviated from baseline 0.0000±0.0001 (z=10000.0, confirmed x297) (sev=1.00)
[monitor_node-6] [WARN] [1789951803.812279368] [diagnostic_monitor]: ANOMALY on [planning_node] /planning/path:stale_repeat: Value 1.0000 deviated from baseline 0.0000±0.0001 (z=10000.0, confirmed x298) (sev=1.00)
[monitor_node-6] [WARN] [1789951804.012237048] [diagnostic_monitor]: ANOMALY on [planning_node] /planning/path:stale_repeat: Value 1.0000 deviated from baseline 0.0000±0.0001 (z=10000.0, confirmed x299) (sev=1.00)
[monitor_node-6] [WARN] [1789951804.089387776] [diagnostic_monitor]: ANOMALY on [perception_node] message_timeout: Message timeout on /perception/obstacles: no message for 1.30s (expected ~0.098s, threshold 0.45s, last seen t=1789951802.79) (sev=1.00)
[monitor_node-6] [WARN] [1789951804.212093081] [diagnostic_monitor]: ANOMALY on [planning_node] /planning/path:stale_repeat: Value 1.0000 deviated from baseline 0.0000±0.0001 (z=10000.0, confirmed x300) (sev=1.00)
[monitor_node-6] [WARN] [1789951804.412124980] [diagnostic_monitor]: ANOMALY on [planning_node] /planning/path:stale_repeat: Value 1.0000 deviated from baseline 0.0000±0.0001 (z=10000.0, confirmed x301) (sev=1.00)
[monitor_node-6] [WARN] [1789951804.589939046] [diagnostic_monitor]: ANOMALY on [localization_node] node_crash: Node localization_node absent from ROS 2 graph (process crash or killed); last seen alive t=1789951744.05, missing for 60.5s (sev=1.00)
[monitor_node-6] [WARN] [1789951804.591191091] [diagnostic_monitor]: ANOMALY on [perception_node] message_timeout: Message timeout on /perception/obstacles: no message for 1.80s (expected ~0.098s, threshold 0.45s, last seen t=1789951802.79) (sev=1.00)
[monitor_node-6] [WARN] [1789951804.612451691] [diagnostic_monitor]: ANOMALY on [planning_node] /planning/path:stale_repeat: Value 1.0000 deviated from baseline 0.0000±0.0001 (z=10000.0, confirmed x302) (sev=1.00)
[monitor_node-6] [WARN] [1789951804.812114262] [diagnostic_monitor]: ANOMALY on [planning_node] /planning/path:stale_repeat: Value 1.0000 deviated from baseline 0.0000±0.0001 (z=10000.0, confirmed x303) (sev=1.00)
[monitor_node-6] [WARN] [1789951805.012263197] [diagnostic_monitor]: ANOMALY on [planning_node] /planning/path:stale_repeat: Value 1.0000 deviated from baseline 0.0000±0.0001 (z=10000.0, confirmed x304) (sev=1.00)
[monitor_node-6] [WARN] [1789951805.089266112] [diagnostic_monitor]: ANOMALY on [perception_node] message_timeout: Message timeout on /perception/obstacles: no message for 2.30s (expected ~0.098s, threshold 0.45s, last seen t=1789951802.79) (sev=1.00)
[monitor_node-6] [WARN] [1789951805.212311895] [diagnostic_monitor]: ANOMALY on [planning_node] /planning/path:stale_repeat: Value 1.0000 deviated from baseline 0.0000±0.0001 (z=10000.0, confirmed x305) (sev=1.00)
[monitor_node-6] [WARN] [1789951805.412362810] [diagnostic_monitor]: ANOMALY on [planning_node] /planning/path:stale_repeat: Value 1.0000 deviated from baseline 0.0000±0.0001 (z=10000.0, confirmed x306) (sev=1.00)
[monitor_node-6] [WARN] [1789951805.590930938] [diagnostic_monitor]: ANOMALY on [perception_node] message_timeout: Message timeout on /perception/obstacles: no message for 2.80s (expected ~0.098s, threshold 0.45s, last seen t=1789951802.79) (sev=1.00)
[monitor_node-6] [WARN] [1789951805.612559870] [diagnostic_monitor]: ANOMALY on [planning_node] /planning/path:stale_repeat: Value 1.0000 deviated from baseline 0.0000±0.0001 (z=10000.0, confirmed x307) (sev=1.00)
[monitor_node-6] [WARN] [1789951805.812464926] [diagnostic_monitor]: ANOMALY on [planning_node] /planning/path:stale_repeat: Value 1.0000 deviated from baseline 0.0000±0.0001 (z=10000.0, confirmed x308) (sev=1.00)
[monitor_node-6] [WARN] [1789951806.012220041] [diagnostic_monitor]: ANOMALY on [planning_node] /planning/path:stale_repeat: Value 1.0000 deviated from baseline 0.0000±0.0001 (z=10000.0, confirmed x309) (sev=1.00)
[monitor_node-6] [WARN] [1789951806.089328578] [diagnostic_monitor]: ANOMALY on [perception_node] message_timeout: Message timeout on /perception/obstacles: no message for 3.30s (expected ~0.098s, threshold 0.45s, last seen t=1789951802.79) (sev=1.00)
[monitor_node-6] [WARN] [1789951806.212199688] [diagnostic_monitor]: ANOMALY on [planning_node] /planning/path:stale_repeat: Value 1.0000 deviated from baseline 0.0000±0.0001 (z=10000.0, confirmed x310) (sev=1.00)
[monitor_node-6] [WARN] [1789951806.412208874] [diagnostic_monitor]: ANOMALY on [planning_node] /planning/path:stale_repeat: Value 1.0000 deviated from baseline 0.0000±0.0001 (z=10000.0, confirmed x311) (sev=1.00)
[monitor_node-6] [WARN] [1789951806.590947746] [diagnostic_monitor]: ANOMALY on [localization_node] node_crash: Node localization_node absent from ROS 2 graph (process crash or killed); last seen alive t=1789951744.05, missing for 62.5s (sev=1.00)
[monitor_node-6] [WARN] [1789951806.592592833] [diagnostic_monitor]: ANOMALY on [perception_node] message_timeout: Message timeout on /perception/obstacles: no message for 3.80s (expected ~0.098s, threshold 0.45s, last seen t=1789951802.79) (sev=1.00)
[monitor_node-6] [WARN] [1789951806.612516664] [diagnostic_monitor]: ANOMALY on [planning_node] /planning/path:stale_repeat: Value 1.0000 deviated from baseline 0.0000±0.0001 (z=10000.0, confirmed x312) (sev=1.00)
[monitor_node-6] [WARN] [1789951806.812438304] [diagnostic_monitor]: ANOMALY on [planning_node] /planning/path:stale_repeat: Value 1.0000 deviated from baseline 0.0000±0.0001 (z=10000.0, confirmed x313) (sev=1.00)
[monitor_node-6] [WARN] [1789951807.012732239] [diagnostic_monitor]: ANOMALY on [planning_node] /planning/path:stale_repeat: Value 1.0000 deviated from baseline 0.0000±0.0001 (z=10000.0, confirmed x314) (sev=1.00)
[monitor_node-6] [WARN] [1789951807.090346178] [diagnostic_monitor]: ANOMALY on [perception_node] message_timeout: Message timeout on /perception/obstacles: no message for 4.30s (expected ~0.098s, threshold 0.45s, last seen t=1789951802.79) (sev=1.00)
[monitor_node-6] [WARN] [1789951807.212706396] [diagnostic_monitor]: ANOMALY on [planning_node] /planning/path:stale_repeat: Value 1.0000 deviated from baseline 0.0000±0.0001 (z=10000.0, confirmed x315) (sev=1.00)
[monitor_node-6] [WARN] [1789951807.412413053] [diagnostic_monitor]: ANOMALY on [planning_node] /planning/path:stale_repeat: Value 1.0000 deviated from baseline 0.0000±0.0001 (z=10000.0, confirmed x316) (sev=1.00)
[monitor_node-6] [WARN] [1789951807.591984446] [diagnostic_monitor]: ANOMALY on [perception_node] message_timeout: Message timeout on /perception/obstacles: no message for 4.80s (expected ~0.098s, threshold 0.45s, last seen t=1789951802.79) (sev=1.00)
[monitor_node-6] [WARN] [1789951807.612217062] [diagnostic_monitor]: ANOMALY on [planning_node] /planning/path:stale_repeat: Value 1.0000 deviated from baseline 0.0000±0.0001 (z=10000.0, confirmed x317) (sev=1.00)
[monitor_node-6] [WARN] [1789951807.812362639] [diagnostic_monitor]: ANOMALY on [planning_node] /planning/path:stale_repeat: Value 1.0000 deviated from baseline 0.0000±0.0001 (z=10000.0, confirmed x318) (sev=1.00)
[monitor_node-6] [WARN] [1789951808.012277021] [diagnostic_monitor]: ANOMALY on [planning_node] /planning/path:stale_repeat: Value 1.0000 deviated from baseline 0.0000±0.0001 (z=10000.0, confirmed x319) (sev=1.00)
[monitor_node-6] [WARN] [1789951808.089339944] [diagnostic_monitor]: ANOMALY on [perception_node] message_timeout: Message timeout on /perception/obstacles: no message for 5.30s (expected ~0.098s, threshold 0.45s, last seen t=1789951802.79) (sev=1.00)
[monitor_node-6] [WARN] [1789951808.212151786] [diagnostic_monitor]: ANOMALY on [planning_node] /planning/path:stale_repeat: Value 1.0000 deviated from baseline 0.0000±0.0001 (z=10000.0, confirmed x320) (sev=1.00)
[monitor_node-6] [WARN] [1789951808.412110904] [diagnostic_monitor]: ANOMALY on [planning_node] /planning/path:stale_repeat: Value 1.0000 deviated from baseline 0.0000±0.0001 (z=10000.0, confirmed x321) (sev=1.00)
[monitor_node-6] [WARN] [1789951808.589928535] [diagnostic_monitor]: ANOMALY on [localization_node] node_crash: Node localization_node absent from ROS 2 graph (process crash or killed); last seen alive t=1789951744.05, missing for 64.5s (sev=1.00)
[monitor_node-6] [WARN] [1789951808.591095864] [diagnostic_monitor]: ANOMALY on [perception_node] message_timeout: Message timeout on /perception/obstacles: no message for 5.80s (expected ~0.098s, threshold 0.45s, last seen t=1789951802.79) (sev=1.00)
[monitor_node-6] [WARN] [1789951808.612171655] [diagnostic_monitor]: ANOMALY on [planning_node] /planning/path:stale_repeat: Value 1.0000 deviated from baseline 0.0000±0.0001 (z=10000.0, confirmed x322) (sev=1.00)
[monitor_node-6] [WARN] [1789951808.812238400] [diagnostic_monitor]: ANOMALY on [planning_node] /planning/path:stale_repeat: Value 1.0000 deviated from baseline 0.0000±0.0001 (z=10000.0, confirmed x323) (sev=1.00)
[monitor_node-6] [WARN] [1789951809.012070059] [diagnostic_monitor]: ANOMALY on [planning_node] /planning/path:stale_repeat: Value 1.0000 deviated from baseline 0.0000±0.0001 (z=10000.0, confirmed x324) (sev=1.00)
[monitor_node-6] [WARN] [1789951809.089379536] [diagnostic_monitor]: ANOMALY on [perception_node] message_timeout: Message timeout on /perception/obstacles: no message for 6.30s (expected ~0.098s, threshold 0.45s, last seen t=1789951802.79) (sev=1.00)
[monitor_node-6] [WARN] [1789951809.212080967] [diagnostic_monitor]: ANOMALY on [planning_node] /planning/path:stale_repeat: Value 1.0000 deviated from baseline 0.0000±0.0001 (z=10000.0, confirmed x325) (sev=1.00)
[monitor_node-6] [WARN] [1789951809.412221686] [diagnostic_monitor]: ANOMALY on [planning_node] /planning/path:stale_repeat: Value 1.0000 deviated from baseline 0.0000±0.0001 (z=10000.0, confirmed x326) (sev=1.00)
[monitor_node-6] [WARN] [1789951809.590505014] [diagnostic_monitor]: ANOMALY on [perception_node] message_timeout: Message timeout on /perception/obstacles: no message for 6.80s (expected ~0.098s, threshold 0.45s, last seen t=1789951802.79) (sev=1.00)
[monitor_node-6] [WARN] [1789951809.612449801] [diagnostic_monitor]: ANOMALY on [planning_node] /planning/path:stale_repeat: Value 1.0000 deviated from baseline 0.0000±0.0001 (z=10000.0, confirmed x327) (sev=1.00)
[monitor_node-6] [WARN] [1789951809.812047140] [diagnostic_monitor]: ANOMALY on [planning_node] /planning/path:stale_repeat: Value 1.0000 deviated from baseline 0.0000±0.0001 (z=10000.0, confirmed x328) (sev=1.00)
[monitor_node-6] [WARN] [1789951810.012379415] [diagnostic_monitor]: ANOMALY on [planning_node] /planning/path:stale_repeat: Value 1.0000 deviated from baseline 0.0000±0.0001 (z=10000.0, confirmed x329) (sev=1.00)
[monitor_node-6] [WARN] [1789951810.089394226] [diagnostic_monitor]: ANOMALY on [perception_node] message_timeout: Message timeout on /perception/obstacles: no message for 7.30s (expected ~0.098s, threshold 0.45s, last seen t=1789951802.79) (sev=1.00)
[monitor_node-6] [WARN] [1789951810.213264831] [diagnostic_monitor]: ANOMALY on [planning_node] /planning/path:stale_repeat: Value 1.0000 deviated from baseline 0.0000±0.0001 (z=10000.0, confirmed x330) (sev=1.00)
[monitor_node-6] [WARN] [1789951810.412276639] [diagnostic_monitor]: ANOMALY on [planning_node] /planning/path:stale_repeat: Value 1.0000 deviated from baseline 0.0000±0.0001 (z=10000.0, confirmed x331) (sev=1.00)
[monitor_node-6] [WARN] [1789951810.590575872] [diagnostic_monitor]: ANOMALY on [perception_node] message_timeout: Message timeout on /perception/obstacles: no message for 7.80s (expected ~0.098s, threshold 0.45s, last seen t=1789951802.79) (sev=1.00)
[monitor_node-6] [WARN] [1789951810.612406188] [diagnostic_monitor]: ANOMALY on [planning_node] /planning/path:stale_repeat: Value 1.0000 deviated from baseline 0.0000±0.0001 (z=10000.0, confirmed x332) (sev=1.00)
[monitor_node-6] [WARN] [1789951810.812259233] [diagnostic_monitor]: ANOMALY on [planning_node] /planning/path:stale_repeat: Value 1.0000 deviated from baseline 0.0000±0.0001 (z=10000.0, confirmed x333) (sev=1.00)
[monitor_node-6] [WARN] [1789951811.012780683] [diagnostic_monitor]: ANOMALY on [planning_node] /planning/path:stale_repeat: Value 1.0000 deviated from baseline 0.0000±0.0001 (z=10000.0, confirmed x334) (sev=1.00)
[monitor_node-6] [WARN] [1789951811.089460903] [diagnostic_monitor]: ANOMALY on [perception_node] message_timeout: Message timeout on /perception/obstacles: no message for 8.30s (expected ~0.098s, threshold 0.45s, last seen t=1789951802.79) (sev=1.00)
[monitor_node-6] [WARN] [1789951811.212655847] [diagnostic_monitor]: ANOMALY on [planning_node] /planning/path:stale_repeat: Value 1.0000 deviated from baseline 0.0000±0.0001 (z=10000.0, confirmed x335) (sev=1.00)
[monitor_node-6] [WARN] [1789951811.412600069] [diagnostic_monitor]: ANOMALY on [planning_node] /planning/path:stale_repeat: Value 1.0000 deviated from baseline 0.0000±0.0001 (z=10000.0, confirmed x336) (sev=1.00)
[monitor_node-6] [WARN] [1789951811.589796334] [diagnostic_monitor]: ANOMALY on [localization_node] node_crash: Node localization_node absent from ROS 2 graph (process crash or killed); last seen alive t=1789951744.05, missing for 67.5s (sev=1.00)
[monitor_node-6] [WARN] [1789951811.591014242] [diagnostic_monitor]: ANOMALY on [perception_node] message_timeout: Message timeout on /perception/obstacles: no message for 8.80s (expected ~0.098s, threshold 0.45s, last seen t=1789951802.79) (sev=1.00)
[monitor_node-6] [WARN] [1789951811.612155684] [diagnostic_monitor]: ANOMALY on [planning_node] /planning/path:stale_repeat: Value 1.0000 deviated from baseline 0.0000±0.0001 (z=10000.0, confirmed x337) (sev=1.00)
[monitor_node-6] [WARN] [1789951811.812443056] [diagnostic_monitor]: ANOMALY on [planning_node] /planning/path:stale_repeat: Value 1.0000 deviated from baseline 0.0000±0.0001 (z=10000.0, confirmed x338) (sev=1.00)
[monitor_node-6] [WARN] [1789951812.012402430] [diagnostic_monitor]: ANOMALY on [planning_node] /planning/path:stale_repeat: Value 1.0000 deviated from baseline 0.0000±0.0001 (z=10000.0, confirmed x339) (sev=1.00)
[monitor_node-6] [WARN] [1789951812.089396212] [diagnostic_monitor]: ANOMALY on [perception_node] message_timeout: Message timeout on /perception/obstacles: no message for 9.30s (expected ~0.098s, threshold 0.45s, last seen t=1789951802.79) (sev=1.00)
[monitor_node-6] [WARN] [1789951812.212289726] [diagnostic_monitor]: ANOMALY on [planning_node] /planning/path:stale_repeat: Value 1.0000 deviated from baseline 0.0000±0.0001 (z=10000.0, confirmed x340) (sev=1.00)
[monitor_node-6] [WARN] [1789951812.412719972] [diagnostic_monitor]: ANOMALY on [planning_node] /planning/path:stale_repeat: Value 1.0000 deviated from baseline 0.0000±0.0001 (z=10000.0, confirmed x341) (sev=1.00)
[monitor_node-6] [WARN] [1789951812.591334530] [diagnostic_monitor]: ANOMALY on [perception_node] message_timeout: Message timeout on /perception/obstacles: no message for 9.80s (expected ~0.098s, threshold 0.45s, last seen t=1789951802.79) (sev=1.00)
[monitor_node-6] [WARN] [1789951812.612604115] [diagnostic_monitor]: ANOMALY on [planning_node] /planning/path:stale_repeat: Value 1.0000 deviated from baseline 0.0000±0.0001 (z=10000.0, confirmed x342) (sev=1.00)
[monitor_node-6] [WARN] [1789951812.812168187] [diagnostic_monitor]: ANOMALY on [planning_node] /planning/path:stale_repeat: Value 1.0000 deviated from baseline 0.0000±0.0001 (z=10000.0, confirmed x343) (sev=1.00)
[monitor_node-6] [WARN] [1789951813.012214758] [diagnostic_monitor]: ANOMALY on [planning_node] /planning/path:stale_repeat: Value 1.0000 deviated from baseline 0.0000±0.0001 (z=10000.0, confirmed x344) (sev=1.00)
[monitor_node-6] [WARN] [1789951813.089227012] [diagnostic_monitor]: ANOMALY on [perception_node] message_timeout: Message timeout on /perception/obstacles: no message for 10.30s (expected ~0.098s, threshold 0.45s, last seen t=1789951802.79) (sev=1.00)
[monitor_node-6] [WARN] [1789951813.212443137] [diagnostic_monitor]: ANOMALY on [planning_node] /planning/path:stale_repeat: Value 1.0000 deviated from baseline 0.0000±0.0001 (z=10000.0, confirmed x345) (sev=1.00)
[monitor_node-6] [WARN] [1789951813.412049936] [diagnostic_monitor]: ANOMALY on [planning_node] /planning/path:stale_repeat: Value 1.0000 deviated from baseline 0.0000±0.0001 (z=10000.0, confirmed x346) (sev=1.00)
[monitor_node-6] [WARN] [1789951813.590445145] [diagnostic_monitor]: ANOMALY on [perception_node] message_timeout: Message timeout on /perception/obstacles: no message for 10.80s (expected ~0.098s, threshold 0.45s, last seen t=1789951802.79) (sev=1.00)
[monitor_node-6] [WARN] [1789951813.612277134] [diagnostic_monitor]: ANOMALY on [planning_node] /planning/path:stale_repeat: Value 1.0000 deviated from baseline 0.0000±0.0001 (z=10000.0, confirmed x347) (sev=1.00)
[monitor_node-6] [WARN] [1789951813.812267599] [diagnostic_monitor]: ANOMALY on [planning_node] /planning/path:stale_repeat: Value 1.0000 deviated from baseline 0.0000±0.0001 (z=10000.0, confirmed x348) (sev=1.00)
[monitor_node-6] [WARN] [1789951814.013446227] [diagnostic_monitor]: ANOMALY on [planning_node] /planning/path:stale_repeat: Value 1.0000 deviated from baseline 0.0000±0.0001 (z=10000.0, confirmed x349) (sev=1.00)
[monitor_node-6] [WARN] [1789951814.089811382] [diagnostic_monitor]: ANOMALY on [perception_node] message_timeout: Message timeout on /perception/obstacles: no message for 11.30s (expected ~0.098s, threshold 0.45s, last seen t=1789951802.79) (sev=1.00)
[monitor_node-6] [WARN] [1789951814.212121162] [diagnostic_monitor]: ANOMALY on [planning_node] /planning/path:stale_repeat: Value 1.0000 deviated from baseline 0.0000±0.0001 (z=10000.0, confirmed x350) (sev=1.00)
[monitor_node-6] [WARN] [1789951814.412109834] [diagnostic_monitor]: ANOMALY on [planning_node] /planning/path:stale_repeat: Value 1.0000 deviated from baseline 0.0000±0.0001 (z=10000.0, confirmed x351) (sev=1.00)
[monitor_node-6] [WARN] [1789951814.589807377] [diagnostic_monitor]: ANOMALY on [localization_node] node_crash: Node localization_node absent from ROS 2 graph (process crash or killed); last seen alive t=1789951744.05, missing for 70.5s (sev=1.00)
[monitor_node-6] [WARN] [1789951814.591028247] [diagnostic_monitor]: ANOMALY on [perception_node] message_timeout: Message timeout on /perception/obstacles: no message for 11.80s (expected ~0.098s, threshold 0.45s, last seen t=1789951802.79) (sev=1.00)
[monitor_node-6] [WARN] [1789951814.612289899] [diagnostic_monitor]: ANOMALY on [planning_node] /planning/path:stale_repeat: Value 1.0000 deviated from baseline 0.0000±0.0001 (z=10000.0, confirmed x352) (sev=1.00)
[monitor_node-6] [WARN] [1789951814.812599765] [diagnostic_monitor]: ANOMALY on [planning_node] /planning/path:stale_repeat: Value 1.0000 deviated from baseline 0.0000±0.0001 (z=10000.0, confirmed x353) (sev=1.00)
[monitor_node-6] [WARN] [1789951815.012099822] [diagnostic_monitor]: ANOMALY on [planning_node] /planning/path:stale_repeat: Value 1.0000 deviated from baseline 0.0000±0.0001 (z=10000.0, confirmed x354) (sev=1.00)
[monitor_node-6] [WARN] [1789951815.089304398] [diagnostic_monitor]: ANOMALY on [perception_node] message_timeout: Message timeout on /perception/obstacles: no message for 12.30s (expected ~0.098s, threshold 0.45s, last seen t=1789951802.79) (sev=1.00)
[monitor_node-6] [WARN] [1789951815.212379247] [diagnostic_monitor]: ANOMALY on [planning_node] /planning/path:stale_repeat: Value 1.0000 deviated from baseline 0.0000±0.0001 (z=10000.0, confirmed x355) (sev=1.00)
[monitor_node-6] [WARN] [1789951815.412076724] [diagnostic_monitor]: ANOMALY on [planning_node] /planning/path:stale_repeat: Value 1.0000 deviated from baseline 0.0000±0.0001 (z=10000.0, confirmed x356) (sev=1.00)
[monitor_node-6] [WARN] [1789951815.590446296] [diagnostic_monitor]: ANOMALY on [perception_node] message_timeout: Message timeout on /perception/obstacles: no message for 12.80s (expected ~0.098s, threshold 0.45s, last seen t=1789951802.79) (sev=1.00)
[monitor_node-6] [WARN] [1789951815.612335776] [diagnostic_monitor]: ANOMALY on [planning_node] /planning/path:stale_repeat: Value 1.0000 deviated from baseline 0.0000±0.0001 (z=10000.0, confirmed x357) (sev=1.00)
[monitor_node-6] [WARN] [1789951815.812187482] [diagnostic_monitor]: ANOMALY on [planning_node] /planning/path:stale_repeat: Value 1.0000 deviated from baseline 0.0000±0.0001 (z=10000.0, confirmed x358) (sev=1.00)
[monitor_node-6] [WARN] [1789951816.012639890] [diagnostic_monitor]: ANOMALY on [planning_node] /planning/path:stale_repeat: Value 1.0000 deviated from baseline 0.0000±0.0001 (z=10000.0, confirmed x359) (sev=1.00)
[monitor_node-6] [WARN] [1789951816.089371306] [diagnostic_monitor]: ANOMALY on [perception_node] message_timeout: Message timeout on /perception/obstacles: no message for 13.30s (expected ~0.098s, threshold 0.45s, last seen t=1789951802.79) (sev=1.00)
[monitor_node-6] [WARN] [1789951816.212270368] [diagnostic_monitor]: ANOMALY on [planning_node] /planning/path:stale_repeat: Value 1.0000 deviated from baseline 0.0000±0.0001 (z=10000.0, confirmed x360) (sev=1.00)
[monitor_node-6] [WARN] [1789951816.412406024] [diagnostic_monitor]: ANOMALY on [planning_node] /planning/path:stale_repeat: Value 1.0000 deviated from baseline 0.0000±0.0001 (z=10000.0, confirmed x361) (sev=1.00)
[monitor_node-6] [WARN] [1789951816.589834679] [diagnostic_monitor]: ANOMALY on [localization_node] node_crash: Node localization_node absent from ROS 2 graph (process crash or killed); last seen alive t=1789951744.05, missing for 72.5s (sev=1.00)
[monitor_node-6] [WARN] [1789951816.591099009] [diagnostic_monitor]: ANOMALY on [perception_node] message_timeout: Message timeout on /perception/obstacles: no message for 13.80s (expected ~0.098s, threshold 0.45s, last seen t=1789951802.79) (sev=1.00)
[monitor_node-6] [WARN] [1789951816.612565763] [diagnostic_monitor]: ANOMALY on [planning_node] /planning/path:stale_repeat: Value 1.0000 deviated from baseline 0.0000±0.0001 (z=10000.0, confirmed x362) (sev=1.00)
[monitor_node-6] [WARN] [1789951816.812123360] [diagnostic_monitor]: ANOMALY on [planning_node] /planning/path:stale_repeat: Value 1.0000 deviated from baseline 0.0000±0.0001 (z=10000.0, confirmed x363) (sev=1.00)
[monitor_node-6] [WARN] [1789951817.011954758] [diagnostic_monitor]: ANOMALY on [planning_node] /planning/path:stale_repeat: Value 1.0000 deviated from baseline 0.0000±0.0001 (z=10000.0, confirmed x364) (sev=1.00)
[monitor_node-6] [WARN] [1789951817.089195054] [diagnostic_monitor]: ANOMALY on [perception_node] message_timeout: Message timeout on /perception/obstacles: no message for 14.30s (expected ~0.098s, threshold 0.45s, last seen t=1789951802.79) (sev=1.00)
[monitor_node-6] [WARN] [1789951817.212091143] [diagnostic_monitor]: ANOMALY on [planning_node] /planning/path:stale_repeat: Value 1.0000 deviated from baseline 0.0000±0.0001 (z=10000.0, confirmed x365) (sev=1.00)
[monitor_node-6] [WARN] [1789951817.412112729] [diagnostic_monitor]: ANOMALY on [planning_node] /planning/path:stale_repeat: Value 1.0000 deviated from baseline 0.0000±0.0001 (z=10000.0, confirmed x366) (sev=1.00)
[monitor_node-6] [WARN] [1789951817.590362470] [diagnostic_monitor]: ANOMALY on [perception_node] message_timeout: Message timeout on /perception/obstacles: no message for 14.80s (expected ~0.098s, threshold 0.45s, last seen t=1789951802.79) (sev=1.00)
[monitor_node-6] [WARN] [1789951817.612161536] [diagnostic_monitor]: ANOMALY on [planning_node] /planning/path:stale_repeat: Value 1.0000 deviated from baseline 0.0000±0.0001 (z=10000.0, confirmed x367) (sev=1.00)
[monitor_node-6] [WARN] [1789951817.812367821] [diagnostic_monitor]: ANOMALY on [planning_node] /planning/path:stale_repeat: Value 1.0000 deviated from baseline 0.0000±0.0001 (z=10000.0, confirmed x368) (sev=1.00)
[monitor_node-6] [WARN] [1789951818.012308191] [diagnostic_monitor]: ANOMALY on [planning_node] /planning/path:stale_repeat: Value 1.0000 deviated from baseline 0.0000±0.0001 (z=10000.0, confirmed x369) (sev=1.00)
[monitor_node-6] [WARN] [1789951818.089252714] [diagnostic_monitor]: ANOMALY on [perception_node] message_timeout: Message timeout on /perception/obstacles: no message for 15.30s (expected ~0.098s, threshold 0.45s, last seen t=1789951802.79) (sev=1.00)
[monitor_node-6] [WARN] [1789951818.212612295] [diagnostic_monitor]: ANOMALY on [planning_node] /planning/path:stale_repeat: Value 1.0000 deviated from baseline 0.0000±0.0001 (z=10000.0, confirmed x370) (sev=1.00)
[monitor_node-6] [WARN] [1789951818.412313264] [diagnostic_monitor]: ANOMALY on [planning_node] /planning/path:stale_repeat: Value 1.0000 deviated from baseline 0.0000±0.0001 (z=10000.0, confirmed x371) (sev=1.00)
[monitor_node-6] [WARN] [1789951818.590337362] [diagnostic_monitor]: ANOMALY on [perception_node] message_timeout: Message timeout on /perception/obstacles: no message for 15.80s (expected ~0.098s, threshold 0.45s, last seen t=1789951802.79) (sev=1.00)
[monitor_node-6] [WARN] [1789951818.612386684] [diagnostic_monitor]: ANOMALY on [planning_node] /planning/path:stale_repeat: Value 1.0000 deviated from baseline 0.0000±0.0001 (z=10000.0, confirmed x372) (sev=1.00)
[monitor_node-6] [WARN] [1789951818.813075222] [diagnostic_monitor]: ANOMALY on [planning_node] /planning/path:stale_repeat: Value 1.0000 deviated from baseline 0.0000±0.0001 (z=10000.0, confirmed x373) (sev=1.00)
[monitor_node-6] [WARN] [1789951819.012341370] [diagnostic_monitor]: ANOMALY on [planning_node] /planning/path:stale_repeat: Value 1.0000 deviated from baseline 0.0000±0.0001 (z=10000.0, confirmed x374) (sev=1.00)
[monitor_node-6] [WARN] [1789951819.089609934] [diagnostic_monitor]: ANOMALY on [perception_node] message_timeout: Message timeout on /perception/obstacles: no message for 16.30s (expected ~0.098s, threshold 0.45s, last seen t=1789951802.79) (sev=1.00)
[monitor_node-6] [WARN] [1789951819.212179889] [diagnostic_monitor]: ANOMALY on [planning_node] /planning/path:stale_repeat: Value 1.0000 deviated from baseline 0.0000±0.0001 (z=10000.0, confirmed x375) (sev=1.00)
[monitor_node-6] [WARN] [1789951819.412260453] [diagnostic_monitor]: ANOMALY on [planning_node] /planning/path:stale_repeat: Value 1.0000 deviated from baseline 0.0000±0.0001 (z=10000.0, confirmed x376) (sev=1.00)
[monitor_node-6] [WARN] [1789951819.589861152] [diagnostic_monitor]: ANOMALY on [localization_node] node_crash: Node localization_node absent from ROS 2 graph (process crash or killed); last seen alive t=1789951744.05, missing for 75.5s (sev=1.00)
[monitor_node-6] [WARN] [1789951819.590991579] [diagnostic_monitor]: ANOMALY on [perception_node] message_timeout: Message timeout on /perception/obstacles: no message for 16.80s (expected ~0.098s, threshold 0.45s, last seen t=1789951802.79) (sev=1.00)
[monitor_node-6] [WARN] [1789951819.612466264] [diagnostic_monitor]: ANOMALY on [planning_node] /planning/path:stale_repeat: Value 1.0000 deviated from baseline 0.0000±0.0001 (z=10000.0, confirmed x377) (sev=1.00)
[monitor_node-6] [WARN] [1789951819.812244035] [diagnostic_monitor]: ANOMALY on [planning_node] /planning/path:stale_repeat: Value 1.0000 deviated from baseline 0.0000±0.0001 (z=10000.0, confirmed x378) (sev=1.00)
[monitor_node-6] [WARN] [1789951820.012693531] [diagnostic_monitor]: ANOMALY on [planning_node] /planning/path:stale_repeat: Value 1.0000 deviated from baseline 0.0000±0.0001 (z=10000.0, confirmed x379) (sev=1.00)
[monitor_node-6] [WARN] [1789951820.089337802] [diagnostic_monitor]: ANOMALY on [perception_node] message_timeout: Message timeout on /perception/obstacles: no message for 17.30s (expected ~0.098s, threshold 0.45s, last seen t=1789951802.79) (sev=1.00)
[monitor_node-6] [WARN] [1789951820.212483358] [diagnostic_monitor]: ANOMALY on [planning_node] /planning/path:stale_repeat: Value 1.0000 deviated from baseline 0.0000±0.0001 (z=10000.0, confirmed x380) (sev=1.00)
[monitor_node-6] [WARN] [1789951820.412557867] [diagnostic_monitor]: ANOMALY on [planning_node] /planning/path:stale_repeat: Value 1.0000 deviated from baseline 0.0000±0.0001 (z=10000.0, confirmed x381) (sev=1.00)
[monitor_node-6] [WARN] [1789951820.590297210] [diagnostic_monitor]: ANOMALY on [perception_node] message_timeout: Message timeout on /perception/obstacles: no message for 17.80s (expected ~0.098s, threshold 0.45s, last seen t=1789951802.79) (sev=1.00)
[monitor_node-6] [WARN] [1789951820.612393211] [diagnostic_monitor]: ANOMALY on [planning_node] /planning/path:stale_repeat: Value 1.0000 deviated from baseline 0.0000±0.0001 (z=10000.0, confirmed x382) (sev=1.00)
[monitor_node-6] [WARN] [1789951820.812282401] [diagnostic_monitor]: ANOMALY on [planning_node] /planning/path:stale_repeat: Value 1.0000 deviated from baseline 0.0000±0.0001 (z=10000.0, confirmed x383) (sev=1.00)
[monitor_node-6] [WARN] [1789951821.011927483] [diagnostic_monitor]: ANOMALY on [planning_node] /planning/path:stale_repeat: Value 1.0000 deviated from baseline 0.0000±0.0001 (z=10000.0, confirmed x384) (sev=1.00)
[monitor_node-6] [WARN] [1789951821.098051282] [diagnostic_monitor]: ANOMALY on [perception_node] message_timeout: Message timeout on /perception/obstacles: no message for 18.30s (expected ~0.098s, threshold 0.45s, last seen t=1789951802.79) (sev=1.00)
[monitor_node-6] [WARN] [1789951821.212437803] [diagnostic_monitor]: ANOMALY on [planning_node] /planning/path:stale_repeat: Value 1.0000 deviated from baseline 0.0000±0.0001 (z=10000.0, confirmed x385) (sev=1.00)
[monitor_node-6] [WARN] [1789951821.412352438] [diagnostic_monitor]: ANOMALY on [planning_node] /planning/path:stale_repeat: Value 1.0000 deviated from baseline 0.0000±0.0001 (z=10000.0, confirmed x386) (sev=1.00)
[monitor_node-6] [WARN] [1789951821.589813821] [diagnostic_monitor]: ANOMALY on [localization_node] node_crash: Node localization_node absent from ROS 2 graph (process crash or killed); last seen alive t=1789951744.05, missing for 77.5s (sev=1.00)
[monitor_node-6] [WARN] [1789951821.591008403] [diagnostic_monitor]: ANOMALY on [perception_node] message_timeout: Message timeout on /perception/obstacles: no message for 18.80s (expected ~0.098s, threshold 0.45s, last seen t=1789951802.79) (sev=1.00)
[monitor_node-6] [WARN] [1789951821.612361435] [diagnostic_monitor]: ANOMALY on [planning_node] /planning/path:stale_repeat: Value 1.0000 deviated from baseline 0.0000±0.0001 (z=10000.0, confirmed x387) (sev=1.00)
[monitor_node-6] [WARN] [1789951821.812290114] [diagnostic_monitor]: ANOMALY on [planning_node] /planning/path:stale_repeat: Value 1.0000 deviated from baseline 0.0000±0.0001 (z=10000.0, confirmed x388) (sev=1.00)
[monitor_node-6] [WARN] [1789951822.012221080] [diagnostic_monitor]: ANOMALY on [planning_node] /planning/path:stale_repeat: Value 1.0000 deviated from baseline 0.0000±0.0001 (z=10000.0, confirmed x389) (sev=1.00)
[monitor_node-6] [WARN] [1789951822.089282738] [diagnostic_monitor]: ANOMALY on [perception_node] message_timeout: Message timeout on /perception/obstacles: no message for 19.30s (expected ~0.098s, threshold 0.45s, last seen t=1789951802.79) (sev=1.00)
[monitor_node-6] [WARN] [1789951822.212216564] [diagnostic_monitor]: ANOMALY on [planning_node] /planning/path:stale_repeat: Value 1.0000 deviated from baseline 0.0000±0.0001 (z=10000.0, confirmed x390) (sev=1.00)
[monitor_node-6] [WARN] [1789951822.412334279] [diagnostic_monitor]: ANOMALY on [planning_node] /planning/path:stale_repeat: Value 1.0000 deviated from baseline 0.0000±0.0001 (z=10000.0, confirmed x391) (sev=1.00)
[monitor_node-6] [WARN] [1789951822.590339549] [diagnostic_monitor]: ANOMALY on [perception_node] message_timeout: Message timeout on /perception/obstacles: no message for 19.80s (expected ~0.098s, threshold 0.45s, last seen t=1789951802.79) (sev=1.00)
[monitor_node-6] [WARN] [1789951822.612502868] [diagnostic_monitor]: ANOMALY on [planning_node] /planning/path:stale_repeat: Value 1.0000 deviated from baseline 0.0000±0.0001 (z=10000.0, confirmed x392) (sev=1.00)
[monitor_node-6] [WARN] [1789951822.812239111] [diagnostic_monitor]: ANOMALY on [planning_node] /planning/path:stale_repeat: Value 1.0000 deviated from baseline 0.0000±0.0001 (z=10000.0, confirmed x393) (sev=1.00)
[monitor_node-6] [WARN] [1789951823.011861761] [diagnostic_monitor]: ANOMALY on [planning_node] /planning/path:stale_repeat: Value 1.0000 deviated from baseline 0.0000±0.0001 (z=10000.0, confirmed x394) (sev=1.00)
[monitor_node-6] [WARN] [1789951823.089264269] [diagnostic_monitor]: ANOMALY on [perception_node] message_timeout: Message timeout on /perception/obstacles: no message for 20.30s (expected ~0.098s, threshold 0.45s, last seen t=1789951802.79) (sev=1.00)
[monitor_node-6] [WARN] [1789951823.212209000] [diagnostic_monitor]: ANOMALY on [planning_node] /planning/path:stale_repeat: Value 1.0000 deviated from baseline 0.0000±0.0001 (z=10000.0, confirmed x395) (sev=1.00)
[monitor_node-6] [WARN] [1789951823.412475589] [diagnostic_monitor]: ANOMALY on [planning_node] /planning/path:stale_repeat: Value 1.0000 deviated from baseline 0.0000±0.0001 (z=10000.0, confirmed x396) (sev=1.00)
[monitor_node-6] [WARN] [1789951823.589829521] [diagnostic_monitor]: ANOMALY on [localization_node] node_crash: Node localization_node absent from ROS 2 graph (process crash or killed); last seen alive t=1789951744.05, missing for 79.5s (sev=1.00)
[monitor_node-6] [WARN] [1789951823.590341967] [diagnostic_monitor]: ANOMALY on [perception_node] node_crash: Node perception_node absent from ROS 2 graph (process crash or killed); last seen alive t=1789951802.79, missing for 20.8s (sev=1.00)
[monitor_node-6] [FATAL] [1789951823.590767662] [diagnostic_monitor]: CRASH DETECTED: Node perception_node absent from ROS 2 graph (process crash or killed); last seen alive t=1789951802.79, missing for 20.8s
[monitor_node-6] [WARN] [1789951823.612730281] [diagnostic_monitor]: ANOMALY on [planning_node] /planning/path:stale_repeat: Value 1.0000 deviated from baseline 0.0000±0.0001 (z=10000.0, confirmed x397) (sev=1.00)
[monitor_node-6] [WARN] [1789951823.812406657] [diagnostic_monitor]: ANOMALY on [planning_node] /planning/path:stale_repeat: Value 1.0000 deviated from baseline 0.0000±0.0001 (z=10000.0, confirmed x398) (sev=1.00)
[monitor_node-6] [WARN] [1789951824.012081022] [diagnostic_monitor]: ANOMALY on [planning_node] /planning/path:stale_repeat: Value 1.0000 deviated from baseline 0.0000±0.0001 (z=10000.0, confirmed x399) (sev=1.00)
[monitor_node-6] [WARN] [1789951824.212061861] [diagnostic_monitor]: ANOMALY on [planning_node] /planning/path:stale_repeat: Value 1.0000 deviated from baseline 0.0000±0.0001 (z=10000.0, confirmed x400) (sev=1.00)
[monitor_node-6] [WARN] [1789951824.412028717] [diagnostic_monitor]: ANOMALY on [planning_node] /planning/path:stale_repeat: Value 1.0000 deviated from baseline 0.0000±0.0001 (z=10000.0, confirmed x401) (sev=1.00)
[monitor_node-6] [WARN] [1789951824.612462845] [diagnostic_monitor]: ANOMALY on [planning_node] /planning/path:stale_repeat: Value 1.0000 deviated from baseline 0.0000±0.0001 (z=10000.0, confirmed x402) (sev=1.00)
[monitor_node-6] [WARN] [1789951824.812101814] [diagnostic_monitor]: ANOMALY on [planning_node] /planning/path:stale_repeat: Value 1.0000 deviated from baseline 0.0000±0.0001 (z=10000.0, confirmed x403) (sev=1.00)
[monitor_node-6] [WARN] [1789951825.012210900] [diagnostic_monitor]: ANOMALY on [planning_node] /planning/path:stale_repeat: Value 1.0000 deviated from baseline 0.0000±0.0001 (z=10000.0, confirmed x404) (sev=1.00)
[monitor_node-6] [WARN] [1789951825.212419887] [diagnostic_monitor]: ANOMALY on [planning_node] /planning/path:stale_repeat: Value 1.0000 deviated from baseline 0.0000±0.0001 (z=10000.0, confirmed x405) (sev=1.00)
[monitor_node-6] [WARN] [1789951825.412203511] [diagnostic_monitor]: ANOMALY on [planning_node] /planning/path:stale_repeat: Value 1.0000 deviated from baseline 0.0000±0.0001 (z=10000.0, confirmed x406) (sev=1.00)
[monitor_node-6] [WARN] [1789951825.612112367] [diagnostic_monitor]: ANOMALY on [planning_node] /planning/path:stale_repeat: Value 1.0000 deviated from baseline 0.0000±0.0001 (z=10000.0, confirmed x407) (sev=1.00)
[monitor_node-6] [WARN] [1789951825.812476316] [diagnostic_monitor]: ANOMALY on [planning_node] /planning/path:stale_repeat: Value 1.0000 deviated from baseline 0.0000±0.0001 (z=10000.0, confirmed x408) (sev=1.00)
[monitor_node-6] [WARN] [1789951826.014846878] [diagnostic_monitor]: ANOMALY on [planning_node] /planning/path:stale_repeat: Value 1.0000 deviated from baseline 0.0000±0.0001 (z=10000.0, confirmed x409) (sev=1.00)
[monitor_node-6] [WARN] [1789951826.212558906] [diagnostic_monitor]: ANOMALY on [planning_node] /planning/path:stale_repeat: Value 1.0000 deviated from baseline 0.0000±0.0001 (z=10000.0, confirmed x410) (sev=1.00)
[monitor_node-6] [WARN] [1789951826.412410362] [diagnostic_monitor]: ANOMALY on [planning_node] /planning/path:stale_repeat: Value 1.0000 deviated from baseline 0.0000±0.0001 (z=10000.0, confirmed x411) (sev=1.00)
[monitor_node-6] [WARN] [1789951826.589708253] [diagnostic_monitor]: ANOMALY on [localization_node] node_crash: Node localization_node absent from ROS 2 graph (process crash or killed); last seen alive t=1789951744.05, missing for 82.5s (sev=1.00)
[monitor_node-6] [WARN] [1789951826.590233470] [diagnostic_monitor]: ANOMALY on [perception_node] node_crash: Node perception_node absent from ROS 2 graph (process crash or killed); last seen alive t=1789951802.79, missing for 23.8s (sev=1.00)
[monitor_node-6] [WARN] [1789951826.612161068] [diagnostic_monitor]: ANOMALY on [planning_node] /planning/path:stale_repeat: Value 1.0000 deviated from baseline 0.0000±0.0001 (z=10000.0, confirmed x412) (sev=1.00)
[monitor_node-6] [WARN] [1789951826.812083857] [diagnostic_monitor]: ANOMALY on [planning_node] /planning/path:stale_repeat: Value 1.0000 deviated from baseline 0.0000±0.0001 (z=10000.0, confirmed x413) (sev=1.00)
[monitor_node-6] [WARN] [1789951827.012268754] [diagnostic_monitor]: ANOMALY on [planning_node] /planning/path:stale_repeat: Value 1.0000 deviated from baseline 0.0000±0.0001 (z=10000.0, confirmed x414) (sev=1.00)
[monitor_node-6] [WARN] [1789951827.212279275] [diagnostic_monitor]: ANOMALY on [planning_node] /planning/path:stale_repeat: Value 1.0000 deviated from baseline 0.0000±0.0001 (z=10000.0, confirmed x415) (sev=1.00)
[monitor_node-6] [WARN] [1789951827.412695635] [diagnostic_monitor]: ANOMALY on [planning_node] /planning/path:stale_repeat: Value 1.0000 deviated from baseline 0.0000±0.0001 (z=10000.0, confirmed x416) (sev=1.00)
[monitor_node-6] [WARN] [1789951827.612213532] [diagnostic_monitor]: ANOMALY on [planning_node] /planning/path:stale_repeat: Value 1.0000 deviated from baseline 0.0000±0.0001 (z=10000.0, confirmed x417) (sev=1.00)
[monitor_node-6] [WARN] [1789951827.812520402] [diagnostic_monitor]: ANOMALY on [planning_node] /planning/path:stale_repeat: Value 1.0000 deviated from baseline 0.0000±0.0001 (z=10000.0, confirmed x418) (sev=1.00)
[monitor_node-6] [WARN] [1789951828.012256236] [diagnostic_monitor]: ANOMALY on [planning_node] /planning/path:stale_repeat: Value 1.0000 deviated from baseline 0.0000±0.0001 (z=10000.0, confirmed x419) (sev=1.00)
[monitor_node-6] [WARN] [1789951828.212322320] [diagnostic_monitor]: ANOMALY on [planning_node] /planning/path:stale_repeat: Value 1.0000 deviated from baseline 0.0000±0.0001 (z=10000.0, confirmed x420) (sev=1.00)
[monitor_node-6] [WARN] [1789951828.412230318] [diagnostic_monitor]: ANOMALY on [planning_node] /planning/path:stale_repeat: Value 1.0000 deviated from baseline 0.0000±0.0001 (z=10000.0, confirmed x421) (sev=1.00)
[monitor_node-6] [WARN] [1789951828.612425802] [diagnostic_monitor]: ANOMALY on [planning_node] /planning/path:stale_repeat: Value 1.0000 deviated from baseline 0.0000±0.0001 (z=10000.0, confirmed x422) (sev=1.00)
[monitor_node-6] [WARN] [1789951828.812222456] [diagnostic_monitor]: ANOMALY on [planning_node] /planning/path:stale_repeat: Value 1.0000 deviated from baseline 0.0000±0.0001 (z=10000.0, confirmed x423) (sev=1.00)
[monitor_node-6] [WARN] [1789951829.012597667] [diagnostic_monitor]: ANOMALY on [planning_node] /planning/path:stale_repeat: Value 1.0000 deviated from baseline 0.0000±0.0001 (z=10000.0, confirmed x424) (sev=1.00)
[monitor_node-6] [WARN] [1789951829.212050621] [diagnostic_monitor]: ANOMALY on [planning_node] /planning/path:stale_repeat: Value 1.0000 deviated from baseline 0.0000±0.0001 (z=10000.0, confirmed x425) (sev=1.00)
[monitor_node-6] [WARN] [1789951829.412217454] [diagnostic_monitor]: ANOMALY on [planning_node] /planning/path:stale_repeat: Value 1.0000 deviated from baseline 0.0000±0.0001 (z=10000.0, confirmed x426) (sev=1.00)
[monitor_node-6] [WARN] [1789951829.589790212] [diagnostic_monitor]: ANOMALY on [localization_node] node_crash: Node localization_node absent from ROS 2 graph (process crash or killed); last seen alive t=1789951744.05, missing for 85.5s (sev=1.00)
[monitor_node-6] [WARN] [1789951829.590311115] [diagnostic_monitor]: ANOMALY on [perception_node] node_crash: Node perception_node absent from ROS 2 graph (process crash or killed); last seen alive t=1789951802.79, missing for 26.8s (sev=1.00)
[monitor_node-6] [WARN] [1789951829.612213910] [diagnostic_monitor]: ANOMALY on [planning_node] /planning/path:stale_repeat: Value 1.0000 deviated from baseline 0.0000±0.0001 (z=10000.0, confirmed x427) (sev=1.00)
[monitor_node-6] [WARN] [1789951829.812236108] [diagnostic_monitor]: ANOMALY on [planning_node] /planning/path:stale_repeat: Value 1.0000 deviated from baseline 0.0000±0.0001 (z=10000.0, confirmed x428) (sev=1.00)
[monitor_node-6] [WARN] [1789951830.012456883] [diagnostic_monitor]: ANOMALY on [planning_node] /planning/path:stale_repeat: Value 1.0000 deviated from baseline 0.0000±0.0001 (z=10000.0, confirmed x429) (sev=1.00)
[monitor_node-6] [WARN] [1789951830.212317646] [diagnostic_monitor]: ANOMALY on [planning_node] /planning/path:stale_repeat: Value 1.0000 deviated from baseline 0.0000±0.0001 (z=10000.0, confirmed x430) (sev=1.00)
[monitor_node-6] [WARN] [1789951830.412328449] [diagnostic_monitor]: ANOMALY on [planning_node] /planning/path:stale_repeat: Value 1.0000 deviated from baseline 0.0000±0.0001 (z=10000.0, confirmed x431) (sev=1.00)
[monitor_node-6] [WARN] [1789951830.612122951] [diagnostic_monitor]: ANOMALY on [planning_node] /planning/path:stale_repeat: Value 1.0000 deviated from baseline 0.0000±0.0001 (z=10000.0, confirmed x432) (sev=1.00)
[monitor_node-6] [WARN] [1789951830.812454513] [diagnostic_monitor]: ANOMALY on [planning_node] /planning/path:stale_repeat: Value 1.0000 deviated from baseline 0.0000±0.0001 (z=10000.0, confirmed x433) (sev=1.00)
[monitor_node-6] [WARN] [1789951831.012378440] [diagnostic_monitor]: ANOMALY on [planning_node] /planning/path:stale_repeat: Value 1.0000 deviated from baseline 0.0000±0.0001 (z=10000.0, confirmed x434) (sev=1.00)
[monitor_node-6] [WARN] [1789951831.212369345] [diagnostic_monitor]: ANOMALY on [planning_node] /planning/path:stale_repeat: Value 1.0000 deviated from baseline 0.0000±0.0001 (z=10000.0, confirmed x435) (sev=1.00)
[monitor_node-6] [WARN] [1789951831.412263841] [diagnostic_monitor]: ANOMALY on [planning_node] /planning/path:stale_repeat: Value 1.0000 deviated from baseline 0.0000±0.0001 (z=10000.0, confirmed x436) (sev=1.00)
[monitor_node-6] [WARN] [1789951831.612349610] [diagnostic_monitor]: ANOMALY on [planning_node] /planning/path:stale_repeat: Value 1.0000 deviated from baseline 0.0000±0.0001 (z=10000.0, confirmed x437) (sev=1.00)
[monitor_node-6] [WARN] [1789951831.812690471] [diagnostic_monitor]: ANOMALY on [planning_node] /planning/path:stale_repeat: Value 1.0000 deviated from baseline 0.0000±0.0001 (z=10000.0, confirmed x438) (sev=1.00)
[monitor_node-6] [WARN] [1789951832.012292937] [diagnostic_monitor]: ANOMALY on [planning_node] /planning/path:stale_repeat: Value 1.0000 deviated from baseline 0.0000±0.0001 (z=10000.0, confirmed x439) (sev=1.00)
[monitor_node-6] [WARN] [1789951832.220739216] [diagnostic_monitor]: ANOMALY on [planning_node] /planning/path:stale_repeat: Value 1.0000 deviated from baseline 0.0000±0.0001 (z=10000.0, confirmed x440) (sev=1.00)
[monitor_node-6] [WARN] [1789951832.413306790] [diagnostic_monitor]: ANOMALY on [planning_node] /planning/path:stale_repeat: Value 1.0000 deviated from baseline 0.0000±0.0001 (z=10000.0, confirmed x441) (sev=1.00)
[monitor_node-6] [WARN] [1789951832.589717706] [diagnostic_monitor]: ANOMALY on [localization_node] node_crash: Node localization_node absent from ROS 2 graph (process crash or killed); last seen alive t=1789951744.05, missing for 88.5s (sev=1.00)
[monitor_node-6] [WARN] [1789951832.590273464] [diagnostic_monitor]: ANOMALY on [perception_node] node_crash: Node perception_node absent from ROS 2 graph (process crash or killed); last seen alive t=1789951802.79, missing for 29.8s (sev=1.00)
[monitor_node-6] [WARN] [1789951832.612266092] [diagnostic_monitor]: ANOMALY on [planning_node] /planning/path:stale_repeat: Value 1.0000 deviated from baseline 0.0000±0.0001 (z=10000.0, confirmed x442) (sev=1.00)
[monitor_node-6] [WARN] [1789951832.812853761] [diagnostic_monitor]: ANOMALY on [planning_node] /planning/path:stale_repeat: Value 1.0000 deviated from baseline 0.0000±0.0001 (z=10000.0, confirmed x443) (sev=1.00)
[monitor_node-6] [WARN] [1789951833.012213857] [diagnostic_monitor]: ANOMALY on [planning_node] /planning/path:stale_repeat: Value 1.0000 deviated from baseline 0.0000±0.0001 (z=10000.0, confirmed x444) (sev=1.00)
[monitor_node-6] [WARN] [1789951833.212244324] [diagnostic_monitor]: ANOMALY on [planning_node] /planning/path:stale_repeat: Value 1.0000 deviated from baseline 0.0000±0.0001 (z=10000.0, confirmed x445) (sev=1.00)
[monitor_node-6] [WARN] [1789951833.412379415] [diagnostic_monitor]: ANOMALY on [planning_node] /planning/path:stale_repeat: Value 1.0000 deviated from baseline 0.0000±0.0001 (z=10000.0, confirmed x446) (sev=1.00)
[monitor_node-6] [WARN] [1789951833.612156501] [diagnostic_monitor]: ANOMALY on [planning_node] /planning/path:stale_repeat: Value 1.0000 deviated from baseline 0.0000±0.0001 (z=10000.0, confirmed x447) (sev=1.00)
[monitor_node-6] [WARN] [1789951833.812095686] [diagnostic_monitor]: ANOMALY on [planning_node] /planning/path:stale_repeat: Value 1.0000 deviated from baseline 0.0000±0.0001 (z=10000.0, confirmed x448) (sev=1.00)
[monitor_node-6] [WARN] [1789951834.012224414] [diagnostic_monitor]: ANOMALY on [planning_node] /planning/path:stale_repeat: Value 1.0000 deviated from baseline 0.0000±0.0001 (z=10000.0, confirmed x449) (sev=1.00)
[monitor_node-6] [WARN] [1789951834.212298441] [diagnostic_monitor]: ANOMALY on [planning_node] /planning/path:stale_repeat: Value 1.0000 deviated from baseline 0.0000±0.0001 (z=10000.0, confirmed x450) (sev=1.00)
[monitor_node-6] [WARN] [1789951834.412226331] [diagnostic_monitor]: ANOMALY on [planning_node] /planning/path:stale_repeat: Value 1.0000 deviated from baseline 0.0000±0.0001 (z=10000.0, confirmed x451) (sev=1.00)
[monitor_node-6] [WARN] [1789951834.612609564] [diagnostic_monitor]: ANOMALY on [planning_node] /planning/path:stale_repeat: Value 1.0000 deviated from baseline 0.0000±0.0001 (z=10000.0, confirmed x452) (sev=1.00)
[monitor_node-6] [WARN] [1789951834.812533528] [diagnostic_monitor]: ANOMALY on [planning_node] /planning/path:stale_repeat: Value 1.0000 deviated from baseline 0.0000±0.0001 (z=10000.0, confirmed x453) (sev=1.00)
[monitor_node-6] [WARN] [1789951835.011999110] [diagnostic_monitor]: ANOMALY on [planning_node] /planning/path:stale_repeat: Value 1.0000 deviated from baseline 0.0000±0.0001 (z=10000.0, confirmed x454) (sev=1.00)
[monitor_node-6] [WARN] [1789951835.212146076] [diagnostic_monitor]: ANOMALY on [planning_node] /planning/path:stale_repeat: Value 1.0000 deviated from baseline 0.0000±0.0001 (z=10000.0, confirmed x455) (sev=1.00)
[monitor_node-6] [WARN] [1789951835.412046294] [diagnostic_monitor]: ANOMALY on [planning_node] /planning/path:stale_repeat: Value 1.0000 deviated from baseline 0.0000±0.0001 (z=10000.0, confirmed x456) (sev=1.00)
[monitor_node-6] [WARN] [1789951835.589750401] [diagnostic_monitor]: ANOMALY on [localization_node] node_crash: Node localization_node absent from ROS 2 graph (process crash or killed); last seen alive t=1789951744.05, missing for 91.5s (sev=1.00)
[monitor_node-6] [WARN] [1789951835.590270926] [diagnostic_monitor]: ANOMALY on [perception_node] node_crash: Node perception_node absent from ROS 2 graph (process crash or killed); last seen alive t=1789951802.79, missing for 32.8s (sev=1.00)
[monitor_node-6] [WARN] [1789951835.612188635] [diagnostic_monitor]: ANOMALY on [planning_node] /planning/path:stale_repeat: Value 1.0000 deviated from baseline 0.0000±0.0001 (z=10000.0, confirmed x457) (sev=1.00)
[monitor_node-6] [WARN] [1789951835.812607461] [diagnostic_monitor]: ANOMALY on [planning_node] /planning/path:stale_repeat: Value 1.0000 deviated from baseline 0.0000±0.0001 (z=10000.0, confirmed x458) (sev=1.00)
[monitor_node-6] [WARN] [1789951836.012185347] [diagnostic_monitor]: ANOMALY on [planning_node] /planning/path:stale_repeat: Value 1.0000 deviated from baseline 0.0000±0.0001 (z=10000.0, confirmed x459) (sev=1.00)
[monitor_node-6] [WARN] [1789951836.212166143] [diagnostic_monitor]: ANOMALY on [planning_node] /planning/path:stale_repeat: Value 1.0000 deviated from baseline 0.0000±0.0001 (z=10000.0, confirmed x460) (sev=1.00)
[monitor_node-6] [WARN] [1789951836.412229835] [diagnostic_monitor]: ANOMALY on [planning_node] /planning/path:stale_repeat: Value 1.0000 deviated from baseline 0.0000±0.0001 (z=10000.0, confirmed x461) (sev=1.00)
[monitor_node-6] [WARN] [1789951836.612584720] [diagnostic_monitor]: ANOMALY on [planning_node] /planning/path:stale_repeat: Value 1.0000 deviated from baseline 0.0000±0.0001 (z=10000.0, confirmed x462) (sev=1.00)
[monitor_node-6] [WARN] [1789951836.812216789] [diagnostic_monitor]: ANOMALY on [planning_node] /planning/path:stale_repeat: Value 1.0000 deviated from baseline 0.0000±0.0001 (z=10000.0, confirmed x463) (sev=1.00)
[monitor_node-6] [WARN] [1789951837.012912712] [diagnostic_monitor]: ANOMALY on [planning_node] /planning/path:stale_repeat: Value 1.0000 deviated from baseline 0.0000±0.0001 (z=10000.0, confirmed x464) (sev=1.00)
[monitor_node-6] [WARN] [1789951837.212565331] [diagnostic_monitor]: ANOMALY on [planning_node] /planning/path:stale_repeat: Value 1.0000 deviated from baseline 0.0000±0.0001 (z=10000.0, confirmed x465) (sev=1.00)
[monitor_node-6] [WARN] [1789951837.412508979] [diagnostic_monitor]: ANOMALY on [planning_node] /planning/path:stale_repeat: Value 1.0000 deviated from baseline 0.0000±0.0001 (z=10000.0, confirmed x466) (sev=1.00)
[monitor_node-6] [WARN] [1789951837.589898506] [diagnostic_monitor]: ANOMALY on [localization_node] node_crash: Node localization_node absent from ROS 2 graph (process crash or killed); last seen alive t=1789951744.05, missing for 93.5s (sev=1.00)
[monitor_node-6] [WARN] [1789951837.590398718] [diagnostic_monitor]: ANOMALY on [perception_node] node_crash: Node perception_node absent from ROS 2 graph (process crash or killed); last seen alive t=1789951802.79, missing for 34.8s (sev=1.00)
[monitor_node-6] [WARN] [1789951837.612597566] [diagnostic_monitor]: ANOMALY on [planning_node] /planning/path:stale_repeat: Value 1.0000 deviated from baseline 0.0000±0.0001 (z=10000.0, confirmed x467) (sev=1.00)
[monitor_node-6] [WARN] [1789951837.812269814] [diagnostic_monitor]: ANOMALY on [planning_node] /planning/path:stale_repeat: Value 1.0000 deviated from baseline 0.0000±0.0001 (z=10000.0, confirmed x468) (sev=1.00)
[monitor_node-6] [WARN] [1789951838.012366890] [diagnostic_monitor]: ANOMALY on [planning_node] /planning/path:stale_repeat: Value 1.0000 deviated from baseline 0.0000±0.0001 (z=10000.0, confirmed x469) (sev=1.00)
[monitor_node-6] [WARN] [1789951838.212419441] [diagnostic_monitor]: ANOMALY on [planning_node] /planning/path:stale_repeat: Value 1.0000 deviated from baseline 0.0000±0.0001 (z=10000.0, confirmed x470) (sev=1.00)
[monitor_node-6] [WARN] [1789951838.412066835] [diagnostic_monitor]: ANOMALY on [planning_node] /planning/path:stale_repeat: Value 1.0000 deviated from baseline 0.0000±0.0001 (z=10000.0, confirmed x471) (sev=1.00)
[monitor_node-6] [WARN] [1789951838.612521324] [diagnostic_monitor]: ANOMALY on [planning_node] /planning/path:stale_repeat: Value 1.0000 deviated from baseline 0.0000±0.0001 (z=10000.0, confirmed x472) (sev=1.00)
[monitor_node-6] [WARN] [1789951838.813116286] [diagnostic_monitor]: ANOMALY on [planning_node] /planning/path:stale_repeat: Value 1.0000 deviated from baseline 0.0000±0.0001 (z=10000.0, confirmed x473) (sev=1.00)
[monitor_node-6] [WARN] [1789951839.012582732] [diagnostic_monitor]: ANOMALY on [planning_node] /planning/path:stale_repeat: Value 1.0000 deviated from baseline 0.0000±0.0001 (z=10000.0, confirmed x474) (sev=1.00)
[monitor_node-6] [WARN] [1789951839.212203331] [diagnostic_monitor]: ANOMALY on [planning_node] /planning/path:stale_repeat: Value 1.0000 deviated from baseline 0.0000±0.0001 (z=10000.0, confirmed x475) (sev=1.00)
[monitor_node-6] [WARN] [1789951839.412243377] [diagnostic_monitor]: ANOMALY on [planning_node] /planning/path:stale_repeat: Value 1.0000 deviated from baseline 0.0000±0.0001 (z=10000.0, confirmed x476) (sev=1.00)
[monitor_node-6] [WARN] [1789951839.612412876] [diagnostic_monitor]: ANOMALY on [planning_node] /planning/path:stale_repeat: Value 1.0000 deviated from baseline 0.0000±0.0001 (z=10000.0, confirmed x477) (sev=1.00)
[monitor_node-6] [WARN] [1789951839.812246548] [diagnostic_monitor]: ANOMALY on [planning_node] /planning/path:stale_repeat: Value 1.0000 deviated from baseline 0.0000±0.0001 (z=10000.0, confirmed x478) (sev=1.00)
[monitor_node-6] [WARN] [1789951840.012282227] [diagnostic_monitor]: ANOMALY on [planning_node] /planning/path:stale_repeat: Value 1.0000 deviated from baseline 0.0000±0.0001 (z=10000.0, confirmed x479) (sev=1.00)
[monitor_node-6] [WARN] [1789951840.212416482] [diagnostic_monitor]: ANOMALY on [planning_node] /planning/path:stale_repeat: Value 1.0000 deviated from baseline 0.0000±0.0001 (z=10000.0, confirmed x480) (sev=1.00)
[monitor_node-6] [WARN] [1789951840.412177418] [diagnostic_monitor]: ANOMALY on [planning_node] /planning/path:stale_repeat: Value 1.0000 deviated from baseline 0.0000±0.0001 (z=10000.0, confirmed x481) (sev=1.00)
[monitor_node-6] [WARN] [1789951840.589790155] [diagnostic_monitor]: ANOMALY on [localization_node] node_crash: Node localization_node absent from ROS 2 graph (process crash or killed); last seen alive t=1789951744.05, missing for 96.5s (sev=1.00)
[monitor_node-6] [WARN] [1789951840.590326304] [diagnostic_monitor]: ANOMALY on [perception_node] node_crash: Node perception_node absent from ROS 2 graph (process crash or killed); last seen alive t=1789951802.79, missing for 37.8s (sev=1.00)
[monitor_node-6] [WARN] [1789951840.612357273] [diagnostic_monitor]: ANOMALY on [planning_node] /planning/path:stale_repeat: Value 1.0000 deviated from baseline 0.0000±0.0001 (z=10000.0, confirmed x482) (sev=1.00)
[monitor_node-6] [WARN] [1789951840.812297591] [diagnostic_monitor]: ANOMALY on [planning_node] /planning/path:stale_repeat: Value 1.0000 deviated from baseline 0.0000±0.0001 (z=10000.0, confirmed x483) (sev=1.00)
[monitor_node-6] [WARN] [1789951841.012269294] [diagnostic_monitor]: ANOMALY on [planning_node] /planning/path:stale_repeat: Value 1.0000 deviated from baseline 0.0000±0.0001 (z=10000.0, confirmed x484) (sev=1.00)
[monitor_node-6] [WARN] [1789951841.212286091] [diagnostic_monitor]: ANOMALY on [planning_node] /planning/path:stale_repeat: Value 1.0000 deviated from baseline 0.0000±0.0001 (z=10000.0, confirmed x485) (sev=1.00)
[monitor_node-6] [WARN] [1789951841.412112539] [diagnostic_monitor]: ANOMALY on [planning_node] /planning/path:stale_repeat: Value 1.0000 deviated from baseline 0.0000±0.0001 (z=10000.0, confirmed x486) (sev=1.00)
[monitor_node-6] [WARN] [1789951841.612341463] [diagnostic_monitor]: ANOMALY on [planning_node] /planning/path:stale_repeat: Value 1.0000 deviated from baseline 0.0000±0.0001 (z=10000.0, confirmed x487) (sev=1.00)
[monitor_node-6] [WARN] [1789951841.812371569] [diagnostic_monitor]: ANOMALY on [planning_node] /planning/path:stale_repeat: Value 1.0000 deviated from baseline 0.0000±0.0001 (z=10000.0, confirmed x488) (sev=1.00)
[monitor_node-6] [WARN] [1789951842.012023550] [diagnostic_monitor]: ANOMALY on [planning_node] /planning/path:stale_repeat: Value 1.0000 deviated from baseline 0.0000±0.0001 (z=10000.0, confirmed x489) (sev=1.00)
[monitor_node-6] [WARN] [1789951842.212083654] [diagnostic_monitor]: ANOMALY on [planning_node] /planning/path:stale_repeat: Value 1.0000 deviated from baseline 0.0000±0.0001 (z=10000.0, confirmed x490) (sev=1.00)
[monitor_node-6] [WARN] [1789951842.412185409] [diagnostic_monitor]: ANOMALY on [planning_node] /planning/path:stale_repeat: Value 1.0000 deviated from baseline 0.0000±0.0001 (z=10000.0, confirmed x491) (sev=1.00)
[monitor_node-6] [WARN] [1789951842.612696051] [diagnostic_monitor]: ANOMALY on [planning_node] /planning/path:stale_repeat: Value 1.0000 deviated from baseline 0.0000±0.0001 (z=10000.0, confirmed x492) (sev=1.00)
[monitor_node-6] [WARN] [1789951842.812320818] [diagnostic_monitor]: ANOMALY on [planning_node] /planning/path:stale_repeat: Value 1.0000 deviated from baseline 0.0000±0.0001 (z=10000.0, confirmed x493) (sev=1.00)
[monitor_node-6] [WARN] [1789951843.012303881] [diagnostic_monitor]: ANOMALY on [planning_node] /planning/path:stale_repeat: Value 1.0000 deviated from baseline 0.0000±0.0001 (z=10000.0, confirmed x494) (sev=1.00)
[monitor_node-6] [WARN] [1789951843.212401287] [diagnostic_monitor]: ANOMALY on [planning_node] /planning/path:stale_repeat: Value 1.0000 deviated from baseline 0.0000±0.0001 (z=10000.0, confirmed x495) (sev=1.00)
[monitor_node-6] [WARN] [1789951843.412406564] [diagnostic_monitor]: ANOMALY on [planning_node] /planning/path:stale_repeat: Value 1.0000 deviated from baseline 0.0000±0.0001 (z=10000.0, confirmed x496) (sev=1.00)
[monitor_node-6] [WARN] [1789951843.589500637] [diagnostic_monitor]: ANOMALY on [localization_node] node_crash: Node localization_node absent from ROS 2 graph (process crash or killed); last seen alive t=1789951744.05, missing for 99.5s (sev=1.00)
[monitor_node-6] [WARN] [1789951843.590059411] [diagnostic_monitor]: ANOMALY on [perception_node] node_crash: Node perception_node absent from ROS 2 graph (process crash or killed); last seen alive t=1789951802.79, missing for 40.8s (sev=1.00)
[monitor_node-6] [WARN] [1789951843.612520273] [diagnostic_monitor]: ANOMALY on [planning_node] /planning/path:stale_repeat: Value 1.0000 deviated from baseline 0.0000±0.0001 (z=10000.0, confirmed x497) (sev=1.00)
[monitor_node-6] [WARN] [1789951843.812286199] [diagnostic_monitor]: ANOMALY on [planning_node] /planning/path:stale_repeat: Value 1.0000 deviated from baseline 0.0000±0.0001 (z=10000.0, confirmed x498) (sev=1.00)
[monitor_node-6] [WARN] [1789951844.012552323] [diagnostic_monitor]: ANOMALY on [planning_node] /planning/path:stale_repeat: Value 1.0000 deviated from baseline 0.0000±0.0001 (z=10000.0, confirmed x499) (sev=1.00)
[monitor_node-6] [WARN] [1789951844.212007684] [diagnostic_monitor]: ANOMALY on [planning_node] /planning/path:stale_repeat: Value 1.0000 deviated from baseline 0.0000±0.0001 (z=10000.0, confirmed x500) (sev=1.00)
[monitor_node-6] [WARN] [1789951844.412236143] [diagnostic_monitor]: ANOMALY on [planning_node] /planning/path:stale_repeat: Value 1.0000 deviated from baseline 0.0000±0.0001 (z=10000.0, confirmed x501) (sev=1.00)
[monitor_node-6] [WARN] [1789951844.612333109] [diagnostic_monitor]: ANOMALY on [planning_node] /planning/path:stale_repeat: Value 1.0000 deviated from baseline 0.0000±0.0001 (z=10000.0, confirmed x502) (sev=1.00)
[monitor_node-6] [WARN] [1789951844.812475050] [diagnostic_monitor]: ANOMALY on [planning_node] /planning/path:stale_repeat: Value 1.0000 deviated from baseline 0.0000±0.0001 (z=10000.0, confirmed x503) (sev=1.00)
[monitor_node-6] [WARN] [1789951845.012255962] [diagnostic_monitor]: ANOMALY on [planning_node] /planning/path:stale_repeat: Value 1.0000 deviated from baseline 0.0000±0.0001 (z=10000.0, confirmed x504) (sev=1.00)
[monitor_node-6] [WARN] [1789951845.212275723] [diagnostic_monitor]: ANOMALY on [planning_node] /planning/path:stale_repeat: Value 1.0000 deviated from baseline 0.0000±0.0001 (z=10000.0, confirmed x505) (sev=1.00)
[monitor_node-6] [WARN] [1789951845.412110791] [diagnostic_monitor]: ANOMALY on [planning_node] /planning/path:stale_repeat: Value 1.0000 deviated from baseline 0.0000±0.0001 (z=10000.0, confirmed x506) (sev=1.00)
[monitor_node-6] [WARN] [1789951845.589733517] [diagnostic_monitor]: ANOMALY on [localization_node] node_crash: Node localization_node absent from ROS 2 graph (process crash or killed); last seen alive t=1789951744.05, missing for 101.5s (sev=1.00)
[monitor_node-6] [WARN] [1789951845.590241285] [diagnostic_monitor]: ANOMALY on [perception_node] node_crash: Node perception_node absent from ROS 2 graph (process crash or killed); last seen alive t=1789951802.79, missing for 42.8s (sev=1.00)
[monitor_node-6] [WARN] [1789951845.612337723] [diagnostic_monitor]: ANOMALY on [planning_node] /planning/path:stale_repeat: Value 1.0000 deviated from baseline 0.0000±0.0001 (z=10000.0, confirmed x507) (sev=1.00)
[monitor_node-6] [WARN] [1789951845.812973359] [diagnostic_monitor]: ANOMALY on [planning_node] /planning/path:stale_repeat: Value 1.0000 deviated from baseline 0.0000±0.0001 (z=10000.0, confirmed x508) (sev=1.00)
[monitor_node-6] [WARN] [1789951846.012333020] [diagnostic_monitor]: ANOMALY on [planning_node] /planning/path:stale_repeat: Value 1.0000 deviated from baseline 0.0000±0.0001 (z=10000.0, confirmed x509) (sev=1.00)
[monitor_node-6] [WARN] [1789951846.212404722] [diagnostic_monitor]: ANOMALY on [planning_node] /planning/path:stale_repeat: Value 1.0000 deviated from baseline 0.0000±0.0001 (z=10000.0, confirmed x510) (sev=1.00)
[monitor_node-6] [WARN] [1789951846.412234819] [diagnostic_monitor]: ANOMALY on [planning_node] /planning/path:stale_repeat: Value 1.0000 deviated from baseline 0.0000±0.0001 (z=10000.0, confirmed x511) (sev=1.00)
[monitor_node-6] [WARN] [1789951846.612286313] [diagnostic_monitor]: ANOMALY on [planning_node] /planning/path:stale_repeat: Value 1.0000 deviated from baseline 0.0000±0.0001 (z=10000.0, confirmed x512) (sev=1.00)
[monitor_node-6] [WARN] [1789951846.812521607] [diagnostic_monitor]: ANOMALY on [planning_node] /planning/path:stale_repeat: Value 1.0000 deviated from baseline 0.0000±0.0001 (z=10000.0, confirmed x513) (sev=1.00)
[monitor_node-6] [WARN] [1789951847.012226033] [diagnostic_monitor]: ANOMALY on [planning_node] /planning/path:stale_repeat: Value 1.0000 deviated from baseline 0.0000±0.0001 (z=10000.0, confirmed x514) (sev=1.00)
[monitor_node-6] [WARN] [1789951847.212326506] [diagnostic_monitor]: ANOMALY on [planning_node] /planning/path:stale_repeat: Value 1.0000 deviated from baseline 0.0000±0.0001 (z=10000.0, confirmed x515) (sev=1.00)
[monitor_node-6] [WARN] [1789951847.412272454] [diagnostic_monitor]: ANOMALY on [planning_node] /planning/path:stale_repeat: Value 1.0000 deviated from baseline 0.0000±0.0001 (z=10000.0, confirmed x516) (sev=1.00)
[monitor_node-6] [WARN] [1789951847.612528724] [diagnostic_monitor]: ANOMALY on [planning_node] /planning/path:stale_repeat: Value 1.0000 deviated from baseline 0.0000±0.0001 (z=10000.0, confirmed x517) (sev=1.00)
[monitor_node-6] [WARN] [1789951847.812156530] [diagnostic_monitor]: ANOMALY on [planning_node] /planning/path:stale_repeat: Value 1.0000 deviated from baseline 0.0000±0.0001 (z=10000.0, confirmed x518) (sev=1.00)
[monitor_node-6] [WARN] [1789951848.012222954] [diagnostic_monitor]: ANOMALY on [planning_node] /planning/path:stale_repeat: Value 1.0000 deviated from baseline 0.0000±0.0001 (z=10000.0, confirmed x519) (sev=1.00)
[monitor_node-6] [WARN] [1789951848.212368128] [diagnostic_monitor]: ANOMALY on [planning_node] /planning/path:stale_repeat: Value 1.0000 deviated from baseline 0.0000±0.0001 (z=10000.0, confirmed x520) (sev=1.00)
[monitor_node-6] [WARN] [1789951848.412412153] [diagnostic_monitor]: ANOMALY on [planning_node] /planning/path:stale_repeat: Value 1.0000 deviated from baseline 0.0000±0.0001 (z=10000.0, confirmed x521) (sev=1.00)
[monitor_node-6] [WARN] [1789951848.589784940] [diagnostic_monitor]: ANOMALY on [localization_node] node_crash: Node localization_node absent from ROS 2 graph (process crash or killed); last seen alive t=1789951744.05, missing for 104.5s (sev=1.00)
[monitor_node-6] [WARN] [1789951848.590295806] [diagnostic_monitor]: ANOMALY on [perception_node] node_crash: Node perception_node absent from ROS 2 graph (process crash or killed); last seen alive t=1789951802.79, missing for 45.8s (sev=1.00)
[monitor_node-6] [WARN] [1789951848.612132468] [diagnostic_monitor]: ANOMALY on [planning_node] /planning/path:stale_repeat: Value 1.0000 deviated from baseline 0.0000±0.0001 (z=10000.0, confirmed x522) (sev=1.00)
[monitor_node-6] [WARN] [1789951848.812335751] [diagnostic_monitor]: ANOMALY on [planning_node] /planning/path:stale_repeat: Value 1.0000 deviated from baseline 0.0000±0.0001 (z=10000.0, confirmed x523) (sev=1.00)
[monitor_node-6] [WARN] [1789951849.012420386] [diagnostic_monitor]: ANOMALY on [planning_node] /planning/path:stale_repeat: Value 1.0000 deviated from baseline 0.0000±0.0001 (z=10000.0, confirmed x524) (sev=1.00)
[monitor_node-6] [WARN] [1789951849.212184827] [diagnostic_monitor]: ANOMALY on [planning_node] /planning/path:stale_repeat: Value 1.0000 deviated from baseline 0.0000±0.0001 (z=10000.0, confirmed x525) (sev=1.00)
[monitor_node-6] [WARN] [1789951849.412237395] [diagnostic_monitor]: ANOMALY on [planning_node] /planning/path:stale_repeat: Value 1.0000 deviated from baseline 0.0000±0.0001 (z=10000.0, confirmed x526) (sev=1.00)
[monitor_node-6] [WARN] [1789951849.612176544] [diagnostic_monitor]: ANOMALY on [planning_node] /planning/path:stale_repeat: Value 1.0000 deviated from baseline 0.0000±0.0001 (z=10000.0, confirmed x527) (sev=1.00)
[monitor_node-6] [WARN] [1789951849.812150872] [diagnostic_monitor]: ANOMALY on [planning_node] /planning/path:stale_repeat: Value 1.0000 deviated from baseline 0.0000±0.0001 (z=10000.0, confirmed x528) (sev=1.00)
[monitor_node-6] [WARN] [1789951850.012739648] [diagnostic_monitor]: ANOMALY on [planning_node] /planning/path:stale_repeat: Value 1.0000 deviated from baseline 0.0000±0.0001 (z=10000.0, confirmed x529) (sev=1.00)
[monitor_node-6] [WARN] [1789951850.212082295] [diagnostic_monitor]: ANOMALY on [planning_node] /planning/path:stale_repeat: Value 1.0000 deviated from baseline 0.0000±0.0001 (z=10000.0, confirmed x530) (sev=1.00)
[monitor_node-6] [WARN] [1789951850.412266872] [diagnostic_monitor]: ANOMALY on [planning_node] /planning/path:stale_repeat: Value 1.0000 deviated from baseline 0.0000±0.0001 (z=10000.0, confirmed x531) (sev=1.00)
[monitor_node-6] [WARN] [1789951850.589709822] [diagnostic_monitor]: ANOMALY on [localization_node] node_crash: Node localization_node absent from ROS 2 graph (process crash or killed); last seen alive t=1789951744.05, missing for 106.5s (sev=1.00)
[monitor_node-6] [WARN] [1789951850.590241269] [diagnostic_monitor]: ANOMALY on [perception_node] node_crash: Node perception_node absent from ROS 2 graph (process crash or killed); last seen alive t=1789951802.79, missing for 47.8s (sev=1.00)
[monitor_node-6] [WARN] [1789951850.612183884] [diagnostic_monitor]: ANOMALY on [planning_node] /planning/path:stale_repeat: Value 1.0000 deviated from baseline 0.0000±0.0001 (z=10000.0, confirmed x532) (sev=1.00)
[monitor_node-6] [WARN] [1789951850.812415454] [diagnostic_monitor]: ANOMALY on [planning_node] /planning/path:stale_repeat: Value 1.0000 deviated from baseline 0.0000±0.0001 (z=10000.0, confirmed x533) (sev=1.00)
[monitor_node-6] [WARN] [1789951851.012341028] [diagnostic_monitor]: ANOMALY on [planning_node] /planning/path:stale_repeat: Value 1.0000 deviated from baseline 0.0000±0.0001 (z=10000.0, confirmed x534) (sev=1.00)
[monitor_node-6] [WARN] [1789951851.212433446] [diagnostic_monitor]: ANOMALY on [planning_node] /planning/path:stale_repeat: Value 1.0000 deviated from baseline 0.0000±0.0001 (z=10000.0, confirmed x535) (sev=1.00)
[monitor_node-6] [WARN] [1789951851.412198708] [diagnostic_monitor]: ANOMALY on [planning_node] /planning/path:stale_repeat: Value 1.0000 deviated from baseline 0.0000±0.0001 (z=10000.0, confirmed x536) (sev=1.00)
[monitor_node-6] [WARN] [1789951851.612350294] [diagnostic_monitor]: ANOMALY on [planning_node] /planning/path:stale_repeat: Value 1.0000 deviated from baseline 0.0000±0.0001 (z=10000.0, confirmed x537) (sev=1.00)
[monitor_node-6] [WARN] [1789951851.812223605] [diagnostic_monitor]: ANOMALY on [planning_node] /planning/path:stale_repeat: Value 1.0000 deviated from baseline 0.0000±0.0001 (z=10000.0, confirmed x538) (sev=1.00)
[monitor_node-6] [WARN] [1789951852.012270739] [diagnostic_monitor]: ANOMALY on [planning_node] /planning/path:stale_repeat: Value 1.0000 deviated from baseline 0.0000±0.0001 (z=10000.0, confirmed x539) (sev=1.00)
[monitor_node-6] [WARN] [1789951852.212292153] [diagnostic_monitor]: ANOMALY on [planning_node] /planning/path:stale_repeat: Value 1.0000 deviated from baseline 0.0000±0.0001 (z=10000.0, confirmed x540) (sev=1.00)
[monitor_node-6] [WARN] [1789951852.411944555] [diagnostic_monitor]: ANOMALY on [planning_node] /planning/path:stale_repeat: Value 1.0000 deviated from baseline 0.0000±0.0001 (z=10000.0, confirmed x541) (sev=1.00)
[monitor_node-6] [WARN] [1789951852.612189569] [diagnostic_monitor]: ANOMALY on [planning_node] /planning/path:stale_repeat: Value 1.0000 deviated from baseline 0.0000±0.0001 (z=10000.0, confirmed x542) (sev=1.00)
[monitor_node-6] [WARN] [1789951852.812246164] [diagnostic_monitor]: ANOMALY on [planning_node] /planning/path:stale_repeat: Value 1.0000 deviated from baseline 0.0000±0.0001 (z=10000.0, confirmed x543) (sev=1.00)
[monitor_node-6] [WARN] [1789951853.012327089] [diagnostic_monitor]: ANOMALY on [planning_node] /planning/path:stale_repeat: Value 1.0000 deviated from baseline 0.0000±0.0001 (z=10000.0, confirmed x544) (sev=1.00)
[monitor_node-6] [WARN] [1789951853.212544489] [diagnostic_monitor]: ANOMALY on [planning_node] /planning/path:stale_repeat: Value 1.0000 deviated from baseline 0.0000±0.0001 (z=10000.0, confirmed x545) (sev=1.00)
[monitor_node-6] [WARN] [1789951853.412210973] [diagnostic_monitor]: ANOMALY on [planning_node] /planning/path:stale_repeat: Value 1.0000 deviated from baseline 0.0000±0.0001 (z=10000.0, confirmed x546) (sev=1.00)
[monitor_node-6] [WARN] [1789951853.589746891] [diagnostic_monitor]: ANOMALY on [localization_node] node_crash: Node localization_node absent from ROS 2 graph (process crash or killed); last seen alive t=1789951744.05, missing for 109.5s (sev=1.00)
[monitor_node-6] [WARN] [1789951853.590292999] [diagnostic_monitor]: ANOMALY on [perception_node] node_crash: Node perception_node absent from ROS 2 graph (process crash or killed); last seen alive t=1789951802.79, missing for 50.8s (sev=1.00)
[monitor_node-6] [WARN] [1789951853.612380753] [diagnostic_monitor]: ANOMALY on [planning_node] /planning/path:stale_repeat: Value 1.0000 deviated from baseline 0.0000±0.0001 (z=10000.0, confirmed x547) (sev=1.00)
[monitor_node-6] [WARN] [1789951853.812367034] [diagnostic_monitor]: ANOMALY on [planning_node] /planning/path:stale_repeat: Value 1.0000 deviated from baseline 0.0000±0.0001 (z=10000.0, confirmed x548) (sev=1.00)
[monitor_node-6] [WARN] [1789951854.012308521] [diagnostic_monitor]: ANOMALY on [planning_node] /planning/path:stale_repeat: Value 1.0000 deviated from baseline 0.0000±0.0001 (z=10000.0, confirmed x549) (sev=1.00)
[monitor_node-6] [WARN] [1789951854.212134506] [diagnostic_monitor]: ANOMALY on [planning_node] /planning/path:stale_repeat: Value 1.0000 deviated from baseline 0.0000±0.0001 (z=10000.0, confirmed x550) (sev=1.00)
[monitor_node-6] [WARN] [1789951854.412267152] [diagnostic_monitor]: ANOMALY on [planning_node] /planning/path:stale_repeat: Value 1.0000 deviated from baseline 0.0000±0.0001 (z=10000.0, confirmed x551) (sev=1.00)
[monitor_node-6] [WARN] [1789951854.612537133] [diagnostic_monitor]: ANOMALY on [planning_node] /planning/path:stale_repeat: Value 1.0000 deviated from baseline 0.0000±0.0001 (z=10000.0, confirmed x552) (sev=1.00)
[monitor_node-6] [WARN] [1789951854.812348596] [diagnostic_monitor]: ANOMALY on [planning_node] /planning/path:stale_repeat: Value 1.0000 deviated from baseline 0.0000±0.0001 (z=10000.0, confirmed x553) (sev=1.00)
[monitor_node-6] [WARN] [1789951855.012222523] [diagnostic_monitor]: ANOMALY on [planning_node] /planning/path:stale_repeat: Value 1.0000 deviated from baseline 0.0000±0.0001 (z=10000.0, confirmed x554) (sev=1.00)
[monitor_node-6] [WARN] [1789951855.212130879] [diagnostic_monitor]: ANOMALY on [planning_node] /planning/path:stale_repeat: Value 1.0000 deviated from baseline 0.0000±0.0001 (z=10000.0, confirmed x555) (sev=1.00)
[monitor_node-6] [WARN] [1789951855.412445537] [diagnostic_monitor]: ANOMALY on [planning_node] /planning/path:stale_repeat: Value 1.0000 deviated from baseline 0.0000±0.0001 (z=10000.0, confirmed x556) (sev=1.00)
[monitor_node-6] [WARN] [1789951855.589753835] [diagnostic_monitor]: ANOMALY on [localization_node] node_crash: Node localization_node absent from ROS 2 graph (process crash or killed); last seen alive t=1789951744.05, missing for 111.5s (sev=1.00)
[monitor_node-6] [WARN] [1789951855.590263333] [diagnostic_monitor]: ANOMALY on [perception_node] node_crash: Node perception_node absent from ROS 2 graph (process crash or killed); last seen alive t=1789951802.79, missing for 52.8s (sev=1.00)
[monitor_node-6] [WARN] [1789951855.612557684] [diagnostic_monitor]: ANOMALY on [planning_node] /planning/path:stale_repeat: Value 1.0000 deviated from baseline 0.0000±0.0001 (z=10000.0, confirmed x557) (sev=1.00)
[monitor_node-6] [WARN] [1789951855.812404595] [diagnostic_monitor]: ANOMALY on [planning_node] /planning/path:stale_repeat: Value 1.0000 deviated from baseline 0.0000±0.0001 (z=10000.0, confirmed x558) (sev=1.00)
[monitor_node-6] [WARN] [1789951856.012542730] [diagnostic_monitor]: ANOMALY on [planning_node] /planning/path:stale_repeat: Value 1.0000 deviated from baseline 0.0000±0.0001 (z=10000.0, confirmed x559) (sev=1.00)
[monitor_node-6] [WARN] [1789951856.212526644] [diagnostic_monitor]: ANOMALY on [planning_node] /planning/path:stale_repeat: Value 1.0000 deviated from baseline 0.0000±0.0001 (z=10000.0, confirmed x560) (sev=1.00)
[monitor_node-6] [WARN] [1789951856.412523616] [diagnostic_monitor]: ANOMALY on [planning_node] /planning/path:stale_repeat: Value 1.0000 deviated from baseline 0.0000±0.0001 (z=10000.0, confirmed x561) (sev=1.00)
[monitor_node-6] [WARN] [1789951856.612367886] [diagnostic_monitor]: ANOMALY on [planning_node] /planning/path:stale_repeat: Value 1.0000 deviated from baseline 0.0000±0.0001 (z=10000.0, confirmed x562) (sev=1.00)
[monitor_node-6] [WARN] [1789951856.812441723] [diagnostic_monitor]: ANOMALY on [planning_node] /planning/path:stale_repeat: Value 1.0000 deviated from baseline 0.0000±0.0001 (z=10000.0, confirmed x563) (sev=1.00)
[monitor_node-6] [WARN] [1789951857.012244691] [diagnostic_monitor]: ANOMALY on [planning_node] /planning/path:stale_repeat: Value 1.0000 deviated from baseline 0.0000±0.0001 (z=10000.0, confirmed x564) (sev=1.00)
[monitor_node-6] [WARN] [1789951857.212217387] [diagnostic_monitor]: ANOMALY on [planning_node] /planning/path:stale_repeat: Value 1.0000 deviated from baseline 0.0000±0.0001 (z=10000.0, confirmed x565) (sev=1.00)
[monitor_node-6] [WARN] [1789951857.412212179] [diagnostic_monitor]: ANOMALY on [planning_node] /planning/path:stale_repeat: Value 1.0000 deviated from baseline 0.0000±0.0001 (z=10000.0, confirmed x566) (sev=1.00)
[monitor_node-6] [WARN] [1789951857.612348221] [diagnostic_monitor]: ANOMALY on [planning_node] /planning/path:stale_repeat: Value 1.0000 deviated from baseline 0.0000±0.0001 (z=10000.0, confirmed x567) (sev=1.00)
[monitor_node-6] [WARN] [1789951857.812372362] [diagnostic_monitor]: ANOMALY on [planning_node] /planning/path:stale_repeat: Value 1.0000 deviated from baseline 0.0000±0.0001 (z=10000.0, confirmed x568) (sev=1.00)
[monitor_node-6] [WARN] [1789951858.012534317] [diagnostic_monitor]: ANOMALY on [planning_node] /planning/path:stale_repeat: Value 1.0000 deviated from baseline 0.0000±0.0001 (z=10000.0, confirmed x569) (sev=1.00)
[monitor_node-6] [WARN] [1789951858.212413840] [diagnostic_monitor]: ANOMALY on [planning_node] /planning/path:stale_repeat: Value 1.0000 deviated from baseline 0.0000±0.0001 (z=10000.0, confirmed x570) (sev=1.00)
[monitor_node-6] [WARN] [1789951858.412191048] [diagnostic_monitor]: ANOMALY on [planning_node] /planning/path:stale_repeat: Value 1.0000 deviated from baseline 0.0000±0.0001 (z=10000.0, confirmed x571) (sev=1.00)
