[INFO] [launch]: All log files can be found below /home/lynx/.ros/log/2026-09-22-22-12-09-184202-WINDOWS-FIRE-18293
[INFO] [launch]: Default logging verbosity is set to INFO
[INFO] [sim_world-1]: process started with pid [18300]
[INFO] [perception_node-2]: process started with pid [18301]
[INFO] [localization_node-3]: process started with pid [18302]
[INFO] [planning_node-4]: process started with pid [18303]
[INFO] [control_node-5]: process started with pid [18304]
[INFO] [monitor_node-6]: process started with pid [18305]
[localization_node-3] [INFO] [1790115130.464966857] [localization_node]: localization_node ready (odom + imu + landmarks -> /localization/pose)
[sim_world-1] [INFO] [1790115130.550129891] [sim_world]: sensor node started: lidar_node
[sim_world-1] [INFO] [1790115130.654222907] [sim_world]: sensor node started: camera_node
[monitor_node-6] [INFO] [1790115130.661222577] [diagnostic_monitor]: DiagnosticMonitorNode started. DB: /home/lynx/ros2_rca_ws/events.db, Weights: (wD=0.3, wT=0.3, wS=0.25, wA=0.15), z>3.0 confirmed x2, warmup 4.0s
[sim_world-1] [INFO] [1790115130.670173803] [sim_world]: sensor node started: imu_node
[control_node-5] [INFO] [1790115130.675573896] [control_node]: control_node ready (path -> /cmd_vel)
[sim_world-1] [INFO] [1790115130.695628628] [sim_world]: sensor node started: odometry_node
[sim_world-1] [INFO] [1790115130.696366366] [sim_world]: sim_world ready (seed=7, obstacles=12)
[perception_node-2] [INFO] [1790115130.701528571] [perception_node]: perception_node ready (lidar + camera -> /perception/obstacles)
[planning_node-4] [WARN] [1790115130.704379174] [planning_node]: planning_node: pose source = localization
[planning_node-4] [INFO] [1790115130.704962845] [planning_node]: planning_node ready (pose + obstacles -> /planning/path)
[monitor_node-6] [INFO] [1790115131.635149234] [diagnostic_monitor]: Discovered graph: nodes=['camera_node', 'control_node', 'imu_node', 'lidar_node', 'localization_node', 'odometry_node', 'perception_node', 'planning_node', 'sim_world'] edges=[camera_node->perception_node, control_node->sim_world, imu_node->localization_node, lidar_node->perception_node, localization_node->planning_node, odometry_node->localization_node, perception_node->localization_node, perception_node->planning_node, planning_node->control_node]
[monitor_node-6] [INFO] [1790115131.692382469] [diagnostic_monitor]: Dynamically subscribed to monitor topic: /cmd_vel [geometry_msgs/msg/TwistStamped]
[monitor_node-6] [INFO] [1790115131.694932817] [diagnostic_monitor]: Dynamically subscribed to monitor topic: /localization/pose [geometry_msgs/msg/PoseWithCovarianceStamped]
[monitor_node-6] [INFO] [1790115131.696677028] [diagnostic_monitor]: Dynamically subscribed to monitor topic: /perception/obstacles [geometry_msgs/msg/PoseArray]
[monitor_node-6] [INFO] [1790115131.719056689] [diagnostic_monitor]: Dynamically subscribed to monitor topic: /planning/path [nav_msgs/msg/Path]
[monitor_node-6] [INFO] [1790115131.786921946] [diagnostic_monitor]: Dynamically subscribed to monitor topic: /sim/camera/image [sensor_msgs/msg/Image]
[monitor_node-6] [INFO] [1790115131.789533083] [diagnostic_monitor]: Dynamically subscribed to monitor topic: /sim/imu/data [sensor_msgs/msg/Imu]
[monitor_node-6] [INFO] [1790115131.791658647] [diagnostic_monitor]: Dynamically subscribed to monitor topic: /sim/lidar/scan [sensor_msgs/msg/LaserScan]
[monitor_node-6] [INFO] [1790115131.793956556] [diagnostic_monitor]: Dynamically subscribed to monitor topic: /sim/odom [nav_msgs/msg/Odometry]
[monitor_node-6] [WARN] [1790115173.556041753] [diagnostic_monitor]: ANOMALY on [perception_node] /perception/obstacles:latency: Value 0.2241 deviated from baseline 0.0141±0.0027 (z=77.1, confirmed x2) (sev=1.00)
[monitor_node-6] [INFO] [1790115173.636442212] [diagnostic_monitor]: 
[monitor_node-6] ============================================================
[monitor_node-6] ROOT CAUSE DIAGNOSIS: perception_node (Confidence: 1.000)
[monitor_node-6] ============================================================
[monitor_node-6] Score Breakdown  R(C) = wD*D + wT*T + wS*S + wA*A:
[monitor_node-6]   R(perception_node) = 0.3·D(1.00) + 0.3·T(1.00) + 0.25·S(1.00) + 0.15·A(1.00) = 1.000
[monitor_node-6]   - Dependency D: 1.00 (reaches 0 downstream anomalous node(s); 0 anomalous upstream node(s))
[monitor_node-6]   - Temporal   T: 1.00 (first anomaly at t=1790115173.55s; earliest in window = supporting evidence, not proof of causality)
[monitor_node-6]   - Symptom    S: 1.00 (explains 1/1 anomalous nodes)
[monitor_node-6]   - Severity   A: 1.00 (max normalised severity on node, 1 direct anomaly event(s))
[monitor_node-6] 
[monitor_node-6] Propagation Chain (evidence-ordered, via discovered graph edges):
[monitor_node-6]   perception_node (t=1790115173.55s: /perception/obstacles:latency, sev=1.00)
[monitor_node-6] 
[monitor_node-6] Candidate Ranking & Evidence Comparison:
[monitor_node-6]   #2 camera_node          R=0.415 (Δ -0.585) [no direct anomaly observed; does not reach observed symptoms via dependency edges]
[monitor_node-6]   #3 lidar_node           R=0.415 (Δ -0.585) [no direct anomaly observed; does not reach observed symptoms via dependency edges]
[monitor_node-6] ============================================================
[sim_world-1] [WARN] [1790115179.031780434] [camera_node]: camera_node: degradation "restart" param=6 duration=1.0s
[sim_world-1] [WARN] [1790115179.082180745] [camera_node]: camera_node: degradation "restart" param=6 duration=1.0s
[sim_world-1] [WARN] [1790115179.132956022] [camera_node]: camera_node: degradation "restart" param=6 duration=1.0s
[sim_world-1] [WARN] [1790115179.182714699] [camera_node]: camera_node: degradation "restart" param=6 duration=1.0s
[sim_world-1] [WARN] [1790115179.284825597] [sim_world]: sensor node removed from ROS graph: camera_node
[monitor_node-6] [WARN] [1790115179.635745958] [diagnostic_monitor]: ANOMALY on [camera_node] node_crash: Node camera_node absent from ROS 2 graph (process crash or killed); last seen alive t=1790115179.26, missing for 0.4s (sev=1.00)
[monitor_node-6] [FATAL] [1790115179.636167210] [diagnostic_monitor]: CRASH DETECTED: Node camera_node absent from ROS 2 graph (process crash or killed); last seen alive t=1790115179.26, missing for 0.4s
[monitor_node-6] [INFO] [1790115179.645902206] [diagnostic_monitor]: 
[monitor_node-6] ============================================================
[monitor_node-6] ROOT CAUSE DIAGNOSIS: camera_node (Confidence: 1.000)
[monitor_node-6] ============================================================
[monitor_node-6] Score Breakdown  R(C) = wD*D + wT*T + wS*S + wA*A:
[monitor_node-6]   R(camera_node) = 0.3·D(1.00) + 0.3·T(1.00) + 0.25·S(1.00) + 0.15·A(1.00) = 1.000
[monitor_node-6]   - Dependency D: 1.00 (reaches 0 downstream anomalous node(s); 0 anomalous upstream node(s))
[monitor_node-6]   - Temporal   T: 1.00 (first anomaly at t=1790115179.26s; earliest in window = supporting evidence, not proof of causality)
[monitor_node-6]   - Symptom    S: 1.00 (explains 1/1 anomalous nodes)
[monitor_node-6]   - Severity   A: 1.00 (max normalised severity on node, 1 direct anomaly event(s))
[monitor_node-6] 
[monitor_node-6] Propagation Chain (evidence-ordered, via discovered graph edges):
[monitor_node-6]   camera_node (t=1790115179.26s: node_crash, sev=1.00)
[monitor_node-6] 
[monitor_node-6] ============================================================
[monitor_node-6] [WARN] [1790115179.945661541] [diagnostic_monitor]: ANOMALY on [perception_node] /perception/obstacles:obstacle_empty: Value 1.0000 deviated from baseline 0.0000±0.0001 (z=10000.0, confirmed x2) (sev=1.00)
[monitor_node-6] [WARN] [1790115180.046428444] [diagnostic_monitor]: ANOMALY on [perception_node] /perception/obstacles:obstacle_empty: Value 1.0000 deviated from baseline 0.0000±0.0001 (z=10000.0, confirmed x3) (sev=1.00)
[monitor_node-6] [WARN] [1790115180.145472854] [diagnostic_monitor]: ANOMALY on [perception_node] /perception/obstacles:obstacle_empty: Value 1.0000 deviated from baseline 0.0000±0.0001 (z=10000.0, confirmed x4) (sev=1.00)
[monitor_node-6] [WARN] [1790115180.245688872] [diagnostic_monitor]: ANOMALY on [perception_node] /perception/obstacles:obstacle_empty: Value 1.0000 deviated from baseline 0.0000±0.0001 (z=10000.0, confirmed x5) (sev=1.00)
[monitor_node-6] [WARN] [1790115180.345898962] [diagnostic_monitor]: ANOMALY on [perception_node] /perception/obstacles:obstacle_empty: Value 1.0000 deviated from baseline 0.0000±0.0001 (z=10000.0, confirmed x6) (sev=1.00)
[monitor_node-6] [WARN] [1790115180.445797429] [diagnostic_monitor]: ANOMALY on [perception_node] /perception/obstacles:obstacle_empty: Value 1.0000 deviated from baseline 0.0000±0.0001 (z=10000.0, confirmed x7) (sev=1.00)
[monitor_node-6] [WARN] [1790115180.545438233] [diagnostic_monitor]: ANOMALY on [perception_node] /perception/obstacles:obstacle_empty: Value 1.0000 deviated from baseline 0.0000±0.0001 (z=10000.0, confirmed x8) (sev=1.00)
[monitor_node-6] [WARN] [1790115180.645275972] [diagnostic_monitor]: ANOMALY on [perception_node] /perception/obstacles:obstacle_empty: Value 1.0000 deviated from baseline 0.0000±0.0001 (z=10000.0, confirmed x9) (sev=1.00)
[monitor_node-6] [WARN] [1790115180.745814148] [diagnostic_monitor]: ANOMALY on [perception_node] /perception/obstacles:obstacle_empty: Value 1.0000 deviated from baseline 0.0000±0.0001 (z=10000.0, confirmed x10) (sev=1.00)
[monitor_node-6] [WARN] [1790115180.845855220] [diagnostic_monitor]: ANOMALY on [perception_node] /perception/obstacles:obstacle_empty: Value 1.0000 deviated from baseline 0.0000±0.0001 (z=10000.0, confirmed x11) (sev=1.00)
[monitor_node-6] [WARN] [1790115180.945577445] [diagnostic_monitor]: ANOMALY on [perception_node] /perception/obstacles:obstacle_empty: Value 1.0000 deviated from baseline 0.0000±0.0001 (z=10000.0, confirmed x12) (sev=1.00)
[monitor_node-6] [WARN] [1790115181.045144438] [diagnostic_monitor]: ANOMALY on [perception_node] /perception/obstacles:obstacle_empty: Value 1.0000 deviated from baseline 0.0000±0.0001 (z=10000.0, confirmed x13) (sev=1.00)
[monitor_node-6] [WARN] [1790115181.145422720] [diagnostic_monitor]: ANOMALY on [perception_node] /perception/obstacles:obstacle_empty: Value 1.0000 deviated from baseline 0.0000±0.0001 (z=10000.0, confirmed x14) (sev=1.00)
[monitor_node-6] [WARN] [1790115181.245779853] [diagnostic_monitor]: ANOMALY on [perception_node] /perception/obstacles:obstacle_empty: Value 1.0000 deviated from baseline 0.0000±0.0001 (z=10000.0, confirmed x15) (sev=1.00)
[monitor_node-6] [WARN] [1790115181.345582416] [diagnostic_monitor]: ANOMALY on [perception_node] /perception/obstacles:obstacle_empty: Value 1.0000 deviated from baseline 0.0000±0.0001 (z=10000.0, confirmed x16) (sev=1.00)
[monitor_node-6] [WARN] [1790115181.445484167] [diagnostic_monitor]: ANOMALY on [perception_node] /perception/obstacles:obstacle_empty: Value 1.0000 deviated from baseline 0.0000±0.0001 (z=10000.0, confirmed x17) (sev=1.00)
[monitor_node-6] [WARN] [1790115181.545263174] [diagnostic_monitor]: ANOMALY on [perception_node] /perception/obstacles:obstacle_empty: Value 1.0000 deviated from baseline 0.0000±0.0001 (z=10000.0, confirmed x18) (sev=1.00)
[monitor_node-6] [WARN] [1790115181.635421995] [diagnostic_monitor]: ANOMALY on [camera_node] node_crash: Node camera_node absent from ROS 2 graph (process crash or killed); last seen alive t=1790115179.26, missing for 2.4s (sev=1.00)
[monitor_node-6] [WARN] [1790115181.645634752] [diagnostic_monitor]: ANOMALY on [perception_node] /perception/obstacles:obstacle_empty: Value 1.0000 deviated from baseline 0.0000±0.0001 (z=10000.0, confirmed x19) (sev=1.00)
[monitor_node-6] [WARN] [1790115181.745749790] [diagnostic_monitor]: ANOMALY on [perception_node] /perception/obstacles:obstacle_empty: Value 1.0000 deviated from baseline 0.0000±0.0001 (z=10000.0, confirmed x20) (sev=1.00)
[monitor_node-6] [WARN] [1790115181.845288897] [diagnostic_monitor]: ANOMALY on [perception_node] /perception/obstacles:obstacle_empty: Value 1.0000 deviated from baseline 0.0000±0.0001 (z=10000.0, confirmed x21) (sev=1.00)
[monitor_node-6] [WARN] [1790115181.907768656] [diagnostic_monitor]: ANOMALY on [localization_node] /localization/pose:pose_uncertainty: Value 0.3347 deviated from baseline 0.0744±0.0247 (z=10.6, confirmed x2) (sev=1.00)
[monitor_node-6] [WARN] [1790115181.945001218] [diagnostic_monitor]: ANOMALY on [perception_node] /perception/obstacles:obstacle_empty: Value 1.0000 deviated from baseline 0.0000±0.0001 (z=10000.0, confirmed x22) (sev=1.00)
[monitor_node-6] [WARN] [1790115181.957683649] [diagnostic_monitor]: ANOMALY on [localization_node] /localization/pose:pose_uncertainty: Value 0.3432 deviated from baseline 0.0744±0.0247 (z=10.9, confirmed x3) (sev=1.00)
[monitor_node-6] [WARN] [1790115182.008021049] [diagnostic_monitor]: ANOMALY on [localization_node] /localization/pose:pose_uncertainty: Value 0.3517 deviated from baseline 0.0744±0.0247 (z=11.2, confirmed x4) (sev=1.00)
[monitor_node-6] [WARN] [1790115182.045822558] [diagnostic_monitor]: ANOMALY on [perception_node] /perception/obstacles:obstacle_empty: Value 1.0000 deviated from baseline 0.0000±0.0001 (z=10000.0, confirmed x23) (sev=1.00)
[monitor_node-6] [WARN] [1790115182.057635614] [diagnostic_monitor]: ANOMALY on [localization_node] /localization/pose:pose_uncertainty: Value 0.3602 deviated from baseline 0.0744±0.0247 (z=11.6, confirmed x5) (sev=1.00)
[monitor_node-6] [WARN] [1790115182.107617286] [diagnostic_monitor]: ANOMALY on [localization_node] /localization/pose:pose_uncertainty: Value 0.3687 deviated from baseline 0.0744±0.0247 (z=11.9, confirmed x6) (sev=1.00)
[monitor_node-6] [WARN] [1790115182.145457466] [diagnostic_monitor]: ANOMALY on [perception_node] /perception/obstacles:obstacle_empty: Value 1.0000 deviated from baseline 0.0000±0.0001 (z=10000.0, confirmed x24) (sev=1.00)
[monitor_node-6] [WARN] [1790115182.158177592] [diagnostic_monitor]: ANOMALY on [localization_node] /localization/pose:pose_uncertainty: Value 0.3772 deviated from baseline 0.0744±0.0247 (z=12.3, confirmed x7) (sev=1.00)
[monitor_node-6] [WARN] [1790115182.208064383] [diagnostic_monitor]: ANOMALY on [localization_node] /localization/pose:pose_uncertainty: Value 0.3857 deviated from baseline 0.0744±0.0247 (z=12.6, confirmed x8) (sev=1.00)
[monitor_node-6] [WARN] [1790115182.245556287] [diagnostic_monitor]: ANOMALY on [perception_node] /perception/obstacles:obstacle_empty: Value 1.0000 deviated from baseline 0.0000±0.0001 (z=10000.0, confirmed x25) (sev=1.00)
[monitor_node-6] [WARN] [1790115182.257617035] [diagnostic_monitor]: ANOMALY on [localization_node] /localization/pose:pose_uncertainty: Value 0.3942 deviated from baseline 0.0744±0.0247 (z=13.0, confirmed x9) (sev=1.00)
[monitor_node-6] [WARN] [1790115182.308116187] [diagnostic_monitor]: ANOMALY on [localization_node] /localization/pose:pose_uncertainty: Value 0.4026 deviated from baseline 0.0744±0.0247 (z=13.3, confirmed x10) (sev=1.00)
[monitor_node-6] [WARN] [1790115182.345705853] [diagnostic_monitor]: ANOMALY on [perception_node] /perception/obstacles:obstacle_empty: Value 1.0000 deviated from baseline 0.0000±0.0001 (z=10000.0, confirmed x26) (sev=1.00)
[monitor_node-6] [WARN] [1790115182.357949680] [diagnostic_monitor]: ANOMALY on [localization_node] /localization/pose:pose_uncertainty: Value 0.4111 deviated from baseline 0.0744±0.0247 (z=13.7, confirmed x11) (sev=1.00)
[monitor_node-6] [WARN] [1790115182.408584748] [diagnostic_monitor]: ANOMALY on [localization_node] /localization/pose:pose_uncertainty: Value 0.4196 deviated from baseline 0.0744±0.0247 (z=14.0, confirmed x12) (sev=1.00)
[monitor_node-6] [WARN] [1790115182.445945447] [diagnostic_monitor]: ANOMALY on [perception_node] /perception/obstacles:obstacle_empty: Value 1.0000 deviated from baseline 0.0000±0.0001 (z=10000.0, confirmed x27) (sev=1.00)
[monitor_node-6] [WARN] [1790115182.457853847] [diagnostic_monitor]: ANOMALY on [localization_node] /localization/pose:pose_uncertainty: Value 0.4281 deviated from baseline 0.0744±0.0247 (z=14.3, confirmed x13) (sev=1.00)
[monitor_node-6] [WARN] [1790115182.508275763] [diagnostic_monitor]: ANOMALY on [localization_node] /localization/pose:pose_uncertainty: Value 0.4366 deviated from baseline 0.0744±0.0247 (z=14.7, confirmed x14) (sev=1.00)
[monitor_node-6] [WARN] [1790115182.545162161] [diagnostic_monitor]: ANOMALY on [perception_node] /perception/obstacles:obstacle_empty: Value 1.0000 deviated from baseline 0.0000±0.0001 (z=10000.0, confirmed x28) (sev=1.00)
[monitor_node-6] [WARN] [1790115182.557960388] [diagnostic_monitor]: ANOMALY on [localization_node] /localization/pose:pose_uncertainty: Value 0.4451 deviated from baseline 0.0744±0.0247 (z=15.0, confirmed x15) (sev=1.00)
[monitor_node-6] [WARN] [1790115182.608292840] [diagnostic_monitor]: ANOMALY on [localization_node] /localization/pose:pose_uncertainty: Value 0.4535 deviated from baseline 0.0744±0.0247 (z=15.4, confirmed x16) (sev=1.00)
[monitor_node-6] [WARN] [1790115182.645463778] [diagnostic_monitor]: ANOMALY on [perception_node] /perception/obstacles:obstacle_empty: Value 1.0000 deviated from baseline 0.0000±0.0001 (z=10000.0, confirmed x29) (sev=1.00)
[monitor_node-6] [WARN] [1790115182.657770332] [diagnostic_monitor]: ANOMALY on [localization_node] /localization/pose:pose_uncertainty: Value 0.4620 deviated from baseline 0.0744±0.0247 (z=15.7, confirmed x17) (sev=1.00)
[monitor_node-6] [WARN] [1790115182.707903418] [diagnostic_monitor]: ANOMALY on [localization_node] /localization/pose:pose_uncertainty: Value 0.4705 deviated from baseline 0.0744±0.0247 (z=16.1, confirmed x18) (sev=1.00)
[monitor_node-6] [WARN] [1790115182.745538339] [diagnostic_monitor]: ANOMALY on [perception_node] /perception/obstacles:obstacle_empty: Value 1.0000 deviated from baseline 0.0000±0.0001 (z=10000.0, confirmed x30) (sev=1.00)
[monitor_node-6] [WARN] [1790115182.757536417] [diagnostic_monitor]: ANOMALY on [localization_node] /localization/pose:pose_uncertainty: Value 0.4789 deviated from baseline 0.0744±0.0247 (z=16.4, confirmed x19) (sev=1.00)
[monitor_node-6] [WARN] [1790115182.807754496] [diagnostic_monitor]: ANOMALY on [localization_node] /localization/pose:pose_uncertainty: Value 0.4875 deviated from baseline 0.0744±0.0247 (z=16.7, confirmed x20) (sev=1.00)
[monitor_node-6] [WARN] [1790115182.845422514] [diagnostic_monitor]: ANOMALY on [perception_node] /perception/obstacles:obstacle_empty: Value 1.0000 deviated from baseline 0.0000±0.0001 (z=10000.0, confirmed x31) (sev=1.00)
[monitor_node-6] [WARN] [1790115182.858062556] [diagnostic_monitor]: ANOMALY on [localization_node] /localization/pose:pose_uncertainty: Value 0.4960 deviated from baseline 0.0744±0.0247 (z=17.1, confirmed x21) (sev=1.00)
[monitor_node-6] [WARN] [1790115182.907529422] [diagnostic_monitor]: ANOMALY on [localization_node] /localization/pose:pose_uncertainty: Value 0.5044 deviated from baseline 0.0744±0.0247 (z=17.4, confirmed x22) (sev=1.00)
[monitor_node-6] [WARN] [1790115182.945480702] [diagnostic_monitor]: ANOMALY on [perception_node] /perception/obstacles:obstacle_empty: Value 1.0000 deviated from baseline 0.0000±0.0001 (z=10000.0, confirmed x32) (sev=1.00)
[monitor_node-6] [WARN] [1790115182.957770716] [diagnostic_monitor]: ANOMALY on [localization_node] /localization/pose:pose_uncertainty: Value 0.5128 deviated from baseline 0.0744±0.0247 (z=17.8, confirmed x23) (sev=1.00)
[monitor_node-6] [WARN] [1790115183.008380885] [diagnostic_monitor]: ANOMALY on [localization_node] /localization/pose:pose_uncertainty: Value 0.5214 deviated from baseline 0.0744±0.0247 (z=18.1, confirmed x24) (sev=1.00)
[monitor_node-6] [WARN] [1790115183.045601680] [diagnostic_monitor]: ANOMALY on [perception_node] /perception/obstacles:obstacle_empty: Value 1.0000 deviated from baseline 0.0000±0.0001 (z=10000.0, confirmed x33) (sev=1.00)
[monitor_node-6] [WARN] [1790115183.058233168] [diagnostic_monitor]: ANOMALY on [localization_node] /localization/pose:pose_uncertainty: Value 0.5299 deviated from baseline 0.0744±0.0247 (z=18.5, confirmed x25) (sev=1.00)
[monitor_node-6] [WARN] [1790115183.108156660] [diagnostic_monitor]: ANOMALY on [localization_node] /localization/pose:pose_uncertainty: Value 0.5383 deviated from baseline 0.0744±0.0247 (z=18.8, confirmed x26) (sev=1.00)
[monitor_node-6] [WARN] [1790115183.145063396] [diagnostic_monitor]: ANOMALY on [perception_node] /perception/obstacles:obstacle_empty: Value 1.0000 deviated from baseline 0.0000±0.0001 (z=10000.0, confirmed x34) (sev=1.00)
[monitor_node-6] [WARN] [1790115183.158145128] [diagnostic_monitor]: ANOMALY on [localization_node] /localization/pose:pose_uncertainty: Value 0.5468 deviated from baseline 0.0744±0.0247 (z=19.2, confirmed x27) (sev=1.00)
[monitor_node-6] [WARN] [1790115183.207967804] [diagnostic_monitor]: ANOMALY on [localization_node] /localization/pose:pose_uncertainty: Value 0.5554 deviated from baseline 0.0744±0.0247 (z=19.5, confirmed x28) (sev=1.00)
[monitor_node-6] [WARN] [1790115183.245318666] [diagnostic_monitor]: ANOMALY on [perception_node] /perception/obstacles:obstacle_empty: Value 1.0000 deviated from baseline 0.0000±0.0001 (z=10000.0, confirmed x35) (sev=1.00)
[monitor_node-6] [WARN] [1790115183.257464929] [diagnostic_monitor]: ANOMALY on [localization_node] /localization/pose:pose_uncertainty: Value 0.5638 deviated from baseline 0.0744±0.0247 (z=19.8, confirmed x29) (sev=1.00)
[monitor_node-6] [WARN] [1790115183.308174606] [diagnostic_monitor]: ANOMALY on [localization_node] /localization/pose:pose_uncertainty: Value 0.5723 deviated from baseline 0.0744±0.0247 (z=20.2, confirmed x30) (sev=1.00)
[monitor_node-6] [WARN] [1790115183.345664749] [diagnostic_monitor]: ANOMALY on [perception_node] /perception/obstacles:obstacle_empty: Value 1.0000 deviated from baseline 0.0000±0.0001 (z=10000.0, confirmed x36) (sev=1.00)
[monitor_node-6] [WARN] [1790115183.358876465] [diagnostic_monitor]: ANOMALY on [localization_node] /localization/pose:pose_uncertainty: Value 0.5808 deviated from baseline 0.0744±0.0247 (z=20.5, confirmed x31) (sev=1.00)
[monitor_node-6] [WARN] [1790115183.409256719] [diagnostic_monitor]: ANOMALY on [localization_node] /localization/pose:pose_uncertainty: Value 0.5893 deviated from baseline 0.0744±0.0247 (z=20.9, confirmed x32) (sev=1.00)
[monitor_node-6] [WARN] [1790115183.445865601] [diagnostic_monitor]: ANOMALY on [perception_node] /perception/obstacles:obstacle_empty: Value 1.0000 deviated from baseline 0.0000±0.0001 (z=10000.0, confirmed x37) (sev=1.00)
[monitor_node-6] [WARN] [1790115183.457581772] [diagnostic_monitor]: ANOMALY on [localization_node] /localization/pose:pose_uncertainty: Value 0.5977 deviated from baseline 0.0744±0.0247 (z=21.2, confirmed x33) (sev=1.00)
[monitor_node-6] [WARN] [1790115183.508183479] [diagnostic_monitor]: ANOMALY on [localization_node] /localization/pose:pose_uncertainty: Value 0.6063 deviated from baseline 0.0744±0.0247 (z=21.6, confirmed x34) (sev=1.00)
[monitor_node-6] [WARN] [1790115183.546132861] [diagnostic_monitor]: ANOMALY on [perception_node] /perception/obstacles:obstacle_empty: Value 1.0000 deviated from baseline 0.0000±0.0001 (z=10000.0, confirmed x38) (sev=1.00)
[monitor_node-6] [WARN] [1790115183.558116583] [diagnostic_monitor]: ANOMALY on [localization_node] /localization/pose:pose_uncertainty: Value 0.6148 deviated from baseline 0.0744±0.0247 (z=21.9, confirmed x35) (sev=1.00)
[monitor_node-6] [WARN] [1790115183.608431026] [diagnostic_monitor]: ANOMALY on [localization_node] /localization/pose:pose_uncertainty: Value 0.6232 deviated from baseline 0.0744±0.0247 (z=22.3, confirmed x36) (sev=1.00)
[monitor_node-6] [WARN] [1790115183.636239466] [diagnostic_monitor]: ANOMALY on [camera_node] node_crash: Node camera_node absent from ROS 2 graph (process crash or killed); last seen alive t=1790115179.26, missing for 4.4s (sev=1.00)
[monitor_node-6] [WARN] [1790115183.645941130] [diagnostic_monitor]: ANOMALY on [perception_node] /perception/obstacles:obstacle_empty: Value 1.0000 deviated from baseline 0.0000±0.0001 (z=10000.0, confirmed x39) (sev=1.00)
[monitor_node-6] [WARN] [1790115183.657939225] [diagnostic_monitor]: ANOMALY on [localization_node] /localization/pose:pose_uncertainty: Value 0.6317 deviated from baseline 0.0744±0.0247 (z=22.6, confirmed x37) (sev=1.00)
[monitor_node-6] [WARN] [1790115183.708187202] [diagnostic_monitor]: ANOMALY on [localization_node] /localization/pose:pose_uncertainty: Value 0.6403 deviated from baseline 0.0744±0.0247 (z=22.9, confirmed x38) (sev=1.00)
[monitor_node-6] [WARN] [1790115183.745235682] [diagnostic_monitor]: ANOMALY on [perception_node] /perception/obstacles:obstacle_empty: Value 1.0000 deviated from baseline 0.0000±0.0001 (z=10000.0, confirmed x40) (sev=1.00)
[monitor_node-6] [WARN] [1790115183.757818282] [diagnostic_monitor]: ANOMALY on [localization_node] /localization/pose:pose_uncertainty: Value 0.6487 deviated from baseline 0.0744±0.0247 (z=23.3, confirmed x39) (sev=1.00)
[monitor_node-6] [WARN] [1790115183.808234735] [diagnostic_monitor]: ANOMALY on [localization_node] /localization/pose:pose_uncertainty: Value 0.6571 deviated from baseline 0.0744±0.0247 (z=23.6, confirmed x40) (sev=1.00)
[monitor_node-6] [WARN] [1790115183.845380237] [diagnostic_monitor]: ANOMALY on [perception_node] /perception/obstacles:obstacle_empty: Value 1.0000 deviated from baseline 0.0000±0.0001 (z=10000.0, confirmed x41) (sev=1.00)
[monitor_node-6] [WARN] [1790115183.857852055] [diagnostic_monitor]: ANOMALY on [localization_node] /localization/pose:pose_uncertainty: Value 0.6656 deviated from baseline 0.0744±0.0247 (z=24.0, confirmed x41) (sev=1.00)
[monitor_node-6] [WARN] [1790115183.907862847] [diagnostic_monitor]: ANOMALY on [localization_node] /localization/pose:pose_uncertainty: Value 0.6741 deviated from baseline 0.0744±0.0247 (z=24.3, confirmed x42) (sev=1.00)
[monitor_node-6] [WARN] [1790115183.945596830] [diagnostic_monitor]: ANOMALY on [perception_node] /perception/obstacles:obstacle_empty: Value 1.0000 deviated from baseline 0.0000±0.0001 (z=10000.0, confirmed x42) (sev=1.00)
[monitor_node-6] [WARN] [1790115183.957370417] [diagnostic_monitor]: ANOMALY on [localization_node] /localization/pose:pose_uncertainty: Value 0.6826 deviated from baseline 0.0744±0.0247 (z=24.7, confirmed x43) (sev=1.00)
[monitor_node-6] [WARN] [1790115184.008355028] [diagnostic_monitor]: ANOMALY on [localization_node] /localization/pose:pose_uncertainty: Value 0.6911 deviated from baseline 0.0744±0.0247 (z=25.0, confirmed x44) (sev=1.00)
[monitor_node-6] [WARN] [1790115184.045395054] [diagnostic_monitor]: ANOMALY on [perception_node] /perception/obstacles:obstacle_empty: Value 1.0000 deviated from baseline 0.0000±0.0001 (z=10000.0, confirmed x43) (sev=1.00)
[monitor_node-6] [WARN] [1790115184.057628737] [diagnostic_monitor]: ANOMALY on [localization_node] /localization/pose:pose_uncertainty: Value 0.6996 deviated from baseline 0.0744±0.0247 (z=25.4, confirmed x45) (sev=1.00)
[monitor_node-6] [WARN] [1790115184.107927481] [diagnostic_monitor]: ANOMALY on [localization_node] /localization/pose:pose_uncertainty: Value 0.7081 deviated from baseline 0.0744±0.0247 (z=25.7, confirmed x46) (sev=1.00)
[monitor_node-6] [WARN] [1790115184.145831954] [diagnostic_monitor]: ANOMALY on [perception_node] /perception/obstacles:obstacle_empty: Value 1.0000 deviated from baseline 0.0000±0.0001 (z=10000.0, confirmed x44) (sev=1.00)
[monitor_node-6] [WARN] [1790115184.157666025] [diagnostic_monitor]: ANOMALY on [localization_node] /localization/pose:pose_uncertainty: Value 0.7165 deviated from baseline 0.0744±0.0247 (z=26.0, confirmed x47) (sev=1.00)
[monitor_node-6] [WARN] [1790115184.207672709] [diagnostic_monitor]: ANOMALY on [localization_node] /localization/pose:pose_uncertainty: Value 0.7251 deviated from baseline 0.0744±0.0247 (z=26.4, confirmed x48) (sev=1.00)
[monitor_node-6] [WARN] [1790115184.246163349] [diagnostic_monitor]: ANOMALY on [perception_node] /perception/obstacles:obstacle_empty: Value 1.0000 deviated from baseline 0.0000±0.0001 (z=10000.0, confirmed x45) (sev=1.00)
[monitor_node-6] [WARN] [1790115184.258416367] [diagnostic_monitor]: ANOMALY on [localization_node] /localization/pose:pose_uncertainty: Value 0.7338 deviated from baseline 0.0744±0.0247 (z=26.7, confirmed x49) (sev=1.00)
[monitor_node-6] [WARN] [1790115184.307857505] [diagnostic_monitor]: ANOMALY on [localization_node] /localization/pose:pose_uncertainty: Value 0.7420 deviated from baseline 0.0744±0.0247 (z=27.1, confirmed x50) (sev=1.00)
[monitor_node-6] [WARN] [1790115184.345580063] [diagnostic_monitor]: ANOMALY on [perception_node] /perception/obstacles:obstacle_empty: Value 1.0000 deviated from baseline 0.0000±0.0001 (z=10000.0, confirmed x46) (sev=1.00)
[monitor_node-6] [WARN] [1790115184.357885341] [diagnostic_monitor]: ANOMALY on [localization_node] /localization/pose:pose_uncertainty: Value 0.7505 deviated from baseline 0.0744±0.0247 (z=27.4, confirmed x51) (sev=1.00)
[monitor_node-6] [WARN] [1790115184.407988826] [diagnostic_monitor]: ANOMALY on [localization_node] /localization/pose:pose_uncertainty: Value 0.7591 deviated from baseline 0.0744±0.0247 (z=27.8, confirmed x52) (sev=1.00)
[monitor_node-6] [WARN] [1790115184.445702727] [diagnostic_monitor]: ANOMALY on [perception_node] /perception/obstacles:obstacle_empty: Value 1.0000 deviated from baseline 0.0000±0.0001 (z=10000.0, confirmed x47) (sev=1.00)
[monitor_node-6] [WARN] [1790115184.458169944] [diagnostic_monitor]: ANOMALY on [localization_node] /localization/pose:pose_uncertainty: Value 0.7675 deviated from baseline 0.0744±0.0247 (z=28.1, confirmed x53) (sev=1.00)
[monitor_node-6] [WARN] [1790115184.508001062] [diagnostic_monitor]: ANOMALY on [localization_node] /localization/pose:pose_uncertainty: Value 0.7760 deviated from baseline 0.0744±0.0247 (z=28.4, confirmed x54) (sev=1.00)
[monitor_node-6] [WARN] [1790115184.545411966] [diagnostic_monitor]: ANOMALY on [perception_node] /perception/obstacles:obstacle_empty: Value 1.0000 deviated from baseline 0.0000±0.0001 (z=10000.0, confirmed x48) (sev=1.00)
[monitor_node-6] [WARN] [1790115184.557901230] [diagnostic_monitor]: ANOMALY on [localization_node] /localization/pose:pose_uncertainty: Value 0.7844 deviated from baseline 0.0744±0.0247 (z=28.8, confirmed x55) (sev=1.00)
[monitor_node-6] [WARN] [1790115184.608037804] [diagnostic_monitor]: ANOMALY on [localization_node] /localization/pose:pose_uncertainty: Value 0.7929 deviated from baseline 0.0744±0.0247 (z=29.1, confirmed x56) (sev=1.00)
[monitor_node-6] [WARN] [1790115184.645507348] [diagnostic_monitor]: ANOMALY on [perception_node] /perception/obstacles:obstacle_empty: Value 1.0000 deviated from baseline 0.0000±0.0001 (z=10000.0, confirmed x49) (sev=1.00)
[monitor_node-6] [WARN] [1790115184.657824017] [diagnostic_monitor]: ANOMALY on [localization_node] /localization/pose:pose_uncertainty: Value 0.8014 deviated from baseline 0.0744±0.0247 (z=29.5, confirmed x57) (sev=1.00)
[monitor_node-6] [WARN] [1790115184.708347204] [diagnostic_monitor]: ANOMALY on [localization_node] /localization/pose:pose_uncertainty: Value 0.8099 deviated from baseline 0.0744±0.0247 (z=29.8, confirmed x58) (sev=1.00)
[monitor_node-6] [WARN] [1790115184.745131768] [diagnostic_monitor]: ANOMALY on [perception_node] /perception/obstacles:obstacle_empty: Value 1.0000 deviated from baseline 0.0000±0.0001 (z=10000.0, confirmed x50) (sev=1.00)
[monitor_node-6] [WARN] [1790115184.757511481] [diagnostic_monitor]: ANOMALY on [localization_node] /localization/pose:pose_uncertainty: Value 0.8184 deviated from baseline 0.0744±0.0247 (z=30.2, confirmed x59) (sev=1.00)
[monitor_node-6] [WARN] [1790115184.808255332] [diagnostic_monitor]: ANOMALY on [localization_node] /localization/pose:pose_uncertainty: Value 0.8269 deviated from baseline 0.0744±0.0247 (z=30.5, confirmed x60) (sev=1.00)
[monitor_node-6] [WARN] [1790115184.845159143] [diagnostic_monitor]: ANOMALY on [perception_node] /perception/obstacles:obstacle_empty: Value 1.0000 deviated from baseline 0.0000±0.0001 (z=10000.0, confirmed x51) (sev=1.00)
[monitor_node-6] [WARN] [1790115184.858237615] [diagnostic_monitor]: ANOMALY on [localization_node] /localization/pose:pose_uncertainty: Value 0.8353 deviated from baseline 0.0744±0.0247 (z=30.9, confirmed x61) (sev=1.00)
[monitor_node-6] [WARN] [1790115184.907883146] [diagnostic_monitor]: ANOMALY on [localization_node] /localization/pose:pose_uncertainty: Value 0.8438 deviated from baseline 0.0744±0.0247 (z=31.2, confirmed x62) (sev=1.00)
[monitor_node-6] [WARN] [1790115184.945051513] [diagnostic_monitor]: ANOMALY on [perception_node] /perception/obstacles:obstacle_empty: Value 1.0000 deviated from baseline 0.0000±0.0001 (z=10000.0, confirmed x52) (sev=1.00)
[monitor_node-6] [WARN] [1790115184.958133696] [diagnostic_monitor]: ANOMALY on [localization_node] /localization/pose:pose_uncertainty: Value 0.8523 deviated from baseline 0.0744±0.0247 (z=31.5, confirmed x63) (sev=1.00)
[monitor_node-6] [WARN] [1790115185.008784952] [diagnostic_monitor]: ANOMALY on [localization_node] /localization/pose:pose_uncertainty: Value 0.8609 deviated from baseline 0.0744±0.0247 (z=31.9, confirmed x64) (sev=1.00)
[monitor_node-6] [WARN] [1790115185.045116432] [diagnostic_monitor]: ANOMALY on [perception_node] /perception/obstacles:obstacle_empty: Value 1.0000 deviated from baseline 0.0000±0.0001 (z=10000.0, confirmed x53) (sev=1.00)
[monitor_node-6] [WARN] [1790115185.057976968] [diagnostic_monitor]: ANOMALY on [localization_node] /localization/pose:pose_uncertainty: Value 0.8693 deviated from baseline 0.0744±0.0247 (z=32.2, confirmed x65) (sev=1.00)
[monitor_node-6] [WARN] [1790115185.107730571] [diagnostic_monitor]: ANOMALY on [localization_node] /localization/pose:pose_uncertainty: Value 0.8778 deviated from baseline 0.0744±0.0247 (z=32.6, confirmed x66) (sev=1.00)
[monitor_node-6] [WARN] [1790115185.145460312] [diagnostic_monitor]: ANOMALY on [perception_node] /perception/obstacles:obstacle_empty: Value 1.0000 deviated from baseline 0.0000±0.0001 (z=10000.0, confirmed x54) (sev=1.00)
[monitor_node-6] [WARN] [1790115185.158020319] [diagnostic_monitor]: ANOMALY on [localization_node] /localization/pose:pose_uncertainty: Value 0.8862 deviated from baseline 0.0744±0.0247 (z=32.9, confirmed x67) (sev=1.00)
[monitor_node-6] [WARN] [1790115185.207952256] [diagnostic_monitor]: ANOMALY on [localization_node] /localization/pose:pose_uncertainty: Value 0.8947 deviated from baseline 0.0744±0.0247 (z=33.3, confirmed x68) (sev=1.00)
[monitor_node-6] [WARN] [1790115185.245671939] [diagnostic_monitor]: ANOMALY on [perception_node] /perception/obstacles:obstacle_empty: Value 1.0000 deviated from baseline 0.0000±0.0001 (z=10000.0, confirmed x55) (sev=1.00)
[monitor_node-6] [WARN] [1790115185.257795185] [diagnostic_monitor]: ANOMALY on [localization_node] /localization/pose:pose_uncertainty: Value 0.9032 deviated from baseline 0.0744±0.0247 (z=33.6, confirmed x69) (sev=1.00)
[sim_world-1] [INFO] [1790115185.288683518] [sim_world]: sensor node started: camera_node
[monitor_node-6] [WARN] [1790115185.307740781] [diagnostic_monitor]: ANOMALY on [localization_node] /localization/pose:pose_uncertainty: Value 0.9118 deviated from baseline 0.0744±0.0247 (z=34.0, confirmed x70) (sev=1.00)
[monitor_node-6] [WARN] [1790115185.345672539] [diagnostic_monitor]: ANOMALY on [perception_node] /perception/obstacles:obstacle_empty: Value 1.0000 deviated from baseline 0.0000±0.0001 (z=10000.0, confirmed x56) (sev=1.00)
[monitor_node-6] [WARN] [1790115185.357714661] [diagnostic_monitor]: ANOMALY on [localization_node] /localization/pose:pose_uncertainty: Value 0.9202 deviated from baseline 0.0744±0.0247 (z=34.3, confirmed x71) (sev=1.00)
[monitor_node-6] [WARN] [1790115185.408347910] [diagnostic_monitor]: ANOMALY on [localization_node] /localization/pose:pose_uncertainty: Value 0.9287 deviated from baseline 0.0744±0.0247 (z=34.6, confirmed x72) (sev=1.00)
[monitor_node-6] [WARN] [1790115185.445829188] [diagnostic_monitor]: ANOMALY on [perception_node] /perception/obstacles:obstacle_empty: Value 1.0000 deviated from baseline 0.0000±0.0001 (z=10000.0, confirmed x57) (sev=1.00)
[monitor_node-6] [WARN] [1790115185.458327401] [diagnostic_monitor]: ANOMALY on [localization_node] /localization/pose:pose_uncertainty: Value 0.9372 deviated from baseline 0.0744±0.0247 (z=35.0, confirmed x73) (sev=1.00)
[monitor_node-6] [WARN] [1790115185.508354225] [diagnostic_monitor]: ANOMALY on [localization_node] /localization/pose:pose_uncertainty: Value 0.9458 deviated from baseline 0.0744±0.0247 (z=35.3, confirmed x74) (sev=1.00)
[monitor_node-6] [INFO] [1790115189.642709571] [diagnostic_monitor]: 
[monitor_node-6] ============================================================
[monitor_node-6] ROOT CAUSE DIAGNOSIS: perception_node (Confidence: 1.000)
[monitor_node-6] ============================================================
[monitor_node-6] Score Breakdown  R(C) = wD*D + wT*T + wS*S + wA*A:
[monitor_node-6]   R(perception_node) = 0.3·D(1.00) + 0.3·T(1.00) + 0.25·S(1.00) + 0.15·A(1.00) = 1.000
[monitor_node-6]   - Dependency D: 1.00 (reaches 1 downstream anomalous node(s); 0 anomalous upstream node(s))
[monitor_node-6]   - Temporal   T: 1.00 (first anomaly at t=1790115179.84s; earliest in window = supporting evidence, not proof of causality)
[monitor_node-6]   - Symptom    S: 1.00 (explains 2/2 anomalous nodes)
[monitor_node-6]   - Severity   A: 1.00 (max normalised severity on node, 19 direct anomaly event(s))
[monitor_node-6] 
[monitor_node-6] Propagation Chain (evidence-ordered, via discovered graph edges):
[monitor_node-6]   perception_node (t=1790115179.84s: /perception/obstacles:obstacle_empty, sev=1.00)
[monitor_node-6]     └─→ localization_node via /perception/obstacles (t=1790115181.86s, +2.01s after perception_node: /localization/pose:pose_uncertainty)
[monitor_node-6] 
[monitor_node-6] Candidate Ranking & Evidence Comparison:
[monitor_node-6]   #2 camera_node          R=0.565 (Δ -0.435) [no direct anomaly observed]
[monitor_node-6]   #3 lidar_node           R=0.565 (Δ -0.435) [no direct anomaly observed]
[monitor_node-6]   #4 localization_node    R=0.474 (Δ -0.526) [first anomaly 2.01s after perception_node; downstream of perception_node in discovered graph; lower symptom coverage (50% vs 100%)]
[monitor_node-6] ============================================================
[monitor_node-6] [INFO] [1790115191.640985524] [diagnostic_monitor]: Anomaly window cleared. System operating nominally.
[perception_node-2] [WARN] [1790115200.508211790] [perception_node]: perception_node: degradation "crash" param=0 duration=1.0s
[perception_node-2] [FATAL] [1790115200.509234189] [perception_node]: perception_node: crash -> exiting process
[ERROR] [perception_node-2]: process has died [pid 18301, exit code 1, cmd '/home/lynx/ros2_rca_ws/install/rca_sim/lib/rca_sim/perception_node --ros-args -r __node:=perception_node --params-file /tmp/launch_params_h9wku95e'].
[monitor_node-6] [WARN] [1790115201.137148421] [diagnostic_monitor]: ANOMALY on [perception_node] message_timeout: Message timeout on /perception/obstacles: no message for 0.69s (expected ~0.099s, threshold 0.45s, last seen t=1790115200.45) (sev=0.88)
[monitor_node-6] [INFO] [1790115201.138937902] [diagnostic_monitor]: 
[monitor_node-6] ============================================================
[monitor_node-6] ROOT CAUSE DIAGNOSIS: perception_node (Confidence: 0.982)
[monitor_node-6] ============================================================
[monitor_node-6] Score Breakdown  R(C) = wD*D + wT*T + wS*S + wA*A:
[monitor_node-6]   R(perception_node) = 0.3·D(1.00) + 0.3·T(1.00) + 0.25·S(1.00) + 0.15·A(0.88) = 0.982
[monitor_node-6]   - Dependency D: 1.00 (reaches 0 downstream anomalous node(s); 0 anomalous upstream node(s))
[monitor_node-6]   - Temporal   T: 1.00 (first anomaly at t=1790115200.90s; earliest in window = supporting evidence, not proof of causality)
[monitor_node-6]   - Symptom    S: 1.00 (explains 1/1 anomalous nodes)
[monitor_node-6]   - Severity   A: 0.88 (max normalised severity on node, 1 direct anomaly event(s))
[monitor_node-6] 
[monitor_node-6] Propagation Chain (evidence-ordered, via discovered graph edges):
[monitor_node-6]   perception_node (t=1790115200.90s: message_timeout, sev=0.88)
[monitor_node-6] 
[monitor_node-6] Candidate Ranking & Evidence Comparison:
[monitor_node-6]   #2 camera_node          R=0.415 (Δ -0.567) [no direct anomaly observed; does not reach observed symptoms via dependency edges]
[monitor_node-6]   #3 lidar_node           R=0.415 (Δ -0.567) [no direct anomaly observed; does not reach observed symptoms via dependency edges]
[monitor_node-6] ============================================================
[monitor_node-6] [WARN] [1790115201.636236026] [diagnostic_monitor]: ANOMALY on [perception_node] message_timeout: Message timeout on /perception/obstacles: no message for 1.19s (expected ~0.099s, threshold 0.45s, last seen t=1790115200.45) (sev=1.00)
[monitor_node-6] [WARN] [1790115202.134655012] [diagnostic_monitor]: ANOMALY on [perception_node] message_timeout: Message timeout on /perception/obstacles: no message for 1.69s (expected ~0.099s, threshold 0.45s, last seen t=1790115200.45) (sev=1.00)
[monitor_node-6] [WARN] [1790115202.636160654] [diagnostic_monitor]: ANOMALY on [perception_node] message_timeout: Message timeout on /perception/obstacles: no message for 2.19s (expected ~0.099s, threshold 0.45s, last seen t=1790115200.45) (sev=1.00)
[monitor_node-6] [WARN] [1790115202.657842607] [diagnostic_monitor]: ANOMALY on [localization_node] /localization/pose:pose_uncertainty: Value 0.3431 deviated from baseline 0.0764±0.0307 (z=8.7, confirmed x2) (sev=0.96)
[monitor_node-6] [WARN] [1790115202.707470807] [diagnostic_monitor]: ANOMALY on [localization_node] /localization/pose:pose_uncertainty: Value 0.3516 deviated from baseline 0.0764±0.0307 (z=9.0, confirmed x3) (sev=1.00)
[monitor_node-6] [WARN] [1790115202.758104341] [diagnostic_monitor]: ANOMALY on [localization_node] /localization/pose:pose_uncertainty: Value 0.3601 deviated from baseline 0.0764±0.0307 (z=9.2, confirmed x4) (sev=1.00)
[monitor_node-6] [WARN] [1790115202.807886220] [diagnostic_monitor]: ANOMALY on [localization_node] /localization/pose:pose_uncertainty: Value 0.3687 deviated from baseline 0.0764±0.0307 (z=9.5, confirmed x5) (sev=1.00)
[monitor_node-6] [WARN] [1790115202.858161339] [diagnostic_monitor]: ANOMALY on [localization_node] /localization/pose:pose_uncertainty: Value 0.3771 deviated from baseline 0.0764±0.0307 (z=9.8, confirmed x6) (sev=1.00)
[monitor_node-6] [WARN] [1790115202.907468862] [diagnostic_monitor]: ANOMALY on [localization_node] /localization/pose:pose_uncertainty: Value 0.3855 deviated from baseline 0.0764±0.0307 (z=10.1, confirmed x7) (sev=1.00)
[monitor_node-6] [WARN] [1790115202.958582192] [diagnostic_monitor]: ANOMALY on [localization_node] /localization/pose:pose_uncertainty: Value 0.3941 deviated from baseline 0.0764±0.0307 (z=10.3, confirmed x8) (sev=1.00)
[monitor_node-6] [WARN] [1790115203.008394719] [diagnostic_monitor]: ANOMALY on [localization_node] /localization/pose:pose_uncertainty: Value 0.4025 deviated from baseline 0.0764±0.0307 (z=10.6, confirmed x9) (sev=1.00)
[monitor_node-6] [WARN] [1790115203.058026264] [diagnostic_monitor]: ANOMALY on [localization_node] /localization/pose:pose_uncertainty: Value 0.4111 deviated from baseline 0.0764±0.0307 (z=10.9, confirmed x10) (sev=1.00)
[monitor_node-6] [WARN] [1790115203.107628932] [diagnostic_monitor]: ANOMALY on [localization_node] /localization/pose:pose_uncertainty: Value 0.4195 deviated from baseline 0.0764±0.0307 (z=11.2, confirmed x11) (sev=1.00)
[monitor_node-6] [WARN] [1790115203.134744263] [diagnostic_monitor]: ANOMALY on [perception_node] message_timeout: Message timeout on /perception/obstacles: no message for 2.69s (expected ~0.099s, threshold 0.45s, last seen t=1790115200.45) (sev=1.00)
[monitor_node-6] [WARN] [1790115203.157807347] [diagnostic_monitor]: ANOMALY on [localization_node] /localization/pose:pose_uncertainty: Value 0.4280 deviated from baseline 0.0764±0.0307 (z=11.4, confirmed x12) (sev=1.00)
[monitor_node-6] [WARN] [1790115203.208187682] [diagnostic_monitor]: ANOMALY on [localization_node] /localization/pose:pose_uncertainty: Value 0.4365 deviated from baseline 0.0764±0.0307 (z=11.7, confirmed x13) (sev=1.00)
[monitor_node-6] [WARN] [1790115203.258095508] [diagnostic_monitor]: ANOMALY on [localization_node] /localization/pose:pose_uncertainty: Value 0.4451 deviated from baseline 0.0764±0.0307 (z=12.0, confirmed x14) (sev=1.00)
[monitor_node-6] [WARN] [1790115203.308460871] [diagnostic_monitor]: ANOMALY on [localization_node] /localization/pose:pose_uncertainty: Value 0.4535 deviated from baseline 0.0764±0.0307 (z=12.3, confirmed x15) (sev=1.00)
[monitor_node-6] [WARN] [1790115203.357900868] [diagnostic_monitor]: ANOMALY on [localization_node] /localization/pose:pose_uncertainty: Value 0.4620 deviated from baseline 0.0764±0.0307 (z=12.6, confirmed x16) (sev=1.00)
[monitor_node-6] [WARN] [1790115203.408055990] [diagnostic_monitor]: ANOMALY on [localization_node] /localization/pose:pose_uncertainty: Value 0.4705 deviated from baseline 0.0764±0.0307 (z=12.8, confirmed x17) (sev=1.00)
[monitor_node-6] [WARN] [1790115203.458099956] [diagnostic_monitor]: ANOMALY on [localization_node] /localization/pose:pose_uncertainty: Value 0.4790 deviated from baseline 0.0764±0.0307 (z=13.1, confirmed x18) (sev=1.00)
[monitor_node-6] [WARN] [1790115203.507823671] [diagnostic_monitor]: ANOMALY on [localization_node] /localization/pose:pose_uncertainty: Value 0.4875 deviated from baseline 0.0764±0.0307 (z=13.4, confirmed x19) (sev=1.00)
[monitor_node-6] [WARN] [1790115203.557592020] [diagnostic_monitor]: ANOMALY on [localization_node] /localization/pose:pose_uncertainty: Value 0.4959 deviated from baseline 0.0764±0.0307 (z=13.7, confirmed x20) (sev=1.00)
[monitor_node-6] [WARN] [1790115203.608682593] [diagnostic_monitor]: ANOMALY on [localization_node] /localization/pose:pose_uncertainty: Value 0.5043 deviated from baseline 0.0764±0.0307 (z=13.9, confirmed x21) (sev=1.00)
[monitor_node-6] [WARN] [1790115203.637222216] [diagnostic_monitor]: ANOMALY on [perception_node] message_timeout: Message timeout on /perception/obstacles: no message for 3.19s (expected ~0.099s, threshold 0.45s, last seen t=1790115200.45) (sev=1.00)
[monitor_node-6] [WARN] [1790115203.658057409] [diagnostic_monitor]: ANOMALY on [localization_node] /localization/pose:pose_uncertainty: Value 0.5129 deviated from baseline 0.0764±0.0307 (z=14.2, confirmed x22) (sev=1.00)
[monitor_node-6] [WARN] [1790115203.708709448] [diagnostic_monitor]: ANOMALY on [localization_node] /localization/pose:pose_uncertainty: Value 0.5213 deviated from baseline 0.0764±0.0307 (z=14.5, confirmed x23) (sev=1.00)
[monitor_node-6] [WARN] [1790115203.757996078] [diagnostic_monitor]: ANOMALY on [localization_node] /localization/pose:pose_uncertainty: Value 0.5299 deviated from baseline 0.0764±0.0307 (z=14.8, confirmed x24) (sev=1.00)
[monitor_node-6] [WARN] [1790115203.807937225] [diagnostic_monitor]: ANOMALY on [localization_node] /localization/pose:pose_uncertainty: Value 0.5383 deviated from baseline 0.0764±0.0307 (z=15.0, confirmed x25) (sev=1.00)
[monitor_node-6] [WARN] [1790115203.857464795] [diagnostic_monitor]: ANOMALY on [localization_node] /localization/pose:pose_uncertainty: Value 0.5468 deviated from baseline 0.0764±0.0307 (z=15.3, confirmed x26) (sev=1.00)
[monitor_node-6] [WARN] [1790115203.907888279] [diagnostic_monitor]: ANOMALY on [localization_node] /localization/pose:pose_uncertainty: Value 0.5554 deviated from baseline 0.0764±0.0307 (z=15.6, confirmed x27) (sev=1.00)
[monitor_node-6] [WARN] [1790115203.957945288] [diagnostic_monitor]: ANOMALY on [localization_node] /localization/pose:pose_uncertainty: Value 0.5637 deviated from baseline 0.0764±0.0307 (z=15.9, confirmed x28) (sev=1.00)
[monitor_node-6] [WARN] [1790115204.008302112] [diagnostic_monitor]: ANOMALY on [localization_node] /localization/pose:pose_uncertainty: Value 0.5724 deviated from baseline 0.0764±0.0307 (z=16.1, confirmed x29) (sev=1.00)
[monitor_node-6] [WARN] [1790115204.059122902] [diagnostic_monitor]: ANOMALY on [localization_node] /localization/pose:pose_uncertainty: Value 0.5807 deviated from baseline 0.0764±0.0307 (z=16.4, confirmed x30) (sev=1.00)
[monitor_node-6] [WARN] [1790115204.108022160] [diagnostic_monitor]: ANOMALY on [localization_node] /localization/pose:pose_uncertainty: Value 0.5893 deviated from baseline 0.0764±0.0307 (z=16.7, confirmed x31) (sev=1.00)
[monitor_node-6] [WARN] [1790115204.134718766] [diagnostic_monitor]: ANOMALY on [perception_node] message_timeout: Message timeout on /perception/obstacles: no message for 3.69s (expected ~0.099s, threshold 0.45s, last seen t=1790115200.45) (sev=1.00)
[monitor_node-6] [WARN] [1790115204.158314581] [diagnostic_monitor]: ANOMALY on [localization_node] /localization/pose:pose_uncertainty: Value 0.5977 deviated from baseline 0.0764±0.0307 (z=17.0, confirmed x32) (sev=1.00)
[monitor_node-6] [WARN] [1790115204.207705453] [diagnostic_monitor]: ANOMALY on [localization_node] /localization/pose:pose_uncertainty: Value 0.6063 deviated from baseline 0.0764±0.0307 (z=17.2, confirmed x33) (sev=1.00)
[monitor_node-6] [WARN] [1790115204.258234927] [diagnostic_monitor]: ANOMALY on [localization_node] /localization/pose:pose_uncertainty: Value 0.6148 deviated from baseline 0.0764±0.0307 (z=17.5, confirmed x34) (sev=1.00)
[monitor_node-6] [WARN] [1790115204.307835019] [diagnostic_monitor]: ANOMALY on [localization_node] /localization/pose:pose_uncertainty: Value 0.6232 deviated from baseline 0.0764±0.0307 (z=17.8, confirmed x35) (sev=1.00)
[monitor_node-6] [WARN] [1790115204.358237156] [diagnostic_monitor]: ANOMALY on [localization_node] /localization/pose:pose_uncertainty: Value 0.6317 deviated from baseline 0.0764±0.0307 (z=18.1, confirmed x36) (sev=1.00)
[monitor_node-6] [WARN] [1790115204.408237558] [diagnostic_monitor]: ANOMALY on [localization_node] /localization/pose:pose_uncertainty: Value 0.6401 deviated from baseline 0.0764±0.0307 (z=18.4, confirmed x37) (sev=1.00)
[monitor_node-6] [WARN] [1790115204.457904315] [diagnostic_monitor]: ANOMALY on [localization_node] /localization/pose:pose_uncertainty: Value 0.6486 deviated from baseline 0.0764±0.0307 (z=18.6, confirmed x38) (sev=1.00)
[monitor_node-6] [WARN] [1790115204.507715987] [diagnostic_monitor]: ANOMALY on [localization_node] /localization/pose:pose_uncertainty: Value 0.6572 deviated from baseline 0.0764±0.0307 (z=18.9, confirmed x39) (sev=1.00)
[INFO] [perception_node-2]: process started with pid [18432]
[monitor_node-6] [WARN] [1790115204.558205621] [diagnostic_monitor]: ANOMALY on [localization_node] /localization/pose:pose_uncertainty: Value 0.6656 deviated from baseline 0.0764±0.0307 (z=19.2, confirmed x40) (sev=1.00)
[monitor_node-6] [WARN] [1790115204.608296812] [diagnostic_monitor]: ANOMALY on [localization_node] /localization/pose:pose_uncertainty: Value 0.6742 deviated from baseline 0.0764±0.0307 (z=19.5, confirmed x41) (sev=1.00)
[monitor_node-6] [WARN] [1790115204.636664222] [diagnostic_monitor]: ANOMALY on [perception_node] message_timeout: Message timeout on /perception/obstacles: no message for 4.19s (expected ~0.099s, threshold 0.45s, last seen t=1790115200.45) (sev=1.00)
[monitor_node-6] [WARN] [1790115204.658089578] [diagnostic_monitor]: ANOMALY on [localization_node] /localization/pose:pose_uncertainty: Value 0.6828 deviated from baseline 0.0764±0.0307 (z=19.7, confirmed x42) (sev=1.00)
[monitor_node-6] [WARN] [1790115204.707929961] [diagnostic_monitor]: ANOMALY on [localization_node] /localization/pose:pose_uncertainty: Value 0.6911 deviated from baseline 0.0764±0.0307 (z=20.0, confirmed x43) (sev=1.00)
[monitor_node-6] [WARN] [1790115204.757907691] [diagnostic_monitor]: ANOMALY on [localization_node] /localization/pose:pose_uncertainty: Value 0.6996 deviated from baseline 0.0764±0.0307 (z=20.3, confirmed x44) (sev=1.00)
[monitor_node-6] [WARN] [1790115204.807985651] [diagnostic_monitor]: ANOMALY on [localization_node] /localization/pose:pose_uncertainty: Value 0.7081 deviated from baseline 0.0764±0.0307 (z=20.6, confirmed x45) (sev=1.00)
[monitor_node-6] [WARN] [1790115204.858168935] [diagnostic_monitor]: ANOMALY on [localization_node] /localization/pose:pose_uncertainty: Value 0.7166 deviated from baseline 0.0764±0.0307 (z=20.8, confirmed x46) (sev=1.00)
[monitor_node-6] [WARN] [1790115204.908409134] [diagnostic_monitor]: ANOMALY on [localization_node] /localization/pose:pose_uncertainty: Value 0.7250 deviated from baseline 0.0764±0.0307 (z=21.1, confirmed x47) (sev=1.00)
[monitor_node-6] [WARN] [1790115204.958196934] [diagnostic_monitor]: ANOMALY on [localization_node] /localization/pose:pose_uncertainty: Value 0.7335 deviated from baseline 0.0764±0.0307 (z=21.4, confirmed x48) (sev=1.00)
[monitor_node-6] [WARN] [1790115205.008339026] [diagnostic_monitor]: ANOMALY on [localization_node] /localization/pose:pose_uncertainty: Value 0.7421 deviated from baseline 0.0764±0.0307 (z=21.7, confirmed x49) (sev=1.00)
[monitor_node-6] [WARN] [1790115205.058234567] [diagnostic_monitor]: ANOMALY on [localization_node] /localization/pose:pose_uncertainty: Value 0.7505 deviated from baseline 0.0764±0.0307 (z=21.9, confirmed x50) (sev=1.00)
[monitor_node-6] [WARN] [1790115205.108018754] [diagnostic_monitor]: ANOMALY on [localization_node] /localization/pose:pose_uncertainty: Value 0.7589 deviated from baseline 0.0764±0.0307 (z=22.2, confirmed x51) (sev=1.00)
[monitor_node-6] [WARN] [1790115205.134484506] [diagnostic_monitor]: ANOMALY on [perception_node] message_timeout: Message timeout on /perception/obstacles: no message for 4.69s (expected ~0.099s, threshold 0.45s, last seen t=1790115200.45) (sev=1.00)
[monitor_node-6] [WARN] [1790115205.157637857] [diagnostic_monitor]: ANOMALY on [localization_node] /localization/pose:pose_uncertainty: Value 0.7674 deviated from baseline 0.0764±0.0307 (z=22.5, confirmed x52) (sev=1.00)
[perception_node-2] [INFO] [1790115205.196873667] [perception_node]: perception_node ready (lidar + camera -> /perception/obstacles)
[monitor_node-6] [WARN] [1790115205.208010648] [diagnostic_monitor]: ANOMALY on [localization_node] /localization/pose:pose_uncertainty: Value 0.7759 deviated from baseline 0.0764±0.0307 (z=22.8, confirmed x53) (sev=1.00)
[monitor_node-6] [WARN] [1790115205.258014746] [diagnostic_monitor]: ANOMALY on [localization_node] /localization/pose:pose_uncertainty: Value 0.7844 deviated from baseline 0.0764±0.0307 (z=23.0, confirmed x54) (sev=1.00)
[monitor_node-6] [WARN] [1790115205.308208937] [diagnostic_monitor]: ANOMALY on [localization_node] /localization/pose:pose_uncertainty: Value 0.7930 deviated from baseline 0.0764±0.0307 (z=23.3, confirmed x55) (sev=1.00)
[monitor_node-6] [WARN] [1790115205.358747130] [diagnostic_monitor]: ANOMALY on [localization_node] /localization/pose:pose_uncertainty: Value 0.8014 deviated from baseline 0.0764±0.0307 (z=23.6, confirmed x56) (sev=1.00)
[monitor_node-6] [WARN] [1790115205.407699802] [diagnostic_monitor]: ANOMALY on [localization_node] /localization/pose:pose_uncertainty: Value 0.8099 deviated from baseline 0.0764±0.0307 (z=23.9, confirmed x57) (sev=1.00)
[monitor_node-6] [WARN] [1790115205.458082228] [diagnostic_monitor]: ANOMALY on [localization_node] /localization/pose:pose_uncertainty: Value 0.8183 deviated from baseline 0.0764±0.0307 (z=24.2, confirmed x58) (sev=1.00)
[monitor_node-6] [WARN] [1790115205.507799952] [diagnostic_monitor]: ANOMALY on [localization_node] /localization/pose:pose_uncertainty: Value 0.8268 deviated from baseline 0.0764±0.0307 (z=24.4, confirmed x59) (sev=1.00)
[monitor_node-6] [WARN] [1790115205.557632245] [diagnostic_monitor]: ANOMALY on [localization_node] /localization/pose:pose_uncertainty: Value 0.8354 deviated from baseline 0.0764±0.0307 (z=24.7, confirmed x60) (sev=1.00)
[monitor_node-6] [WARN] [1790115205.607634961] [diagnostic_monitor]: ANOMALY on [localization_node] /localization/pose:pose_uncertainty: Value 0.8439 deviated from baseline 0.0764±0.0307 (z=25.0, confirmed x61) (sev=1.00)
[monitor_node-6] [WARN] [1790115205.627880615] [diagnostic_monitor]: ANOMALY on [perception_node] /perception/obstacles:inter_arrival: Value 0.3705 deviated from baseline 0.0995±0.0071 (z=38.1, confirmed x2) (sev=1.00)
[monitor_node-6] [WARN] [1790115205.628778844] [diagnostic_monitor]: ANOMALY on [perception_node] /perception/obstacles:obstacle_empty: Value 1.0000 deviated from baseline 0.0000±0.0001 (z=10000.0, confirmed x2) (sev=1.00)
[monitor_node-6] [WARN] [1790115205.640379663] [diagnostic_monitor]: ANOMALY on [perception_node] /perception/obstacles:obstacle_empty: Value 1.0000 deviated from baseline 0.0000±0.0001 (z=10000.0, confirmed x3) (sev=1.00)
[monitor_node-6] [WARN] [1790115205.641389381] [diagnostic_monitor]: ANOMALY on [perception_node] /perception/obstacles:obstacle_empty: Value 1.0000 deviated from baseline 0.0000±0.0001 (z=10000.0, confirmed x4) (sev=1.00)
[monitor_node-6] [WARN] [1790115205.647313186] [diagnostic_monitor]: ANOMALY on [perception_node] /perception/obstacles:obstacle_empty: Value 1.0000 deviated from baseline 0.0000±0.0001 (z=10000.0, confirmed x5) (sev=1.00)
[monitor_node-6] [WARN] [1790115205.657850116] [diagnostic_monitor]: ANOMALY on [localization_node] /localization/pose:pose_uncertainty: Value 0.8523 deviated from baseline 0.0764±0.0307 (z=25.3, confirmed x62) (sev=1.00)
[monitor_node-6] [WARN] [1790115205.707494444] [diagnostic_monitor]: ANOMALY on [localization_node] /localization/pose:pose_uncertainty: Value 0.8608 deviated from baseline 0.0764±0.0307 (z=25.5, confirmed x63) (sev=1.00)
[monitor_node-6] [INFO] [1790115212.134775980] [diagnostic_monitor]: Anomaly window cleared. System operating nominally.
[planning_node-4] [WARN] [1790115280.701087413] [planning_node]: planning_node: degradation "topic_change" param=1 duration=12.0s
[planning_node-4] [WARN] [1790115280.704465402] [planning_node]: planning_node: pose source = odom
[planning_node-4] [WARN] [1790115280.751243427] [planning_node]: planning_node: degradation "topic_change" param=1 duration=12.0s
[planning_node-4] [WARN] [1790115280.753735534] [planning_node]: planning_node: pose source = odom
[planning_node-4] [WARN] [1790115280.801563626] [planning_node]: planning_node: degradation "topic_change" param=1 duration=12.0s
[planning_node-4] [WARN] [1790115280.803761643] [planning_node]: planning_node: pose source = odom
[planning_node-4] [WARN] [1790115280.851791222] [planning_node]: planning_node: degradation "topic_change" param=1 duration=12.0s
[planning_node-4] [WARN] [1790115280.854712558] [planning_node]: planning_node: pose source = odom
[monitor_node-6] [INFO] [1790115281.636113222] [diagnostic_monitor]: Discovered graph: nodes=['camera_node', 'control_node', 'imu_node', 'lidar_node', 'localization_node', 'odometry_node', 'perception_node', 'planning_node', 'sim_world'] edges=[camera_node->perception_node, control_node->sim_world, imu_node->localization_node, lidar_node->perception_node, odometry_node->localization_node, odometry_node->planning_node, perception_node->localization_node, perception_node->planning_node, planning_node->control_node]
[planning_node-4] [INFO] [1790115290.936010874] [planning_node]: planning_node: faults cleared
[perception_node-2] [INFO] [1790115290.936491570] [perception_node]: perception_node: faults cleared
[sim_world-1] [INFO] [1790115290.936701414] [odometry_node]: odometry_node: faults cleared
[control_node-5] [INFO] [1790115290.936864724] [control_node]: control_node: faults cleared
[localization_node-3] [INFO] [1790115290.936945158] [localization_node]: localization_node: faults cleared
[sim_world-1] [INFO] [1790115290.937488075] [imu_node]: imu_node: faults cleared
[sim_world-1] [INFO] [1790115290.938211958] [camera_node]: camera_node: faults cleared
[planning_node-4] [WARN] [1790115290.938263923] [planning_node]: planning_node: pose source = localization
[sim_world-1] [INFO] [1790115290.938907323] [lidar_node]: lidar_node: faults cleared
[localization_node-3] [INFO] [1790115290.986607085] [localization_node]: localization_node: faults cleared
[control_node-5] [INFO] [1790115290.986850566] [control_node]: control_node: faults cleared
[perception_node-2] [INFO] [1790115290.986884943] [perception_node]: perception_node: faults cleared
[planning_node-4] [INFO] [1790115290.986903545] [planning_node]: planning_node: faults cleared
[sim_world-1] [INFO] [1790115290.987080703] [odometry_node]: odometry_node: faults cleared
[sim_world-1] [INFO] [1790115290.987674057] [imu_node]: imu_node: faults cleared
[sim_world-1] [INFO] [1790115290.988320804] [camera_node]: camera_node: faults cleared
[sim_world-1] [INFO] [1790115290.988749385] [lidar_node]: lidar_node: faults cleared
[perception_node-2] [INFO] [1790115291.037335549] [perception_node]: perception_node: faults cleared
[sim_world-1] [INFO] [1790115291.037341562] [odometry_node]: odometry_node: faults cleared
[localization_node-3] [INFO] [1790115291.037363814] [localization_node]: localization_node: faults cleared
[control_node-5] [INFO] [1790115291.037382045] [control_node]: control_node: faults cleared
[planning_node-4] [INFO] [1790115291.037393832] [planning_node]: planning_node: faults cleared
[sim_world-1] [INFO] [1790115291.038163785] [imu_node]: imu_node: faults cleared
[sim_world-1] [INFO] [1790115291.038995712] [camera_node]: camera_node: faults cleared
[sim_world-1] [INFO] [1790115291.039431727] [lidar_node]: lidar_node: faults cleared
[perception_node-2] [INFO] [1790115291.087708608] [perception_node]: perception_node: faults cleared
[localization_node-3] [INFO] [1790115291.087708749] [localization_node]: localization_node: faults cleared
[control_node-5] [INFO] [1790115291.087779793] [control_node]: control_node: faults cleared
[planning_node-4] [INFO] [1790115291.087802630] [planning_node]: planning_node: faults cleared
[sim_world-1] [INFO] [1790115291.087895909] [odometry_node]: odometry_node: faults cleared
[sim_world-1] [INFO] [1790115291.088641309] [imu_node]: imu_node: faults cleared
[sim_world-1] [INFO] [1790115291.089423550] [camera_node]: camera_node: faults cleared
[sim_world-1] [INFO] [1790115291.090188483] [lidar_node]: lidar_node: faults cleared
[monitor_node-6] [INFO] [1790115291.635948526] [diagnostic_monitor]: Discovered graph: nodes=['camera_node', 'control_node', 'imu_node', 'lidar_node', 'localization_node', 'odometry_node', 'perception_node', 'planning_node', 'sim_world'] edges=[camera_node->perception_node, control_node->sim_world, imu_node->localization_node, lidar_node->perception_node, localization_node->planning_node, odometry_node->localization_node, perception_node->localization_node, perception_node->planning_node, planning_node->control_node]
[monitor_node-6] [INFO] [1790115307.637227766] [diagnostic_monitor]: Dynamically subscribed to monitor topic: /aux/probe [std_msgs/msg/String]
[monitor_node-6] [INFO] [1790115308.638517979] [diagnostic_monitor]: Discovered graph: nodes=['aux_probe_node', 'camera_node', 'control_node', 'imu_node', 'lidar_node', 'localization_node', 'odometry_node', 'perception_node', 'planning_node', 'sim_world'] edges=[camera_node->perception_node, control_node->sim_world, imu_node->localization_node, lidar_node->aux_probe_node, lidar_node->perception_node, localization_node->planning_node, odometry_node->localization_node, perception_node->localization_node, perception_node->planning_node, planning_node->control_node]
[monitor_node-6] [WARN] [1790115318.635311276] [diagnostic_monitor]: ANOMALY on [aux_probe_node] node_crash: Node aux_probe_node absent from ROS 2 graph (process crash or killed); last seen alive t=1790115318.06, missing for 0.6s (sev=1.00)
[monitor_node-6] [FATAL] [1790115318.635753948] [diagnostic_monitor]: CRASH DETECTED: Node aux_probe_node absent from ROS 2 graph (process crash or killed); last seen alive t=1790115318.06, missing for 0.6s
[monitor_node-6] [INFO] [1790115318.637829542] [diagnostic_monitor]: 
[monitor_node-6] ============================================================
[monitor_node-6] ROOT CAUSE DIAGNOSIS: aux_probe_node (Confidence: 1.000)
[monitor_node-6] ============================================================
[monitor_node-6] Score Breakdown  R(C) = wD*D + wT*T + wS*S + wA*A:
[monitor_node-6]   R(aux_probe_node) = 0.3·D(1.00) + 0.3·T(1.00) + 0.25·S(1.00) + 0.15·A(1.00) = 1.000
[monitor_node-6]   - Dependency D: 1.00 (reaches 0 downstream anomalous node(s); 0 anomalous upstream node(s))
[monitor_node-6]   - Temporal   T: 1.00 (first anomaly at t=1790115318.06s; earliest in window = supporting evidence, not proof of causality)
[monitor_node-6]   - Symptom    S: 1.00 (explains 1/1 anomalous nodes)
[monitor_node-6]   - Severity   A: 1.00 (max normalised severity on node, 1 direct anomaly event(s))
[monitor_node-6] 
[monitor_node-6] Propagation Chain (evidence-ordered, via discovered graph edges):
[monitor_node-6]   aux_probe_node (t=1790115318.06s: node_crash, sev=1.00)
[monitor_node-6] 
[monitor_node-6] Candidate Ranking & Evidence Comparison:
[monitor_node-6]   #2 lidar_node           R=0.415 (Δ -0.585) [no direct anomaly observed; does not reach observed symptoms via dependency edges]
[monitor_node-6] ============================================================
[monitor_node-6] [WARN] [1790115320.635329661] [diagnostic_monitor]: ANOMALY on [aux_probe_node] node_crash: Node aux_probe_node absent from ROS 2 graph (process crash or killed); last seen alive t=1790115318.06, missing for 2.6s (sev=1.00)
[monitor_node-6] [WARN] [1790115322.635353840] [diagnostic_monitor]: ANOMALY on [aux_probe_node] node_crash: Node aux_probe_node absent from ROS 2 graph (process crash or killed); last seen alive t=1790115318.06, missing for 4.6s (sev=1.00)
[monitor_node-6] [WARN] [1790115325.635195249] [diagnostic_monitor]: ANOMALY on [aux_probe_node] node_crash: Node aux_probe_node absent from ROS 2 graph (process crash or killed); last seen alive t=1790115318.06, missing for 7.6s (sev=1.00)
[monitor_node-6] [WARN] [1790115327.636773342] [diagnostic_monitor]: ANOMALY on [aux_probe_node] node_crash: Node aux_probe_node absent from ROS 2 graph (process crash or killed); last seen alive t=1790115318.06, missing for 9.6s (sev=1.00)
[monitor_node-6] [WARN] [1790115330.636160105] [diagnostic_monitor]: ANOMALY on [aux_probe_node] node_crash: Node aux_probe_node absent from ROS 2 graph (process crash or killed); last seen alive t=1790115318.06, missing for 12.6s (sev=1.00)
[monitor_node-6] [WARN] [1790115332.637345780] [diagnostic_monitor]: ANOMALY on [aux_probe_node] node_crash: Node aux_probe_node absent from ROS 2 graph (process crash or killed); last seen alive t=1790115318.06, missing for 14.6s (sev=1.00)
[monitor_node-6] [INFO] [1790115333.637150597] [diagnostic_monitor]: Discovered graph: nodes=['aux_probe_node', 'camera_node', 'control_node', 'dds_lease_probe', 'imu_node', 'lidar_node', 'localization_node', 'odometry_node', 'perception_node', 'planning_node', 'sim_world'] edges=[camera_node->perception_node, control_node->sim_world, imu_node->localization_node, lidar_node->aux_probe_node, lidar_node->perception_node, localization_node->planning_node, odometry_node->localization_node, perception_node->localization_node, perception_node->planning_node, planning_node->control_node]
[monitor_node-6] [INFO] [1790115333.640348453] [diagnostic_monitor]: Dynamically subscribed to monitor topic: /aux/lease_probe [std_msgs/msg/String]
[monitor_node-6] [WARN] [1790115335.636417513] [diagnostic_monitor]: ANOMALY on [aux_probe_node] node_crash: Node aux_probe_node absent from ROS 2 graph (process crash or killed); last seen alive t=1790115318.06, missing for 17.6s (sev=1.00)
[monitor_node-6] [WARN] [1790115338.636941242] [diagnostic_monitor]: ANOMALY on [aux_probe_node] node_crash: Node aux_probe_node absent from ROS 2 graph (process crash or killed); last seen alive t=1790115318.06, missing for 20.6s (sev=1.00)
[monitor_node-6] [WARN] [1790115341.635273614] [diagnostic_monitor]: ANOMALY on [aux_probe_node] node_crash: Node aux_probe_node absent from ROS 2 graph (process crash or killed); last seen alive t=1790115318.06, missing for 23.6s (sev=1.00)
[monitor_node-6] [WARN] [1790115343.635323415] [diagnostic_monitor]: ANOMALY on [aux_probe_node] node_crash: Node aux_probe_node absent from ROS 2 graph (process crash or killed); last seen alive t=1790115318.06, missing for 25.6s (sev=1.00)
[monitor_node-6] [WARN] [1790115345.637000567] [diagnostic_monitor]: ANOMALY on [aux_probe_node] node_crash: Node aux_probe_node absent from ROS 2 graph (process crash or killed); last seen alive t=1790115318.06, missing for 27.6s (sev=1.00)
[monitor_node-6] [WARN] [1790115348.636374064] [diagnostic_monitor]: ANOMALY on [aux_probe_node] node_crash: Node aux_probe_node absent from ROS 2 graph (process crash or killed); last seen alive t=1790115318.06, missing for 30.6s (sev=1.00)
[monitor_node-6] [WARN] [1790115351.635152671] [diagnostic_monitor]: ANOMALY on [aux_probe_node] node_crash: Node aux_probe_node absent from ROS 2 graph (process crash or killed); last seen alive t=1790115318.06, missing for 33.6s (sev=1.00)
[monitor_node-6] [WARN] [1790115353.637608521] [diagnostic_monitor]: ANOMALY on [aux_probe_node] node_crash: Node aux_probe_node absent from ROS 2 graph (process crash or killed); last seen alive t=1790115318.06, missing for 35.6s (sev=1.00)
[monitor_node-6] [WARN] [1790115353.638885681] [diagnostic_monitor]: ANOMALY on [dds_lease_probe] node_crash: Node dds_lease_probe absent from ROS 2 graph (process crash or killed); last seen alive t=1790115353.63, missing for 0.0s (sev=1.00)
[monitor_node-6] [FATAL] [1790115353.639448416] [diagnostic_monitor]: CRASH DETECTED: Node dds_lease_probe absent from ROS 2 graph (process crash or killed); last seen alive t=1790115353.63, missing for 0.0s
[monitor_node-6] [INFO] [1790115353.640478151] [diagnostic_monitor]: Discovered graph: nodes=['aux_probe_node', 'camera_node', 'control_node', 'imu_node', 'lidar_node', 'localization_node', 'odometry_node', 'perception_node', 'planning_node', 'sim_world'] edges=[camera_node->perception_node, control_node->sim_world, imu_node->localization_node, lidar_node->aux_probe_node, lidar_node->perception_node, localization_node->planning_node, odometry_node->localization_node, perception_node->localization_node, perception_node->planning_node, planning_node->control_node]
[monitor_node-6] [WARN] [1790115356.638011397] [diagnostic_monitor]: ANOMALY on [aux_probe_node] node_crash: Node aux_probe_node absent from ROS 2 graph (process crash or killed); last seen alive t=1790115318.06, missing for 38.6s (sev=1.00)
[monitor_node-6] [WARN] [1790115356.639536022] [diagnostic_monitor]: ANOMALY on [dds_lease_probe] node_crash: Node dds_lease_probe absent from ROS 2 graph (process crash or killed); last seen alive t=1790115353.63, missing for 3.0s (sev=1.00)
[monitor_node-6] [WARN] [1790115359.636142459] [diagnostic_monitor]: ANOMALY on [aux_probe_node] node_crash: Node aux_probe_node absent from ROS 2 graph (process crash or killed); last seen alive t=1790115318.06, missing for 41.6s (sev=1.00)
[monitor_node-6] [WARN] [1790115359.637021903] [diagnostic_monitor]: ANOMALY on [dds_lease_probe] node_crash: Node dds_lease_probe absent from ROS 2 graph (process crash or killed); last seen alive t=1790115353.63, missing for 6.0s (sev=1.00)
[monitor_node-6] [WARN] [1790115362.635210602] [diagnostic_monitor]: ANOMALY on [aux_probe_node] node_crash: Node aux_probe_node absent from ROS 2 graph (process crash or killed); last seen alive t=1790115318.06, missing for 44.6s (sev=1.00)
[monitor_node-6] [WARN] [1790115362.635742913] [diagnostic_monitor]: ANOMALY on [dds_lease_probe] node_crash: Node dds_lease_probe absent from ROS 2 graph (process crash or killed); last seen alive t=1790115353.63, missing for 9.0s (sev=1.00)
[monitor_node-6] [WARN] [1790115365.635539078] [diagnostic_monitor]: ANOMALY on [aux_probe_node] node_crash: Node aux_probe_node absent from ROS 2 graph (process crash or killed); last seen alive t=1790115318.06, missing for 47.6s (sev=1.00)
[monitor_node-6] [WARN] [1790115365.636245335] [diagnostic_monitor]: ANOMALY on [dds_lease_probe] node_crash: Node dds_lease_probe absent from ROS 2 graph (process crash or killed); last seen alive t=1790115353.63, missing for 12.0s (sev=1.00)
[monitor_node-6] [WARN] [1790115367.635599633] [diagnostic_monitor]: ANOMALY on [aux_probe_node] node_crash: Node aux_probe_node absent from ROS 2 graph (process crash or killed); last seen alive t=1790115318.06, missing for 49.6s (sev=1.00)
[monitor_node-6] [WARN] [1790115367.636397213] [diagnostic_monitor]: ANOMALY on [dds_lease_probe] node_crash: Node dds_lease_probe absent from ROS 2 graph (process crash or killed); last seen alive t=1790115353.63, missing for 14.0s (sev=1.00)
[monitor_node-6] [WARN] [1790115369.636717358] [diagnostic_monitor]: ANOMALY on [aux_probe_node] node_crash: Node aux_probe_node absent from ROS 2 graph (process crash or killed); last seen alive t=1790115318.06, missing for 51.6s (sev=1.00)
[monitor_node-6] [WARN] [1790115369.637444283] [diagnostic_monitor]: ANOMALY on [dds_lease_probe] node_crash: Node dds_lease_probe absent from ROS 2 graph (process crash or killed); last seen alive t=1790115353.63, missing for 16.0s (sev=1.00)
[monitor_node-6] [WARN] [1790115372.637405655] [diagnostic_monitor]: ANOMALY on [aux_probe_node] node_crash: Node aux_probe_node absent from ROS 2 graph (process crash or killed); last seen alive t=1790115318.06, missing for 54.6s (sev=1.00)
[monitor_node-6] [WARN] [1790115372.638266915] [diagnostic_monitor]: ANOMALY on [dds_lease_probe] node_crash: Node dds_lease_probe absent from ROS 2 graph (process crash or killed); last seen alive t=1790115353.63, missing for 19.0s (sev=1.00)
[monitor_node-6] [WARN] [1790115374.637298670] [diagnostic_monitor]: ANOMALY on [aux_probe_node] node_crash: Node aux_probe_node absent from ROS 2 graph (process crash or killed); last seen alive t=1790115318.06, missing for 56.6s (sev=1.00)
[monitor_node-6] [WARN] [1790115374.638329314] [diagnostic_monitor]: ANOMALY on [dds_lease_probe] node_crash: Node dds_lease_probe absent from ROS 2 graph (process crash or killed); last seen alive t=1790115353.63, missing for 21.0s (sev=1.00)
[monitor_node-6] [WARN] [1790115377.637208881] [diagnostic_monitor]: ANOMALY on [aux_probe_node] node_crash: Node aux_probe_node absent from ROS 2 graph (process crash or killed); last seen alive t=1790115318.06, missing for 59.6s (sev=1.00)
[monitor_node-6] [WARN] [1790115377.638134828] [diagnostic_monitor]: ANOMALY on [dds_lease_probe] node_crash: Node dds_lease_probe absent from ROS 2 graph (process crash or killed); last seen alive t=1790115353.63, missing for 24.0s (sev=1.00)
[control_node-5] [INFO] [1790115378.525145533] [control_node]: control_node: faults cleared
[perception_node-2] [INFO] [1790115378.525139553] [perception_node]: perception_node: faults cleared
[planning_node-4] [INFO] [1790115378.525215290] [planning_node]: planning_node: faults cleared
[sim_world-1] [INFO] [1790115378.525250725] [camera_node]: camera_node: faults cleared
[localization_node-3] [INFO] [1790115378.525421761] [localization_node]: localization_node: faults cleared
[sim_world-1] [INFO] [1790115378.526700442] [odometry_node]: odometry_node: faults cleared
[sim_world-1] [INFO] [1790115378.527152544] [imu_node]: imu_node: faults cleared
[sim_world-1] [INFO] [1790115378.527802816] [lidar_node]: lidar_node: faults cleared
[localization_node-3] [INFO] [1790115378.575663169] [localization_node]: localization_node: faults cleared
[control_node-5] [INFO] [1790115378.575815314] [control_node]: control_node: faults cleared
[planning_node-4] [INFO] [1790115378.575856781] [planning_node]: planning_node: faults cleared
[sim_world-1] [INFO] [1790115378.575960932] [odometry_node]: odometry_node: faults cleared
[perception_node-2] [INFO] [1790115378.576175305] [perception_node]: perception_node: faults cleared
[sim_world-1] [INFO] [1790115378.576719550] [imu_node]: imu_node: faults cleared
[sim_world-1] [INFO] [1790115378.577490549] [camera_node]: camera_node: faults cleared
[sim_world-1] [INFO] [1790115378.578170699] [lidar_node]: lidar_node: faults cleared
[perception_node-2] [INFO] [1790115378.625865605] [perception_node]: perception_node: faults cleared
[planning_node-4] [INFO] [1790115378.625898819] [planning_node]: planning_node: faults cleared
[sim_world-1] [INFO] [1790115378.625927832] [odometry_node]: odometry_node: faults cleared
[control_node-5] [INFO] [1790115378.625953483] [control_node]: control_node: faults cleared
[sim_world-1] [INFO] [1790115378.626668369] [imu_node]: imu_node: faults cleared
[sim_world-1] [INFO] [1790115378.627431241] [camera_node]: camera_node: faults cleared
[localization_node-3] [INFO] [1790115378.627624959] [localization_node]: localization_node: faults cleared
[sim_world-1] [INFO] [1790115378.629083062] [lidar_node]: lidar_node: faults cleared
[monitor_node-6] [INFO] [1790115378.637244113] [diagnostic_monitor]: Discovered graph: nodes=['camera_node', 'control_node', 'imu_node', 'lidar_node', 'localization_node', 'odometry_node', 'perception_node', 'planning_node', 'sim_world'] edges=[camera_node->perception_node, control_node->sim_world, imu_node->localization_node, lidar_node->perception_node, localization_node->planning_node, odometry_node->localization_node, perception_node->localization_node, perception_node->planning_node, planning_node->control_node]
[perception_node-2] [INFO] [1790115378.676262539] [perception_node]: perception_node: faults cleared
[control_node-5] [INFO] [1790115378.676323753] [control_node]: control_node: faults cleared
[localization_node-3] [INFO] [1790115378.676333262] [localization_node]: localization_node: faults cleared
[planning_node-4] [INFO] [1790115378.676349914] [planning_node]: planning_node: faults cleared
[sim_world-1] [INFO] [1790115378.676396003] [odometry_node]: odometry_node: faults cleared
[sim_world-1] [INFO] [1790115378.677098097] [imu_node]: imu_node: faults cleared
[sim_world-1] [INFO] [1790115378.677935281] [camera_node]: camera_node: faults cleared
[sim_world-1] [INFO] [1790115378.678620992] [lidar_node]: lidar_node: faults cleared
[monitor_node-6] [WARN] [1790115380.635259704] [diagnostic_monitor]: ANOMALY on [dds_lease_probe] node_crash: Node dds_lease_probe absent from ROS 2 graph (process crash or killed); last seen alive t=1790115353.63, missing for 27.0s (sev=1.00)
[monitor_node-6] [WARN] [1790115382.635348329] [diagnostic_monitor]: ANOMALY on [dds_lease_probe] node_crash: Node dds_lease_probe absent from ROS 2 graph (process crash or killed); last seen alive t=1790115353.63, missing for 29.0s (sev=1.00)
[monitor_node-6] [INFO] [1790115383.636527750] [diagnostic_monitor]: 
[monitor_node-6] ============================================================
[monitor_node-6] ROOT CAUSE DIAGNOSIS: dds_lease_probe (Confidence: 1.000)
[monitor_node-6] ============================================================
[monitor_node-6] Score Breakdown  R(C) = wD*D + wT*T + wS*S + wA*A:
[monitor_node-6]   R(dds_lease_probe) = 0.3·D(1.00) + 0.3·T(1.00) + 0.25·S(1.00) + 0.15·A(1.00) = 1.000
[monitor_node-6]   - Dependency D: 1.00 (reaches 0 downstream anomalous node(s); 0 anomalous upstream node(s))
[monitor_node-6]   - Temporal   T: 1.00 (first anomaly at t=1790115353.63s; earliest in window = supporting evidence, not proof of causality)
[monitor_node-6]   - Symptom    S: 1.00 (explains 1/1 anomalous nodes)
[monitor_node-6]   - Severity   A: 1.00 (max normalised severity on node, 2 direct anomaly event(s))
[monitor_node-6] 
[monitor_node-6] Propagation Chain (evidence-ordered, via discovered graph edges):
[monitor_node-6]   dds_lease_probe (t=1790115353.63s: node_crash, sev=1.00)
[monitor_node-6] 
[monitor_node-6] ============================================================
[monitor_node-6] [WARN] [1790115384.636142844] [diagnostic_monitor]: ANOMALY on [dds_lease_probe] node_crash: Node dds_lease_probe absent from ROS 2 graph (process crash or killed); last seen alive t=1790115353.63, missing for 31.0s (sev=1.00)
[monitor_node-6] [WARN] [1790115387.636875472] [diagnostic_monitor]: ANOMALY on [dds_lease_probe] node_crash: Node dds_lease_probe absent from ROS 2 graph (process crash or killed); last seen alive t=1790115353.63, missing for 34.0s (sev=1.00)
[monitor_node-6] [WARN] [1790115390.635268842] [diagnostic_monitor]: ANOMALY on [dds_lease_probe] node_crash: Node dds_lease_probe absent from ROS 2 graph (process crash or killed); last seen alive t=1790115353.63, missing for 37.0s (sev=1.00)
[monitor_node-6] [WARN] [1790115392.635348097] [diagnostic_monitor]: ANOMALY on [dds_lease_probe] node_crash: Node dds_lease_probe absent from ROS 2 graph (process crash or killed); last seen alive t=1790115353.63, missing for 39.0s (sev=1.00)
[monitor_node-6] [WARN] [1790115394.635385471] [diagnostic_monitor]: ANOMALY on [dds_lease_probe] node_crash: Node dds_lease_probe absent from ROS 2 graph (process crash or killed); last seen alive t=1790115353.63, missing for 41.0s (sev=1.00)
[monitor_node-6] [WARN] [1790115396.636164207] [diagnostic_monitor]: ANOMALY on [dds_lease_probe] node_crash: Node dds_lease_probe absent from ROS 2 graph (process crash or killed); last seen alive t=1790115353.63, missing for 43.0s (sev=1.00)
[monitor_node-6] [WARN] [1790115399.636794918] [diagnostic_monitor]: ANOMALY on [dds_lease_probe] node_crash: Node dds_lease_probe absent from ROS 2 graph (process crash or killed); last seen alive t=1790115353.63, missing for 46.0s (sev=1.00)
[monitor_node-6] [WARN] [1790115402.635463454] [diagnostic_monitor]: ANOMALY on [dds_lease_probe] node_crash: Node dds_lease_probe absent from ROS 2 graph (process crash or killed); last seen alive t=1790115353.63, missing for 49.0s (sev=1.00)
[sim_world-1] [WARN] [1790115403.754432151] [lidar_node]: lidar_node: degradation "noise" param=8 duration=10.0s
[sim_world-1] [WARN] [1790115403.804426696] [lidar_node]: lidar_node: degradation "noise" param=8 duration=10.0s
[sim_world-1] [WARN] [1790115403.855072923] [lidar_node]: lidar_node: degradation "noise" param=8 duration=10.0s
[sim_world-1] [WARN] [1790115403.905365109] [lidar_node]: lidar_node: degradation "noise" param=8 duration=10.0s
[monitor_node-6] [WARN] [1790115403.942410692] [diagnostic_monitor]: ANOMALY on [lidar_node] /sim/lidar/scan:nan_ratio: Value 0.2222 deviated from baseline 0.0000±0.0001 (z=2222.2, confirmed x2) (sev=1.00)
[monitor_node-6] [WARN] [1790115404.042907559] [diagnostic_monitor]: ANOMALY on [lidar_node] /sim/lidar/scan:nan_ratio: Value 0.3333 deviated from baseline 0.0000±0.0001 (z=3333.3, confirmed x3) (sev=1.00)
[monitor_node-6] [WARN] [1790115404.142600849] [diagnostic_monitor]: ANOMALY on [lidar_node] /sim/lidar/scan:nan_ratio: Value 0.3222 deviated from baseline 0.0000±0.0001 (z=3222.2, confirmed x4) (sev=1.00)
[monitor_node-6] [WARN] [1790115404.147468324] [diagnostic_monitor]: ANOMALY on [perception_node] /perception/obstacles:obstacle_empty: Value 1.0000 deviated from baseline 0.0000±0.0001 (z=10000.0, confirmed x2) (sev=1.00)
[monitor_node-6] [WARN] [1790115404.243002316] [diagnostic_monitor]: ANOMALY on [lidar_node] /sim/lidar/scan:nan_ratio: Value 0.3667 deviated from baseline 0.0000±0.0001 (z=3666.7, confirmed x5) (sev=1.00)
[monitor_node-6] [WARN] [1790115404.246814613] [diagnostic_monitor]: ANOMALY on [perception_node] /perception/obstacles:obstacle_empty: Value 1.0000 deviated from baseline 0.0000±0.0001 (z=10000.0, confirmed x3) (sev=1.00)
[monitor_node-6] [WARN] [1790115404.342690105] [diagnostic_monitor]: ANOMALY on [lidar_node] /sim/lidar/scan:nan_ratio: Value 0.5000 deviated from baseline 0.0000±0.0001 (z=5000.0, confirmed x6) (sev=1.00)
[monitor_node-6] [WARN] [1790115404.346660495] [diagnostic_monitor]: ANOMALY on [perception_node] /perception/obstacles:obstacle_empty: Value 1.0000 deviated from baseline 0.0000±0.0001 (z=10000.0, confirmed x4) (sev=1.00)
[monitor_node-6] [WARN] [1790115404.443777300] [diagnostic_monitor]: ANOMALY on [lidar_node] /sim/lidar/scan:nan_ratio: Value 0.3556 deviated from baseline 0.0000±0.0001 (z=3555.6, confirmed x7) (sev=1.00)
[monitor_node-6] [WARN] [1790115404.447181526] [diagnostic_monitor]: ANOMALY on [perception_node] /perception/obstacles:obstacle_empty: Value 1.0000 deviated from baseline 0.0000±0.0001 (z=10000.0, confirmed x5) (sev=1.00)
[monitor_node-6] [WARN] [1790115404.542874171] [diagnostic_monitor]: ANOMALY on [lidar_node] /sim/lidar/scan:nan_ratio: Value 0.3000 deviated from baseline 0.0000±0.0001 (z=3000.0, confirmed x8) (sev=1.00)
[monitor_node-6] [WARN] [1790115404.636486596] [diagnostic_monitor]: ANOMALY on [dds_lease_probe] node_crash: Node dds_lease_probe absent from ROS 2 graph (process crash or killed); last seen alive t=1790115353.63, missing for 51.0s (sev=1.00)
[monitor_node-6] [WARN] [1790115404.661383554] [diagnostic_monitor]: ANOMALY on [lidar_node] /sim/lidar/scan:nan_ratio: Value 0.3333 deviated from baseline 0.0000±0.0001 (z=3333.3, confirmed x9) (sev=1.00)
[monitor_node-6] [WARN] [1790115404.742407709] [diagnostic_monitor]: ANOMALY on [lidar_node] /sim/lidar/scan:nan_ratio: Value 0.3333 deviated from baseline 0.0000±0.0001 (z=3333.3, confirmed x10) (sev=1.00)
[monitor_node-6] [WARN] [1790115404.747291177] [diagnostic_monitor]: ANOMALY on [perception_node] /perception/obstacles:obstacle_empty: Value 1.0000 deviated from baseline 0.0000±0.0001 (z=10000.0, confirmed x2) (sev=1.00)
[monitor_node-6] [WARN] [1790115404.843022993] [diagnostic_monitor]: ANOMALY on [lidar_node] /sim/lidar/scan:nan_ratio: Value 0.3111 deviated from baseline 0.0000±0.0001 (z=3111.1, confirmed x11) (sev=1.00)
[monitor_node-6] [WARN] [1790115404.847271222] [diagnostic_monitor]: ANOMALY on [perception_node] /perception/obstacles:obstacle_empty: Value 1.0000 deviated from baseline 0.0000±0.0001 (z=10000.0, confirmed x3) (sev=1.00)
[monitor_node-6] [WARN] [1790115404.942383538] [diagnostic_monitor]: ANOMALY on [lidar_node] /sim/lidar/scan:nan_ratio: Value 0.3111 deviated from baseline 0.0000±0.0001 (z=3111.1, confirmed x12) (sev=1.00)
[monitor_node-6] [WARN] [1790115404.947336658] [diagnostic_monitor]: ANOMALY on [perception_node] /perception/obstacles:obstacle_empty: Value 1.0000 deviated from baseline 0.0000±0.0001 (z=10000.0, confirmed x4) (sev=1.00)
[monitor_node-6] [WARN] [1790115405.042724259] [diagnostic_monitor]: ANOMALY on [lidar_node] /sim/lidar/scan:nan_ratio: Value 0.3333 deviated from baseline 0.0000±0.0001 (z=3333.3, confirmed x13) (sev=1.00)
[monitor_node-6] [WARN] [1790115405.047544431] [diagnostic_monitor]: ANOMALY on [perception_node] /perception/obstacles:obstacle_empty: Value 1.0000 deviated from baseline 0.0000±0.0001 (z=10000.0, confirmed x5) (sev=1.00)
[monitor_node-6] [WARN] [1790115405.143170211] [diagnostic_monitor]: ANOMALY on [lidar_node] /sim/lidar/scan:nan_ratio: Value 0.3000 deviated from baseline 0.0000±0.0001 (z=3000.0, confirmed x14) (sev=1.00)
[monitor_node-6] [WARN] [1790115405.242014735] [diagnostic_monitor]: ANOMALY on [lidar_node] /sim/lidar/scan:nan_ratio: Value 0.2778 deviated from baseline 0.0000±0.0001 (z=2777.8, confirmed x15) (sev=1.00)
[monitor_node-6] [WARN] [1790115405.342610275] [diagnostic_monitor]: ANOMALY on [lidar_node] /sim/lidar/scan:nan_ratio: Value 0.3778 deviated from baseline 0.0000±0.0001 (z=3777.8, confirmed x16) (sev=1.00)
[monitor_node-6] [WARN] [1790115405.443156515] [diagnostic_monitor]: ANOMALY on [lidar_node] /sim/lidar/scan:nan_ratio: Value 0.2556 deviated from baseline 0.0000±0.0001 (z=2555.6, confirmed x17) (sev=1.00)
[monitor_node-6] [WARN] [1790115405.542094660] [diagnostic_monitor]: ANOMALY on [lidar_node] /sim/lidar/scan:nan_ratio: Value 0.3000 deviated from baseline 0.0000±0.0001 (z=3000.0, confirmed x18) (sev=1.00)
[monitor_node-6] [WARN] [1790115405.642083882] [diagnostic_monitor]: ANOMALY on [lidar_node] /sim/lidar/scan:nan_ratio: Value 0.3000 deviated from baseline 0.0000±0.0001 (z=3000.0, confirmed x19) (sev=1.00)
[monitor_node-6] [WARN] [1790115405.742453520] [diagnostic_monitor]: ANOMALY on [lidar_node] /sim/lidar/scan:nan_ratio: Value 0.2778 deviated from baseline 0.0000±0.0001 (z=2777.8, confirmed x20) (sev=1.00)
[monitor_node-6] [WARN] [1790115405.842177636] [diagnostic_monitor]: ANOMALY on [lidar_node] /sim/lidar/scan:nan_ratio: Value 0.3333 deviated from baseline 0.0000±0.0001 (z=3333.3, confirmed x21) (sev=1.00)
[monitor_node-6] [WARN] [1790115405.942184945] [diagnostic_monitor]: ANOMALY on [lidar_node] /sim/lidar/scan:nan_ratio: Value 0.3778 deviated from baseline 0.0000±0.0001 (z=3777.8, confirmed x22) (sev=1.00)
[monitor_node-6] [WARN] [1790115405.946963484] [diagnostic_monitor]: ANOMALY on [perception_node] /perception/obstacles:obstacle_empty: Value 1.0000 deviated from baseline 0.0000±0.0001 (z=10000.0, confirmed x2) (sev=1.00)
[monitor_node-6] [WARN] [1790115406.042017291] [diagnostic_monitor]: ANOMALY on [lidar_node] /sim/lidar/scan:nan_ratio: Value 0.2667 deviated from baseline 0.0000±0.0001 (z=2666.7, confirmed x23) (sev=1.00)
[monitor_node-6] [WARN] [1790115406.142581407] [diagnostic_monitor]: ANOMALY on [lidar_node] /sim/lidar/scan:nan_ratio: Value 0.3333 deviated from baseline 0.0000±0.0001 (z=3333.3, confirmed x24) (sev=1.00)
[monitor_node-6] [WARN] [1790115406.242952408] [diagnostic_monitor]: ANOMALY on [lidar_node] /sim/lidar/scan:nan_ratio: Value 0.3222 deviated from baseline 0.0000±0.0001 (z=3222.2, confirmed x25) (sev=1.00)
[monitor_node-6] [WARN] [1790115406.247189629] [diagnostic_monitor]: ANOMALY on [perception_node] /perception/obstacles:obstacle_empty: Value 1.0000 deviated from baseline 0.0000±0.0001 (z=10000.0, confirmed x2) (sev=1.00)
[monitor_node-6] [WARN] [1790115406.342237490] [diagnostic_monitor]: ANOMALY on [lidar_node] /sim/lidar/scan:nan_ratio: Value 0.3222 deviated from baseline 0.0000±0.0001 (z=3222.2, confirmed x26) (sev=1.00)
[monitor_node-6] [WARN] [1790115406.347144117] [diagnostic_monitor]: ANOMALY on [perception_node] /perception/obstacles:obstacle_empty: Value 1.0000 deviated from baseline 0.0000±0.0001 (z=10000.0, confirmed x3) (sev=1.00)
[monitor_node-6] [WARN] [1790115406.442701009] [diagnostic_monitor]: ANOMALY on [lidar_node] /sim/lidar/scan:nan_ratio: Value 0.4222 deviated from baseline 0.0000±0.0001 (z=4222.2, confirmed x27) (sev=1.00)
[monitor_node-6] [WARN] [1790115406.447267294] [diagnostic_monitor]: ANOMALY on [perception_node] /perception/obstacles:obstacle_empty: Value 1.0000 deviated from baseline 0.0000±0.0001 (z=10000.0, confirmed x4) (sev=1.00)
[monitor_node-6] [WARN] [1790115406.542888814] [diagnostic_monitor]: ANOMALY on [lidar_node] /sim/lidar/scan:nan_ratio: Value 0.3222 deviated from baseline 0.0000±0.0001 (z=3222.2, confirmed x28) (sev=1.00)
[monitor_node-6] [WARN] [1790115406.547238428] [diagnostic_monitor]: ANOMALY on [perception_node] /perception/obstacles:obstacle_empty: Value 1.0000 deviated from baseline 0.0000±0.0001 (z=10000.0, confirmed x5) (sev=1.00)
[monitor_node-6] [WARN] [1790115406.635560623] [diagnostic_monitor]: ANOMALY on [dds_lease_probe] node_crash: Node dds_lease_probe absent from ROS 2 graph (process crash or killed); last seen alive t=1790115353.63, missing for 53.0s (sev=1.00)
[monitor_node-6] [WARN] [1790115406.642095538] [diagnostic_monitor]: ANOMALY on [lidar_node] /sim/lidar/scan:nan_ratio: Value 0.3889 deviated from baseline 0.0000±0.0001 (z=3888.9, confirmed x29) (sev=1.00)
[monitor_node-6] [WARN] [1790115406.646881547] [diagnostic_monitor]: ANOMALY on [perception_node] /perception/obstacles:obstacle_empty: Value 1.0000 deviated from baseline 0.0000±0.0001 (z=10000.0, confirmed x6) (sev=1.00)
[monitor_node-6] [WARN] [1790115406.741944047] [diagnostic_monitor]: ANOMALY on [lidar_node] /sim/lidar/scan:nan_ratio: Value 0.3111 deviated from baseline 0.0000±0.0001 (z=3111.1, confirmed x30) (sev=1.00)
[monitor_node-6] [WARN] [1790115406.747241399] [diagnostic_monitor]: ANOMALY on [perception_node] /perception/obstacles:obstacle_empty: Value 1.0000 deviated from baseline 0.0000±0.0001 (z=10000.0, confirmed x7) (sev=1.00)
[monitor_node-6] [WARN] [1790115406.841941993] [diagnostic_monitor]: ANOMALY on [lidar_node] /sim/lidar/scan:nan_ratio: Value 0.2889 deviated from baseline 0.0000±0.0001 (z=2888.9, confirmed x31) (sev=1.00)
[monitor_node-6] [WARN] [1790115406.941887472] [diagnostic_monitor]: ANOMALY on [lidar_node] /sim/lidar/scan:nan_ratio: Value 0.3222 deviated from baseline 0.0000±0.0001 (z=3222.2, confirmed x32) (sev=1.00)
[monitor_node-6] [WARN] [1790115407.041928383] [diagnostic_monitor]: ANOMALY on [lidar_node] /sim/lidar/scan:nan_ratio: Value 0.4111 deviated from baseline 0.0000±0.0001 (z=4111.1, confirmed x33) (sev=1.00)
[monitor_node-6] [WARN] [1790115407.047219194] [diagnostic_monitor]: ANOMALY on [perception_node] /perception/obstacles:obstacle_empty: Value 1.0000 deviated from baseline 0.0000±0.0001 (z=10000.0, confirmed x2) (sev=1.00)
[monitor_node-6] [WARN] [1790115407.142148764] [diagnostic_monitor]: ANOMALY on [lidar_node] /sim/lidar/scan:nan_ratio: Value 0.3667 deviated from baseline 0.0000±0.0001 (z=3666.7, confirmed x34) (sev=1.00)
[monitor_node-6] [WARN] [1790115407.146924531] [diagnostic_monitor]: ANOMALY on [perception_node] /perception/obstacles:obstacle_empty: Value 1.0000 deviated from baseline 0.0000±0.0001 (z=10000.0, confirmed x3) (sev=1.00)
[monitor_node-6] [WARN] [1790115407.241975196] [diagnostic_monitor]: ANOMALY on [lidar_node] /sim/lidar/scan:nan_ratio: Value 0.2889 deviated from baseline 0.0000±0.0001 (z=2888.9, confirmed x35) (sev=1.00)
[monitor_node-6] [WARN] [1790115407.343002424] [diagnostic_monitor]: ANOMALY on [lidar_node] /sim/lidar/scan:nan_ratio: Value 0.3333 deviated from baseline 0.0000±0.0001 (z=3333.3, confirmed x36) (sev=1.00)
[monitor_node-6] [WARN] [1790115407.442942557] [diagnostic_monitor]: ANOMALY on [lidar_node] /sim/lidar/scan:nan_ratio: Value 0.2333 deviated from baseline 0.0000±0.0001 (z=2333.3, confirmed x37) (sev=1.00)
[monitor_node-6] [WARN] [1790115407.542376550] [diagnostic_monitor]: ANOMALY on [lidar_node] /sim/lidar/scan:nan_ratio: Value 0.3889 deviated from baseline 0.0000±0.0001 (z=3888.9, confirmed x38) (sev=1.00)
[monitor_node-6] [WARN] [1790115407.644974064] [diagnostic_monitor]: ANOMALY on [lidar_node] /sim/lidar/scan:nan_ratio: Value 0.4444 deviated from baseline 0.0000±0.0001 (z=4444.4, confirmed x39) (sev=1.00)
[monitor_node-6] [WARN] [1790115407.647679537] [diagnostic_monitor]: ANOMALY on [perception_node] /perception/obstacles:obstacle_empty: Value 1.0000 deviated from baseline 0.0000±0.0001 (z=10000.0, confirmed x2) (sev=1.00)
[monitor_node-6] [WARN] [1790115407.742994180] [diagnostic_monitor]: ANOMALY on [lidar_node] /sim/lidar/scan:nan_ratio: Value 0.3222 deviated from baseline 0.0000±0.0001 (z=3222.2, confirmed x40) (sev=1.00)
[monitor_node-6] [WARN] [1790115407.747519562] [diagnostic_monitor]: ANOMALY on [perception_node] /perception/obstacles:obstacle_empty: Value 1.0000 deviated from baseline 0.0000±0.0001 (z=10000.0, confirmed x3) (sev=1.00)
[monitor_node-6] [WARN] [1790115407.842767836] [diagnostic_monitor]: ANOMALY on [lidar_node] /sim/lidar/scan:nan_ratio: Value 0.3000 deviated from baseline 0.0000±0.0001 (z=3000.0, confirmed x41) (sev=1.00)
[monitor_node-6] [WARN] [1790115407.942240406] [diagnostic_monitor]: ANOMALY on [lidar_node] /sim/lidar/scan:nan_ratio: Value 0.3111 deviated from baseline 0.0000±0.0001 (z=3111.1, confirmed x42) (sev=1.00)
[monitor_node-6] [WARN] [1790115408.042585207] [diagnostic_monitor]: ANOMALY on [lidar_node] /sim/lidar/scan:nan_ratio: Value 0.3000 deviated from baseline 0.0000±0.0001 (z=3000.0, confirmed x43) (sev=1.00)
[monitor_node-6] [WARN] [1790115408.142532710] [diagnostic_monitor]: ANOMALY on [lidar_node] /sim/lidar/scan:nan_ratio: Value 0.2556 deviated from baseline 0.0000±0.0001 (z=2555.6, confirmed x44) (sev=1.00)
[monitor_node-6] [WARN] [1790115408.242163602] [diagnostic_monitor]: ANOMALY on [lidar_node] /sim/lidar/scan:nan_ratio: Value 0.3667 deviated from baseline 0.0000±0.0001 (z=3666.7, confirmed x45) (sev=1.00)
[monitor_node-6] [WARN] [1790115408.342888843] [diagnostic_monitor]: ANOMALY on [lidar_node] /sim/lidar/scan:nan_ratio: Value 0.3444 deviated from baseline 0.0000±0.0001 (z=3444.4, confirmed x46) (sev=1.00)
[monitor_node-6] [WARN] [1790115408.347381583] [diagnostic_monitor]: ANOMALY on [perception_node] /perception/obstacles:obstacle_empty: Value 1.0000 deviated from baseline 0.0000±0.0001 (z=10000.0, confirmed x2) (sev=1.00)
[monitor_node-6] [WARN] [1790115408.442441088] [diagnostic_monitor]: ANOMALY on [lidar_node] /sim/lidar/scan:nan_ratio: Value 0.2889 deviated from baseline 0.0000±0.0001 (z=2888.9, confirmed x47) (sev=1.00)
[monitor_node-6] [WARN] [1790115408.542798952] [diagnostic_monitor]: ANOMALY on [lidar_node] /sim/lidar/scan:nan_ratio: Value 0.3333 deviated from baseline 0.0000±0.0001 (z=3333.3, confirmed x48) (sev=1.00)
[monitor_node-6] [WARN] [1790115408.642440861] [diagnostic_monitor]: ANOMALY on [lidar_node] /sim/lidar/scan:nan_ratio: Value 0.2556 deviated from baseline 0.0000±0.0001 (z=2555.6, confirmed x49) (sev=1.00)
[monitor_node-6] [WARN] [1790115408.742480941] [diagnostic_monitor]: ANOMALY on [lidar_node] /sim/lidar/scan:nan_ratio: Value 0.4111 deviated from baseline 0.0000±0.0001 (z=4111.1, confirmed x50) (sev=1.00)
[monitor_node-6] [WARN] [1790115408.842373221] [diagnostic_monitor]: ANOMALY on [lidar_node] /sim/lidar/scan:nan_ratio: Value 0.3444 deviated from baseline 0.0000±0.0001 (z=3444.4, confirmed x51) (sev=1.00)
[monitor_node-6] [WARN] [1790115408.847185944] [diagnostic_monitor]: ANOMALY on [perception_node] /perception/obstacles:obstacle_empty: Value 1.0000 deviated from baseline 0.0000±0.0001 (z=10000.0, confirmed x2) (sev=1.00)
[monitor_node-6] [WARN] [1790115408.941809462] [diagnostic_monitor]: ANOMALY on [lidar_node] /sim/lidar/scan:nan_ratio: Value 0.2778 deviated from baseline 0.0000±0.0001 (z=2777.8, confirmed x52) (sev=1.00)
[monitor_node-6] [WARN] [1790115409.042026223] [diagnostic_monitor]: ANOMALY on [lidar_node] /sim/lidar/scan:nan_ratio: Value 0.3667 deviated from baseline 0.0000±0.0001 (z=3666.7, confirmed x53) (sev=1.00)
[monitor_node-6] [WARN] [1790115409.142864849] [diagnostic_monitor]: ANOMALY on [lidar_node] /sim/lidar/scan:nan_ratio: Value 0.3000 deviated from baseline 0.0000±0.0001 (z=3000.0, confirmed x54) (sev=1.00)
[monitor_node-6] [WARN] [1790115409.242251995] [diagnostic_monitor]: ANOMALY on [lidar_node] /sim/lidar/scan:nan_ratio: Value 0.3000 deviated from baseline 0.0000±0.0001 (z=3000.0, confirmed x55) (sev=1.00)
[monitor_node-6] [WARN] [1790115409.342736382] [diagnostic_monitor]: ANOMALY on [lidar_node] /sim/lidar/scan:nan_ratio: Value 0.3889 deviated from baseline 0.0000±0.0001 (z=3888.9, confirmed x56) (sev=1.00)
[monitor_node-6] [WARN] [1790115409.442813979] [diagnostic_monitor]: ANOMALY on [lidar_node] /sim/lidar/scan:nan_ratio: Value 0.2667 deviated from baseline 0.0000±0.0001 (z=2666.7, confirmed x57) (sev=1.00)
[monitor_node-6] [WARN] [1790115409.542124408] [diagnostic_monitor]: ANOMALY on [lidar_node] /sim/lidar/scan:nan_ratio: Value 0.3667 deviated from baseline 0.0000±0.0001 (z=3666.7, confirmed x58) (sev=1.00)
[monitor_node-6] [WARN] [1790115409.635510632] [diagnostic_monitor]: ANOMALY on [dds_lease_probe] node_crash: Node dds_lease_probe absent from ROS 2 graph (process crash or killed); last seen alive t=1790115353.63, missing for 56.0s (sev=1.00)
[monitor_node-6] [WARN] [1790115409.642105259] [diagnostic_monitor]: ANOMALY on [lidar_node] /sim/lidar/scan:nan_ratio: Value 0.3111 deviated from baseline 0.0000±0.0001 (z=3111.1, confirmed x59) (sev=1.00)
[monitor_node-6] [WARN] [1790115409.647474567] [diagnostic_monitor]: ANOMALY on [perception_node] /perception/obstacles:obstacle_empty: Value 1.0000 deviated from baseline 0.0000±0.0001 (z=10000.0, confirmed x2) (sev=1.00)
[monitor_node-6] [WARN] [1790115409.742599987] [diagnostic_monitor]: ANOMALY on [lidar_node] /sim/lidar/scan:nan_ratio: Value 0.4111 deviated from baseline 0.0000±0.0001 (z=4111.1, confirmed x60) (sev=1.00)
[monitor_node-6] [WARN] [1790115409.747659921] [diagnostic_monitor]: ANOMALY on [perception_node] /perception/obstacles:obstacle_empty: Value 1.0000 deviated from baseline 0.0000±0.0001 (z=10000.0, confirmed x3) (sev=1.00)
[monitor_node-6] [WARN] [1790115409.843069530] [diagnostic_monitor]: ANOMALY on [lidar_node] /sim/lidar/scan:nan_ratio: Value 0.3111 deviated from baseline 0.0000±0.0001 (z=3111.1, confirmed x61) (sev=1.00)
[monitor_node-6] [WARN] [1790115409.847193848] [diagnostic_monitor]: ANOMALY on [perception_node] /perception/obstacles:obstacle_empty: Value 1.0000 deviated from baseline 0.0000±0.0001 (z=10000.0, confirmed x4) (sev=1.00)
[monitor_node-6] [WARN] [1790115409.942681701] [diagnostic_monitor]: ANOMALY on [lidar_node] /sim/lidar/scan:nan_ratio: Value 0.3000 deviated from baseline 0.0000±0.0001 (z=3000.0, confirmed x62) (sev=1.00)
[monitor_node-6] [WARN] [1790115410.042637396] [diagnostic_monitor]: ANOMALY on [lidar_node] /sim/lidar/scan:nan_ratio: Value 0.2667 deviated from baseline 0.0000±0.0001 (z=2666.7, confirmed x63) (sev=1.00)
[monitor_node-6] [WARN] [1790115410.142484323] [diagnostic_monitor]: ANOMALY on [lidar_node] /sim/lidar/scan:nan_ratio: Value 0.3444 deviated from baseline 0.0000±0.0001 (z=3444.4, confirmed x64) (sev=1.00)
[monitor_node-6] [WARN] [1790115410.242609088] [diagnostic_monitor]: ANOMALY on [lidar_node] /sim/lidar/scan:nan_ratio: Value 0.4000 deviated from baseline 0.0000±0.0001 (z=4000.0, confirmed x65) (sev=1.00)
[monitor_node-6] [WARN] [1790115410.247346877] [diagnostic_monitor]: ANOMALY on [perception_node] /perception/obstacles:obstacle_empty: Value 1.0000 deviated from baseline 0.0000±0.0001 (z=10000.0, confirmed x2) (sev=1.00)
[monitor_node-6] [WARN] [1790115410.342530508] [diagnostic_monitor]: ANOMALY on [lidar_node] /sim/lidar/scan:nan_ratio: Value 0.3556 deviated from baseline 0.0000±0.0001 (z=3555.6, confirmed x66) (sev=1.00)
[monitor_node-6] [WARN] [1790115410.347258879] [diagnostic_monitor]: ANOMALY on [perception_node] /perception/obstacles:obstacle_empty: Value 1.0000 deviated from baseline 0.0000±0.0001 (z=10000.0, confirmed x3) (sev=1.00)
[monitor_node-6] [WARN] [1790115410.442509967] [diagnostic_monitor]: ANOMALY on [lidar_node] /sim/lidar/scan:nan_ratio: Value 0.3444 deviated from baseline 0.0000±0.0001 (z=3444.4, confirmed x67) (sev=1.00)
[monitor_node-6] [WARN] [1790115410.447016447] [diagnostic_monitor]: ANOMALY on [perception_node] /perception/obstacles:obstacle_empty: Value 1.0000 deviated from baseline 0.0000±0.0001 (z=10000.0, confirmed x4) (sev=1.00)
[monitor_node-6] [WARN] [1790115410.542006600] [diagnostic_monitor]: ANOMALY on [lidar_node] /sim/lidar/scan:nan_ratio: Value 0.2667 deviated from baseline 0.0000±0.0001 (z=2666.7, confirmed x68) (sev=1.00)
[monitor_node-6] [WARN] [1790115410.642457428] [diagnostic_monitor]: ANOMALY on [lidar_node] /sim/lidar/scan:nan_ratio: Value 0.4111 deviated from baseline 0.0000±0.0001 (z=4111.1, confirmed x69) (sev=1.00)
[monitor_node-6] [WARN] [1790115410.742247513] [diagnostic_monitor]: ANOMALY on [lidar_node] /sim/lidar/scan:nan_ratio: Value 0.3111 deviated from baseline 0.0000±0.0001 (z=3111.1, confirmed x70) (sev=1.00)
[monitor_node-6] [WARN] [1790115410.747370570] [diagnostic_monitor]: ANOMALY on [perception_node] /perception/obstacles:obstacle_empty: Value 1.0000 deviated from baseline 0.0000±0.0001 (z=10000.0, confirmed x2) (sev=1.00)
[monitor_node-6] [WARN] [1790115410.842806786] [diagnostic_monitor]: ANOMALY on [lidar_node] /sim/lidar/scan:nan_ratio: Value 0.3556 deviated from baseline 0.0000±0.0001 (z=3555.6, confirmed x71) (sev=1.00)
[monitor_node-6] [WARN] [1790115410.847334069] [diagnostic_monitor]: ANOMALY on [perception_node] /perception/obstacles:obstacle_empty: Value 1.0000 deviated from baseline 0.0000±0.0001 (z=10000.0, confirmed x3) (sev=1.00)
[monitor_node-6] [WARN] [1790115410.942159851] [diagnostic_monitor]: ANOMALY on [lidar_node] /sim/lidar/scan:nan_ratio: Value 0.3778 deviated from baseline 0.0000±0.0001 (z=3777.8, confirmed x72) (sev=1.00)
[monitor_node-6] [WARN] [1790115410.947292051] [diagnostic_monitor]: ANOMALY on [perception_node] /perception/obstacles:obstacle_empty: Value 1.0000 deviated from baseline 0.0000±0.0001 (z=10000.0, confirmed x4) (sev=1.00)
[monitor_node-6] [WARN] [1790115411.042534752] [diagnostic_monitor]: ANOMALY on [lidar_node] /sim/lidar/scan:nan_ratio: Value 0.3000 deviated from baseline 0.0000±0.0001 (z=3000.0, confirmed x73) (sev=1.00)
[monitor_node-6] [WARN] [1790115411.142939241] [diagnostic_monitor]: ANOMALY on [lidar_node] /sim/lidar/scan:nan_ratio: Value 0.3778 deviated from baseline 0.0000±0.0001 (z=3777.8, confirmed x74) (sev=1.00)
[monitor_node-6] [WARN] [1790115411.242401689] [diagnostic_monitor]: ANOMALY on [lidar_node] /sim/lidar/scan:nan_ratio: Value 0.3444 deviated from baseline 0.0000±0.0001 (z=3444.4, confirmed x75) (sev=1.00)
[monitor_node-6] [WARN] [1790115411.247175149] [diagnostic_monitor]: ANOMALY on [perception_node] /perception/obstacles:obstacle_empty: Value 1.0000 deviated from baseline 0.0000±0.0001 (z=10000.0, confirmed x2) (sev=1.00)
[monitor_node-6] [WARN] [1790115411.342819582] [diagnostic_monitor]: ANOMALY on [lidar_node] /sim/lidar/scan:nan_ratio: Value 0.2667 deviated from baseline 0.0000±0.0001 (z=2666.7, confirmed x76) (sev=1.00)
[monitor_node-6] [WARN] [1790115411.443423285] [diagnostic_monitor]: ANOMALY on [lidar_node] /sim/lidar/scan:nan_ratio: Value 0.2667 deviated from baseline 0.0000±0.0001 (z=2666.7, confirmed x77) (sev=1.00)
[monitor_node-6] [WARN] [1790115411.542991968] [diagnostic_monitor]: ANOMALY on [lidar_node] /sim/lidar/scan:nan_ratio: Value 0.3111 deviated from baseline 0.0000±0.0001 (z=3111.1, confirmed x78) (sev=1.00)
[monitor_node-6] [WARN] [1790115411.635880096] [diagnostic_monitor]: ANOMALY on [dds_lease_probe] node_crash: Node dds_lease_probe absent from ROS 2 graph (process crash or killed); last seen alive t=1790115353.63, missing for 58.0s (sev=1.00)
[monitor_node-6] [WARN] [1790115411.645774715] [diagnostic_monitor]: ANOMALY on [lidar_node] /sim/lidar/scan:nan_ratio: Value 0.3000 deviated from baseline 0.0000±0.0001 (z=3000.0, confirmed x79) (sev=1.00)
[monitor_node-6] [WARN] [1790115411.742726091] [diagnostic_monitor]: ANOMALY on [lidar_node] /sim/lidar/scan:nan_ratio: Value 0.2444 deviated from baseline 0.0000±0.0001 (z=2444.4, confirmed x80) (sev=1.00)
[control_node-5] [INFO] [1790115411.753855365] [control_node]: control_node: faults cleared
[sim_world-1] [INFO] [1790115411.754051770] [odometry_node]: odometry_node: faults cleared
[perception_node-2] [INFO] [1790115411.754079448] [perception_node]: perception_node: faults cleared
[planning_node-4] [INFO] [1790115411.754133245] [planning_node]: planning_node: faults cleared
[localization_node-3] [INFO] [1790115411.754153600] [localization_node]: localization_node: faults cleared
[sim_world-1] [INFO] [1790115411.754853409] [imu_node]: imu_node: faults cleared
[sim_world-1] [INFO] [1790115411.755444938] [camera_node]: camera_node: faults cleared
[sim_world-1] [INFO] [1790115411.756137682] [lidar_node]: lidar_node: faults cleared
[control_node-5] [INFO] [1790115411.804404830] [control_node]: control_node: faults cleared
[sim_world-1] [INFO] [1790115411.804493203] [odometry_node]: odometry_node: faults cleared
[localization_node-3] [INFO] [1790115411.804696291] [localization_node]: localization_node: faults cleared
[perception_node-2] [INFO] [1790115411.804724609] [perception_node]: perception_node: faults cleared
[sim_world-1] [INFO] [1790115411.804938002] [imu_node]: imu_node: faults cleared
[sim_world-1] [INFO] [1790115411.805432199] [camera_node]: camera_node: faults cleared
[planning_node-4] [INFO] [1790115411.805774300] [planning_node]: planning_node: faults cleared
[sim_world-1] [INFO] [1790115411.806238496] [lidar_node]: lidar_node: faults cleared
[perception_node-2] [INFO] [1790115411.855249762] [perception_node]: perception_node: faults cleared
[localization_node-3] [INFO] [1790115411.855247346] [localization_node]: localization_node: faults cleared
[planning_node-4] [INFO] [1790115411.855395701] [planning_node]: planning_node: faults cleared
[control_node-5] [INFO] [1790115411.855519098] [control_node]: control_node: faults cleared
[sim_world-1] [INFO] [1790115411.855981809] [odometry_node]: odometry_node: faults cleared
[sim_world-1] [INFO] [1790115411.856504970] [imu_node]: imu_node: faults cleared
[sim_world-1] [INFO] [1790115411.856979051] [camera_node]: camera_node: faults cleared
[sim_world-1] [INFO] [1790115411.857402234] [lidar_node]: lidar_node: faults cleared
[perception_node-2] [INFO] [1790115411.905142932] [perception_node]: perception_node: faults cleared
[control_node-5] [INFO] [1790115411.905425072] [control_node]: control_node: faults cleared
[sim_world-1] [INFO] [1790115411.905548663] [odometry_node]: odometry_node: faults cleared
[localization_node-3] [INFO] [1790115411.905588658] [localization_node]: localization_node: faults cleared
[planning_node-4] [INFO] [1790115411.905877033] [planning_node]: planning_node: faults cleared
[sim_world-1] [INFO] [1790115411.906237406] [imu_node]: imu_node: faults cleared
[sim_world-1] [INFO] [1790115411.906725095] [camera_node]: camera_node: faults cleared
[sim_world-1] [INFO] [1790115411.907156014] [lidar_node]: lidar_node: faults cleared
[localization_node-3] [INFO] [1790115411.958899433] [localization_node]: localization_node: faults cleared
[perception_node-2] [INFO] [1790115411.958913659] [perception_node]: perception_node: faults cleared
[planning_node-4] [INFO] [1790115411.958929399] [planning_node]: planning_node: faults cleared
[sim_world-1] [INFO] [1790115411.958991713] [odometry_node]: odometry_node: faults cleared
[control_node-5] [INFO] [1790115411.959133122] [control_node]: control_node: faults cleared
[sim_world-1] [INFO] [1790115411.959782149] [imu_node]: imu_node: faults cleared
[sim_world-1] [INFO] [1790115411.960617378] [camera_node]: camera_node: faults cleared
[sim_world-1] [INFO] [1790115411.961150040] [lidar_node]: lidar_node: faults cleared
[control_node-5] [INFO] [1790115412.009562581] [control_node]: control_node: faults cleared
[localization_node-3] [INFO] [1790115412.009581756] [localization_node]: localization_node: faults cleared
[perception_node-2] [INFO] [1790115412.009587359] [perception_node]: perception_node: faults cleared
[planning_node-4] [INFO] [1790115412.009595648] [planning_node]: planning_node: faults cleared
[sim_world-1] [INFO] [1790115412.009862866] [odometry_node]: odometry_node: faults cleared
[sim_world-1] [INFO] [1790115412.011817788] [imu_node]: imu_node: faults cleared
[sim_world-1] [INFO] [1790115412.013529822] [camera_node]: camera_node: faults cleared
[sim_world-1] [INFO] [1790115412.016828606] [lidar_node]: lidar_node: faults cleared
[control_node-5] [INFO] [1790115412.059481643] [control_node]: control_node: faults cleared
[planning_node-4] [INFO] [1790115412.059610531] [planning_node]: planning_node: faults cleared
[localization_node-3] [INFO] [1790115412.059650550] [localization_node]: localization_node: faults cleared
[perception_node-2] [INFO] [1790115412.060151822] [perception_node]: perception_node: faults cleared
[sim_world-1] [INFO] [1790115412.061088012] [odometry_node]: odometry_node: faults cleared
[sim_world-1] [INFO] [1790115412.061594450] [imu_node]: imu_node: faults cleared
[sim_world-1] [INFO] [1790115412.062077339] [camera_node]: camera_node: faults cleared
[sim_world-1] [INFO] [1790115412.062498048] [lidar_node]: lidar_node: faults cleared
[perception_node-2] [INFO] [1790115412.110079506] [perception_node]: perception_node: faults cleared
[control_node-5] [INFO] [1790115412.110078577] [control_node]: control_node: faults cleared
[localization_node-3] [INFO] [1790115412.110244286] [localization_node]: localization_node: faults cleared
[sim_world-1] [INFO] [1790115412.110510538] [odometry_node]: odometry_node: faults cleared
[planning_node-4] [INFO] [1790115412.110700833] [planning_node]: planning_node: faults cleared
[sim_world-1] [INFO] [1790115412.111477509] [imu_node]: imu_node: faults cleared
[sim_world-1] [INFO] [1790115412.112113115] [camera_node]: camera_node: faults cleared
[sim_world-1] [INFO] [1790115412.112546244] [lidar_node]: lidar_node: faults cleared
[monitor_node-6] [INFO] [1790115417.637100728] [diagnostic_monitor]: 
[monitor_node-6] ============================================================
[monitor_node-6] ROOT CAUSE DIAGNOSIS: lidar_node (Confidence: 1.000)
[monitor_node-6] ============================================================
[monitor_node-6] Score Breakdown  R(C) = wD*D + wT*T + wS*S + wA*A:
[monitor_node-6]   R(lidar_node) = 0.3·D(1.00) + 0.3·T(1.00) + 0.25·S(1.00) + 0.15·A(1.00) = 1.000
[monitor_node-6]   - Dependency D: 1.00 (reaches 0 downstream anomalous node(s); 0 anomalous upstream node(s))
[monitor_node-6]   - Temporal   T: 1.00 (first anomaly at t=1790115403.84s; earliest in window = supporting evidence, not proof of causality)
[monitor_node-6]   - Symptom    S: 1.00 (explains 1/1 anomalous nodes)
[monitor_node-6]   - Severity   A: 1.00 (max normalised severity on node, 2 direct anomaly event(s))
[monitor_node-6] 
[monitor_node-6] Propagation Chain (evidence-ordered, via discovered graph edges):
[monitor_node-6]   lidar_node (t=1790115403.84s: /sim/lidar/scan:nan_ratio, sev=1.00)
[monitor_node-6] 
[monitor_node-6] ============================================================
[monitor_node-6] [INFO] [1790115418.135262820] [diagnostic_monitor]: Anomaly window cleared. System operating nominally.
[perception_node-2] [WARN] [1790115419.669549647] [perception_node]: perception_node: degradation "crash" param=0 duration=1.0s
[perception_node-2] [FATAL] [1790115419.670116177] [perception_node]: perception_node: crash -> exiting process
[ERROR] [perception_node-2]: process has died [pid 18432, exit code 1, cmd '/home/lynx/ros2_rca_ws/install/rca_sim/lib/rca_sim/perception_node --ros-args -r __node:=perception_node --params-file /tmp/launch_params_h9wku95e'].
[monitor_node-6] [WARN] [1790115420.134968322] [diagnostic_monitor]: ANOMALY on [perception_node] message_timeout: Message timeout on /perception/obstacles: no message for 0.49s (expected ~0.100s, threshold 0.45s, last seen t=1790115419.65) (sev=0.77)
[monitor_node-6] [INFO] [1790115420.135831813] [diagnostic_monitor]: 
[monitor_node-6] ============================================================
[monitor_node-6] ROOT CAUSE DIAGNOSIS: perception_node (Confidence: 0.966)
[monitor_node-6] ============================================================
[monitor_node-6] Score Breakdown  R(C) = wD*D + wT*T + wS*S + wA*A:
[monitor_node-6]   R(perception_node) = 0.3·D(1.00) + 0.3·T(1.00) + 0.25·S(1.00) + 0.15·A(0.77) = 0.966
[monitor_node-6]   - Dependency D: 1.00 (reaches 0 downstream anomalous node(s); 0 anomalous upstream node(s))
[monitor_node-6]   - Temporal   T: 1.00 (first anomaly at t=1790115420.10s; earliest in window = supporting evidence, not proof of causality)
[monitor_node-6]   - Symptom    S: 1.00 (explains 1/1 anomalous nodes)
[monitor_node-6]   - Severity   A: 0.77 (max normalised severity on node, 1 direct anomaly event(s))
[monitor_node-6] 
[monitor_node-6] Propagation Chain (evidence-ordered, via discovered graph edges):
[monitor_node-6]   perception_node (t=1790115420.10s: message_timeout, sev=0.77)
[monitor_node-6] 
[monitor_node-6] Candidate Ranking & Evidence Comparison:
[monitor_node-6]   #2 camera_node          R=0.415 (Δ -0.551) [no direct anomaly observed; does not reach observed symptoms via dependency edges]
[monitor_node-6]   #3 lidar_node           R=0.415 (Δ -0.551) [no direct anomaly observed; does not reach observed symptoms via dependency edges]
[monitor_node-6] ============================================================
[monitor_node-6] [WARN] [1790115420.636924789] [diagnostic_monitor]: ANOMALY on [perception_node] message_timeout: Message timeout on /perception/obstacles: no message for 0.99s (expected ~0.100s, threshold 0.45s, last seen t=1790115419.65) (sev=1.00)
[monitor_node-6] [WARN] [1790115421.135002811] [diagnostic_monitor]: ANOMALY on [perception_node] message_timeout: Message timeout on /perception/obstacles: no message for 1.49s (expected ~0.100s, threshold 0.45s, last seen t=1790115419.65) (sev=1.00)
[monitor_node-6] [WARN] [1790115421.635994724] [diagnostic_monitor]: ANOMALY on [perception_node] message_timeout: Message timeout on /perception/obstacles: no message for 1.99s (expected ~0.100s, threshold 0.45s, last seen t=1790115419.65) (sev=1.00)
[monitor_node-6] [WARN] [1790115421.808393987] [diagnostic_monitor]: ANOMALY on [localization_node] /localization/pose:pose_uncertainty: Value 0.3344 deviated from baseline 0.0727±0.0184 (z=14.2, confirmed x2) (sev=1.00)
[monitor_node-6] [WARN] [1790115421.858395323] [diagnostic_monitor]: ANOMALY on [localization_node] /localization/pose:pose_uncertainty: Value 0.3429 deviated from baseline 0.0727±0.0184 (z=14.7, confirmed x3) (sev=1.00)
[monitor_node-6] [WARN] [1790115421.908715015] [diagnostic_monitor]: ANOMALY on [localization_node] /localization/pose:pose_uncertainty: Value 0.3513 deviated from baseline 0.0727±0.0184 (z=15.2, confirmed x4) (sev=1.00)
[monitor_node-6] [WARN] [1790115421.957870863] [diagnostic_monitor]: ANOMALY on [localization_node] /localization/pose:pose_uncertainty: Value 0.3598 deviated from baseline 0.0727±0.0184 (z=15.6, confirmed x5) (sev=1.00)
[monitor_node-6] [WARN] [1790115422.008753100] [diagnostic_monitor]: ANOMALY on [localization_node] /localization/pose:pose_uncertainty: Value 0.3683 deviated from baseline 0.0727±0.0184 (z=16.1, confirmed x6) (sev=1.00)
[monitor_node-6] [WARN] [1790115422.058207912] [diagnostic_monitor]: ANOMALY on [localization_node] /localization/pose:pose_uncertainty: Value 0.3769 deviated from baseline 0.0727±0.0184 (z=16.6, confirmed x7) (sev=1.00)
[monitor_node-6] [WARN] [1790115422.108463432] [diagnostic_monitor]: ANOMALY on [localization_node] /localization/pose:pose_uncertainty: Value 0.3854 deviated from baseline 0.0727±0.0184 (z=17.0, confirmed x8) (sev=1.00)
[monitor_node-6] [WARN] [1790115422.135136721] [diagnostic_monitor]: ANOMALY on [perception_node] message_timeout: Message timeout on /perception/obstacles: no message for 2.49s (expected ~0.100s, threshold 0.45s, last seen t=1790115419.65) (sev=1.00)
[monitor_node-6] [WARN] [1790115422.158201350] [diagnostic_monitor]: ANOMALY on [localization_node] /localization/pose:pose_uncertainty: Value 0.3939 deviated from baseline 0.0727±0.0184 (z=17.5, confirmed x9) (sev=1.00)
[monitor_node-6] [WARN] [1790115422.208213324] [diagnostic_monitor]: ANOMALY on [localization_node] /localization/pose:pose_uncertainty: Value 0.4023 deviated from baseline 0.0727±0.0184 (z=17.9, confirmed x10) (sev=1.00)
[monitor_node-6] [WARN] [1790115422.258027701] [diagnostic_monitor]: ANOMALY on [localization_node] /localization/pose:pose_uncertainty: Value 0.4108 deviated from baseline 0.0727±0.0184 (z=18.4, confirmed x11) (sev=1.00)
[monitor_node-6] [WARN] [1790115422.308610725] [diagnostic_monitor]: ANOMALY on [localization_node] /localization/pose:pose_uncertainty: Value 0.4194 deviated from baseline 0.0727±0.0184 (z=18.9, confirmed x12) (sev=1.00)
[monitor_node-6] [WARN] [1790115422.357759600] [diagnostic_monitor]: ANOMALY on [localization_node] /localization/pose:pose_uncertainty: Value 0.4278 deviated from baseline 0.0727±0.0184 (z=19.3, confirmed x13) (sev=1.00)
[monitor_node-6] [WARN] [1790115422.407997629] [diagnostic_monitor]: ANOMALY on [localization_node] /localization/pose:pose_uncertainty: Value 0.4363 deviated from baseline 0.0727±0.0184 (z=19.8, confirmed x14) (sev=1.00)
[monitor_node-6] [WARN] [1790115422.458078880] [diagnostic_monitor]: ANOMALY on [localization_node] /localization/pose:pose_uncertainty: Value 0.4447 deviated from baseline 0.0727±0.0184 (z=20.2, confirmed x15) (sev=1.00)
[monitor_node-6] [WARN] [1790115422.508049977] [diagnostic_monitor]: ANOMALY on [localization_node] /localization/pose:pose_uncertainty: Value 0.4532 deviated from baseline 0.0727±0.0184 (z=20.7, confirmed x16) (sev=1.00)
[monitor_node-6] [WARN] [1790115422.558660245] [diagnostic_monitor]: ANOMALY on [localization_node] /localization/pose:pose_uncertainty: Value 0.4618 deviated from baseline 0.0727±0.0184 (z=21.2, confirmed x17) (sev=1.00)
[monitor_node-6] [WARN] [1790115422.607841397] [diagnostic_monitor]: ANOMALY on [localization_node] /localization/pose:pose_uncertainty: Value 0.4701 deviated from baseline 0.0727±0.0184 (z=21.6, confirmed x18) (sev=1.00)
[monitor_node-6] [WARN] [1790115422.644297220] [diagnostic_monitor]: ANOMALY on [perception_node] message_timeout: Message timeout on /perception/obstacles: no message for 2.99s (expected ~0.100s, threshold 0.45s, last seen t=1790115419.65) (sev=1.00)
[monitor_node-6] [WARN] [1790115422.657763478] [diagnostic_monitor]: ANOMALY on [localization_node] /localization/pose:pose_uncertainty: Value 0.4788 deviated from baseline 0.0727±0.0184 (z=22.1, confirmed x19) (sev=1.00)
[monitor_node-6] [WARN] [1790115422.708021745] [diagnostic_monitor]: ANOMALY on [localization_node] /localization/pose:pose_uncertainty: Value 0.4872 deviated from baseline 0.0727±0.0184 (z=22.6, confirmed x20) (sev=1.00)
[monitor_node-6] [WARN] [1790115422.758219624] [diagnostic_monitor]: ANOMALY on [localization_node] /localization/pose:pose_uncertainty: Value 0.4957 deviated from baseline 0.0727±0.0184 (z=23.0, confirmed x21) (sev=1.00)
[monitor_node-6] [WARN] [1790115422.807646474] [diagnostic_monitor]: ANOMALY on [localization_node] /localization/pose:pose_uncertainty: Value 0.5041 deviated from baseline 0.0727±0.0184 (z=23.5, confirmed x22) (sev=1.00)
[monitor_node-6] [WARN] [1790115422.858272955] [diagnostic_monitor]: ANOMALY on [localization_node] /localization/pose:pose_uncertainty: Value 0.5126 deviated from baseline 0.0727±0.0184 (z=23.9, confirmed x23) (sev=1.00)
[monitor_node-6] [WARN] [1790115422.907980910] [diagnostic_monitor]: ANOMALY on [localization_node] /localization/pose:pose_uncertainty: Value 0.5210 deviated from baseline 0.0727±0.0184 (z=24.4, confirmed x24) (sev=1.00)
[monitor_node-6] [WARN] [1790115422.957927807] [diagnostic_monitor]: ANOMALY on [localization_node] /localization/pose:pose_uncertainty: Value 0.5296 deviated from baseline 0.0727±0.0184 (z=24.9, confirmed x25) (sev=1.00)
[monitor_node-6] [WARN] [1790115423.008072584] [diagnostic_monitor]: ANOMALY on [localization_node] /localization/pose:pose_uncertainty: Value 0.5381 deviated from baseline 0.0727±0.0184 (z=25.3, confirmed x26) (sev=1.00)
[monitor_node-6] [WARN] [1790115423.057870586] [diagnostic_monitor]: ANOMALY on [localization_node] /localization/pose:pose_uncertainty: Value 0.5465 deviated from baseline 0.0727±0.0184 (z=25.8, confirmed x27) (sev=1.00)
[monitor_node-6] [WARN] [1790115423.107677522] [diagnostic_monitor]: ANOMALY on [localization_node] /localization/pose:pose_uncertainty: Value 0.5550 deviated from baseline 0.0727±0.0184 (z=26.2, confirmed x28) (sev=1.00)
[monitor_node-6] [WARN] [1790115423.134718567] [diagnostic_monitor]: ANOMALY on [perception_node] message_timeout: Message timeout on /perception/obstacles: no message for 3.49s (expected ~0.100s, threshold 0.45s, last seen t=1790115419.65) (sev=1.00)
[monitor_node-6] [WARN] [1790115423.158460545] [diagnostic_monitor]: ANOMALY on [localization_node] /localization/pose:pose_uncertainty: Value 0.5636 deviated from baseline 0.0727±0.0184 (z=26.7, confirmed x29) (sev=1.00)
[monitor_node-6] [WARN] [1790115423.208174468] [diagnostic_monitor]: ANOMALY on [localization_node] /localization/pose:pose_uncertainty: Value 0.5719 deviated from baseline 0.0727±0.0184 (z=27.2, confirmed x30) (sev=1.00)
[monitor_node-6] [WARN] [1790115423.258113130] [diagnostic_monitor]: ANOMALY on [localization_node] /localization/pose:pose_uncertainty: Value 0.5806 deviated from baseline 0.0727±0.0184 (z=27.6, confirmed x31) (sev=1.00)
[monitor_node-6] [WARN] [1790115423.308418577] [diagnostic_monitor]: ANOMALY on [localization_node] /localization/pose:pose_uncertainty: Value 0.5891 deviated from baseline 0.0727±0.0184 (z=28.1, confirmed x32) (sev=1.00)
[monitor_node-6] [WARN] [1790115423.358060507] [diagnostic_monitor]: ANOMALY on [localization_node] /localization/pose:pose_uncertainty: Value 0.5974 deviated from baseline 0.0727±0.0184 (z=28.6, confirmed x33) (sev=1.00)
[monitor_node-6] [WARN] [1790115423.408006975] [diagnostic_monitor]: ANOMALY on [localization_node] /localization/pose:pose_uncertainty: Value 0.6060 deviated from baseline 0.0727±0.0184 (z=29.0, confirmed x34) (sev=1.00)
[monitor_node-6] [WARN] [1790115423.458231862] [diagnostic_monitor]: ANOMALY on [localization_node] /localization/pose:pose_uncertainty: Value 0.6144 deviated from baseline 0.0727±0.0184 (z=29.5, confirmed x35) (sev=1.00)
[monitor_node-6] [WARN] [1790115423.507956768] [diagnostic_monitor]: ANOMALY on [localization_node] /localization/pose:pose_uncertainty: Value 0.6230 deviated from baseline 0.0727±0.0184 (z=30.0, confirmed x36) (sev=1.00)
[monitor_node-6] [WARN] [1790115423.558132455] [diagnostic_monitor]: ANOMALY on [localization_node] /localization/pose:pose_uncertainty: Value 0.6316 deviated from baseline 0.0727±0.0184 (z=30.4, confirmed x37) (sev=1.00)
[monitor_node-6] [WARN] [1790115423.608429597] [diagnostic_monitor]: ANOMALY on [localization_node] /localization/pose:pose_uncertainty: Value 0.6399 deviated from baseline 0.0727±0.0184 (z=30.9, confirmed x38) (sev=1.00)
[monitor_node-6] [WARN] [1790115423.636680795] [diagnostic_monitor]: ANOMALY on [perception_node] message_timeout: Message timeout on /perception/obstacles: no message for 3.99s (expected ~0.100s, threshold 0.45s, last seen t=1790115419.65) (sev=1.00)
[monitor_node-6] [WARN] [1790115423.657978229] [diagnostic_monitor]: ANOMALY on [localization_node] /localization/pose:pose_uncertainty: Value 0.6484 deviated from baseline 0.0727±0.0184 (z=31.3, confirmed x39) (sev=1.00)
[INFO] [perception_node-2]: process started with pid [18707]
[monitor_node-6] [WARN] [1790115423.708415209] [diagnostic_monitor]: ANOMALY on [localization_node] /localization/pose:pose_uncertainty: Value 0.6568 deviated from baseline 0.0727±0.0184 (z=31.8, confirmed x40) (sev=1.00)
[monitor_node-6] [WARN] [1790115423.758449225] [diagnostic_monitor]: ANOMALY on [localization_node] /localization/pose:pose_uncertainty: Value 0.6655 deviated from baseline 0.0727±0.0184 (z=32.3, confirmed x41) (sev=1.00)
[monitor_node-6] [WARN] [1790115423.808550042] [diagnostic_monitor]: ANOMALY on [localization_node] /localization/pose:pose_uncertainty: Value 0.6738 deviated from baseline 0.0727±0.0184 (z=32.7, confirmed x42) (sev=1.00)
[monitor_node-6] [WARN] [1790115423.858671019] [diagnostic_monitor]: ANOMALY on [localization_node] /localization/pose:pose_uncertainty: Value 0.6823 deviated from baseline 0.0727±0.0184 (z=33.2, confirmed x43) (sev=1.00)
[monitor_node-6] [WARN] [1790115423.908412263] [diagnostic_monitor]: ANOMALY on [localization_node] /localization/pose:pose_uncertainty: Value 0.6909 deviated from baseline 0.0727±0.0184 (z=33.6, confirmed x44) (sev=1.00)
[monitor_node-6] [WARN] [1790115423.957902326] [diagnostic_monitor]: ANOMALY on [localization_node] /localization/pose:pose_uncertainty: Value 0.6993 deviated from baseline 0.0727±0.0184 (z=34.1, confirmed x45) (sev=1.00)
[monitor_node-6] [WARN] [1790115424.008294064] [diagnostic_monitor]: ANOMALY on [localization_node] /localization/pose:pose_uncertainty: Value 0.7079 deviated from baseline 0.0727±0.0184 (z=34.6, confirmed x46) (sev=1.00)
[monitor_node-6] [WARN] [1790115424.058468131] [diagnostic_monitor]: ANOMALY on [localization_node] /localization/pose:pose_uncertainty: Value 0.7162 deviated from baseline 0.0727±0.0184 (z=35.0, confirmed x47) (sev=1.00)
[monitor_node-6] [WARN] [1790115424.108519024] [diagnostic_monitor]: ANOMALY on [localization_node] /localization/pose:pose_uncertainty: Value 0.7248 deviated from baseline 0.0727±0.0184 (z=35.5, confirmed x48) (sev=1.00)
[monitor_node-6] [WARN] [1790115424.135760998] [diagnostic_monitor]: ANOMALY on [perception_node] message_timeout: Message timeout on /perception/obstacles: no message for 4.49s (expected ~0.100s, threshold 0.45s, last seen t=1790115419.65) (sev=1.00)
[monitor_node-6] [WARN] [1790115424.158348568] [diagnostic_monitor]: ANOMALY on [localization_node] /localization/pose:pose_uncertainty: Value 0.7334 deviated from baseline 0.0727±0.0184 (z=36.0, confirmed x49) (sev=1.00)
[monitor_node-6] [WARN] [1790115424.208224011] [diagnostic_monitor]: ANOMALY on [localization_node] /localization/pose:pose_uncertainty: Value 0.7417 deviated from baseline 0.0727±0.0184 (z=36.4, confirmed x50) (sev=1.00)
[monitor_node-6] [WARN] [1790115424.258268116] [diagnostic_monitor]: ANOMALY on [localization_node] /localization/pose:pose_uncertainty: Value 0.7502 deviated from baseline 0.0727±0.0184 (z=36.9, confirmed x51) (sev=1.00)
[monitor_node-6] [WARN] [1790115424.308202540] [diagnostic_monitor]: ANOMALY on [localization_node] /localization/pose:pose_uncertainty: Value 0.7587 deviated from baseline 0.0727±0.0184 (z=37.3, confirmed x52) (sev=1.00)
[monitor_node-6] [WARN] [1790115424.358585380] [diagnostic_monitor]: ANOMALY on [localization_node] /localization/pose:pose_uncertainty: Value 0.7672 deviated from baseline 0.0727±0.0184 (z=37.8, confirmed x53) (sev=1.00)
[perception_node-2] [INFO] [1790115424.380558663] [perception_node]: perception_node ready (lidar + camera -> /perception/obstacles)
[monitor_node-6] [WARN] [1790115424.408026284] [diagnostic_monitor]: ANOMALY on [localization_node] /localization/pose:pose_uncertainty: Value 0.7757 deviated from baseline 0.0727±0.0184 (z=38.3, confirmed x54) (sev=1.00)
[monitor_node-6] [WARN] [1790115424.457514055] [diagnostic_monitor]: ANOMALY on [localization_node] /localization/pose:pose_uncertainty: Value 0.7841 deviated from baseline 0.0727±0.0184 (z=38.7, confirmed x55) (sev=1.00)
[monitor_node-6] [WARN] [1790115424.507859454] [diagnostic_monitor]: ANOMALY on [localization_node] /localization/pose:pose_uncertainty: Value 0.7926 deviated from baseline 0.0727±0.0184 (z=39.2, confirmed x56) (sev=1.00)
[monitor_node-6] [WARN] [1790115424.557913733] [diagnostic_monitor]: ANOMALY on [localization_node] /localization/pose:pose_uncertainty: Value 0.8011 deviated from baseline 0.0727±0.0184 (z=39.6, confirmed x57) (sev=1.00)
[monitor_node-6] [WARN] [1790115424.608361934] [diagnostic_monitor]: ANOMALY on [localization_node] /localization/pose:pose_uncertainty: Value 0.8097 deviated from baseline 0.0727±0.0184 (z=40.1, confirmed x58) (sev=1.00)
[monitor_node-6] [WARN] [1790115424.636952238] [diagnostic_monitor]: ANOMALY on [perception_node] message_timeout: Message timeout on /perception/obstacles: no message for 4.99s (expected ~0.100s, threshold 0.45s, last seen t=1790115419.65) (sev=1.00)
[monitor_node-6] [WARN] [1790115424.658707888] [diagnostic_monitor]: ANOMALY on [localization_node] /localization/pose:pose_uncertainty: Value 0.8181 deviated from baseline 0.0727±0.0184 (z=40.6, confirmed x59) (sev=1.00)
[monitor_node-6] [WARN] [1790115424.708203952] [diagnostic_monitor]: ANOMALY on [localization_node] /localization/pose:pose_uncertainty: Value 0.8266 deviated from baseline 0.0727±0.0184 (z=41.0, confirmed x60) (sev=1.00)
[monitor_node-6] [WARN] [1790115424.758025103] [diagnostic_monitor]: ANOMALY on [localization_node] /localization/pose:pose_uncertainty: Value 0.8352 deviated from baseline 0.0727±0.0184 (z=41.5, confirmed x61) (sev=1.00)
[monitor_node-6] [WARN] [1790115424.808019037] [diagnostic_monitor]: ANOMALY on [localization_node] /localization/pose:pose_uncertainty: Value 0.8435 deviated from baseline 0.0727±0.0184 (z=41.9, confirmed x62) (sev=1.00)
[monitor_node-6] [WARN] [1790115424.858392767] [diagnostic_monitor]: ANOMALY on [localization_node] /localization/pose:pose_uncertainty: Value 0.8520 deviated from baseline 0.0727±0.0184 (z=42.4, confirmed x63) (sev=1.00)
[monitor_node-6] [WARN] [1790115424.908674196] [diagnostic_monitor]: ANOMALY on [localization_node] /localization/pose:pose_uncertainty: Value 0.8604 deviated from baseline 0.0727±0.0184 (z=42.9, confirmed x64) (sev=1.00)
[monitor_node-6] [WARN] [1790115424.957882529] [diagnostic_monitor]: ANOMALY on [localization_node] /localization/pose:pose_uncertainty: Value 0.8689 deviated from baseline 0.0727±0.0184 (z=43.3, confirmed x65) (sev=1.00)
[monitor_node-6] [WARN] [1790115425.008684139] [diagnostic_monitor]: ANOMALY on [localization_node] /localization/pose:pose_uncertainty: Value 0.8774 deviated from baseline 0.0727±0.0184 (z=43.8, confirmed x66) (sev=1.00)
[monitor_node-6] [WARN] [1790115425.058060329] [diagnostic_monitor]: ANOMALY on [localization_node] /localization/pose:pose_uncertainty: Value 0.8859 deviated from baseline 0.0727±0.0184 (z=44.3, confirmed x67) (sev=1.00)
[monitor_node-6] [WARN] [1790115425.108057113] [diagnostic_monitor]: ANOMALY on [localization_node] /localization/pose:pose_uncertainty: Value 0.8946 deviated from baseline 0.0727±0.0184 (z=44.7, confirmed x68) (sev=1.00)
[monitor_node-6] [WARN] [1790115425.135506453] [diagnostic_monitor]: ANOMALY on [perception_node] message_timeout: Message timeout on /perception/obstacles: no message for 5.49s (expected ~0.100s, threshold 0.45s, last seen t=1790115419.65) (sev=1.00)
[monitor_node-6] [WARN] [1790115425.158144344] [diagnostic_monitor]: ANOMALY on [localization_node] /localization/pose:pose_uncertainty: Value 0.9032 deviated from baseline 0.0727±0.0184 (z=45.2, confirmed x69) (sev=1.00)
[monitor_node-6] [WARN] [1790115425.168416343] [diagnostic_monitor]: ANOMALY on [perception_node] /perception/obstacles:obstacle_empty: Value 1.0000 deviated from baseline 0.0000±0.0001 (z=10000.0, confirmed x2) (sev=1.00)
[monitor_node-6] [WARN] [1790115425.207629072] [diagnostic_monitor]: ANOMALY on [localization_node] /localization/pose:pose_uncertainty: Value 0.9115 deviated from baseline 0.0727±0.0184 (z=45.6, confirmed x70) (sev=1.00)
[sim_world-1] [INFO] [1790115429.671605615] [odometry_node]: odometry_node: faults cleared
[perception_node-2] [INFO] [1790115429.671658526] [perception_node]: perception_node: faults cleared
[control_node-5] [INFO] [1790115429.671681193] [control_node]: control_node: faults cleared
[planning_node-4] [INFO] [1790115429.671715712] [planning_node]: planning_node: faults cleared
[localization_node-3] [INFO] [1790115429.671739291] [localization_node]: localization_node: faults cleared
[sim_world-1] [INFO] [1790115429.672216774] [imu_node]: imu_node: faults cleared
[sim_world-1] [INFO] [1790115429.672718300] [camera_node]: camera_node: faults cleared
[sim_world-1] [INFO] [1790115429.673178432] [lidar_node]: lidar_node: faults cleared
[sim_world-1] [INFO] [1790115429.721931316] [odometry_node]: odometry_node: faults cleared
[control_node-5] [INFO] [1790115429.722021772] [control_node]: control_node: faults cleared
[planning_node-4] [INFO] [1790115429.722022358] [planning_node]: planning_node: faults cleared
[perception_node-2] [INFO] [1790115429.722033687] [perception_node]: perception_node: faults cleared
[localization_node-3] [INFO] [1790115429.722064725] [localization_node]: localization_node: faults cleared
[sim_world-1] [INFO] [1790115429.722455168] [imu_node]: imu_node: faults cleared
[sim_world-1] [INFO] [1790115429.723187969] [camera_node]: camera_node: faults cleared
[sim_world-1] [INFO] [1790115429.723591990] [lidar_node]: lidar_node: faults cleared
[perception_node-2] [INFO] [1790115429.772309247] [perception_node]: perception_node: faults cleared
[control_node-5] [INFO] [1790115429.772411880] [control_node]: control_node: faults cleared
[planning_node-4] [INFO] [1790115429.772454104] [planning_node]: planning_node: faults cleared
[localization_node-3] [INFO] [1790115429.772481041] [localization_node]: localization_node: faults cleared
[sim_world-1] [INFO] [1790115429.772618640] [odometry_node]: odometry_node: faults cleared
[sim_world-1] [INFO] [1790115429.773992688] [imu_node]: imu_node: faults cleared
[sim_world-1] [INFO] [1790115429.774633318] [camera_node]: camera_node: faults cleared
[sim_world-1] [INFO] [1790115429.775064921] [lidar_node]: lidar_node: faults cleared
[localization_node-3] [INFO] [1790115429.822869623] [localization_node]: localization_node: faults cleared
[control_node-5] [INFO] [1790115429.822970472] [control_node]: control_node: faults cleared
[perception_node-2] [INFO] [1790115429.822980193] [perception_node]: perception_node: faults cleared
[planning_node-4] [INFO] [1790115429.823014942] [planning_node]: planning_node: faults cleared
[sim_world-1] [INFO] [1790115429.823032031] [odometry_node]: odometry_node: faults cleared
[sim_world-1] [INFO] [1790115429.823751403] [imu_node]: imu_node: faults cleared
[sim_world-1] [INFO] [1790115429.824525828] [camera_node]: camera_node: faults cleared
[sim_world-1] [INFO] [1790115429.825005417] [lidar_node]: lidar_node: faults cleared
[control_node-5] [INFO] [1790115429.875426096] [control_node]: control_node: faults cleared
[planning_node-4] [INFO] [1790115429.875671895] [planning_node]: planning_node: faults cleared
[perception_node-2] [INFO] [1790115429.875807208] [perception_node]: perception_node: faults cleared
[localization_node-3] [INFO] [1790115429.875816203] [localization_node]: localization_node: faults cleared
[sim_world-1] [INFO] [1790115429.875976502] [odometry_node]: odometry_node: faults cleared
[sim_world-1] [INFO] [1790115429.876775262] [imu_node]: imu_node: faults cleared
[sim_world-1] [INFO] [1790115429.877288539] [camera_node]: camera_node: faults cleared
[sim_world-1] [INFO] [1790115429.877702081] [lidar_node]: lidar_node: faults cleared
[planning_node-4] [INFO] [1790115429.925961241] [planning_node]: planning_node: faults cleared
[localization_node-3] [INFO] [1790115429.926137988] [localization_node]: localization_node: faults cleared
[control_node-5] [INFO] [1790115429.926139286] [control_node]: control_node: faults cleared
[perception_node-2] [INFO] [1790115429.926158787] [perception_node]: perception_node: faults cleared
[sim_world-1] [INFO] [1790115429.927585460] [odometry_node]: odometry_node: faults cleared
[sim_world-1] [INFO] [1790115429.928110213] [imu_node]: imu_node: faults cleared
[sim_world-1] [INFO] [1790115429.928611150] [camera_node]: camera_node: faults cleared
[sim_world-1] [INFO] [1790115429.929256520] [lidar_node]: lidar_node: faults cleared
[control_node-5] [INFO] [1790115429.976766478] [control_node]: control_node: faults cleared
[planning_node-4] [INFO] [1790115429.976766589] [planning_node]: planning_node: faults cleared
[perception_node-2] [INFO] [1790115429.976776812] [perception_node]: perception_node: faults cleared
[localization_node-3] [INFO] [1790115429.976811958] [localization_node]: localization_node: faults cleared
[sim_world-1] [INFO] [1790115429.977012735] [odometry_node]: odometry_node: faults cleared
[sim_world-1] [INFO] [1790115429.977935400] [imu_node]: imu_node: faults cleared
[sim_world-1] [INFO] [1790115429.978787169] [camera_node]: camera_node: faults cleared
[sim_world-1] [INFO] [1790115429.979333408] [lidar_node]: lidar_node: faults cleared
[control_node-5] [INFO] [1790115430.027435806] [control_node]: control_node: faults cleared
[perception_node-2] [INFO] [1790115430.027465573] [perception_node]: perception_node: faults cleared
[sim_world-1] [INFO] [1790115430.027524683] [odometry_node]: odometry_node: faults cleared
[localization_node-3] [INFO] [1790115430.027532711] [localization_node]: localization_node: faults cleared
[planning_node-4] [INFO] [1790115430.027837807] [planning_node]: planning_node: faults cleared
[sim_world-1] [INFO] [1790115430.028322698] [imu_node]: imu_node: faults cleared
[sim_world-1] [INFO] [1790115430.029133229] [camera_node]: camera_node: faults cleared
[sim_world-1] [INFO] [1790115430.029931443] [lidar_node]: lidar_node: faults cleared
[monitor_node-6] [INFO] [1790115431.636277540] [diagnostic_monitor]: Anomaly window cleared. System operating nominally.
[sim_world-1] [WARN] [1790115433.582879104] [camera_node]: camera_node: degradation "dropout" param=1 duration=10.0s
[sim_world-1] [WARN] [1790115433.634019334] [camera_node]: camera_node: degradation "dropout" param=1 duration=10.0s
[sim_world-1] [WARN] [1790115433.684468312] [camera_node]: camera_node: degradation "dropout" param=1 duration=10.0s
[sim_world-1] [WARN] [1790115433.735288670] [camera_node]: camera_node: degradation "dropout" param=1 duration=10.0s
[monitor_node-6] [WARN] [1790115434.134853744] [diagnostic_monitor]: ANOMALY on [camera_node] message_timeout: Message timeout on /sim/camera/image: no message for 0.63s (expected ~0.200s, threshold 0.60s, last seen t=1790115433.50) (sev=0.76)
[monitor_node-6] [INFO] [1790115434.135697079] [diagnostic_monitor]: 
[monitor_node-6] ============================================================
[monitor_node-6] ROOT CAUSE DIAGNOSIS: camera_node (Confidence: 0.965)
[monitor_node-6] ============================================================
[monitor_node-6] Score Breakdown  R(C) = wD*D + wT*T + wS*S + wA*A:
[monitor_node-6]   R(camera_node) = 0.3·D(1.00) + 0.3·T(1.00) + 0.25·S(1.00) + 0.15·A(0.76) = 0.965
[monitor_node-6]   - Dependency D: 1.00 (reaches 0 downstream anomalous node(s); 0 anomalous upstream node(s))
[monitor_node-6]   - Temporal   T: 1.00 (first anomaly at t=1790115434.10s; earliest in window = supporting evidence, not proof of causality)
[monitor_node-6]   - Symptom    S: 1.00 (explains 1/1 anomalous nodes)
[monitor_node-6]   - Severity   A: 0.76 (max normalised severity on node, 1 direct anomaly event(s))
[monitor_node-6] 
[monitor_node-6] Propagation Chain (evidence-ordered, via discovered graph edges):
[monitor_node-6]   camera_node (t=1790115434.10s: message_timeout, sev=0.76)
[monitor_node-6] 
[monitor_node-6] ============================================================
[monitor_node-6] [WARN] [1790115434.148116666] [diagnostic_monitor]: ANOMALY on [perception_node] /perception/obstacles:obstacle_empty: Value 1.0000 deviated from baseline 0.0000±0.0001 (z=10000.0, confirmed x2) (sev=1.00)
[monitor_node-6] [WARN] [1790115434.247749779] [diagnostic_monitor]: ANOMALY on [perception_node] /perception/obstacles:obstacle_empty: Value 1.0000 deviated from baseline 0.0000±0.0001 (z=10000.0, confirmed x3) (sev=1.00)
[monitor_node-6] [WARN] [1790115434.347973086] [diagnostic_monitor]: ANOMALY on [perception_node] /perception/obstacles:obstacle_empty: Value 1.0000 deviated from baseline 0.0000±0.0001 (z=10000.0, confirmed x4) (sev=1.00)
[monitor_node-6] [WARN] [1790115434.447624185] [diagnostic_monitor]: ANOMALY on [perception_node] /perception/obstacles:obstacle_empty: Value 1.0000 deviated from baseline 0.0000±0.0001 (z=10000.0, confirmed x5) (sev=1.00)
[monitor_node-6] [WARN] [1790115434.548496274] [diagnostic_monitor]: ANOMALY on [perception_node] /perception/obstacles:obstacle_empty: Value 1.0000 deviated from baseline 0.0000±0.0001 (z=10000.0, confirmed x6) (sev=1.00)
[monitor_node-6] [WARN] [1790115434.647724344] [diagnostic_monitor]: ANOMALY on [perception_node] /perception/obstacles:obstacle_empty: Value 1.0000 deviated from baseline 0.0000±0.0001 (z=10000.0, confirmed x7) (sev=1.00)
[monitor_node-6] [WARN] [1790115434.747382568] [diagnostic_monitor]: ANOMALY on [perception_node] /perception/obstacles:obstacle_empty: Value 1.0000 deviated from baseline 0.0000±0.0001 (z=10000.0, confirmed x8) (sev=1.00)
[monitor_node-6] [WARN] [1790115434.847618622] [diagnostic_monitor]: ANOMALY on [perception_node] /perception/obstacles:obstacle_empty: Value 1.0000 deviated from baseline 0.0000±0.0001 (z=10000.0, confirmed x9) (sev=1.00)
[monitor_node-6] [WARN] [1790115434.947735511] [diagnostic_monitor]: ANOMALY on [perception_node] /perception/obstacles:obstacle_empty: Value 1.0000 deviated from baseline 0.0000±0.0001 (z=10000.0, confirmed x10) (sev=1.00)
[monitor_node-6] [WARN] [1790115435.047719315] [diagnostic_monitor]: ANOMALY on [perception_node] /perception/obstacles:obstacle_empty: Value 1.0000 deviated from baseline 0.0000±0.0001 (z=10000.0, confirmed x11) (sev=1.00)
[monitor_node-6] [WARN] [1790115435.134821906] [diagnostic_monitor]: ANOMALY on [camera_node] message_timeout: Message timeout on /sim/camera/image: no message for 1.63s (expected ~0.200s, threshold 0.60s, last seen t=1790115433.50) (sev=1.00)
[monitor_node-6] [WARN] [1790115435.147631596] [diagnostic_monitor]: ANOMALY on [perception_node] /perception/obstacles:obstacle_empty: Value 1.0000 deviated from baseline 0.0000±0.0001 (z=10000.0, confirmed x12) (sev=1.00)
[monitor_node-6] [WARN] [1790115435.247413212] [diagnostic_monitor]: ANOMALY on [perception_node] /perception/obstacles:obstacle_empty: Value 1.0000 deviated from baseline 0.0000±0.0001 (z=10000.0, confirmed x13) (sev=1.00)
[monitor_node-6] [WARN] [1790115435.347770999] [diagnostic_monitor]: ANOMALY on [perception_node] /perception/obstacles:obstacle_empty: Value 1.0000 deviated from baseline 0.0000±0.0001 (z=10000.0, confirmed x14) (sev=1.00)
[monitor_node-6] [WARN] [1790115435.447416974] [diagnostic_monitor]: ANOMALY on [perception_node] /perception/obstacles:obstacle_empty: Value 1.0000 deviated from baseline 0.0000±0.0001 (z=10000.0, confirmed x15) (sev=1.00)
[monitor_node-6] [WARN] [1790115435.547777563] [diagnostic_monitor]: ANOMALY on [perception_node] /perception/obstacles:obstacle_empty: Value 1.0000 deviated from baseline 0.0000±0.0001 (z=10000.0, confirmed x16) (sev=1.00)
[monitor_node-6] [WARN] [1790115435.647936768] [diagnostic_monitor]: ANOMALY on [perception_node] /perception/obstacles:obstacle_empty: Value 1.0000 deviated from baseline 0.0000±0.0001 (z=10000.0, confirmed x17) (sev=1.00)
[monitor_node-6] [WARN] [1790115435.747281119] [diagnostic_monitor]: ANOMALY on [perception_node] /perception/obstacles:obstacle_empty: Value 1.0000 deviated from baseline 0.0000±0.0001 (z=10000.0, confirmed x18) (sev=1.00)
[monitor_node-6] [WARN] [1790115435.847741303] [diagnostic_monitor]: ANOMALY on [perception_node] /perception/obstacles:obstacle_empty: Value 1.0000 deviated from baseline 0.0000±0.0001 (z=10000.0, confirmed x19) (sev=1.00)
[monitor_node-6] [WARN] [1790115435.947576589] [diagnostic_monitor]: ANOMALY on [perception_node] /perception/obstacles:obstacle_empty: Value 1.0000 deviated from baseline 0.0000±0.0001 (z=10000.0, confirmed x20) (sev=1.00)
[monitor_node-6] [WARN] [1790115436.047543566] [diagnostic_monitor]: ANOMALY on [perception_node] /perception/obstacles:obstacle_empty: Value 1.0000 deviated from baseline 0.0000±0.0001 (z=10000.0, confirmed x21) (sev=1.00)
[monitor_node-6] [WARN] [1790115436.107812775] [diagnostic_monitor]: ANOMALY on [localization_node] /localization/pose:pose_uncertainty: Value 0.3345 deviated from baseline 0.0733±0.0207 (z=12.6, confirmed x2) (sev=1.00)
[monitor_node-6] [WARN] [1790115436.135397051] [diagnostic_monitor]: ANOMALY on [camera_node] message_timeout: Message timeout on /sim/camera/image: no message for 2.63s (expected ~0.200s, threshold 0.60s, last seen t=1790115433.50) (sev=1.00)
[monitor_node-6] [WARN] [1790115436.147759870] [diagnostic_monitor]: ANOMALY on [perception_node] /perception/obstacles:obstacle_empty: Value 1.0000 deviated from baseline 0.0000±0.0001 (z=10000.0, confirmed x22) (sev=1.00)
[monitor_node-6] [WARN] [1790115436.157854421] [diagnostic_monitor]: ANOMALY on [localization_node] /localization/pose:pose_uncertainty: Value 0.3429 deviated from baseline 0.0733±0.0207 (z=13.0, confirmed x3) (sev=1.00)
[monitor_node-6] [WARN] [1790115436.208085668] [diagnostic_monitor]: ANOMALY on [localization_node] /localization/pose:pose_uncertainty: Value 0.3514 deviated from baseline 0.0733±0.0207 (z=13.4, confirmed x4) (sev=1.00)
[monitor_node-6] [WARN] [1790115436.248026663] [diagnostic_monitor]: ANOMALY on [perception_node] /perception/obstacles:obstacle_empty: Value 1.0000 deviated from baseline 0.0000±0.0001 (z=10000.0, confirmed x23) (sev=1.00)
[monitor_node-6] [WARN] [1790115436.257950511] [diagnostic_monitor]: ANOMALY on [localization_node] /localization/pose:pose_uncertainty: Value 0.3599 deviated from baseline 0.0733±0.0207 (z=13.8, confirmed x5) (sev=1.00)
[monitor_node-6] [WARN] [1790115436.307737870] [diagnostic_monitor]: ANOMALY on [localization_node] /localization/pose:pose_uncertainty: Value 0.3683 deviated from baseline 0.0733±0.0207 (z=14.3, confirmed x6) (sev=1.00)
[monitor_node-6] [WARN] [1790115436.347923259] [diagnostic_monitor]: ANOMALY on [perception_node] /perception/obstacles:obstacle_empty: Value 1.0000 deviated from baseline 0.0000±0.0001 (z=10000.0, confirmed x24) (sev=1.00)
[monitor_node-6] [WARN] [1790115436.357894629] [diagnostic_monitor]: ANOMALY on [localization_node] /localization/pose:pose_uncertainty: Value 0.3768 deviated from baseline 0.0733±0.0207 (z=14.7, confirmed x7) (sev=1.00)
[monitor_node-6] [WARN] [1790115436.407830352] [diagnostic_monitor]: ANOMALY on [localization_node] /localization/pose:pose_uncertainty: Value 0.3854 deviated from baseline 0.0733±0.0207 (z=15.1, confirmed x8) (sev=1.00)
[monitor_node-6] [WARN] [1790115436.447681445] [diagnostic_monitor]: ANOMALY on [perception_node] /perception/obstacles:obstacle_empty: Value 1.0000 deviated from baseline 0.0000±0.0001 (z=10000.0, confirmed x25) (sev=1.00)
[monitor_node-6] [WARN] [1790115436.458106817] [diagnostic_monitor]: ANOMALY on [localization_node] /localization/pose:pose_uncertainty: Value 0.3938 deviated from baseline 0.0733±0.0207 (z=15.5, confirmed x9) (sev=1.00)
[monitor_node-6] [WARN] [1790115436.507965386] [diagnostic_monitor]: ANOMALY on [localization_node] /localization/pose:pose_uncertainty: Value 0.4023 deviated from baseline 0.0733±0.0207 (z=15.9, confirmed x10) (sev=1.00)
[monitor_node-6] [WARN] [1790115436.547905854] [diagnostic_monitor]: ANOMALY on [perception_node] /perception/obstacles:obstacle_empty: Value 1.0000 deviated from baseline 0.0000±0.0001 (z=10000.0, confirmed x26) (sev=1.00)
[monitor_node-6] [WARN] [1790115436.557708608] [diagnostic_monitor]: ANOMALY on [localization_node] /localization/pose:pose_uncertainty: Value 0.4108 deviated from baseline 0.0733±0.0207 (z=16.3, confirmed x11) (sev=1.00)
[monitor_node-6] [WARN] [1790115436.607746833] [diagnostic_monitor]: ANOMALY on [localization_node] /localization/pose:pose_uncertainty: Value 0.4192 deviated from baseline 0.0733±0.0207 (z=16.7, confirmed x12) (sev=1.00)
[monitor_node-6] [WARN] [1790115436.647957818] [diagnostic_monitor]: ANOMALY on [perception_node] /perception/obstacles:obstacle_empty: Value 1.0000 deviated from baseline 0.0000±0.0001 (z=10000.0, confirmed x27) (sev=1.00)
[monitor_node-6] [WARN] [1790115436.657743434] [diagnostic_monitor]: ANOMALY on [localization_node] /localization/pose:pose_uncertainty: Value 0.4277 deviated from baseline 0.0733±0.0207 (z=17.1, confirmed x13) (sev=1.00)
[monitor_node-6] [WARN] [1790115436.708022849] [diagnostic_monitor]: ANOMALY on [localization_node] /localization/pose:pose_uncertainty: Value 0.4362 deviated from baseline 0.0733±0.0207 (z=17.5, confirmed x14) (sev=1.00)
[monitor_node-6] [WARN] [1790115436.747315086] [diagnostic_monitor]: ANOMALY on [perception_node] /perception/obstacles:obstacle_empty: Value 1.0000 deviated from baseline 0.0000±0.0001 (z=10000.0, confirmed x28) (sev=1.00)
[monitor_node-6] [WARN] [1790115436.758100440] [diagnostic_monitor]: ANOMALY on [localization_node] /localization/pose:pose_uncertainty: Value 0.4447 deviated from baseline 0.0733±0.0207 (z=17.9, confirmed x15) (sev=1.00)
[monitor_node-6] [WARN] [1790115436.807556025] [diagnostic_monitor]: ANOMALY on [localization_node] /localization/pose:pose_uncertainty: Value 0.4532 deviated from baseline 0.0733±0.0207 (z=18.4, confirmed x16) (sev=1.00)
[monitor_node-6] [WARN] [1790115436.847142433] [diagnostic_monitor]: ANOMALY on [perception_node] /perception/obstacles:obstacle_empty: Value 1.0000 deviated from baseline 0.0000±0.0001 (z=10000.0, confirmed x29) (sev=1.00)
[monitor_node-6] [WARN] [1790115436.858244854] [diagnostic_monitor]: ANOMALY on [localization_node] /localization/pose:pose_uncertainty: Value 0.4617 deviated from baseline 0.0733±0.0207 (z=18.8, confirmed x17) (sev=1.00)
[monitor_node-6] [WARN] [1790115436.907675518] [diagnostic_monitor]: ANOMALY on [localization_node] /localization/pose:pose_uncertainty: Value 0.4701 deviated from baseline 0.0733±0.0207 (z=19.2, confirmed x18) (sev=1.00)
[monitor_node-6] [WARN] [1790115436.947537753] [diagnostic_monitor]: ANOMALY on [perception_node] /perception/obstacles:obstacle_empty: Value 1.0000 deviated from baseline 0.0000±0.0001 (z=10000.0, confirmed x30) (sev=1.00)
[monitor_node-6] [WARN] [1790115436.957720382] [diagnostic_monitor]: ANOMALY on [localization_node] /localization/pose:pose_uncertainty: Value 0.4786 deviated from baseline 0.0733±0.0207 (z=19.6, confirmed x19) (sev=1.00)
[monitor_node-6] [WARN] [1790115437.008517867] [diagnostic_monitor]: ANOMALY on [localization_node] /localization/pose:pose_uncertainty: Value 0.4871 deviated from baseline 0.0733±0.0207 (z=20.0, confirmed x20) (sev=1.00)
[monitor_node-6] [WARN] [1790115437.047823776] [diagnostic_monitor]: ANOMALY on [perception_node] /perception/obstacles:obstacle_empty: Value 1.0000 deviated from baseline 0.0000±0.0001 (z=10000.0, confirmed x31) (sev=1.00)
[monitor_node-6] [WARN] [1790115437.057941601] [diagnostic_monitor]: ANOMALY on [localization_node] /localization/pose:pose_uncertainty: Value 0.4956 deviated from baseline 0.0733±0.0207 (z=20.4, confirmed x21) (sev=1.00)
[monitor_node-6] [WARN] [1790115437.107679264] [diagnostic_monitor]: ANOMALY on [localization_node] /localization/pose:pose_uncertainty: Value 0.5042 deviated from baseline 0.0733±0.0207 (z=20.8, confirmed x22) (sev=1.00)
[monitor_node-6] [WARN] [1790115437.134737526] [diagnostic_monitor]: ANOMALY on [camera_node] message_timeout: Message timeout on /sim/camera/image: no message for 3.63s (expected ~0.200s, threshold 0.60s, last seen t=1790115433.50) (sev=1.00)
[monitor_node-6] [WARN] [1790115437.147978758] [diagnostic_monitor]: ANOMALY on [perception_node] /perception/obstacles:obstacle_empty: Value 1.0000 deviated from baseline 0.0000±0.0001 (z=10000.0, confirmed x32) (sev=1.00)
[monitor_node-6] [WARN] [1790115437.157941158] [diagnostic_monitor]: ANOMALY on [localization_node] /localization/pose:pose_uncertainty: Value 0.5127 deviated from baseline 0.0733±0.0207 (z=21.2, confirmed x23) (sev=1.00)
[monitor_node-6] [WARN] [1790115437.207740610] [diagnostic_monitor]: ANOMALY on [localization_node] /localization/pose:pose_uncertainty: Value 0.5211 deviated from baseline 0.0733±0.0207 (z=21.6, confirmed x24) (sev=1.00)
[monitor_node-6] [WARN] [1790115437.248002611] [diagnostic_monitor]: ANOMALY on [perception_node] /perception/obstacles:obstacle_empty: Value 1.0000 deviated from baseline 0.0000±0.0001 (z=10000.0, confirmed x33) (sev=1.00)
[monitor_node-6] [WARN] [1790115437.257751461] [diagnostic_monitor]: ANOMALY on [localization_node] /localization/pose:pose_uncertainty: Value 0.5296 deviated from baseline 0.0733±0.0207 (z=22.1, confirmed x25) (sev=1.00)
[monitor_node-6] [WARN] [1790115437.307812480] [diagnostic_monitor]: ANOMALY on [localization_node] /localization/pose:pose_uncertainty: Value 0.5380 deviated from baseline 0.0733±0.0207 (z=22.5, confirmed x26) (sev=1.00)
[monitor_node-6] [WARN] [1790115437.347621866] [diagnostic_monitor]: ANOMALY on [perception_node] /perception/obstacles:obstacle_empty: Value 1.0000 deviated from baseline 0.0000±0.0001 (z=10000.0, confirmed x34) (sev=1.00)
[monitor_node-6] [WARN] [1790115437.358153108] [diagnostic_monitor]: ANOMALY on [localization_node] /localization/pose:pose_uncertainty: Value 0.5465 deviated from baseline 0.0733±0.0207 (z=22.9, confirmed x27) (sev=1.00)
[monitor_node-6] [WARN] [1790115437.407616049] [diagnostic_monitor]: ANOMALY on [localization_node] /localization/pose:pose_uncertainty: Value 0.5551 deviated from baseline 0.0733±0.0207 (z=23.3, confirmed x28) (sev=1.00)
[monitor_node-6] [WARN] [1790115437.448209815] [diagnostic_monitor]: ANOMALY on [perception_node] /perception/obstacles:obstacle_empty: Value 1.0000 deviated from baseline 0.0000±0.0001 (z=10000.0, confirmed x35) (sev=1.00)
[monitor_node-6] [WARN] [1790115437.458128657] [diagnostic_monitor]: ANOMALY on [localization_node] /localization/pose:pose_uncertainty: Value 0.5635 deviated from baseline 0.0733±0.0207 (z=23.7, confirmed x29) (sev=1.00)
[monitor_node-6] [WARN] [1790115437.508042568] [diagnostic_monitor]: ANOMALY on [localization_node] /localization/pose:pose_uncertainty: Value 0.5720 deviated from baseline 0.0733±0.0207 (z=24.1, confirmed x30) (sev=1.00)
[monitor_node-6] [WARN] [1790115437.547837848] [diagnostic_monitor]: ANOMALY on [perception_node] /perception/obstacles:obstacle_empty: Value 1.0000 deviated from baseline 0.0000±0.0001 (z=10000.0, confirmed x36) (sev=1.00)
[monitor_node-6] [WARN] [1790115437.558231898] [diagnostic_monitor]: ANOMALY on [localization_node] /localization/pose:pose_uncertainty: Value 0.5804 deviated from baseline 0.0733±0.0207 (z=24.5, confirmed x31) (sev=1.00)
[monitor_node-6] [WARN] [1790115437.608313130] [diagnostic_monitor]: ANOMALY on [localization_node] /localization/pose:pose_uncertainty: Value 0.5889 deviated from baseline 0.0733±0.0207 (z=24.9, confirmed x32) (sev=1.00)
[monitor_node-6] [WARN] [1790115437.647717259] [diagnostic_monitor]: ANOMALY on [perception_node] /perception/obstacles:obstacle_empty: Value 1.0000 deviated from baseline 0.0000±0.0001 (z=10000.0, confirmed x37) (sev=1.00)
[monitor_node-6] [WARN] [1790115437.657767446] [diagnostic_monitor]: ANOMALY on [localization_node] /localization/pose:pose_uncertainty: Value 0.5974 deviated from baseline 0.0733±0.0207 (z=25.3, confirmed x33) (sev=1.00)
[monitor_node-6] [WARN] [1790115437.708317674] [diagnostic_monitor]: ANOMALY on [localization_node] /localization/pose:pose_uncertainty: Value 0.6059 deviated from baseline 0.0733±0.0207 (z=25.7, confirmed x34) (sev=1.00)
[monitor_node-6] [WARN] [1790115437.747487522] [diagnostic_monitor]: ANOMALY on [perception_node] /perception/obstacles:obstacle_empty: Value 1.0000 deviated from baseline 0.0000±0.0001 (z=10000.0, confirmed x38) (sev=1.00)
[monitor_node-6] [WARN] [1790115437.757709533] [diagnostic_monitor]: ANOMALY on [localization_node] /localization/pose:pose_uncertainty: Value 0.6143 deviated from baseline 0.0733±0.0207 (z=26.1, confirmed x35) (sev=1.00)
[monitor_node-6] [WARN] [1790115437.808113956] [diagnostic_monitor]: ANOMALY on [localization_node] /localization/pose:pose_uncertainty: Value 0.6230 deviated from baseline 0.0733±0.0207 (z=26.6, confirmed x36) (sev=1.00)
[monitor_node-6] [WARN] [1790115437.847633319] [diagnostic_monitor]: ANOMALY on [perception_node] /perception/obstacles:obstacle_empty: Value 1.0000 deviated from baseline 0.0000±0.0001 (z=10000.0, confirmed x39) (sev=1.00)
[monitor_node-6] [WARN] [1790115437.857768222] [diagnostic_monitor]: ANOMALY on [localization_node] /localization/pose:pose_uncertainty: Value 0.6314 deviated from baseline 0.0733±0.0207 (z=27.0, confirmed x37) (sev=1.00)
[monitor_node-6] [WARN] [1790115437.907858803] [diagnostic_monitor]: ANOMALY on [localization_node] /localization/pose:pose_uncertainty: Value 0.6399 deviated from baseline 0.0733±0.0207 (z=27.4, confirmed x38) (sev=1.00)
[monitor_node-6] [WARN] [1790115437.947766819] [diagnostic_monitor]: ANOMALY on [perception_node] /perception/obstacles:obstacle_empty: Value 1.0000 deviated from baseline 0.0000±0.0001 (z=10000.0, confirmed x40) (sev=1.00)
[monitor_node-6] [WARN] [1790115437.958874971] [diagnostic_monitor]: ANOMALY on [localization_node] /localization/pose:pose_uncertainty: Value 0.6484 deviated from baseline 0.0733±0.0207 (z=27.8, confirmed x39) (sev=1.00)
[monitor_node-6] [WARN] [1790115438.008068467] [diagnostic_monitor]: ANOMALY on [localization_node] /localization/pose:pose_uncertainty: Value 0.6568 deviated from baseline 0.0733±0.0207 (z=28.2, confirmed x40) (sev=1.00)
[monitor_node-6] [WARN] [1790115438.047578059] [diagnostic_monitor]: ANOMALY on [perception_node] /perception/obstacles:obstacle_empty: Value 1.0000 deviated from baseline 0.0000±0.0001 (z=10000.0, confirmed x41) (sev=1.00)
[monitor_node-6] [WARN] [1790115438.058033307] [diagnostic_monitor]: ANOMALY on [localization_node] /localization/pose:pose_uncertainty: Value 0.6653 deviated from baseline 0.0733±0.0207 (z=28.6, confirmed x41) (sev=1.00)
[monitor_node-6] [WARN] [1790115438.108074066] [diagnostic_monitor]: ANOMALY on [localization_node] /localization/pose:pose_uncertainty: Value 0.6740 deviated from baseline 0.0733±0.0207 (z=29.0, confirmed x42) (sev=1.00)
[monitor_node-6] [WARN] [1790115438.134993302] [diagnostic_monitor]: ANOMALY on [camera_node] message_timeout: Message timeout on /sim/camera/image: no message for 4.63s (expected ~0.200s, threshold 0.60s, last seen t=1790115433.50) (sev=1.00)
[monitor_node-6] [WARN] [1790115438.147879217] [diagnostic_monitor]: ANOMALY on [perception_node] /perception/obstacles:obstacle_empty: Value 1.0000 deviated from baseline 0.0000±0.0001 (z=10000.0, confirmed x42) (sev=1.00)
[monitor_node-6] [WARN] [1790115438.157872630] [diagnostic_monitor]: ANOMALY on [localization_node] /localization/pose:pose_uncertainty: Value 0.6823 deviated from baseline 0.0733±0.0207 (z=29.4, confirmed x43) (sev=1.00)
[monitor_node-6] [WARN] [1790115438.207619549] [diagnostic_monitor]: ANOMALY on [localization_node] /localization/pose:pose_uncertainty: Value 0.6909 deviated from baseline 0.0733±0.0207 (z=29.8, confirmed x44) (sev=1.00)
[monitor_node-6] [WARN] [1790115438.248365899] [diagnostic_monitor]: ANOMALY on [perception_node] /perception/obstacles:obstacle_empty: Value 1.0000 deviated from baseline 0.0000±0.0001 (z=10000.0, confirmed x43) (sev=1.00)
[monitor_node-6] [WARN] [1790115438.258056396] [diagnostic_monitor]: ANOMALY on [localization_node] /localization/pose:pose_uncertainty: Value 0.6994 deviated from baseline 0.0733±0.0207 (z=30.3, confirmed x45) (sev=1.00)
[monitor_node-6] [WARN] [1790115438.307589002] [diagnostic_monitor]: ANOMALY on [localization_node] /localization/pose:pose_uncertainty: Value 0.7078 deviated from baseline 0.0733±0.0207 (z=30.7, confirmed x46) (sev=1.00)
[monitor_node-6] [WARN] [1790115438.347529179] [diagnostic_monitor]: ANOMALY on [perception_node] /perception/obstacles:obstacle_empty: Value 1.0000 deviated from baseline 0.0000±0.0001 (z=10000.0, confirmed x44) (sev=1.00)
[monitor_node-6] [WARN] [1790115438.357522134] [diagnostic_monitor]: ANOMALY on [localization_node] /localization/pose:pose_uncertainty: Value 0.7163 deviated from baseline 0.0733±0.0207 (z=31.1, confirmed x47) (sev=1.00)
[monitor_node-6] [WARN] [1790115438.407790953] [diagnostic_monitor]: ANOMALY on [localization_node] /localization/pose:pose_uncertainty: Value 0.7247 deviated from baseline 0.0733±0.0207 (z=31.5, confirmed x48) (sev=1.00)
[monitor_node-6] [WARN] [1790115438.447262271] [diagnostic_monitor]: ANOMALY on [perception_node] /perception/obstacles:obstacle_empty: Value 1.0000 deviated from baseline 0.0000±0.0001 (z=10000.0, confirmed x45) (sev=1.00)
[monitor_node-6] [WARN] [1790115438.457711469] [diagnostic_monitor]: ANOMALY on [localization_node] /localization/pose:pose_uncertainty: Value 0.7332 deviated from baseline 0.0733±0.0207 (z=31.9, confirmed x49) (sev=1.00)
[monitor_node-6] [WARN] [1790115438.507800896] [diagnostic_monitor]: ANOMALY on [localization_node] /localization/pose:pose_uncertainty: Value 0.7417 deviated from baseline 0.0733±0.0207 (z=32.3, confirmed x50) (sev=1.00)
[monitor_node-6] [WARN] [1790115438.547830188] [diagnostic_monitor]: ANOMALY on [perception_node] /perception/obstacles:obstacle_empty: Value 1.0000 deviated from baseline 0.0000±0.0001 (z=10000.0, confirmed x46) (sev=1.00)
[monitor_node-6] [WARN] [1790115438.557746275] [diagnostic_monitor]: ANOMALY on [localization_node] /localization/pose:pose_uncertainty: Value 0.7501 deviated from baseline 0.0733±0.0207 (z=32.7, confirmed x51) (sev=1.00)
[monitor_node-6] [WARN] [1790115438.608678713] [diagnostic_monitor]: ANOMALY on [localization_node] /localization/pose:pose_uncertainty: Value 0.7586 deviated from baseline 0.0733±0.0207 (z=33.1, confirmed x52) (sev=1.00)
[monitor_node-6] [WARN] [1790115438.647687321] [diagnostic_monitor]: ANOMALY on [perception_node] /perception/obstacles:obstacle_empty: Value 1.0000 deviated from baseline 0.0000±0.0001 (z=10000.0, confirmed x47) (sev=1.00)
[monitor_node-6] [WARN] [1790115438.658120363] [diagnostic_monitor]: ANOMALY on [localization_node] /localization/pose:pose_uncertainty: Value 0.7672 deviated from baseline 0.0733±0.0207 (z=33.5, confirmed x53) (sev=1.00)
[monitor_node-6] [WARN] [1790115438.715273087] [diagnostic_monitor]: ANOMALY on [localization_node] /localization/pose:pose_uncertainty: Value 0.7756 deviated from baseline 0.0733±0.0207 (z=33.9, confirmed x54) (sev=1.00)
[monitor_node-6] [WARN] [1790115438.749337865] [diagnostic_monitor]: ANOMALY on [perception_node] /perception/obstacles:obstacle_empty: Value 1.0000 deviated from baseline 0.0000±0.0001 (z=10000.0, confirmed x48) (sev=1.00)
[monitor_node-6] [WARN] [1790115438.757626569] [diagnostic_monitor]: ANOMALY on [localization_node] /localization/pose:pose_uncertainty: Value 0.7842 deviated from baseline 0.0733±0.0207 (z=34.4, confirmed x55) (sev=1.00)
[monitor_node-6] [WARN] [1790115438.807547045] [diagnostic_monitor]: ANOMALY on [localization_node] /localization/pose:pose_uncertainty: Value 0.7926 deviated from baseline 0.0733±0.0207 (z=34.8, confirmed x56) (sev=1.00)
[monitor_node-6] [WARN] [1790115438.847478682] [diagnostic_monitor]: ANOMALY on [perception_node] /perception/obstacles:obstacle_empty: Value 1.0000 deviated from baseline 0.0000±0.0001 (z=10000.0, confirmed x49) (sev=1.00)
[monitor_node-6] [WARN] [1790115438.857844681] [diagnostic_monitor]: ANOMALY on [localization_node] /localization/pose:pose_uncertainty: Value 0.8011 deviated from baseline 0.0733±0.0207 (z=35.2, confirmed x57) (sev=1.00)
[monitor_node-6] [WARN] [1790115438.908483960] [diagnostic_monitor]: ANOMALY on [localization_node] /localization/pose:pose_uncertainty: Value 0.8096 deviated from baseline 0.0733±0.0207 (z=35.6, confirmed x58) (sev=1.00)
[monitor_node-6] [WARN] [1790115438.947840515] [diagnostic_monitor]: ANOMALY on [perception_node] /perception/obstacles:obstacle_empty: Value 1.0000 deviated from baseline 0.0000±0.0001 (z=10000.0, confirmed x50) (sev=1.00)
[monitor_node-6] [WARN] [1790115438.957883036] [diagnostic_monitor]: ANOMALY on [localization_node] /localization/pose:pose_uncertainty: Value 0.8181 deviated from baseline 0.0733±0.0207 (z=36.0, confirmed x59) (sev=1.00)
[monitor_node-6] [WARN] [1790115439.008034472] [diagnostic_monitor]: ANOMALY on [localization_node] /localization/pose:pose_uncertainty: Value 0.8265 deviated from baseline 0.0733±0.0207 (z=36.4, confirmed x60) (sev=1.00)
[monitor_node-6] [WARN] [1790115439.047838379] [diagnostic_monitor]: ANOMALY on [perception_node] /perception/obstacles:obstacle_empty: Value 1.0000 deviated from baseline 0.0000±0.0001 (z=10000.0, confirmed x51) (sev=1.00)
[monitor_node-6] [WARN] [1790115439.057594990] [diagnostic_monitor]: ANOMALY on [localization_node] /localization/pose:pose_uncertainty: Value 0.8351 deviated from baseline 0.0733±0.0207 (z=36.8, confirmed x61) (sev=1.00)
[monitor_node-6] [WARN] [1790115439.108297668] [diagnostic_monitor]: ANOMALY on [localization_node] /localization/pose:pose_uncertainty: Value 0.8435 deviated from baseline 0.0733±0.0207 (z=37.2, confirmed x62) (sev=1.00)
[monitor_node-6] [WARN] [1790115439.135128087] [diagnostic_monitor]: ANOMALY on [camera_node] message_timeout: Message timeout on /sim/camera/image: no message for 5.63s (expected ~0.200s, threshold 0.60s, last seen t=1790115433.50) (sev=1.00)
[monitor_node-6] [WARN] [1790115439.147707913] [diagnostic_monitor]: ANOMALY on [perception_node] /perception/obstacles:obstacle_empty: Value 1.0000 deviated from baseline 0.0000±0.0001 (z=10000.0, confirmed x52) (sev=1.00)
[monitor_node-6] [WARN] [1790115439.158520418] [diagnostic_monitor]: ANOMALY on [localization_node] /localization/pose:pose_uncertainty: Value 0.8520 deviated from baseline 0.0733±0.0207 (z=37.6, confirmed x63) (sev=1.00)
[monitor_node-6] [WARN] [1790115439.207904080] [diagnostic_monitor]: ANOMALY on [localization_node] /localization/pose:pose_uncertainty: Value 0.8605 deviated from baseline 0.0733±0.0207 (z=38.0, confirmed x64) (sev=1.00)
[monitor_node-6] [WARN] [1790115439.247749477] [diagnostic_monitor]: ANOMALY on [perception_node] /perception/obstacles:obstacle_empty: Value 1.0000 deviated from baseline 0.0000±0.0001 (z=10000.0, confirmed x53) (sev=1.00)
[monitor_node-6] [WARN] [1790115439.258020781] [diagnostic_monitor]: ANOMALY on [localization_node] /localization/pose:pose_uncertainty: Value 0.8690 deviated from baseline 0.0733±0.0207 (z=38.5, confirmed x65) (sev=1.00)
[monitor_node-6] [WARN] [1790115439.307893381] [diagnostic_monitor]: ANOMALY on [localization_node] /localization/pose:pose_uncertainty: Value 0.8774 deviated from baseline 0.0733±0.0207 (z=38.9, confirmed x66) (sev=1.00)
[monitor_node-6] [WARN] [1790115439.348053672] [diagnostic_monitor]: ANOMALY on [perception_node] /perception/obstacles:obstacle_empty: Value 1.0000 deviated from baseline 0.0000±0.0001 (z=10000.0, confirmed x54) (sev=1.00)
[monitor_node-6] [WARN] [1790115439.358420705] [diagnostic_monitor]: ANOMALY on [localization_node] /localization/pose:pose_uncertainty: Value 0.8860 deviated from baseline 0.0733±0.0207 (z=39.3, confirmed x67) (sev=1.00)
[monitor_node-6] [WARN] [1790115439.407879496] [diagnostic_monitor]: ANOMALY on [localization_node] /localization/pose:pose_uncertainty: Value 0.8944 deviated from baseline 0.0733±0.0207 (z=39.7, confirmed x68) (sev=1.00)
[monitor_node-6] [WARN] [1790115439.447806930] [diagnostic_monitor]: ANOMALY on [perception_node] /perception/obstacles:obstacle_empty: Value 1.0000 deviated from baseline 0.0000±0.0001 (z=10000.0, confirmed x55) (sev=1.00)
[monitor_node-6] [WARN] [1790115439.458159212] [diagnostic_monitor]: ANOMALY on [localization_node] /localization/pose:pose_uncertainty: Value 0.9029 deviated from baseline 0.0733±0.0207 (z=40.1, confirmed x69) (sev=1.00)
[monitor_node-6] [WARN] [1790115439.508456018] [diagnostic_monitor]: ANOMALY on [localization_node] /localization/pose:pose_uncertainty: Value 0.9114 deviated from baseline 0.0733±0.0207 (z=40.5, confirmed x70) (sev=1.00)
[monitor_node-6] [WARN] [1790115439.547647023] [diagnostic_monitor]: ANOMALY on [perception_node] /perception/obstacles:obstacle_empty: Value 1.0000 deviated from baseline 0.0000±0.0001 (z=10000.0, confirmed x56) (sev=1.00)
[monitor_node-6] [WARN] [1790115439.558264652] [diagnostic_monitor]: ANOMALY on [localization_node] /localization/pose:pose_uncertainty: Value 0.9199 deviated from baseline 0.0733±0.0207 (z=40.9, confirmed x71) (sev=1.00)
[monitor_node-6] [WARN] [1790115439.607674990] [diagnostic_monitor]: ANOMALY on [localization_node] /localization/pose:pose_uncertainty: Value 0.9283 deviated from baseline 0.0733±0.0207 (z=41.3, confirmed x72) (sev=1.00)
[monitor_node-6] [WARN] [1790115439.647969263] [diagnostic_monitor]: ANOMALY on [perception_node] /perception/obstacles:obstacle_empty: Value 1.0000 deviated from baseline 0.0000±0.0001 (z=10000.0, confirmed x57) (sev=1.00)
[monitor_node-6] [WARN] [1790115439.658130981] [diagnostic_monitor]: ANOMALY on [localization_node] /localization/pose:pose_uncertainty: Value 0.9369 deviated from baseline 0.0733±0.0207 (z=41.7, confirmed x73) (sev=1.00)
[monitor_node-6] [WARN] [1790115439.707600948] [diagnostic_monitor]: ANOMALY on [localization_node] /localization/pose:pose_uncertainty: Value 0.9454 deviated from baseline 0.0733±0.0207 (z=42.1, confirmed x74) (sev=1.00)
[monitor_node-6] [WARN] [1790115439.747894264] [diagnostic_monitor]: ANOMALY on [perception_node] /perception/obstacles:obstacle_empty: Value 1.0000 deviated from baseline 0.0000±0.0001 (z=10000.0, confirmed x58) (sev=1.00)
[monitor_node-6] [WARN] [1790115439.757733890] [diagnostic_monitor]: ANOMALY on [localization_node] /localization/pose:pose_uncertainty: Value 0.9538 deviated from baseline 0.0733±0.0207 (z=42.6, confirmed x75) (sev=1.00)
[monitor_node-6] [WARN] [1790115439.808251510] [diagnostic_monitor]: ANOMALY on [localization_node] /localization/pose:pose_uncertainty: Value 0.9623 deviated from baseline 0.0733±0.0207 (z=43.0, confirmed x76) (sev=1.00)
[monitor_node-6] [WARN] [1790115439.847957712] [diagnostic_monitor]: ANOMALY on [perception_node] /perception/obstacles:obstacle_empty: Value 1.0000 deviated from baseline 0.0000±0.0001 (z=10000.0, confirmed x59) (sev=1.00)
[monitor_node-6] [WARN] [1790115439.858104776] [diagnostic_monitor]: ANOMALY on [localization_node] /localization/pose:pose_uncertainty: Value 0.9708 deviated from baseline 0.0733±0.0207 (z=43.4, confirmed x77) (sev=1.00)
[monitor_node-6] [WARN] [1790115439.908139823] [diagnostic_monitor]: ANOMALY on [localization_node] /localization/pose:pose_uncertainty: Value 0.9792 deviated from baseline 0.0733±0.0207 (z=43.8, confirmed x78) (sev=1.00)
[monitor_node-6] [WARN] [1790115439.947327386] [diagnostic_monitor]: ANOMALY on [perception_node] /perception/obstacles:obstacle_empty: Value 1.0000 deviated from baseline 0.0000±0.0001 (z=10000.0, confirmed x60) (sev=1.00)
[monitor_node-6] [WARN] [1790115439.957655989] [diagnostic_monitor]: ANOMALY on [localization_node] /localization/pose:pose_uncertainty: Value 0.9877 deviated from baseline 0.0733±0.0207 (z=44.2, confirmed x79) (sev=1.00)
[monitor_node-6] [WARN] [1790115440.008164936] [diagnostic_monitor]: ANOMALY on [localization_node] /localization/pose:pose_uncertainty: Value 0.9962 deviated from baseline 0.0733±0.0207 (z=44.6, confirmed x80) (sev=1.00)
[monitor_node-6] [WARN] [1790115440.047676165] [diagnostic_monitor]: ANOMALY on [perception_node] /perception/obstacles:obstacle_empty: Value 1.0000 deviated from baseline 0.0000±0.0001 (z=10000.0, confirmed x61) (sev=1.00)
[monitor_node-6] [WARN] [1790115440.058012401] [diagnostic_monitor]: ANOMALY on [localization_node] /localization/pose:pose_uncertainty: Value 1.0048 deviated from baseline 0.0733±0.0207 (z=45.0, confirmed x81) (sev=1.00)
[monitor_node-6] [WARN] [1790115440.108063498] [diagnostic_monitor]: ANOMALY on [localization_node] /localization/pose:pose_uncertainty: Value 1.0133 deviated from baseline 0.0733±0.0207 (z=45.4, confirmed x82) (sev=1.00)
[monitor_node-6] [WARN] [1790115440.134858049] [diagnostic_monitor]: ANOMALY on [camera_node] message_timeout: Message timeout on /sim/camera/image: no message for 6.63s (expected ~0.200s, threshold 0.60s, last seen t=1790115433.50) (sev=1.00)
[monitor_node-6] [WARN] [1790115440.147743524] [diagnostic_monitor]: ANOMALY on [perception_node] /perception/obstacles:obstacle_empty: Value 1.0000 deviated from baseline 0.0000±0.0001 (z=10000.0, confirmed x62) (sev=1.00)
[monitor_node-6] [WARN] [1790115440.158667576] [diagnostic_monitor]: ANOMALY on [localization_node] /localization/pose:pose_uncertainty: Value 1.0217 deviated from baseline 0.0733±0.0207 (z=45.8, confirmed x83) (sev=1.00)
[monitor_node-6] [WARN] [1790115440.208743914] [diagnostic_monitor]: ANOMALY on [localization_node] /localization/pose:pose_uncertainty: Value 1.0302 deviated from baseline 0.0733±0.0207 (z=46.2, confirmed x84) (sev=1.00)
[monitor_node-6] [WARN] [1790115440.247303688] [diagnostic_monitor]: ANOMALY on [perception_node] /perception/obstacles:obstacle_empty: Value 1.0000 deviated from baseline 0.0000±0.0001 (z=10000.0, confirmed x63) (sev=1.00)
[monitor_node-6] [WARN] [1790115440.257843252] [diagnostic_monitor]: ANOMALY on [localization_node] /localization/pose:pose_uncertainty: Value 1.0387 deviated from baseline 0.0733±0.0207 (z=46.7, confirmed x85) (sev=1.00)
[monitor_node-6] [WARN] [1790115440.308079970] [diagnostic_monitor]: ANOMALY on [localization_node] /localization/pose:pose_uncertainty: Value 1.0472 deviated from baseline 0.0733±0.0207 (z=47.1, confirmed x86) (sev=1.00)
[monitor_node-6] [WARN] [1790115440.347585015] [diagnostic_monitor]: ANOMALY on [perception_node] /perception/obstacles:obstacle_empty: Value 1.0000 deviated from baseline 0.0000±0.0001 (z=10000.0, confirmed x64) (sev=1.00)
[monitor_node-6] [WARN] [1790115440.358152929] [diagnostic_monitor]: ANOMALY on [localization_node] /localization/pose:pose_uncertainty: Value 1.0556 deviated from baseline 0.0733±0.0207 (z=47.5, confirmed x87) (sev=1.00)
[monitor_node-6] [WARN] [1790115440.407673596] [diagnostic_monitor]: ANOMALY on [localization_node] /localization/pose:pose_uncertainty: Value 1.0642 deviated from baseline 0.0733±0.0207 (z=47.9, confirmed x88) (sev=1.00)
[monitor_node-6] [WARN] [1790115440.448118123] [diagnostic_monitor]: ANOMALY on [perception_node] /perception/obstacles:obstacle_empty: Value 1.0000 deviated from baseline 0.0000±0.0001 (z=10000.0, confirmed x65) (sev=1.00)
[monitor_node-6] [WARN] [1790115440.457643031] [diagnostic_monitor]: ANOMALY on [localization_node] /localization/pose:pose_uncertainty: Value 1.0726 deviated from baseline 0.0733±0.0207 (z=48.3, confirmed x89) (sev=1.00)
[monitor_node-6] [WARN] [1790115440.507795162] [diagnostic_monitor]: ANOMALY on [localization_node] /localization/pose:pose_uncertainty: Value 1.0811 deviated from baseline 0.0733±0.0207 (z=48.7, confirmed x90) (sev=1.00)
[monitor_node-6] [WARN] [1790115440.547778135] [diagnostic_monitor]: ANOMALY on [perception_node] /perception/obstacles:obstacle_empty: Value 1.0000 deviated from baseline 0.0000±0.0001 (z=10000.0, confirmed x66) (sev=1.00)
[monitor_node-6] [WARN] [1790115440.558213964] [diagnostic_monitor]: ANOMALY on [localization_node] /localization/pose:pose_uncertainty: Value 1.0895 deviated from baseline 0.0733±0.0207 (z=49.1, confirmed x91) (sev=1.00)
[monitor_node-6] [WARN] [1790115440.608031275] [diagnostic_monitor]: ANOMALY on [localization_node] /localization/pose:pose_uncertainty: Value 1.0983 deviated from baseline 0.0733±0.0207 (z=49.5, confirmed x92) (sev=1.00)
[monitor_node-6] [WARN] [1790115440.647486919] [diagnostic_monitor]: ANOMALY on [perception_node] /perception/obstacles:obstacle_empty: Value 1.0000 deviated from baseline 0.0000±0.0001 (z=10000.0, confirmed x67) (sev=1.00)
[monitor_node-6] [WARN] [1790115440.658161081] [diagnostic_monitor]: ANOMALY on [localization_node] /localization/pose:pose_uncertainty: Value 1.1066 deviated from baseline 0.0733±0.0207 (z=49.9, confirmed x93) (sev=1.00)
[monitor_node-6] [WARN] [1790115440.707985118] [diagnostic_monitor]: ANOMALY on [localization_node] /localization/pose:pose_uncertainty: Value 1.1150 deviated from baseline 0.0733±0.0207 (z=50.3, confirmed x94) (sev=1.00)
[monitor_node-6] [WARN] [1790115440.747765238] [diagnostic_monitor]: ANOMALY on [perception_node] /perception/obstacles:obstacle_empty: Value 1.0000 deviated from baseline 0.0000±0.0001 (z=10000.0, confirmed x68) (sev=1.00)
[monitor_node-6] [WARN] [1790115440.757640089] [diagnostic_monitor]: ANOMALY on [localization_node] /localization/pose:pose_uncertainty: Value 1.1235 deviated from baseline 0.0733±0.0207 (z=50.8, confirmed x95) (sev=1.00)
[monitor_node-6] [WARN] [1790115440.808156886] [diagnostic_monitor]: ANOMALY on [localization_node] /localization/pose:pose_uncertainty: Value 1.1320 deviated from baseline 0.0733±0.0207 (z=51.2, confirmed x96) (sev=1.00)
[monitor_node-6] [WARN] [1790115440.847721331] [diagnostic_monitor]: ANOMALY on [perception_node] /perception/obstacles:obstacle_empty: Value 1.0000 deviated from baseline 0.0000±0.0001 (z=10000.0, confirmed x69) (sev=1.00)
[monitor_node-6] [WARN] [1790115440.858123630] [diagnostic_monitor]: ANOMALY on [localization_node] /localization/pose:pose_uncertainty: Value 1.1405 deviated from baseline 0.0733±0.0207 (z=51.6, confirmed x97) (sev=1.00)
[monitor_node-6] [WARN] [1790115440.907924823] [diagnostic_monitor]: ANOMALY on [localization_node] /localization/pose:pose_uncertainty: Value 1.1489 deviated from baseline 0.0733±0.0207 (z=52.0, confirmed x98) (sev=1.00)
[monitor_node-6] [WARN] [1790115440.947164496] [diagnostic_monitor]: ANOMALY on [perception_node] /perception/obstacles:obstacle_empty: Value 1.0000 deviated from baseline 0.0000±0.0001 (z=10000.0, confirmed x70) (sev=1.00)
[monitor_node-6] [WARN] [1790115440.958360511] [diagnostic_monitor]: ANOMALY on [localization_node] /localization/pose:pose_uncertainty: Value 1.1574 deviated from baseline 0.0733±0.0207 (z=52.4, confirmed x99) (sev=1.00)
[monitor_node-6] [WARN] [1790115441.007674029] [diagnostic_monitor]: ANOMALY on [localization_node] /localization/pose:pose_uncertainty: Value 1.1660 deviated from baseline 0.0733±0.0207 (z=52.8, confirmed x100) (sev=1.00)
[monitor_node-6] [WARN] [1790115441.047419899] [diagnostic_monitor]: ANOMALY on [perception_node] /perception/obstacles:obstacle_empty: Value 1.0000 deviated from baseline 0.0000±0.0001 (z=10000.0, confirmed x71) (sev=1.00)
[monitor_node-6] [WARN] [1790115441.058109222] [diagnostic_monitor]: ANOMALY on [localization_node] /localization/pose:pose_uncertainty: Value 1.1746 deviated from baseline 0.0733±0.0207 (z=53.2, confirmed x101) (sev=1.00)
[monitor_node-6] [WARN] [1790115441.108609741] [diagnostic_monitor]: ANOMALY on [localization_node] /localization/pose:pose_uncertainty: Value 1.1829 deviated from baseline 0.0733±0.0207 (z=53.6, confirmed x102) (sev=1.00)
[monitor_node-6] [WARN] [1790115441.135039104] [diagnostic_monitor]: ANOMALY on [camera_node] message_timeout: Message timeout on /sim/camera/image: no message for 7.63s (expected ~0.200s, threshold 0.60s, last seen t=1790115433.50) (sev=1.00)
[monitor_node-6] [WARN] [1790115441.147555593] [diagnostic_monitor]: ANOMALY on [perception_node] /perception/obstacles:obstacle_empty: Value 1.0000 deviated from baseline 0.0000±0.0001 (z=10000.0, confirmed x72) (sev=1.00)
[monitor_node-6] [WARN] [1790115441.157916756] [diagnostic_monitor]: ANOMALY on [localization_node] /localization/pose:pose_uncertainty: Value 1.1914 deviated from baseline 0.0733±0.0207 (z=54.0, confirmed x103) (sev=1.00)
[monitor_node-6] [WARN] [1790115441.207554226] [diagnostic_monitor]: ANOMALY on [localization_node] /localization/pose:pose_uncertainty: Value 1.1998 deviated from baseline 0.0733±0.0207 (z=54.4, confirmed x104) (sev=1.00)
[monitor_node-6] [WARN] [1790115441.247706831] [diagnostic_monitor]: ANOMALY on [perception_node] /perception/obstacles:obstacle_empty: Value 1.0000 deviated from baseline 0.0000±0.0001 (z=10000.0, confirmed x73) (sev=1.00)
[monitor_node-6] [WARN] [1790115441.258036969] [diagnostic_monitor]: ANOMALY on [localization_node] /localization/pose:pose_uncertainty: Value 1.2084 deviated from baseline 0.0733±0.0207 (z=54.9, confirmed x105) (sev=1.00)
[monitor_node-6] [WARN] [1790115441.307921553] [diagnostic_monitor]: ANOMALY on [localization_node] /localization/pose:pose_uncertainty: Value 1.2169 deviated from baseline 0.0733±0.0207 (z=55.3, confirmed x106) (sev=1.00)
[monitor_node-6] [WARN] [1790115441.347482230] [diagnostic_monitor]: ANOMALY on [perception_node] /perception/obstacles:obstacle_empty: Value 1.0000 deviated from baseline 0.0000±0.0001 (z=10000.0, confirmed x74) (sev=1.00)
[monitor_node-6] [WARN] [1790115441.358217967] [diagnostic_monitor]: ANOMALY on [localization_node] /localization/pose:pose_uncertainty: Value 1.2255 deviated from baseline 0.0733±0.0207 (z=55.7, confirmed x107) (sev=1.00)
[monitor_node-6] [WARN] [1790115441.407972572] [diagnostic_monitor]: ANOMALY on [localization_node] /localization/pose:pose_uncertainty: Value 1.2338 deviated from baseline 0.0733±0.0207 (z=56.1, confirmed x108) (sev=1.00)
[monitor_node-6] [WARN] [1790115441.447580944] [diagnostic_monitor]: ANOMALY on [perception_node] /perception/obstacles:obstacle_empty: Value 1.0000 deviated from baseline 0.0000±0.0001 (z=10000.0, confirmed x75) (sev=1.00)
[monitor_node-6] [WARN] [1790115441.457667219] [diagnostic_monitor]: ANOMALY on [localization_node] /localization/pose:pose_uncertainty: Value 1.2424 deviated from baseline 0.0733±0.0207 (z=56.5, confirmed x109) (sev=1.00)
[monitor_node-6] [WARN] [1790115441.508216152] [diagnostic_monitor]: ANOMALY on [localization_node] /localization/pose:pose_uncertainty: Value 1.2508 deviated from baseline 0.0733±0.0207 (z=56.9, confirmed x110) (sev=1.00)
[monitor_node-6] [WARN] [1790115441.548196229] [diagnostic_monitor]: ANOMALY on [perception_node] /perception/obstacles:obstacle_empty: Value 1.0000 deviated from baseline 0.0000±0.0001 (z=10000.0, confirmed x76) (sev=1.00)
[monitor_node-6] [WARN] [1790115441.558344980] [diagnostic_monitor]: ANOMALY on [localization_node] /localization/pose:pose_uncertainty: Value 1.2593 deviated from baseline 0.0733±0.0207 (z=57.3, confirmed x111) (sev=1.00)
[monitor_node-6] [WARN] [1790115441.608811354] [diagnostic_monitor]: ANOMALY on [localization_node] /localization/pose:pose_uncertainty: Value 1.2678 deviated from baseline 0.0733±0.0207 (z=57.7, confirmed x112) (sev=1.00)
[monitor_node-6] [WARN] [1790115441.647650927] [diagnostic_monitor]: ANOMALY on [perception_node] /perception/obstacles:obstacle_empty: Value 1.0000 deviated from baseline 0.0000±0.0001 (z=10000.0, confirmed x77) (sev=1.00)
[monitor_node-6] [WARN] [1790115441.658428577] [diagnostic_monitor]: ANOMALY on [localization_node] /localization/pose:pose_uncertainty: Value 1.2763 deviated from baseline 0.0733±0.0207 (z=58.1, confirmed x113) (sev=1.00)
[monitor_node-6] [WARN] [1790115441.707921828] [diagnostic_monitor]: ANOMALY on [localization_node] /localization/pose:pose_uncertainty: Value 1.2848 deviated from baseline 0.0733±0.0207 (z=58.6, confirmed x114) (sev=1.00)
[monitor_node-6] [WARN] [1790115441.748113127] [diagnostic_monitor]: ANOMALY on [perception_node] /perception/obstacles:obstacle_empty: Value 1.0000 deviated from baseline 0.0000±0.0001 (z=10000.0, confirmed x78) (sev=1.00)
[monitor_node-6] [WARN] [1790115441.758048922] [diagnostic_monitor]: ANOMALY on [localization_node] /localization/pose:pose_uncertainty: Value 1.2932 deviated from baseline 0.0733±0.0207 (z=59.0, confirmed x115) (sev=1.00)
[monitor_node-6] [WARN] [1790115441.808063512] [diagnostic_monitor]: ANOMALY on [localization_node] /localization/pose:pose_uncertainty: Value 1.3017 deviated from baseline 0.0733±0.0207 (z=59.4, confirmed x116) (sev=1.00)
[monitor_node-6] [WARN] [1790115441.847784593] [diagnostic_monitor]: ANOMALY on [perception_node] /perception/obstacles:obstacle_empty: Value 1.0000 deviated from baseline 0.0000±0.0001 (z=10000.0, confirmed x79) (sev=1.00)
[monitor_node-6] [WARN] [1790115441.858141226] [diagnostic_monitor]: ANOMALY on [localization_node] /localization/pose:pose_uncertainty: Value 1.3102 deviated from baseline 0.0733±0.0207 (z=59.8, confirmed x117) (sev=1.00)
[monitor_node-6] [WARN] [1790115441.908094895] [diagnostic_monitor]: ANOMALY on [localization_node] /localization/pose:pose_uncertainty: Value 1.3187 deviated from baseline 0.0733±0.0207 (z=60.2, confirmed x118) (sev=1.00)
[monitor_node-6] [WARN] [1790115441.947225019] [diagnostic_monitor]: ANOMALY on [perception_node] /perception/obstacles:obstacle_empty: Value 1.0000 deviated from baseline 0.0000±0.0001 (z=10000.0, confirmed x80) (sev=1.00)
[monitor_node-6] [WARN] [1790115441.958046303] [diagnostic_monitor]: ANOMALY on [localization_node] /localization/pose:pose_uncertainty: Value 1.3272 deviated from baseline 0.0733±0.0207 (z=60.6, confirmed x119) (sev=1.00)
[monitor_node-6] [WARN] [1790115442.008021175] [diagnostic_monitor]: ANOMALY on [localization_node] /localization/pose:pose_uncertainty: Value 1.3357 deviated from baseline 0.0733±0.0207 (z=61.0, confirmed x120) (sev=1.00)
[monitor_node-6] [WARN] [1790115442.047727097] [diagnostic_monitor]: ANOMALY on [perception_node] /perception/obstacles:obstacle_empty: Value 1.0000 deviated from baseline 0.0000±0.0001 (z=10000.0, confirmed x81) (sev=1.00)
[monitor_node-6] [WARN] [1790115442.058167663] [diagnostic_monitor]: ANOMALY on [localization_node] /localization/pose:pose_uncertainty: Value 1.3442 deviated from baseline 0.0733±0.0207 (z=61.4, confirmed x121) (sev=1.00)
[monitor_node-6] [WARN] [1790115442.108166863] [diagnostic_monitor]: ANOMALY on [localization_node] /localization/pose:pose_uncertainty: Value 1.3526 deviated from baseline 0.0733±0.0207 (z=61.8, confirmed x122) (sev=1.00)
[monitor_node-6] [WARN] [1790115442.135338326] [diagnostic_monitor]: ANOMALY on [camera_node] message_timeout: Message timeout on /sim/camera/image: no message for 8.63s (expected ~0.200s, threshold 0.60s, last seen t=1790115433.50) (sev=1.00)
[monitor_node-6] [WARN] [1790115442.147653782] [diagnostic_monitor]: ANOMALY on [perception_node] /perception/obstacles:obstacle_empty: Value 1.0000 deviated from baseline 0.0000±0.0001 (z=10000.0, confirmed x82) (sev=1.00)
[monitor_node-6] [WARN] [1790115442.158528937] [diagnostic_monitor]: ANOMALY on [localization_node] /localization/pose:pose_uncertainty: Value 1.3611 deviated from baseline 0.0733±0.0207 (z=62.2, confirmed x123) (sev=1.00)
[monitor_node-6] [WARN] [1790115442.207841726] [diagnostic_monitor]: ANOMALY on [localization_node] /localization/pose:pose_uncertainty: Value 1.3696 deviated from baseline 0.0733±0.0207 (z=62.7, confirmed x124) (sev=1.00)
[monitor_node-6] [WARN] [1790115442.247419185] [diagnostic_monitor]: ANOMALY on [perception_node] /perception/obstacles:obstacle_empty: Value 1.0000 deviated from baseline 0.0000±0.0001 (z=10000.0, confirmed x83) (sev=1.00)
[monitor_node-6] [WARN] [1790115442.257995976] [diagnostic_monitor]: ANOMALY on [localization_node] /localization/pose:pose_uncertainty: Value 1.3780 deviated from baseline 0.0733±0.0207 (z=63.1, confirmed x125) (sev=1.00)
[monitor_node-6] [WARN] [1790115442.307871636] [diagnostic_monitor]: ANOMALY on [localization_node] /localization/pose:pose_uncertainty: Value 1.3866 deviated from baseline 0.0733±0.0207 (z=63.5, confirmed x126) (sev=1.00)
[monitor_node-6] [WARN] [1790115442.347499360] [diagnostic_monitor]: ANOMALY on [perception_node] /perception/obstacles:obstacle_empty: Value 1.0000 deviated from baseline 0.0000±0.0001 (z=10000.0, confirmed x84) (sev=1.00)
[monitor_node-6] [WARN] [1790115442.357747379] [diagnostic_monitor]: ANOMALY on [localization_node] /localization/pose:pose_uncertainty: Value 1.3951 deviated from baseline 0.0733±0.0207 (z=63.9, confirmed x127) (sev=1.00)
[monitor_node-6] [WARN] [1790115442.408153089] [diagnostic_monitor]: ANOMALY on [localization_node] /localization/pose:pose_uncertainty: Value 1.4037 deviated from baseline 0.0733±0.0207 (z=64.3, confirmed x128) (sev=1.00)
[monitor_node-6] [WARN] [1790115442.447896556] [diagnostic_monitor]: ANOMALY on [perception_node] /perception/obstacles:obstacle_empty: Value 1.0000 deviated from baseline 0.0000±0.0001 (z=10000.0, confirmed x85) (sev=1.00)
[monitor_node-6] [WARN] [1790115442.457774540] [diagnostic_monitor]: ANOMALY on [localization_node] /localization/pose:pose_uncertainty: Value 1.4121 deviated from baseline 0.0733±0.0207 (z=64.7, confirmed x129) (sev=1.00)
[monitor_node-6] [WARN] [1790115442.508098374] [diagnostic_monitor]: ANOMALY on [localization_node] /localization/pose:pose_uncertainty: Value 1.4205 deviated from baseline 0.0733±0.0207 (z=65.1, confirmed x130) (sev=1.00)
[monitor_node-6] [WARN] [1790115442.547910733] [diagnostic_monitor]: ANOMALY on [perception_node] /perception/obstacles:obstacle_empty: Value 1.0000 deviated from baseline 0.0000±0.0001 (z=10000.0, confirmed x86) (sev=1.00)
[monitor_node-6] [WARN] [1790115442.558809279] [diagnostic_monitor]: ANOMALY on [localization_node] /localization/pose:pose_uncertainty: Value 1.4291 deviated from baseline 0.0733±0.0207 (z=65.5, confirmed x131) (sev=1.00)
[monitor_node-6] [WARN] [1790115442.608148307] [diagnostic_monitor]: ANOMALY on [localization_node] /localization/pose:pose_uncertainty: Value 1.4376 deviated from baseline 0.0733±0.0207 (z=65.9, confirmed x132) (sev=1.00)
[monitor_node-6] [WARN] [1790115442.647891323] [diagnostic_monitor]: ANOMALY on [perception_node] /perception/obstacles:obstacle_empty: Value 1.0000 deviated from baseline 0.0000±0.0001 (z=10000.0, confirmed x87) (sev=1.00)
[monitor_node-6] [WARN] [1790115442.658216483] [diagnostic_monitor]: ANOMALY on [localization_node] /localization/pose:pose_uncertainty: Value 1.4461 deviated from baseline 0.0733±0.0207 (z=66.3, confirmed x133) (sev=1.00)
[monitor_node-6] [WARN] [1790115442.708213346] [diagnostic_monitor]: ANOMALY on [localization_node] /localization/pose:pose_uncertainty: Value 1.4544 deviated from baseline 0.0733±0.0207 (z=66.8, confirmed x134) (sev=1.00)
[monitor_node-6] [WARN] [1790115442.748085159] [diagnostic_monitor]: ANOMALY on [perception_node] /perception/obstacles:obstacle_empty: Value 1.0000 deviated from baseline 0.0000±0.0001 (z=10000.0, confirmed x88) (sev=1.00)
[monitor_node-6] [WARN] [1790115442.758215967] [diagnostic_monitor]: ANOMALY on [localization_node] /localization/pose:pose_uncertainty: Value 1.4630 deviated from baseline 0.0733±0.0207 (z=67.2, confirmed x135) (sev=1.00)
[monitor_node-6] [WARN] [1790115442.808165164] [diagnostic_monitor]: ANOMALY on [localization_node] /localization/pose:pose_uncertainty: Value 1.4714 deviated from baseline 0.0733±0.0207 (z=67.6, confirmed x136) (sev=1.00)
[monitor_node-6] [WARN] [1790115442.847838552] [diagnostic_monitor]: ANOMALY on [perception_node] /perception/obstacles:obstacle_empty: Value 1.0000 deviated from baseline 0.0000±0.0001 (z=10000.0, confirmed x89) (sev=1.00)
[monitor_node-6] [WARN] [1790115442.857846903] [diagnostic_monitor]: ANOMALY on [localization_node] /localization/pose:pose_uncertainty: Value 1.4799 deviated from baseline 0.0733±0.0207 (z=68.0, confirmed x137) (sev=1.00)
[monitor_node-6] [WARN] [1790115442.907949345] [diagnostic_monitor]: ANOMALY on [localization_node] /localization/pose:pose_uncertainty: Value 1.4884 deviated from baseline 0.0733±0.0207 (z=68.4, confirmed x138) (sev=1.00)
[monitor_node-6] [WARN] [1790115442.910389696] [diagnostic_monitor]: ANOMALY on [planning_node] /planning/path:path_empty: Value 1.0000 deviated from baseline 0.0000±0.0001 (z=10000.0, confirmed x2) (sev=1.00)
[monitor_node-6] [WARN] [1790115442.947235184] [diagnostic_monitor]: ANOMALY on [perception_node] /perception/obstacles:obstacle_empty: Value 1.0000 deviated from baseline 0.0000±0.0001 (z=10000.0, confirmed x90) (sev=1.00)
[monitor_node-6] [WARN] [1790115442.948884744] [diagnostic_monitor]: ANOMALY on [control_node] /cmd_vel:linear_vel: Value 0.0000 deviated from baseline 0.4512±0.0784 (z=5.8, confirmed x2) (sev=0.64)
[monitor_node-6] [WARN] [1790115442.949369330] [diagnostic_monitor]: ANOMALY on [control_node] /cmd_vel:cmd_zero: Value 1.0000 deviated from baseline 0.0000±0.0001 (z=10000.0, confirmed x2) (sev=1.00)
[monitor_node-6] [WARN] [1790115442.957880320] [diagnostic_monitor]: ANOMALY on [localization_node] /localization/pose:pose_uncertainty: Value 1.4968 deviated from baseline 0.0733±0.0207 (z=68.8, confirmed x139) (sev=1.00)
[monitor_node-6] [WARN] [1790115443.008571981] [diagnostic_monitor]: ANOMALY on [localization_node] /localization/pose:pose_uncertainty: Value 1.5053 deviated from baseline 0.0733±0.0207 (z=69.2, confirmed x140) (sev=1.00)
[monitor_node-6] [WARN] [1790115443.047987553] [diagnostic_monitor]: ANOMALY on [perception_node] /perception/obstacles:obstacle_empty: Value 1.0000 deviated from baseline 0.0000±0.0001 (z=10000.0, confirmed x91) (sev=1.00)
[monitor_node-6] [WARN] [1790115443.058260019] [diagnostic_monitor]: ANOMALY on [localization_node] /localization/pose:pose_uncertainty: Value 1.5139 deviated from baseline 0.0733±0.0207 (z=69.6, confirmed x141) (sev=1.00)
[monitor_node-6] [WARN] [1790115443.109188039] [diagnostic_monitor]: ANOMALY on [localization_node] /localization/pose:pose_uncertainty: Value 1.5224 deviated from baseline 0.0733±0.0207 (z=70.0, confirmed x142) (sev=1.00)
[monitor_node-6] [WARN] [1790115443.111318515] [diagnostic_monitor]: ANOMALY on [planning_node] /planning/path:path_empty: Value 1.0000 deviated from baseline 0.0000±0.0001 (z=10000.0, confirmed x3) (sev=1.00)
[monitor_node-6] [WARN] [1790115443.134960621] [diagnostic_monitor]: ANOMALY on [camera_node] message_timeout: Message timeout on /sim/camera/image: no message for 9.63s (expected ~0.200s, threshold 0.60s, last seen t=1790115433.50) (sev=1.00)
[monitor_node-6] [WARN] [1790115443.147691094] [diagnostic_monitor]: ANOMALY on [perception_node] /perception/obstacles:obstacle_empty: Value 1.0000 deviated from baseline 0.0000±0.0001 (z=10000.0, confirmed x92) (sev=1.00)
[monitor_node-6] [WARN] [1790115443.149189424] [diagnostic_monitor]: ANOMALY on [control_node] /cmd_vel:linear_vel: Value 0.0000 deviated from baseline 0.4512±0.0784 (z=5.8, confirmed x3) (sev=0.64)
[monitor_node-6] [WARN] [1790115443.149712827] [diagnostic_monitor]: ANOMALY on [control_node] /cmd_vel:cmd_zero: Value 1.0000 deviated from baseline 0.0000±0.0001 (z=10000.0, confirmed x3) (sev=1.00)
[monitor_node-6] [WARN] [1790115443.158231554] [diagnostic_monitor]: ANOMALY on [localization_node] /localization/pose:pose_uncertainty: Value 1.5308 deviated from baseline 0.0733±0.0207 (z=70.4, confirmed x143) (sev=1.00)
[monitor_node-6] [WARN] [1790115443.208573038] [diagnostic_monitor]: ANOMALY on [localization_node] /localization/pose:pose_uncertainty: Value 1.5393 deviated from baseline 0.0733±0.0207 (z=70.9, confirmed x144) (sev=1.00)
[monitor_node-6] [WARN] [1790115443.248041823] [diagnostic_monitor]: ANOMALY on [perception_node] /perception/obstacles:obstacle_empty: Value 1.0000 deviated from baseline 0.0000±0.0001 (z=10000.0, confirmed x93) (sev=1.00)
[monitor_node-6] [WARN] [1790115443.263123377] [diagnostic_monitor]: ANOMALY on [localization_node] /localization/pose:pose_uncertainty: Value 1.5478 deviated from baseline 0.0733±0.0207 (z=71.3, confirmed x145) (sev=1.00)
[monitor_node-6] [WARN] [1790115443.308901802] [diagnostic_monitor]: ANOMALY on [localization_node] /localization/pose:pose_uncertainty: Value 1.5563 deviated from baseline 0.0733±0.0207 (z=71.7, confirmed x146) (sev=1.00)
[monitor_node-6] [WARN] [1790115443.309901415] [diagnostic_monitor]: ANOMALY on [planning_node] /planning/path:path_empty: Value 1.0000 deviated from baseline 0.0000±0.0001 (z=10000.0, confirmed x4) (sev=1.00)
[monitor_node-6] [WARN] [1790115443.347792362] [diagnostic_monitor]: ANOMALY on [perception_node] /perception/obstacles:obstacle_empty: Value 1.0000 deviated from baseline 0.0000±0.0001 (z=10000.0, confirmed x94) (sev=1.00)
[monitor_node-6] [WARN] [1790115443.349112154] [diagnostic_monitor]: ANOMALY on [control_node] /cmd_vel:linear_vel: Value 0.0000 deviated from baseline 0.4512±0.0784 (z=5.8, confirmed x4) (sev=0.64)
[monitor_node-6] [WARN] [1790115443.349576438] [diagnostic_monitor]: ANOMALY on [control_node] /cmd_vel:cmd_zero: Value 1.0000 deviated from baseline 0.0000±0.0001 (z=10000.0, confirmed x4) (sev=1.00)
[monitor_node-6] [WARN] [1790115443.357626960] [diagnostic_monitor]: ANOMALY on [localization_node] /localization/pose:pose_uncertainty: Value 1.5648 deviated from baseline 0.0733±0.0207 (z=72.1, confirmed x147) (sev=1.00)
[monitor_node-6] [WARN] [1790115443.407702379] [diagnostic_monitor]: ANOMALY on [localization_node] /localization/pose:pose_uncertainty: Value 1.5733 deviated from baseline 0.0733±0.0207 (z=72.5, confirmed x148) (sev=1.00)
[monitor_node-6] [WARN] [1790115443.448265284] [diagnostic_monitor]: ANOMALY on [perception_node] /perception/obstacles:obstacle_empty: Value 1.0000 deviated from baseline 0.0000±0.0001 (z=10000.0, confirmed x95) (sev=1.00)
[monitor_node-6] [WARN] [1790115443.457597927] [diagnostic_monitor]: ANOMALY on [localization_node] /localization/pose:pose_uncertainty: Value 1.5818 deviated from baseline 0.0733±0.0207 (z=72.9, confirmed x149) (sev=1.00)
[monitor_node-6] [WARN] [1790115443.508166466] [diagnostic_monitor]: ANOMALY on [localization_node] /localization/pose:pose_uncertainty: Value 1.5902 deviated from baseline 0.0733±0.0207 (z=73.3, confirmed x150) (sev=1.00)
[monitor_node-6] [WARN] [1790115443.510559925] [diagnostic_monitor]: ANOMALY on [planning_node] /planning/path:path_empty: Value 1.0000 deviated from baseline 0.0000±0.0001 (z=10000.0, confirmed x5) (sev=1.00)
[monitor_node-6] [WARN] [1790115443.547823328] [diagnostic_monitor]: ANOMALY on [perception_node] /perception/obstacles:obstacle_empty: Value 1.0000 deviated from baseline 0.0000±0.0001 (z=10000.0, confirmed x96) (sev=1.00)
[monitor_node-6] [WARN] [1790115443.549375230] [diagnostic_monitor]: ANOMALY on [control_node] /cmd_vel:linear_vel: Value 0.0000 deviated from baseline 0.4512±0.0784 (z=5.8, confirmed x5) (sev=0.64)
[monitor_node-6] [WARN] [1790115443.550102586] [diagnostic_monitor]: ANOMALY on [control_node] /cmd_vel:cmd_zero: Value 1.0000 deviated from baseline 0.0000±0.0001 (z=10000.0, confirmed x5) (sev=1.00)
[monitor_node-6] [WARN] [1790115443.558215100] [diagnostic_monitor]: ANOMALY on [localization_node] /localization/pose:pose_uncertainty: Value 1.5986 deviated from baseline 0.0733±0.0207 (z=73.7, confirmed x151) (sev=1.00)
[planning_node-4] [INFO] [1790115443.587780398] [planning_node]: planning_node: faults cleared
[perception_node-2] [INFO] [1790115443.587807806] [perception_node]: perception_node: faults cleared
[control_node-5] [INFO] [1790115443.587837198] [control_node]: control_node: faults cleared
[localization_node-3] [INFO] [1790115443.588030032] [localization_node]: localization_node: faults cleared
[sim_world-1] [INFO] [1790115443.588125045] [odometry_node]: odometry_node: faults cleared
[sim_world-1] [INFO] [1790115443.588764395] [imu_node]: imu_node: faults cleared
[sim_world-1] [INFO] [1790115443.589290709] [camera_node]: camera_node: faults cleared
[sim_world-1] [INFO] [1790115443.589679078] [lidar_node]: lidar_node: faults cleared
[monitor_node-6] [WARN] [1790115443.607887118] [diagnostic_monitor]: ANOMALY on [localization_node] /localization/pose:pose_uncertainty: Value 1.6072 deviated from baseline 0.0733±0.0207 (z=74.1, confirmed x152) (sev=1.00)
[perception_node-2] [INFO] [1790115443.638087603] [perception_node]: perception_node: faults cleared
[localization_node-3] [INFO] [1790115443.638270338] [localization_node]: localization_node: faults cleared
[control_node-5] [INFO] [1790115443.638459104] [control_node]: control_node: faults cleared
[planning_node-4] [INFO] [1790115443.638474937] [planning_node]: planning_node: faults cleared
[sim_world-1] [INFO] [1790115443.639322715] [odometry_node]: odometry_node: faults cleared
[sim_world-1] [INFO] [1790115443.640059447] [imu_node]: imu_node: faults cleared
[sim_world-1] [INFO] [1790115443.640716664] [camera_node]: camera_node: faults cleared
[sim_world-1] [INFO] [1790115443.641248356] [lidar_node]: lidar_node: faults cleared
[monitor_node-6] [WARN] [1790115443.657914442] [diagnostic_monitor]: ANOMALY on [localization_node] /localization/pose:pose_uncertainty: Value 1.6158 deviated from baseline 0.0733±0.0207 (z=74.5, confirmed x153) (sev=1.00)
[localization_node-3] [INFO] [1790115443.688675061] [localization_node]: localization_node: faults cleared
[perception_node-2] [INFO] [1790115443.688781446] [perception_node]: perception_node: faults cleared
[planning_node-4] [INFO] [1790115443.688863910] [planning_node]: planning_node: faults cleared
[control_node-5] [INFO] [1790115443.689126243] [control_node]: control_node: faults cleared
[sim_world-1] [INFO] [1790115443.690068664] [odometry_node]: odometry_node: faults cleared
[sim_world-1] [INFO] [1790115443.691104229] [imu_node]: imu_node: faults cleared
[sim_world-1] [INFO] [1790115443.691688669] [camera_node]: camera_node: faults cleared
[sim_world-1] [INFO] [1790115443.692094236] [lidar_node]: lidar_node: faults cleared
[monitor_node-6] [WARN] [1790115443.707664003] [diagnostic_monitor]: ANOMALY on [localization_node] /localization/pose:pose_uncertainty: Value 1.6242 deviated from baseline 0.0733±0.0207 (z=75.0, confirmed x154) (sev=1.00)
[monitor_node-6] [WARN] [1790115443.710079535] [diagnostic_monitor]: ANOMALY on [planning_node] /planning/path:path_empty: Value 1.0000 deviated from baseline 0.0000±0.0001 (z=10000.0, confirmed x6) (sev=1.00)
[sim_world-1] [INFO] [1790115443.739128701] [odometry_node]: odometry_node: faults cleared
[planning_node-4] [INFO] [1790115443.739198532] [planning_node]: planning_node: faults cleared
[localization_node-3] [INFO] [1790115443.739201696] [localization_node]: localization_node: faults cleared
[control_node-5] [INFO] [1790115443.739230797] [control_node]: control_node: faults cleared
[perception_node-2] [INFO] [1790115443.739280541] [perception_node]: perception_node: faults cleared
[sim_world-1] [INFO] [1790115443.739779402] [imu_node]: imu_node: faults cleared
[sim_world-1] [INFO] [1790115443.740267916] [camera_node]: camera_node: faults cleared
[sim_world-1] [INFO] [1790115443.740631889] [lidar_node]: lidar_node: faults cleared
[monitor_node-6] [WARN] [1790115443.749318278] [diagnostic_monitor]: ANOMALY on [control_node] /cmd_vel:linear_vel: Value 0.0000 deviated from baseline 0.4512±0.0784 (z=5.8, confirmed x6) (sev=0.64)
[monitor_node-6] [WARN] [1790115443.749817200] [diagnostic_monitor]: ANOMALY on [control_node] /cmd_vel:cmd_zero: Value 1.0000 deviated from baseline 0.0000±0.0001 (z=10000.0, confirmed x6) (sev=1.00)
[monitor_node-6] [WARN] [1790115443.757952632] [diagnostic_monitor]: ANOMALY on [localization_node] /localization/pose:pose_uncertainty: Value 1.6326 deviated from baseline 0.0733±0.0207 (z=75.4, confirmed x155) (sev=1.00)
[monitor_node-6] [WARN] [1790115443.808465132] [diagnostic_monitor]: ANOMALY on [localization_node] /localization/pose:pose_uncertainty: Value 1.6412 deviated from baseline 0.0733±0.0207 (z=75.8, confirmed x156) (sev=1.00)
[monitor_node-6] [WARN] [1790115443.847598208] [diagnostic_monitor]: ANOMALY on [perception_node] /perception/obstacles:obstacle_empty: Value 1.0000 deviated from baseline 0.0000±0.0001 (z=10000.0, confirmed x97) (sev=1.00)
[monitor_node-6] [WARN] [1790115443.858485985] [diagnostic_monitor]: ANOMALY on [localization_node] /localization/pose:pose_uncertainty: Value 1.6496 deviated from baseline 0.0733±0.0207 (z=76.2, confirmed x157) (sev=1.00)
[monitor_node-6] [WARN] [1790115443.907943859] [diagnostic_monitor]: ANOMALY on [localization_node] /localization/pose:pose_uncertainty: Value 1.6581 deviated from baseline 0.0733±0.0207 (z=76.6, confirmed x158) (sev=1.00)
[monitor_node-6] [WARN] [1790115443.910127343] [diagnostic_monitor]: ANOMALY on [planning_node] /planning/path:path_empty: Value 1.0000 deviated from baseline 0.0000±0.0001 (z=10000.0, confirmed x7) (sev=1.00)
[monitor_node-6] [WARN] [1790115443.949674366] [diagnostic_monitor]: ANOMALY on [control_node] /cmd_vel:linear_vel: Value 0.0000 deviated from baseline 0.4512±0.0784 (z=5.8, confirmed x7) (sev=0.64)
[monitor_node-6] [WARN] [1790115443.950445052] [diagnostic_monitor]: ANOMALY on [control_node] /cmd_vel:cmd_zero: Value 1.0000 deviated from baseline 0.0000±0.0001 (z=10000.0, confirmed x7) (sev=1.00)
[monitor_node-6] [INFO] [1790115449.637352354] [diagnostic_monitor]: 
[monitor_node-6] ============================================================
[monitor_node-6] ROOT CAUSE DIAGNOSIS: perception_node (Confidence: 1.000)
[monitor_node-6] ============================================================
[monitor_node-6] Score Breakdown  R(C) = wD*D + wT*T + wS*S + wA*A:
[monitor_node-6]   R(perception_node) = 0.3·D(1.00) + 0.3·T(1.00) + 0.25·S(1.00) + 0.15·A(1.00) = 1.000
[monitor_node-6]   - Dependency D: 1.00 (reaches 3 downstream anomalous node(s); 0 anomalous upstream node(s))
[monitor_node-6]   - Temporal   T: 1.00 (first anomaly at t=1790115434.05s; earliest in window = supporting evidence, not proof of causality)
[monitor_node-6]   - Symptom    S: 1.00 (explains 4/4 anomalous nodes)
[monitor_node-6]   - Severity   A: 1.00 (max normalised severity on node, 1 direct anomaly event(s))
[monitor_node-6] 
[monitor_node-6] Propagation Chain (evidence-ordered, via discovered graph edges):
[monitor_node-6]   perception_node (t=1790115434.05s: /perception/obstacles:obstacle_empty, sev=1.00)
[monitor_node-6]     └─→ localization_node via /perception/obstacles (t=1790115436.06s, +2.01s after perception_node: /localization/pose:pose_uncertainty)
[monitor_node-6]     └─→ planning_node via /perception/obstacles (t=1790115442.71s, +8.66s after perception_node: /planning/path:path_empty)
[monitor_node-6]       └─→ control_node via /planning/path (t=1790115442.75s, +0.04s after planning_node: /cmd_vel:linear_vel)
[monitor_node-6] 
[monitor_node-6] Candidate Ranking & Evidence Comparison:
[monitor_node-6]   #2 localization_node    R=0.687 (Δ -0.313) [first anomaly 2.01s after perception_node; downstream of perception_node in discovered graph; lower symptom coverage (75% vs 100%)]
[monitor_node-6]   #3 camera_node          R=0.565 (Δ -0.435) [no direct anomaly observed]
[monitor_node-6]   #4 lidar_node           R=0.565 (Δ -0.435) [no direct anomaly observed]
[monitor_node-6] ============================================================
[monitor_node-6] [INFO] [1790115450.134857148] [diagnostic_monitor]: Anomaly window cleared. System operating nominally.
