[INFO] [launch]: All log files can be found below /home/lynx/.ros/log/2026-09-21-00-57-50-072920-WINDOWS-FIRE-12397
[INFO] [launch]: Default logging verbosity is set to INFO
[INFO] [sim_world-1]: process started with pid [12401]
[INFO] [perception_node-2]: process started with pid [12402]
[INFO] [localization_node-3]: process started with pid [12403]
[INFO] [planning_node-4]: process started with pid [12404]
[INFO] [control_node-5]: process started with pid [12405]
[INFO] [monitor_node-6]: process started with pid [12406]
[monitor_node-6] [INFO] [1789952271.505424819] [diagnostic_monitor]: DiagnosticMonitorNode started. DB: /home/lynx/ros2_rca_ws/events.db, Weights: (wD=0.3, wT=0.3, wS=0.25, wA=0.15), z>3.0 confirmed x2, warmup 4.0s
[planning_node-4] [WARN] [1789952271.512764650] [planning_node]: planning_node: pose source = localization
[planning_node-4] [INFO] [1789952271.513559931] [planning_node]: planning_node ready (pose + obstacles -> /planning/path)
[localization_node-3] [INFO] [1789952271.515865124] [localization_node]: localization_node ready (odom + imu + landmarks -> /localization/pose)
[control_node-5] [INFO] [1789952271.521386640] [control_node]: control_node ready (path -> /cmd_vel)
[perception_node-2] [INFO] [1789952271.535953002] [perception_node]: perception_node ready (lidar + camera -> /perception/obstacles)
[sim_world-1] [INFO] [1789952271.622709268] [sim_world]: sensor node started: lidar_node
[sim_world-1] [INFO] [1789952271.630754791] [sim_world]: sensor node started: camera_node
[sim_world-1] [INFO] [1789952271.638322704] [sim_world]: sensor node started: imu_node
[sim_world-1] [INFO] [1789952271.648245113] [sim_world]: sensor node started: odometry_node
[sim_world-1] [INFO] [1789952271.648637001] [sim_world]: sim_world ready (seed=7, obstacles=12)
[monitor_node-6] [INFO] [1789952272.478696377] [diagnostic_monitor]: Discovered graph: nodes=['camera_node', 'control_node', 'imu_node', 'lidar_node', 'localization_node', 'odometry_node', 'perception_node', 'planning_node', 'sim_world'] edges=[camera_node->perception_node, control_node->sim_world, imu_node->localization_node, lidar_node->perception_node, localization_node->planning_node, odometry_node->localization_node, perception_node->localization_node, perception_node->planning_node, planning_node->control_node]
[monitor_node-6] [INFO] [1789952272.529472760] [diagnostic_monitor]: Dynamically subscribed to monitor topic: /cmd_vel [geometry_msgs/msg/TwistStamped]
[monitor_node-6] [INFO] [1789952272.531316259] [diagnostic_monitor]: Dynamically subscribed to monitor topic: /localization/pose [geometry_msgs/msg/PoseWithCovarianceStamped]
[monitor_node-6] [INFO] [1789952272.533025177] [diagnostic_monitor]: Dynamically subscribed to monitor topic: /perception/obstacles [geometry_msgs/msg/PoseArray]
[monitor_node-6] [INFO] [1789952272.551664102] [diagnostic_monitor]: Dynamically subscribed to monitor topic: /planning/path [nav_msgs/msg/Path]
[monitor_node-6] [INFO] [1789952272.606530284] [diagnostic_monitor]: Dynamically subscribed to monitor topic: /sim/camera/image [sensor_msgs/msg/Image]
[monitor_node-6] [INFO] [1789952272.608637368] [diagnostic_monitor]: Dynamically subscribed to monitor topic: /sim/imu/data [sensor_msgs/msg/Imu]
[monitor_node-6] [INFO] [1789952272.610482968] [diagnostic_monitor]: Dynamically subscribed to monitor topic: /sim/lidar/scan [sensor_msgs/msg/LaserScan]
[monitor_node-6] [INFO] [1789952272.612092560] [diagnostic_monitor]: Dynamically subscribed to monitor topic: /sim/odom [nav_msgs/msg/Odometry]
[localization_node-3] [INFO] [1789952296.195120492] [localization_node]: localization_node: faults cleared
[sim_world-1] [INFO] [1789952296.195122206] [imu_node]: imu_node: faults cleared
[perception_node-2] [INFO] [1789952296.195200827] [perception_node]: perception_node: faults cleared
[control_node-5] [INFO] [1789952296.195374810] [control_node]: control_node: faults cleared
[planning_node-4] [INFO] [1789952296.195504232] [planning_node]: planning_node: faults cleared
[sim_world-1] [INFO] [1789952296.195762394] [camera_node]: camera_node: faults cleared
[sim_world-1] [INFO] [1789952296.196195914] [odometry_node]: odometry_node: faults cleared
[sim_world-1] [INFO] [1789952296.196647174] [lidar_node]: lidar_node: faults cleared
[localization_node-3] [INFO] [1789952296.245267486] [localization_node]: localization_node: faults cleared
[control_node-5] [INFO] [1789952296.245484833] [control_node]: control_node: faults cleared
[perception_node-2] [INFO] [1789952296.245516334] [perception_node]: perception_node: faults cleared
[sim_world-1] [INFO] [1789952296.245568446] [imu_node]: imu_node: faults cleared
[planning_node-4] [INFO] [1789952296.245580272] [planning_node]: planning_node: faults cleared
[sim_world-1] [INFO] [1789952296.246222875] [camera_node]: camera_node: faults cleared
[sim_world-1] [INFO] [1789952296.246747729] [odometry_node]: odometry_node: faults cleared
[sim_world-1] [INFO] [1789952296.247389420] [lidar_node]: lidar_node: faults cleared
[perception_node-2] [INFO] [1789952296.296023006] [perception_node]: perception_node: faults cleared
[control_node-5] [INFO] [1789952296.296026827] [control_node]: control_node: faults cleared
[planning_node-4] [INFO] [1789952296.296127802] [planning_node]: planning_node: faults cleared
[sim_world-1] [INFO] [1789952296.296239664] [imu_node]: imu_node: faults cleared
[sim_world-1] [INFO] [1789952296.296927391] [camera_node]: camera_node: faults cleared
[localization_node-3] [INFO] [1789952296.297259858] [localization_node]: localization_node: faults cleared
[sim_world-1] [INFO] [1789952296.297373642] [odometry_node]: odometry_node: faults cleared
[sim_world-1] [INFO] [1789952296.297914579] [lidar_node]: lidar_node: faults cleared
[localization_node-3] [INFO] [1789952296.346026106] [localization_node]: localization_node: faults cleared
[control_node-5] [INFO] [1789952296.346026104] [control_node]: control_node: faults cleared
[perception_node-2] [INFO] [1789952296.346068882] [perception_node]: perception_node: faults cleared
[sim_world-1] [INFO] [1789952296.346407281] [imu_node]: imu_node: faults cleared
[planning_node-4] [INFO] [1789952296.346447522] [planning_node]: planning_node: faults cleared
[sim_world-1] [INFO] [1789952296.347087772] [camera_node]: camera_node: faults cleared
[sim_world-1] [INFO] [1789952296.347517211] [odometry_node]: odometry_node: faults cleared
[sim_world-1] [INFO] [1789952296.347973507] [lidar_node]: lidar_node: faults cleared
[sim_world-1] [WARN] [1789952298.399141256] [lidar_node]: lidar_node: degradation "noise" param=8 duration=10.0s
[sim_world-1] [WARN] [1789952298.449186597] [lidar_node]: lidar_node: degradation "noise" param=8 duration=10.0s
[sim_world-1] [WARN] [1789952298.499705955] [lidar_node]: lidar_node: degradation "noise" param=8 duration=10.0s
[monitor_node-6] [WARN] [1789952298.517088171] [diagnostic_monitor]: ANOMALY on [lidar_node] /sim/lidar/scan:nan_ratio: Value 0.2444 deviated from baseline 0.0000±0.0001 (z=2444.4, confirmed x2) (sev=1.00)
[sim_world-1] [WARN] [1789952298.550051279] [lidar_node]: lidar_node: degradation "noise" param=8 duration=10.0s
[monitor_node-6] [WARN] [1789952298.616924111] [diagnostic_monitor]: ANOMALY on [lidar_node] /sim/lidar/scan:nan_ratio: Value 0.3111 deviated from baseline 0.0000±0.0001 (z=3111.1, confirmed x3) (sev=1.00)
[monitor_node-6] [WARN] [1789952298.717024655] [diagnostic_monitor]: ANOMALY on [lidar_node] /sim/lidar/scan:nan_ratio: Value 0.3222 deviated from baseline 0.0000±0.0001 (z=3222.2, confirmed x4) (sev=1.00)
[monitor_node-6] [WARN] [1789952298.721810429] [diagnostic_monitor]: ANOMALY on [perception_node] /perception/obstacles:obstacle_empty: Value 1.0000 deviated from baseline 0.0000±0.0001 (z=10000.0, confirmed x2) (sev=1.00)
[monitor_node-6] [WARN] [1789952298.817221612] [diagnostic_monitor]: ANOMALY on [lidar_node] /sim/lidar/scan:nan_ratio: Value 0.3000 deviated from baseline 0.0000±0.0001 (z=3000.0, confirmed x5) (sev=1.00)
[monitor_node-6] [WARN] [1789952298.917234826] [diagnostic_monitor]: ANOMALY on [lidar_node] /sim/lidar/scan:nan_ratio: Value 0.3778 deviated from baseline 0.0000±0.0001 (z=3777.8, confirmed x6) (sev=1.00)
[monitor_node-6] [INFO] [1789952298.977445823] [diagnostic_monitor]: 
[monitor_node-6] ============================================================
[monitor_node-6] ROOT CAUSE DIAGNOSIS: lidar_node (Confidence: 1.000)
[monitor_node-6] ============================================================
[monitor_node-6] Score Breakdown  R(C) = wD*D + wT*T + wS*S + wA*A:
[monitor_node-6]   R(lidar_node) = 0.3·D(1.00) + 0.3·T(1.00) + 0.25·S(1.00) + 0.15·A(1.00) = 1.000
[monitor_node-6]   - Dependency D: 1.00 (reaches 1 downstream anomalous node(s); 0 anomalous upstream node(s))
[monitor_node-6]   - Temporal   T: 1.00 (first anomaly at t=1789952298.42s; earliest in window = supporting evidence, not proof of causality)
[monitor_node-6]   - Symptom    S: 1.00 (explains 2/2 anomalous nodes)
[monitor_node-6]   - Severity   A: 1.00 (max normalised severity on node, 5 direct anomaly event(s))
[monitor_node-6] 
[monitor_node-6] Propagation Chain (evidence-ordered, via discovered graph edges):
[monitor_node-6]   lidar_node (t=1789952298.42s: /sim/lidar/scan:nan_ratio, sev=1.00)
[monitor_node-6]     └─→ perception_node via /sim/lidar/scan (t=1789952298.62s, +0.20s after lidar_node: /perception/obstacles:obstacle_empty)
[monitor_node-6] 
[monitor_node-6] Candidate Ranking & Evidence Comparison:
[monitor_node-6]   #2 perception_node      R=0.565 (Δ -0.435) [first anomaly 0.20s after lidar_node; downstream of lidar_node in discovered graph; lower symptom coverage (50% vs 100%)]
[monitor_node-6]   #3 camera_node          R=0.290 (Δ -0.710) [no direct anomaly observed; does not reach observed symptoms via dependency edges; lower symptom coverage (50% vs 100%)]
[monitor_node-6] ============================================================
[monitor_node-6] [WARN] [1789952299.017059065] [diagnostic_monitor]: ANOMALY on [lidar_node] /sim/lidar/scan:nan_ratio: Value 0.2333 deviated from baseline 0.0000±0.0001 (z=2333.3, confirmed x7) (sev=1.00)
[monitor_node-6] [WARN] [1789952299.117412359] [diagnostic_monitor]: ANOMALY on [lidar_node] /sim/lidar/scan:nan_ratio: Value 0.2889 deviated from baseline 0.0000±0.0001 (z=2888.9, confirmed x8) (sev=1.00)
[monitor_node-6] [WARN] [1789952299.216761638] [diagnostic_monitor]: ANOMALY on [lidar_node] /sim/lidar/scan:nan_ratio: Value 0.2333 deviated from baseline 0.0000±0.0001 (z=2333.3, confirmed x9) (sev=1.00)
[monitor_node-6] [WARN] [1789952299.316829341] [diagnostic_monitor]: ANOMALY on [lidar_node] /sim/lidar/scan:nan_ratio: Value 0.4222 deviated from baseline 0.0000±0.0001 (z=4222.2, confirmed x10) (sev=1.00)
[monitor_node-6] [WARN] [1789952299.417196406] [diagnostic_monitor]: ANOMALY on [lidar_node] /sim/lidar/scan:nan_ratio: Value 0.3222 deviated from baseline 0.0000±0.0001 (z=3222.2, confirmed x11) (sev=1.00)
[monitor_node-6] [WARN] [1789952299.421999931] [diagnostic_monitor]: ANOMALY on [perception_node] /perception/obstacles:obstacle_empty: Value 1.0000 deviated from baseline 0.0000±0.0001 (z=10000.0, confirmed x2) (sev=1.00)
[monitor_node-6] [WARN] [1789952299.517075634] [diagnostic_monitor]: ANOMALY on [lidar_node] /sim/lidar/scan:nan_ratio: Value 0.4778 deviated from baseline 0.0000±0.0001 (z=4777.8, confirmed x12) (sev=1.00)
[monitor_node-6] [WARN] [1789952299.522278641] [diagnostic_monitor]: ANOMALY on [perception_node] /perception/obstacles:obstacle_empty: Value 1.0000 deviated from baseline 0.0000±0.0001 (z=10000.0, confirmed x3) (sev=1.00)
[monitor_node-6] [WARN] [1789952299.617819387] [diagnostic_monitor]: ANOMALY on [lidar_node] /sim/lidar/scan:nan_ratio: Value 0.4000 deviated from baseline 0.0000±0.0001 (z=4000.0, confirmed x13) (sev=1.00)
[monitor_node-6] [WARN] [1789952299.622068514] [diagnostic_monitor]: ANOMALY on [perception_node] /perception/obstacles:obstacle_empty: Value 1.0000 deviated from baseline 0.0000±0.0001 (z=10000.0, confirmed x4) (sev=1.00)
[monitor_node-6] [WARN] [1789952299.717309638] [diagnostic_monitor]: ANOMALY on [lidar_node] /sim/lidar/scan:nan_ratio: Value 0.2889 deviated from baseline 0.0000±0.0001 (z=2888.9, confirmed x14) (sev=1.00)
[monitor_node-6] [WARN] [1789952299.816839674] [diagnostic_monitor]: ANOMALY on [lidar_node] /sim/lidar/scan:nan_ratio: Value 0.2778 deviated from baseline 0.0000±0.0001 (z=2777.8, confirmed x15) (sev=1.00)
[monitor_node-6] [WARN] [1789952299.917352415] [diagnostic_monitor]: ANOMALY on [lidar_node] /sim/lidar/scan:nan_ratio: Value 0.2556 deviated from baseline 0.0000±0.0001 (z=2555.6, confirmed x16) (sev=1.00)
[monitor_node-6] [WARN] [1789952300.017727689] [diagnostic_monitor]: ANOMALY on [lidar_node] /sim/lidar/scan:nan_ratio: Value 0.3667 deviated from baseline 0.0000±0.0001 (z=3666.7, confirmed x17) (sev=1.00)
[monitor_node-6] [WARN] [1789952300.117562779] [diagnostic_monitor]: ANOMALY on [lidar_node] /sim/lidar/scan:nan_ratio: Value 0.4333 deviated from baseline 0.0000±0.0001 (z=4333.3, confirmed x18) (sev=1.00)
[monitor_node-6] [WARN] [1789952300.121844541] [diagnostic_monitor]: ANOMALY on [perception_node] /perception/obstacles:obstacle_empty: Value 1.0000 deviated from baseline 0.0000±0.0001 (z=10000.0, confirmed x2) (sev=1.00)
[monitor_node-6] [WARN] [1789952300.217080378] [diagnostic_monitor]: ANOMALY on [lidar_node] /sim/lidar/scan:nan_ratio: Value 0.3000 deviated from baseline 0.0000±0.0001 (z=3000.0, confirmed x19) (sev=1.00)
[monitor_node-6] [WARN] [1789952300.317391401] [diagnostic_monitor]: ANOMALY on [lidar_node] /sim/lidar/scan:nan_ratio: Value 0.3444 deviated from baseline 0.0000±0.0001 (z=3444.4, confirmed x20) (sev=1.00)
[monitor_node-6] [WARN] [1789952300.416845702] [diagnostic_monitor]: ANOMALY on [lidar_node] /sim/lidar/scan:nan_ratio: Value 0.3333 deviated from baseline 0.0000±0.0001 (z=3333.3, confirmed x21) (sev=1.00)
[monitor_node-6] [WARN] [1789952300.422290553] [diagnostic_monitor]: ANOMALY on [perception_node] /perception/obstacles:obstacle_empty: Value 1.0000 deviated from baseline 0.0000±0.0001 (z=10000.0, confirmed x2) (sev=1.00)
[monitor_node-6] [WARN] [1789952300.517130294] [diagnostic_monitor]: ANOMALY on [lidar_node] /sim/lidar/scan:nan_ratio: Value 0.2778 deviated from baseline 0.0000±0.0001 (z=2777.8, confirmed x22) (sev=1.00)
[monitor_node-6] [WARN] [1789952300.616941656] [diagnostic_monitor]: ANOMALY on [lidar_node] /sim/lidar/scan:nan_ratio: Value 0.4556 deviated from baseline 0.0000±0.0001 (z=4555.6, confirmed x23) (sev=1.00)
[monitor_node-6] [WARN] [1789952300.716991052] [diagnostic_monitor]: ANOMALY on [lidar_node] /sim/lidar/scan:nan_ratio: Value 0.2889 deviated from baseline 0.0000±0.0001 (z=2888.9, confirmed x24) (sev=1.00)
[monitor_node-6] [WARN] [1789952300.817296992] [diagnostic_monitor]: ANOMALY on [lidar_node] /sim/lidar/scan:nan_ratio: Value 0.2889 deviated from baseline 0.0000±0.0001 (z=2888.9, confirmed x25) (sev=1.00)
[monitor_node-6] [WARN] [1789952300.917002390] [diagnostic_monitor]: ANOMALY on [lidar_node] /sim/lidar/scan:nan_ratio: Value 0.3778 deviated from baseline 0.0000±0.0001 (z=3777.8, confirmed x26) (sev=1.00)
[monitor_node-6] [WARN] [1789952301.018028015] [diagnostic_monitor]: ANOMALY on [lidar_node] /sim/lidar/scan:nan_ratio: Value 0.3444 deviated from baseline 0.0000±0.0001 (z=3444.4, confirmed x27) (sev=1.00)
[monitor_node-6] [WARN] [1789952301.022480479] [diagnostic_monitor]: ANOMALY on [perception_node] /perception/obstacles:obstacle_empty: Value 1.0000 deviated from baseline 0.0000±0.0001 (z=10000.0, confirmed x2) (sev=1.00)
[monitor_node-6] [WARN] [1789952301.116954449] [diagnostic_monitor]: ANOMALY on [lidar_node] /sim/lidar/scan:nan_ratio: Value 0.2778 deviated from baseline 0.0000±0.0001 (z=2777.8, confirmed x28) (sev=1.00)
[monitor_node-6] [WARN] [1789952301.217045934] [diagnostic_monitor]: ANOMALY on [lidar_node] /sim/lidar/scan:nan_ratio: Value 0.3667 deviated from baseline 0.0000±0.0001 (z=3666.7, confirmed x29) (sev=1.00)
[monitor_node-6] [WARN] [1789952301.316912955] [diagnostic_monitor]: ANOMALY on [lidar_node] /sim/lidar/scan:nan_ratio: Value 0.3556 deviated from baseline 0.0000±0.0001 (z=3555.6, confirmed x30) (sev=1.00)
[monitor_node-6] [WARN] [1789952301.322104129] [diagnostic_monitor]: ANOMALY on [perception_node] /perception/obstacles:obstacle_empty: Value 1.0000 deviated from baseline 0.0000±0.0001 (z=10000.0, confirmed x2) (sev=1.00)
[monitor_node-6] [WARN] [1789952301.617440780] [diagnostic_monitor]: ANOMALY on [lidar_node] /sim/lidar/scan:nan_ratio: Value 0.3667 deviated from baseline 0.0006±0.0104 (z=35.3, confirmed x2) (sev=1.00)
[monitor_node-6] [WARN] [1789952301.621788262] [diagnostic_monitor]: ANOMALY on [perception_node] /perception/obstacles:obstacle_empty: Value 1.0000 deviated from baseline 0.0000±0.0001 (z=10000.0, confirmed x2) (sev=1.00)
[monitor_node-6] [WARN] [1789952301.717039718] [diagnostic_monitor]: ANOMALY on [lidar_node] /sim/lidar/scan:nan_ratio: Value 0.3556 deviated from baseline 0.0006±0.0104 (z=34.3, confirmed x3) (sev=1.00)
[monitor_node-6] [WARN] [1789952301.722080419] [diagnostic_monitor]: ANOMALY on [perception_node] /perception/obstacles:obstacle_empty: Value 1.0000 deviated from baseline 0.0000±0.0001 (z=10000.0, confirmed x3) (sev=1.00)
[monitor_node-6] [WARN] [1789952301.817192535] [diagnostic_monitor]: ANOMALY on [lidar_node] /sim/lidar/scan:nan_ratio: Value 0.4222 deviated from baseline 0.0006±0.0104 (z=40.7, confirmed x4) (sev=1.00)
[monitor_node-6] [WARN] [1789952301.822093193] [diagnostic_monitor]: ANOMALY on [perception_node] /perception/obstacles:obstacle_empty: Value 1.0000 deviated from baseline 0.0000±0.0001 (z=10000.0, confirmed x4) (sev=1.00)
[monitor_node-6] [WARN] [1789952301.917427866] [diagnostic_monitor]: ANOMALY on [lidar_node] /sim/lidar/scan:nan_ratio: Value 0.3222 deviated from baseline 0.0006±0.0104 (z=31.1, confirmed x5) (sev=1.00)
[monitor_node-6] [WARN] [1789952301.922220260] [diagnostic_monitor]: ANOMALY on [perception_node] /perception/obstacles:obstacle_empty: Value 1.0000 deviated from baseline 0.0000±0.0001 (z=10000.0, confirmed x5) (sev=1.00)
[monitor_node-6] [WARN] [1789952302.018039277] [diagnostic_monitor]: ANOMALY on [lidar_node] /sim/lidar/scan:nan_ratio: Value 0.3333 deviated from baseline 0.0006±0.0104 (z=32.1, confirmed x6) (sev=1.00)
[monitor_node-6] [WARN] [1789952302.022124339] [diagnostic_monitor]: ANOMALY on [perception_node] /perception/obstacles:obstacle_empty: Value 1.0000 deviated from baseline 0.0000±0.0001 (z=10000.0, confirmed x6) (sev=1.00)
[monitor_node-6] [WARN] [1789952302.117426327] [diagnostic_monitor]: ANOMALY on [lidar_node] /sim/lidar/scan:nan_ratio: Value 0.2778 deviated from baseline 0.0006±0.0104 (z=26.8, confirmed x7) (sev=1.00)
[monitor_node-6] [WARN] [1789952302.217021247] [diagnostic_monitor]: ANOMALY on [lidar_node] /sim/lidar/scan:nan_ratio: Value 0.3000 deviated from baseline 0.0006±0.0104 (z=28.9, confirmed x8) (sev=1.00)
[monitor_node-6] [WARN] [1789952302.317134468] [diagnostic_monitor]: ANOMALY on [lidar_node] /sim/lidar/scan:nan_ratio: Value 0.3333 deviated from baseline 0.0006±0.0104 (z=32.1, confirmed x9) (sev=1.00)
[monitor_node-6] [WARN] [1789952302.416942170] [diagnostic_monitor]: ANOMALY on [lidar_node] /sim/lidar/scan:nan_ratio: Value 0.2556 deviated from baseline 0.0006±0.0104 (z=24.6, confirmed x10) (sev=1.00)
[monitor_node-6] [WARN] [1789952302.517065111] [diagnostic_monitor]: ANOMALY on [lidar_node] /sim/lidar/scan:nan_ratio: Value 0.3333 deviated from baseline 0.0006±0.0104 (z=32.1, confirmed x11) (sev=1.00)
[monitor_node-6] [WARN] [1789952302.617345508] [diagnostic_monitor]: ANOMALY on [lidar_node] /sim/lidar/scan:nan_ratio: Value 0.3778 deviated from baseline 0.0006±0.0104 (z=36.4, confirmed x12) (sev=1.00)
[monitor_node-6] [WARN] [1789952302.622299364] [diagnostic_monitor]: ANOMALY on [perception_node] /perception/obstacles:obstacle_empty: Value 1.0000 deviated from baseline 0.0000±0.0001 (z=10000.0, confirmed x2) (sev=1.00)
[monitor_node-6] [WARN] [1789952302.717492656] [diagnostic_monitor]: ANOMALY on [lidar_node] /sim/lidar/scan:nan_ratio: Value 0.2889 deviated from baseline 0.0006±0.0104 (z=27.8, confirmed x13) (sev=1.00)
[monitor_node-6] [WARN] [1789952302.817666396] [diagnostic_monitor]: ANOMALY on [lidar_node] /sim/lidar/scan:nan_ratio: Value 0.3111 deviated from baseline 0.0006±0.0104 (z=30.0, confirmed x14) (sev=1.00)
[monitor_node-6] [WARN] [1789952302.917260654] [diagnostic_monitor]: ANOMALY on [lidar_node] /sim/lidar/scan:nan_ratio: Value 0.2667 deviated from baseline 0.0006±0.0104 (z=25.7, confirmed x15) (sev=1.00)
[monitor_node-6] [WARN] [1789952303.017465380] [diagnostic_monitor]: ANOMALY on [lidar_node] /sim/lidar/scan:nan_ratio: Value 0.3556 deviated from baseline 0.0006±0.0104 (z=34.3, confirmed x16) (sev=1.00)
[monitor_node-6] [WARN] [1789952303.117336632] [diagnostic_monitor]: ANOMALY on [lidar_node] /sim/lidar/scan:nan_ratio: Value 0.4000 deviated from baseline 0.0006±0.0104 (z=38.6, confirmed x17) (sev=1.00)
[monitor_node-6] [WARN] [1789952303.121839872] [diagnostic_monitor]: ANOMALY on [perception_node] /perception/obstacles:obstacle_empty: Value 1.0000 deviated from baseline 0.0000±0.0001 (z=10000.0, confirmed x2) (sev=1.00)
[monitor_node-6] [WARN] [1789952303.217034247] [diagnostic_monitor]: ANOMALY on [lidar_node] /sim/lidar/scan:nan_ratio: Value 0.3889 deviated from baseline 0.0006±0.0104 (z=37.5, confirmed x18) (sev=1.00)
[monitor_node-6] [WARN] [1789952303.222016346] [diagnostic_monitor]: ANOMALY on [perception_node] /perception/obstacles:obstacle_empty: Value 1.0000 deviated from baseline 0.0000±0.0001 (z=10000.0, confirmed x3) (sev=1.00)
[monitor_node-6] [WARN] [1789952303.317422656] [diagnostic_monitor]: ANOMALY on [lidar_node] /sim/lidar/scan:nan_ratio: Value 0.2778 deviated from baseline 0.0006±0.0104 (z=26.8, confirmed x19) (sev=1.00)
[monitor_node-6] [WARN] [1789952303.417282467] [diagnostic_monitor]: ANOMALY on [lidar_node] /sim/lidar/scan:nan_ratio: Value 0.3667 deviated from baseline 0.0006±0.0104 (z=35.3, confirmed x20) (sev=1.00)
[monitor_node-6] [WARN] [1789952303.517351893] [diagnostic_monitor]: ANOMALY on [lidar_node] /sim/lidar/scan:nan_ratio: Value 0.3222 deviated from baseline 0.0006±0.0104 (z=31.1, confirmed x21) (sev=1.00)
[monitor_node-6] [WARN] [1789952303.522065370] [diagnostic_monitor]: ANOMALY on [perception_node] /perception/obstacles:obstacle_empty: Value 1.0000 deviated from baseline 0.0000±0.0001 (z=10000.0, confirmed x2) (sev=1.00)
[monitor_node-6] [WARN] [1789952303.616954946] [diagnostic_monitor]: ANOMALY on [lidar_node] /sim/lidar/scan:nan_ratio: Value 0.2667 deviated from baseline 0.0006±0.0104 (z=25.7, confirmed x22) (sev=1.00)
[monitor_node-6] [WARN] [1789952303.717449376] [diagnostic_monitor]: ANOMALY on [lidar_node] /sim/lidar/scan:nan_ratio: Value 0.3333 deviated from baseline 0.0006±0.0104 (z=32.1, confirmed x23) (sev=1.00)
[monitor_node-6] [WARN] [1789952303.817115048] [diagnostic_monitor]: ANOMALY on [lidar_node] /sim/lidar/scan:nan_ratio: Value 0.2556 deviated from baseline 0.0006±0.0104 (z=24.6, confirmed x24) (sev=1.00)
[monitor_node-6] [WARN] [1789952303.916789280] [diagnostic_monitor]: ANOMALY on [lidar_node] /sim/lidar/scan:nan_ratio: Value 0.3444 deviated from baseline 0.0006±0.0104 (z=33.2, confirmed x25) (sev=1.00)
[monitor_node-6] [WARN] [1789952304.017403881] [diagnostic_monitor]: ANOMALY on [lidar_node] /sim/lidar/scan:nan_ratio: Value 0.3667 deviated from baseline 0.0006±0.0104 (z=35.3, confirmed x26) (sev=1.00)
[monitor_node-6] [WARN] [1789952304.022171811] [diagnostic_monitor]: ANOMALY on [perception_node] /perception/obstacles:obstacle_empty: Value 1.0000 deviated from baseline 0.0000±0.0001 (z=10000.0, confirmed x2) (sev=1.00)
[monitor_node-6] [WARN] [1789952304.117251344] [diagnostic_monitor]: ANOMALY on [lidar_node] /sim/lidar/scan:nan_ratio: Value 0.3667 deviated from baseline 0.0006±0.0104 (z=35.3, confirmed x27) (sev=1.00)
[monitor_node-6] [WARN] [1789952304.121984110] [diagnostic_monitor]: ANOMALY on [perception_node] /perception/obstacles:obstacle_empty: Value 1.0000 deviated from baseline 0.0000±0.0001 (z=10000.0, confirmed x3) (sev=1.00)
[monitor_node-6] [WARN] [1789952304.216695247] [diagnostic_monitor]: ANOMALY on [lidar_node] /sim/lidar/scan:nan_ratio: Value 0.3222 deviated from baseline 0.0006±0.0104 (z=31.1, confirmed x28) (sev=1.00)
[monitor_node-6] [WARN] [1789952304.221819303] [diagnostic_monitor]: ANOMALY on [perception_node] /perception/obstacles:obstacle_empty: Value 1.0000 deviated from baseline 0.0000±0.0001 (z=10000.0, confirmed x4) (sev=1.00)
[monitor_node-6] [WARN] [1789952304.316732217] [diagnostic_monitor]: ANOMALY on [lidar_node] /sim/lidar/scan:nan_ratio: Value 0.3889 deviated from baseline 0.0006±0.0104 (z=37.5, confirmed x29) (sev=1.00)
[monitor_node-6] [WARN] [1789952304.321964220] [diagnostic_monitor]: ANOMALY on [perception_node] /perception/obstacles:obstacle_empty: Value 1.0000 deviated from baseline 0.0000±0.0001 (z=10000.0, confirmed x5) (sev=1.00)
[monitor_node-6] [WARN] [1789952304.417412563] [diagnostic_monitor]: ANOMALY on [lidar_node] /sim/lidar/scan:nan_ratio: Value 0.3000 deviated from baseline 0.0006±0.0104 (z=28.9, confirmed x30) (sev=1.00)
[monitor_node-6] [WARN] [1789952304.516683031] [diagnostic_monitor]: ANOMALY on [lidar_node] /sim/lidar/scan:nan_ratio: Value 0.4111 deviated from baseline 0.0006±0.0104 (z=39.6, confirmed x31) (sev=1.00)
[monitor_node-6] [WARN] [1789952304.617162972] [diagnostic_monitor]: ANOMALY on [lidar_node] /sim/lidar/scan:nan_ratio: Value 0.2444 deviated from baseline 0.0006±0.0104 (z=23.5, confirmed x32) (sev=1.00)
[monitor_node-6] [WARN] [1789952304.716987757] [diagnostic_monitor]: ANOMALY on [lidar_node] /sim/lidar/scan:nan_ratio: Value 0.3111 deviated from baseline 0.0006±0.0104 (z=30.0, confirmed x33) (sev=1.00)
[monitor_node-6] [WARN] [1789952304.816834219] [diagnostic_monitor]: ANOMALY on [lidar_node] /sim/lidar/scan:nan_ratio: Value 0.3333 deviated from baseline 0.0006±0.0104 (z=32.1, confirmed x34) (sev=1.00)
[monitor_node-6] [WARN] [1789952304.821852175] [diagnostic_monitor]: ANOMALY on [perception_node] /perception/obstacles:obstacle_empty: Value 1.0000 deviated from baseline 0.0000±0.0001 (z=10000.0, confirmed x2) (sev=1.00)
[monitor_node-6] [WARN] [1789952304.917572009] [diagnostic_monitor]: ANOMALY on [lidar_node] /sim/lidar/scan:nan_ratio: Value 0.2333 deviated from baseline 0.0006±0.0104 (z=22.5, confirmed x35) (sev=1.00)
[monitor_node-6] [WARN] [1789952305.017329102] [diagnostic_monitor]: ANOMALY on [lidar_node] /sim/lidar/scan:nan_ratio: Value 0.2333 deviated from baseline 0.0006±0.0104 (z=22.5, confirmed x36) (sev=1.00)
[monitor_node-6] [WARN] [1789952305.116956270] [diagnostic_monitor]: ANOMALY on [lidar_node] /sim/lidar/scan:nan_ratio: Value 0.3111 deviated from baseline 0.0006±0.0104 (z=30.0, confirmed x37) (sev=1.00)
[monitor_node-6] [WARN] [1789952305.217101493] [diagnostic_monitor]: ANOMALY on [lidar_node] /sim/lidar/scan:nan_ratio: Value 0.3556 deviated from baseline 0.0006±0.0104 (z=34.3, confirmed x38) (sev=1.00)
[monitor_node-6] [WARN] [1789952305.221654579] [diagnostic_monitor]: ANOMALY on [perception_node] /perception/obstacles:obstacle_empty: Value 1.0000 deviated from baseline 0.0000±0.0001 (z=10000.0, confirmed x2) (sev=1.00)
[monitor_node-6] [WARN] [1789952305.317232478] [diagnostic_monitor]: ANOMALY on [lidar_node] /sim/lidar/scan:nan_ratio: Value 0.3444 deviated from baseline 0.0006±0.0104 (z=33.2, confirmed x39) (sev=1.00)
[monitor_node-6] [WARN] [1789952305.322106998] [diagnostic_monitor]: ANOMALY on [perception_node] /perception/obstacles:obstacle_empty: Value 1.0000 deviated from baseline 0.0000±0.0001 (z=10000.0, confirmed x3) (sev=1.00)
[monitor_node-6] [WARN] [1789952305.416910647] [diagnostic_monitor]: ANOMALY on [lidar_node] /sim/lidar/scan:nan_ratio: Value 0.3111 deviated from baseline 0.0006±0.0104 (z=30.0, confirmed x40) (sev=1.00)
[monitor_node-6] [WARN] [1789952305.421787860] [diagnostic_monitor]: ANOMALY on [perception_node] /perception/obstacles:obstacle_empty: Value 1.0000 deviated from baseline 0.0000±0.0001 (z=10000.0, confirmed x4) (sev=1.00)
[monitor_node-6] [WARN] [1789952305.517030701] [diagnostic_monitor]: ANOMALY on [lidar_node] /sim/lidar/scan:nan_ratio: Value 0.3556 deviated from baseline 0.0006±0.0104 (z=34.3, confirmed x41) (sev=1.00)
[monitor_node-6] [WARN] [1789952305.521748969] [diagnostic_monitor]: ANOMALY on [perception_node] /perception/obstacles:obstacle_empty: Value 1.0000 deviated from baseline 0.0000±0.0001 (z=10000.0, confirmed x5) (sev=1.00)
[monitor_node-6] [WARN] [1789952305.617063497] [diagnostic_monitor]: ANOMALY on [lidar_node] /sim/lidar/scan:nan_ratio: Value 0.3556 deviated from baseline 0.0006±0.0104 (z=34.3, confirmed x42) (sev=1.00)
[monitor_node-6] [WARN] [1789952305.621955708] [diagnostic_monitor]: ANOMALY on [perception_node] /perception/obstacles:obstacle_empty: Value 1.0000 deviated from baseline 0.0000±0.0001 (z=10000.0, confirmed x6) (sev=1.00)
[monitor_node-6] [WARN] [1789952305.717135498] [diagnostic_monitor]: ANOMALY on [lidar_node] /sim/lidar/scan:nan_ratio: Value 0.3778 deviated from baseline 0.0006±0.0104 (z=36.4, confirmed x43) (sev=1.00)
[monitor_node-6] [WARN] [1789952305.721890555] [diagnostic_monitor]: ANOMALY on [perception_node] /perception/obstacles:obstacle_empty: Value 1.0000 deviated from baseline 0.0000±0.0001 (z=10000.0, confirmed x7) (sev=1.00)
[monitor_node-6] [WARN] [1789952305.816909554] [diagnostic_monitor]: ANOMALY on [lidar_node] /sim/lidar/scan:nan_ratio: Value 0.2556 deviated from baseline 0.0006±0.0104 (z=24.6, confirmed x44) (sev=1.00)
[monitor_node-6] [WARN] [1789952305.917264211] [diagnostic_monitor]: ANOMALY on [lidar_node] /sim/lidar/scan:nan_ratio: Value 0.3222 deviated from baseline 0.0006±0.0104 (z=31.1, confirmed x45) (sev=1.00)
[monitor_node-6] [WARN] [1789952306.017319675] [diagnostic_monitor]: ANOMALY on [lidar_node] /sim/lidar/scan:nan_ratio: Value 0.2556 deviated from baseline 0.0006±0.0104 (z=24.6, confirmed x46) (sev=1.00)
[monitor_node-6] [WARN] [1789952306.317238045] [diagnostic_monitor]: ANOMALY on [lidar_node] /sim/lidar/scan:nan_ratio: Value 0.2333 deviated from baseline 0.0014±0.0156 (z=14.9, confirmed x2) (sev=1.00)
[perception_node-2] [INFO] [1789952306.400732333] [perception_node]: perception_node: faults cleared
[localization_node-3] [INFO] [1789952306.400732411] [localization_node]: localization_node: faults cleared
[control_node-5] [INFO] [1789952306.400728353] [control_node]: control_node: faults cleared
[planning_node-4] [INFO] [1789952306.400823534] [planning_node]: planning_node: faults cleared
[sim_world-1] [INFO] [1789952306.401329948] [imu_node]: imu_node: faults cleared
[sim_world-1] [INFO] [1789952306.401904599] [camera_node]: camera_node: faults cleared
[sim_world-1] [INFO] [1789952306.402329330] [odometry_node]: odometry_node: faults cleared
[sim_world-1] [INFO] [1789952306.402830668] [lidar_node]: lidar_node: faults cleared
[perception_node-2] [INFO] [1789952306.451030175] [perception_node]: perception_node: faults cleared
[localization_node-3] [INFO] [1789952306.451041472] [localization_node]: localization_node: faults cleared
[control_node-5] [INFO] [1789952306.451045859] [control_node]: control_node: faults cleared
[planning_node-4] [INFO] [1789952306.451103390] [planning_node]: planning_node: faults cleared
[sim_world-1] [INFO] [1789952306.451542813] [imu_node]: imu_node: faults cleared
[sim_world-1] [INFO] [1789952306.451979044] [camera_node]: camera_node: faults cleared
[sim_world-1] [INFO] [1789952306.452394104] [odometry_node]: odometry_node: faults cleared
[sim_world-1] [INFO] [1789952306.452813664] [lidar_node]: lidar_node: faults cleared
[localization_node-3] [INFO] [1789952306.501305321] [localization_node]: localization_node: faults cleared
[sim_world-1] [INFO] [1789952306.501348169] [imu_node]: imu_node: faults cleared
[control_node-5] [INFO] [1789952306.501573938] [control_node]: control_node: faults cleared
[planning_node-4] [INFO] [1789952306.501574124] [planning_node]: planning_node: faults cleared
[perception_node-2] [INFO] [1789952306.501721181] [perception_node]: perception_node: faults cleared
[sim_world-1] [INFO] [1789952306.501992305] [camera_node]: camera_node: faults cleared
[sim_world-1] [INFO] [1789952306.502590306] [odometry_node]: odometry_node: faults cleared
[sim_world-1] [INFO] [1789952306.503250205] [lidar_node]: lidar_node: faults cleared
[sim_world-1] [INFO] [1789952306.551623378] [imu_node]: imu_node: faults cleared
[localization_node-3] [INFO] [1789952306.551697455] [localization_node]: localization_node: faults cleared
[perception_node-2] [INFO] [1789952306.551721519] [perception_node]: perception_node: faults cleared
[planning_node-4] [INFO] [1789952306.551864116] [planning_node]: planning_node: faults cleared
[control_node-5] [INFO] [1789952306.552001009] [control_node]: control_node: faults cleared
[sim_world-1] [INFO] [1789952306.552327935] [camera_node]: camera_node: faults cleared
[sim_world-1] [INFO] [1789952306.553018516] [odometry_node]: odometry_node: faults cleared
[sim_world-1] [INFO] [1789952306.553501409] [lidar_node]: lidar_node: faults cleared
[localization_node-3] [INFO] [1789952306.603446097] [localization_node]: localization_node: faults cleared
[control_node-5] [INFO] [1789952306.603676814] [control_node]: control_node: faults cleared
[perception_node-2] [INFO] [1789952306.603685380] [perception_node]: perception_node: faults cleared
[planning_node-4] [INFO] [1789952306.603694762] [planning_node]: planning_node: faults cleared
[sim_world-1] [INFO] [1789952306.603740921] [imu_node]: imu_node: faults cleared
[sim_world-1] [INFO] [1789952306.604340923] [camera_node]: camera_node: faults cleared
[sim_world-1] [INFO] [1789952306.604922589] [odometry_node]: odometry_node: faults cleared
[sim_world-1] [INFO] [1789952306.605614284] [lidar_node]: lidar_node: faults cleared
[perception_node-2] [INFO] [1789952306.654056075] [perception_node]: perception_node: faults cleared
[control_node-5] [INFO] [1789952306.654101307] [control_node]: control_node: faults cleared
[localization_node-3] [INFO] [1789952306.654181549] [localization_node]: localization_node: faults cleared
[planning_node-4] [INFO] [1789952306.654227069] [planning_node]: planning_node: faults cleared
[sim_world-1] [INFO] [1789952306.654290293] [imu_node]: imu_node: faults cleared
[sim_world-1] [INFO] [1789952306.654995874] [camera_node]: camera_node: faults cleared
[sim_world-1] [INFO] [1789952306.655432433] [odometry_node]: odometry_node: faults cleared
[sim_world-1] [INFO] [1789952306.655884993] [lidar_node]: lidar_node: faults cleared
[localization_node-3] [INFO] [1789952306.704344810] [localization_node]: localization_node: faults cleared
[sim_world-1] [INFO] [1789952306.704351980] [imu_node]: imu_node: faults cleared
[perception_node-2] [INFO] [1789952306.704613921] [perception_node]: perception_node: faults cleared
[planning_node-4] [INFO] [1789952306.704640904] [planning_node]: planning_node: faults cleared
[sim_world-1] [INFO] [1789952306.705033110] [camera_node]: camera_node: faults cleared
[sim_world-1] [INFO] [1789952306.705681267] [odometry_node]: odometry_node: faults cleared
[control_node-5] [INFO] [1789952306.705717654] [control_node]: control_node: faults cleared
[sim_world-1] [INFO] [1789952306.706358857] [lidar_node]: lidar_node: faults cleared
[perception_node-2] [INFO] [1789952306.754948489] [perception_node]: perception_node: faults cleared
[control_node-5] [INFO] [1789952306.754981476] [control_node]: control_node: faults cleared
[localization_node-3] [INFO] [1789952306.755025080] [localization_node]: localization_node: faults cleared
[sim_world-1] [INFO] [1789952306.755298485] [imu_node]: imu_node: faults cleared
[planning_node-4] [INFO] [1789952306.755328323] [planning_node]: planning_node: faults cleared
[sim_world-1] [INFO] [1789952306.755815175] [camera_node]: camera_node: faults cleared
[sim_world-1] [INFO] [1789952306.756244997] [odometry_node]: odometry_node: faults cleared
[sim_world-1] [INFO] [1789952306.756669369] [lidar_node]: lidar_node: faults cleared
[monitor_node-6] [INFO] [1789952312.479531422] [diagnostic_monitor]: Anomaly window cleared. System operating nominally.
[perception_node-2] [WARN] [1789952314.313075841] [perception_node]: perception_node: degradation "crash" param=0 duration=1.0s
[perception_node-2] [FATAL] [1789952314.313421073] [perception_node]: perception_node: crash -> exiting process
[ERROR] [perception_node-2]: process has died [pid 12402, exit code 1, cmd '/home/lynx/ros2_rca_ws/install/rca_sim/lib/rca_sim/perception_node --ros-args -r __node:=perception_node --params-file /tmp/launch_params_cxfac8pq'].
[monitor_node-6] [WARN] [1789952314.977143182] [diagnostic_monitor]: ANOMALY on [perception_node] message_timeout: Message timeout on /perception/obstacles: no message for 0.75s (expected ~0.100s, threshold 0.45s, last seen t=1789952314.22) (sev=0.92)
[monitor_node-6] [INFO] [1789952314.978421683] [diagnostic_monitor]: 
[monitor_node-6] ============================================================
[monitor_node-6] ROOT CAUSE DIAGNOSIS: perception_node (Confidence: 0.988)
[monitor_node-6] ============================================================
[monitor_node-6] Score Breakdown  R(C) = wD*D + wT*T + wS*S + wA*A:
[monitor_node-6]   R(perception_node) = 0.3·D(1.00) + 0.3·T(1.00) + 0.25·S(1.00) + 0.15·A(0.92) = 0.988
[monitor_node-6]   - Dependency D: 1.00 (reaches 0 downstream anomalous node(s); 0 anomalous upstream node(s))
[monitor_node-6]   - Temporal   T: 1.00 (first anomaly at t=1789952314.67s; earliest in window = supporting evidence, not proof of causality)
[monitor_node-6]   - Symptom    S: 1.00 (explains 1/1 anomalous nodes)
[monitor_node-6]   - Severity   A: 0.92 (max normalised severity on node, 1 direct anomaly event(s))
[monitor_node-6] 
[monitor_node-6] Propagation Chain (evidence-ordered, via discovered graph edges):
[monitor_node-6]   perception_node (t=1789952314.67s: message_timeout, sev=0.92)
[monitor_node-6] 
[monitor_node-6] Candidate Ranking & Evidence Comparison:
[monitor_node-6]   #2 camera_node          R=0.415 (Δ -0.573) [no direct anomaly observed; does not reach observed symptoms via dependency edges]
[monitor_node-6]   #3 lidar_node           R=0.415 (Δ -0.573) [no direct anomaly observed; does not reach observed symptoms via dependency edges]
[monitor_node-6] ============================================================
[monitor_node-6] [WARN] [1789952315.478275880] [diagnostic_monitor]: ANOMALY on [perception_node] message_timeout: Message timeout on /perception/obstacles: no message for 1.26s (expected ~0.100s, threshold 0.45s, last seen t=1789952314.22) (sev=1.00)
[monitor_node-6] [WARN] [1789952315.976944090] [diagnostic_monitor]: ANOMALY on [perception_node] message_timeout: Message timeout on /perception/obstacles: no message for 1.75s (expected ~0.100s, threshold 0.45s, last seen t=1789952314.22) (sev=1.00)
[monitor_node-6] [WARN] [1789952316.415495550] [diagnostic_monitor]: ANOMALY on [localization_node] /localization/pose:pose_uncertainty: Value 0.3398 deviated from baseline 0.0753±0.0273 (z=9.7, confirmed x2) (sev=1.00)
[monitor_node-6] [WARN] [1789952316.465268583] [diagnostic_monitor]: ANOMALY on [localization_node] /localization/pose:pose_uncertainty: Value 0.3483 deviated from baseline 0.0753±0.0273 (z=10.0, confirmed x3) (sev=1.00)
[monitor_node-6] [WARN] [1789952316.478179505] [diagnostic_monitor]: ANOMALY on [perception_node] message_timeout: Message timeout on /perception/obstacles: no message for 2.26s (expected ~0.100s, threshold 0.45s, last seen t=1789952314.22) (sev=1.00)
[monitor_node-6] [WARN] [1789952316.515507985] [diagnostic_monitor]: ANOMALY on [localization_node] /localization/pose:pose_uncertainty: Value 0.3570 deviated from baseline 0.0753±0.0273 (z=10.3, confirmed x4) (sev=1.00)
[monitor_node-6] [WARN] [1789952316.565622167] [diagnostic_monitor]: ANOMALY on [localization_node] /localization/pose:pose_uncertainty: Value 0.3653 deviated from baseline 0.0753±0.0273 (z=10.6, confirmed x5) (sev=1.00)
[monitor_node-6] [WARN] [1789952316.615300603] [diagnostic_monitor]: ANOMALY on [localization_node] /localization/pose:pose_uncertainty: Value 0.3738 deviated from baseline 0.0753±0.0273 (z=10.9, confirmed x6) (sev=1.00)
[monitor_node-6] [WARN] [1789952316.665363065] [diagnostic_monitor]: ANOMALY on [localization_node] /localization/pose:pose_uncertainty: Value 0.3822 deviated from baseline 0.0753±0.0273 (z=11.2, confirmed x7) (sev=1.00)
[monitor_node-6] [WARN] [1789952316.715457941] [diagnostic_monitor]: ANOMALY on [localization_node] /localization/pose:pose_uncertainty: Value 0.3907 deviated from baseline 0.0753±0.0273 (z=11.6, confirmed x8) (sev=1.00)
[monitor_node-6] [WARN] [1789952316.765691582] [diagnostic_monitor]: ANOMALY on [localization_node] /localization/pose:pose_uncertainty: Value 0.3992 deviated from baseline 0.0753±0.0273 (z=11.9, confirmed x9) (sev=1.00)
[monitor_node-6] [WARN] [1789952316.815941809] [diagnostic_monitor]: ANOMALY on [localization_node] /localization/pose:pose_uncertainty: Value 0.4077 deviated from baseline 0.0753±0.0273 (z=12.2, confirmed x10) (sev=1.00)
[monitor_node-6] [WARN] [1789952316.865363195] [diagnostic_monitor]: ANOMALY on [localization_node] /localization/pose:pose_uncertainty: Value 0.4161 deviated from baseline 0.0753±0.0273 (z=12.5, confirmed x11) (sev=1.00)
[monitor_node-6] [WARN] [1789952316.915226092] [diagnostic_monitor]: ANOMALY on [localization_node] /localization/pose:pose_uncertainty: Value 0.4247 deviated from baseline 0.0753±0.0273 (z=12.8, confirmed x12) (sev=1.00)
[monitor_node-6] [WARN] [1789952316.965393044] [diagnostic_monitor]: ANOMALY on [localization_node] /localization/pose:pose_uncertainty: Value 0.4332 deviated from baseline 0.0753±0.0273 (z=13.1, confirmed x13) (sev=1.00)
[monitor_node-6] [WARN] [1789952316.977712734] [diagnostic_monitor]: ANOMALY on [perception_node] message_timeout: Message timeout on /perception/obstacles: no message for 2.75s (expected ~0.100s, threshold 0.45s, last seen t=1789952314.22) (sev=1.00)
[monitor_node-6] [WARN] [1789952317.016123657] [diagnostic_monitor]: ANOMALY on [localization_node] /localization/pose:pose_uncertainty: Value 0.4416 deviated from baseline 0.0753±0.0273 (z=13.4, confirmed x14) (sev=1.00)
[monitor_node-6] [WARN] [1789952317.065909068] [diagnostic_monitor]: ANOMALY on [localization_node] /localization/pose:pose_uncertainty: Value 0.4501 deviated from baseline 0.0753±0.0273 (z=13.7, confirmed x15) (sev=1.00)
[monitor_node-6] [WARN] [1789952317.115237955] [diagnostic_monitor]: ANOMALY on [localization_node] /localization/pose:pose_uncertainty: Value 0.4587 deviated from baseline 0.0753±0.0273 (z=14.0, confirmed x16) (sev=1.00)
[monitor_node-6] [WARN] [1789952317.165692542] [diagnostic_monitor]: ANOMALY on [localization_node] /localization/pose:pose_uncertainty: Value 0.4671 deviated from baseline 0.0753±0.0273 (z=14.4, confirmed x17) (sev=1.00)
[monitor_node-6] [WARN] [1789952317.215465078] [diagnostic_monitor]: ANOMALY on [localization_node] /localization/pose:pose_uncertainty: Value 0.4756 deviated from baseline 0.0753±0.0273 (z=14.7, confirmed x18) (sev=1.00)
[monitor_node-6] [WARN] [1789952317.265804164] [diagnostic_monitor]: ANOMALY on [localization_node] /localization/pose:pose_uncertainty: Value 0.4840 deviated from baseline 0.0753±0.0273 (z=15.0, confirmed x19) (sev=1.00)
[monitor_node-6] [WARN] [1789952317.315225299] [diagnostic_monitor]: ANOMALY on [localization_node] /localization/pose:pose_uncertainty: Value 0.4925 deviated from baseline 0.0753±0.0273 (z=15.3, confirmed x20) (sev=1.00)
[monitor_node-6] [WARN] [1789952317.365399835] [diagnostic_monitor]: ANOMALY on [localization_node] /localization/pose:pose_uncertainty: Value 0.5010 deviated from baseline 0.0753±0.0273 (z=15.6, confirmed x21) (sev=1.00)
[monitor_node-6] [WARN] [1789952317.415666968] [diagnostic_monitor]: ANOMALY on [localization_node] /localization/pose:pose_uncertainty: Value 0.5095 deviated from baseline 0.0753±0.0273 (z=15.9, confirmed x22) (sev=1.00)
[monitor_node-6] [WARN] [1789952317.465312343] [diagnostic_monitor]: ANOMALY on [localization_node] /localization/pose:pose_uncertainty: Value 0.5179 deviated from baseline 0.0753±0.0273 (z=16.2, confirmed x23) (sev=1.00)
[monitor_node-6] [WARN] [1789952317.478133454] [diagnostic_monitor]: ANOMALY on [perception_node] message_timeout: Message timeout on /perception/obstacles: no message for 3.26s (expected ~0.100s, threshold 0.45s, last seen t=1789952314.22) (sev=1.00)
[monitor_node-6] [WARN] [1789952317.516002631] [diagnostic_monitor]: ANOMALY on [localization_node] /localization/pose:pose_uncertainty: Value 0.5265 deviated from baseline 0.0753±0.0273 (z=16.5, confirmed x24) (sev=1.00)
[monitor_node-6] [WARN] [1789952317.565649401] [diagnostic_monitor]: ANOMALY on [localization_node] /localization/pose:pose_uncertainty: Value 0.5349 deviated from baseline 0.0753±0.0273 (z=16.8, confirmed x25) (sev=1.00)
[monitor_node-6] [WARN] [1789952317.615709803] [diagnostic_monitor]: ANOMALY on [localization_node] /localization/pose:pose_uncertainty: Value 0.5435 deviated from baseline 0.0753±0.0273 (z=17.2, confirmed x26) (sev=1.00)
[monitor_node-6] [WARN] [1789952317.665637589] [diagnostic_monitor]: ANOMALY on [localization_node] /localization/pose:pose_uncertainty: Value 0.5519 deviated from baseline 0.0753±0.0273 (z=17.5, confirmed x27) (sev=1.00)
[monitor_node-6] [WARN] [1789952317.715255918] [diagnostic_monitor]: ANOMALY on [localization_node] /localization/pose:pose_uncertainty: Value 0.5604 deviated from baseline 0.0753±0.0273 (z=17.8, confirmed x28) (sev=1.00)
[monitor_node-6] [WARN] [1789952317.765734361] [diagnostic_monitor]: ANOMALY on [localization_node] /localization/pose:pose_uncertainty: Value 0.5689 deviated from baseline 0.0753±0.0273 (z=18.1, confirmed x29) (sev=1.00)
[monitor_node-6] [WARN] [1789952317.815414060] [diagnostic_monitor]: ANOMALY on [localization_node] /localization/pose:pose_uncertainty: Value 0.5774 deviated from baseline 0.0753±0.0273 (z=18.4, confirmed x30) (sev=1.00)
[monitor_node-6] [WARN] [1789952317.865234538] [diagnostic_monitor]: ANOMALY on [localization_node] /localization/pose:pose_uncertainty: Value 0.5859 deviated from baseline 0.0753±0.0273 (z=18.7, confirmed x31) (sev=1.00)
[monitor_node-6] [WARN] [1789952317.915326955] [diagnostic_monitor]: ANOMALY on [localization_node] /localization/pose:pose_uncertainty: Value 0.5944 deviated from baseline 0.0753±0.0273 (z=19.0, confirmed x32) (sev=1.00)
[monitor_node-6] [WARN] [1789952317.965411843] [diagnostic_monitor]: ANOMALY on [localization_node] /localization/pose:pose_uncertainty: Value 0.6029 deviated from baseline 0.0753±0.0273 (z=19.3, confirmed x33) (sev=1.00)
[monitor_node-6] [WARN] [1789952317.976985189] [diagnostic_monitor]: ANOMALY on [perception_node] message_timeout: Message timeout on /perception/obstacles: no message for 3.75s (expected ~0.100s, threshold 0.45s, last seen t=1789952314.22) (sev=1.00)
[monitor_node-6] [WARN] [1789952318.015828670] [diagnostic_monitor]: ANOMALY on [localization_node] /localization/pose:pose_uncertainty: Value 0.6114 deviated from baseline 0.0753±0.0273 (z=19.6, confirmed x34) (sev=1.00)
[monitor_node-6] [WARN] [1789952318.065610324] [diagnostic_monitor]: ANOMALY on [localization_node] /localization/pose:pose_uncertainty: Value 0.6198 deviated from baseline 0.0753±0.0273 (z=20.0, confirmed x35) (sev=1.00)
[monitor_node-6] [WARN] [1789952318.115138334] [diagnostic_monitor]: ANOMALY on [localization_node] /localization/pose:pose_uncertainty: Value 0.6284 deviated from baseline 0.0753±0.0273 (z=20.3, confirmed x36) (sev=1.00)
[monitor_node-6] [WARN] [1789952318.165698618] [diagnostic_monitor]: ANOMALY on [localization_node] /localization/pose:pose_uncertainty: Value 0.6368 deviated from baseline 0.0753±0.0273 (z=20.6, confirmed x37) (sev=1.00)
[monitor_node-6] [WARN] [1789952318.215346386] [diagnostic_monitor]: ANOMALY on [localization_node] /localization/pose:pose_uncertainty: Value 0.6454 deviated from baseline 0.0753±0.0273 (z=20.9, confirmed x38) (sev=1.00)
[monitor_node-6] [WARN] [1789952318.265840012] [diagnostic_monitor]: ANOMALY on [localization_node] /localization/pose:pose_uncertainty: Value 0.6538 deviated from baseline 0.0753±0.0273 (z=21.2, confirmed x39) (sev=1.00)
[monitor_node-6] [WARN] [1789952318.315393922] [diagnostic_monitor]: ANOMALY on [localization_node] /localization/pose:pose_uncertainty: Value 0.6624 deviated from baseline 0.0753±0.0273 (z=21.5, confirmed x40) (sev=1.00)
[INFO] [perception_node-2]: process started with pid [12513]
[monitor_node-6] [WARN] [1789952318.365576886] [diagnostic_monitor]: ANOMALY on [localization_node] /localization/pose:pose_uncertainty: Value 0.6707 deviated from baseline 0.0753±0.0273 (z=21.8, confirmed x41) (sev=1.00)
[monitor_node-6] [WARN] [1789952318.415532281] [diagnostic_monitor]: ANOMALY on [localization_node] /localization/pose:pose_uncertainty: Value 0.6792 deviated from baseline 0.0753±0.0273 (z=22.1, confirmed x42) (sev=1.00)
[monitor_node-6] [WARN] [1789952318.465843175] [diagnostic_monitor]: ANOMALY on [localization_node] /localization/pose:pose_uncertainty: Value 0.6877 deviated from baseline 0.0753±0.0273 (z=22.4, confirmed x43) (sev=1.00)
[monitor_node-6] [WARN] [1789952318.478182601] [diagnostic_monitor]: ANOMALY on [perception_node] message_timeout: Message timeout on /perception/obstacles: no message for 4.26s (expected ~0.100s, threshold 0.45s, last seen t=1789952314.22) (sev=1.00)
[monitor_node-6] [WARN] [1789952318.515178838] [diagnostic_monitor]: ANOMALY on [localization_node] /localization/pose:pose_uncertainty: Value 0.6962 deviated from baseline 0.0753±0.0273 (z=22.8, confirmed x44) (sev=1.00)
[monitor_node-6] [WARN] [1789952318.565509841] [diagnostic_monitor]: ANOMALY on [localization_node] /localization/pose:pose_uncertainty: Value 0.7046 deviated from baseline 0.0753±0.0273 (z=23.1, confirmed x45) (sev=1.00)
[monitor_node-6] [WARN] [1789952318.616010970] [diagnostic_monitor]: ANOMALY on [localization_node] /localization/pose:pose_uncertainty: Value 0.7133 deviated from baseline 0.0753±0.0273 (z=23.4, confirmed x46) (sev=1.00)
[monitor_node-6] [WARN] [1789952318.666003778] [diagnostic_monitor]: ANOMALY on [localization_node] /localization/pose:pose_uncertainty: Value 0.7216 deviated from baseline 0.0753±0.0273 (z=23.7, confirmed x47) (sev=1.00)
[monitor_node-6] [WARN] [1789952318.715502976] [diagnostic_monitor]: ANOMALY on [localization_node] /localization/pose:pose_uncertainty: Value 0.7305 deviated from baseline 0.0753±0.0273 (z=24.0, confirmed x48) (sev=1.00)
[monitor_node-6] [WARN] [1789952318.765630738] [diagnostic_monitor]: ANOMALY on [localization_node] /localization/pose:pose_uncertainty: Value 0.7388 deviated from baseline 0.0753±0.0273 (z=24.3, confirmed x49) (sev=1.00)
[monitor_node-6] [WARN] [1789952318.815511629] [diagnostic_monitor]: ANOMALY on [localization_node] /localization/pose:pose_uncertainty: Value 0.7471 deviated from baseline 0.0753±0.0273 (z=24.6, confirmed x50) (sev=1.00)
[monitor_node-6] [WARN] [1789952318.865316100] [diagnostic_monitor]: ANOMALY on [localization_node] /localization/pose:pose_uncertainty: Value 0.7556 deviated from baseline 0.0753±0.0273 (z=24.9, confirmed x51) (sev=1.00)
[monitor_node-6] [WARN] [1789952318.915846746] [diagnostic_monitor]: ANOMALY on [localization_node] /localization/pose:pose_uncertainty: Value 0.7642 deviated from baseline 0.0753±0.0273 (z=25.2, confirmed x52) (sev=1.00)
[perception_node-2] [INFO] [1789952318.961105228] [perception_node]: perception_node ready (lidar + camera -> /perception/obstacles)
[monitor_node-6] [WARN] [1789952318.965190011] [diagnostic_monitor]: ANOMALY on [localization_node] /localization/pose:pose_uncertainty: Value 0.7725 deviated from baseline 0.0753±0.0273 (z=25.6, confirmed x53) (sev=1.00)
[monitor_node-6] [WARN] [1789952318.976993669] [diagnostic_monitor]: ANOMALY on [perception_node] message_timeout: Message timeout on /perception/obstacles: no message for 4.75s (expected ~0.100s, threshold 0.45s, last seen t=1789952314.22) (sev=1.00)
[monitor_node-6] [WARN] [1789952319.015570438] [diagnostic_monitor]: ANOMALY on [localization_node] /localization/pose:pose_uncertainty: Value 0.7811 deviated from baseline 0.0753±0.0273 (z=25.9, confirmed x54) (sev=1.00)
[monitor_node-6] [WARN] [1789952319.478233545] [diagnostic_monitor]: ANOMALY on [perception_node] message_timeout: Message timeout on /perception/obstacles: no message for 5.26s (expected ~0.100s, threshold 0.45s, last seen t=1789952314.22) (sev=1.00)
[monitor_node-6] [WARN] [1789952319.976997407] [diagnostic_monitor]: ANOMALY on [perception_node] message_timeout: Message timeout on /perception/obstacles: no message for 5.75s (expected ~0.100s, threshold 0.45s, last seen t=1789952314.22) (sev=1.00)
[control_node-5] [INFO] [1789952324.315354200] [control_node]: control_node: faults cleared
[planning_node-4] [INFO] [1789952324.315472694] [planning_node]: planning_node: faults cleared
[perception_node-2] [INFO] [1789952324.315478214] [perception_node]: perception_node: faults cleared
[localization_node-3] [INFO] [1789952324.315508668] [localization_node]: localization_node: faults cleared
[sim_world-1] [INFO] [1789952324.315753610] [imu_node]: imu_node: faults cleared
[sim_world-1] [INFO] [1789952324.316566875] [camera_node]: camera_node: faults cleared
[sim_world-1] [INFO] [1789952324.317013600] [odometry_node]: odometry_node: faults cleared
[sim_world-1] [INFO] [1789952324.317495308] [lidar_node]: lidar_node: faults cleared
[localization_node-3] [INFO] [1789952324.365576122] [localization_node]: localization_node: faults cleared
[control_node-5] [INFO] [1789952324.365575113] [control_node]: control_node: faults cleared
[perception_node-2] [INFO] [1789952324.365645959] [perception_node]: perception_node: faults cleared
[sim_world-1] [INFO] [1789952324.365734965] [imu_node]: imu_node: faults cleared
[planning_node-4] [INFO] [1789952324.365895040] [planning_node]: planning_node: faults cleared
[sim_world-1] [INFO] [1789952324.366333803] [camera_node]: camera_node: faults cleared
[sim_world-1] [INFO] [1789952324.366782406] [odometry_node]: odometry_node: faults cleared
[sim_world-1] [INFO] [1789952324.367224384] [lidar_node]: lidar_node: faults cleared
[control_node-5] [INFO] [1789952324.415748250] [control_node]: control_node: faults cleared
[planning_node-4] [INFO] [1789952324.415928847] [planning_node]: planning_node: faults cleared
[localization_node-3] [INFO] [1789952324.415967794] [localization_node]: localization_node: faults cleared
[perception_node-2] [INFO] [1789952324.415981991] [perception_node]: perception_node: faults cleared
[sim_world-1] [INFO] [1789952324.416280696] [imu_node]: imu_node: faults cleared
[sim_world-1] [INFO] [1789952324.416768782] [camera_node]: camera_node: faults cleared
[sim_world-1] [INFO] [1789952324.417206559] [odometry_node]: odometry_node: faults cleared
[sim_world-1] [INFO] [1789952324.417691299] [lidar_node]: lidar_node: faults cleared
[localization_node-3] [INFO] [1789952324.466211866] [localization_node]: localization_node: faults cleared
[perception_node-2] [INFO] [1789952324.466225938] [perception_node]: perception_node: faults cleared
[planning_node-4] [INFO] [1789952324.466229334] [planning_node]: planning_node: faults cleared
[control_node-5] [INFO] [1789952324.466232630] [control_node]: control_node: faults cleared
[sim_world-1] [INFO] [1789952324.466373190] [imu_node]: imu_node: faults cleared
[sim_world-1] [INFO] [1789952324.466939958] [camera_node]: camera_node: faults cleared
[sim_world-1] [INFO] [1789952324.467339847] [odometry_node]: odometry_node: faults cleared
[sim_world-1] [INFO] [1789952324.467790535] [lidar_node]: lidar_node: faults cleared
[planning_node-4] [INFO] [1789952324.518334015] [planning_node]: planning_node: faults cleared
[perception_node-2] [INFO] [1789952324.518609407] [perception_node]: perception_node: faults cleared
[localization_node-3] [INFO] [1789952324.518638550] [localization_node]: localization_node: faults cleared
[control_node-5] [INFO] [1789952324.518660312] [control_node]: control_node: faults cleared
[sim_world-1] [INFO] [1789952324.518961896] [imu_node]: imu_node: faults cleared
[sim_world-1] [INFO] [1789952324.519437260] [camera_node]: camera_node: faults cleared
[sim_world-1] [INFO] [1789952324.519846194] [odometry_node]: odometry_node: faults cleared
[sim_world-1] [INFO] [1789952324.520273524] [lidar_node]: lidar_node: faults cleared
[perception_node-2] [INFO] [1789952324.568990429] [perception_node]: perception_node: faults cleared
[planning_node-4] [INFO] [1789952324.569082689] [planning_node]: planning_node: faults cleared
[control_node-5] [INFO] [1789952324.569208881] [control_node]: control_node: faults cleared
[localization_node-3] [INFO] [1789952324.569228007] [localization_node]: localization_node: faults cleared
[sim_world-1] [INFO] [1789952324.569268989] [imu_node]: imu_node: faults cleared
[sim_world-1] [INFO] [1789952324.569960651] [camera_node]: camera_node: faults cleared
[sim_world-1] [INFO] [1789952324.570348602] [odometry_node]: odometry_node: faults cleared
[sim_world-1] [INFO] [1789952324.570924776] [lidar_node]: lidar_node: faults cleared
[perception_node-2] [INFO] [1789952324.619434320] [perception_node]: perception_node: faults cleared
[planning_node-4] [INFO] [1789952324.619439020] [planning_node]: planning_node: faults cleared
[control_node-5] [INFO] [1789952324.619439817] [control_node]: control_node: faults cleared
[localization_node-3] [INFO] [1789952324.619446675] [localization_node]: localization_node: faults cleared
[sim_world-1] [INFO] [1789952324.619638442] [imu_node]: imu_node: faults cleared
[sim_world-1] [INFO] [1789952324.620216455] [camera_node]: camera_node: faults cleared
[sim_world-1] [INFO] [1789952324.620617844] [odometry_node]: odometry_node: faults cleared
[sim_world-1] [INFO] [1789952324.621046468] [lidar_node]: lidar_node: faults cleared
[planning_node-4] [INFO] [1789952324.669719909] [planning_node]: planning_node: faults cleared
[perception_node-2] [INFO] [1789952324.669728120] [perception_node]: perception_node: faults cleared
[control_node-5] [INFO] [1789952324.669896534] [control_node]: control_node: faults cleared
[localization_node-3] [INFO] [1789952324.669895958] [localization_node]: localization_node: faults cleared
[sim_world-1] [INFO] [1789952324.670617110] [imu_node]: imu_node: faults cleared
[sim_world-1] [INFO] [1789952324.671061639] [camera_node]: camera_node: faults cleared
[sim_world-1] [INFO] [1789952324.671448527] [odometry_node]: odometry_node: faults cleared
[sim_world-1] [INFO] [1789952324.671881707] [lidar_node]: lidar_node: faults cleared
[monitor_node-6] [INFO] [1789952326.478439771] [diagnostic_monitor]: Anomaly window cleared. System operating nominally.
[planning_node-4] [WARN] [1789952328.224452024] [planning_node]: planning_node: degradation "topic_change" param=1 duration=10.0s
[planning_node-4] [WARN] [1789952328.227142464] [planning_node]: planning_node: pose source = odom
[planning_node-4] [WARN] [1789952328.274855214] [planning_node]: planning_node: degradation "topic_change" param=1 duration=10.0s
[planning_node-4] [WARN] [1789952328.277112174] [planning_node]: planning_node: pose source = odom
[planning_node-4] [WARN] [1789952328.325673335] [planning_node]: planning_node: degradation "topic_change" param=1 duration=10.0s
[planning_node-4] [WARN] [1789952328.327755693] [planning_node]: planning_node: pose source = odom
[planning_node-4] [WARN] [1789952328.375919188] [planning_node]: planning_node: degradation "topic_change" param=1 duration=10.0s
[planning_node-4] [WARN] [1789952328.378284172] [planning_node]: planning_node: pose source = odom
[monitor_node-6] [INFO] [1789952328.478237512] [diagnostic_monitor]: Discovered graph: nodes=['camera_node', 'control_node', 'imu_node', 'lidar_node', 'localization_node', 'odometry_node', 'perception_node', 'planning_node', 'sim_world'] edges=[camera_node->perception_node, control_node->sim_world, imu_node->localization_node, lidar_node->perception_node, odometry_node->localization_node, odometry_node->planning_node, perception_node->localization_node, perception_node->planning_node, planning_node->control_node]
[planning_node-4] [INFO] [1789952336.224594426] [planning_node]: planning_node: faults cleared
[control_node-5] [INFO] [1789952336.224839281] [control_node]: control_node: faults cleared
[perception_node-2] [INFO] [1789952336.224858745] [perception_node]: perception_node: faults cleared
[localization_node-3] [INFO] [1789952336.224943130] [localization_node]: localization_node: faults cleared
[sim_world-1] [INFO] [1789952336.225126883] [imu_node]: imu_node: faults cleared
[sim_world-1] [INFO] [1789952336.225714559] [camera_node]: camera_node: faults cleared
[sim_world-1] [INFO] [1789952336.226249101] [odometry_node]: odometry_node: faults cleared
[planning_node-4] [WARN] [1789952336.226363551] [planning_node]: planning_node: pose source = localization
[sim_world-1] [INFO] [1789952336.226722975] [lidar_node]: lidar_node: faults cleared
[control_node-5] [INFO] [1789952336.275243144] [control_node]: control_node: faults cleared
[perception_node-2] [INFO] [1789952336.275264468] [perception_node]: perception_node: faults cleared
[localization_node-3] [INFO] [1789952336.275327685] [localization_node]: localization_node: faults cleared
[sim_world-1] [INFO] [1789952336.275355860] [imu_node]: imu_node: faults cleared
[planning_node-4] [INFO] [1789952336.275386095] [planning_node]: planning_node: faults cleared
[sim_world-1] [INFO] [1789952336.275993331] [camera_node]: camera_node: faults cleared
[sim_world-1] [INFO] [1789952336.276426211] [odometry_node]: odometry_node: faults cleared
[sim_world-1] [INFO] [1789952336.276828237] [lidar_node]: lidar_node: faults cleared
[planning_node-4] [INFO] [1789952336.325430086] [planning_node]: planning_node: faults cleared
[localization_node-3] [INFO] [1789952336.325445245] [localization_node]: localization_node: faults cleared
[control_node-5] [INFO] [1789952336.325709967] [control_node]: control_node: faults cleared
[perception_node-2] [INFO] [1789952336.325761188] [perception_node]: perception_node: faults cleared
[sim_world-1] [INFO] [1789952336.326419165] [imu_node]: imu_node: faults cleared
[sim_world-1] [INFO] [1789952336.326982289] [camera_node]: camera_node: faults cleared
[sim_world-1] [INFO] [1789952336.327574963] [odometry_node]: odometry_node: faults cleared
[sim_world-1] [INFO] [1789952336.328300108] [lidar_node]: lidar_node: faults cleared
[perception_node-2] [INFO] [1789952336.376296313] [perception_node]: perception_node: faults cleared
[localization_node-3] [INFO] [1789952336.376308865] [localization_node]: localization_node: faults cleared
[control_node-5] [INFO] [1789952336.376427510] [control_node]: control_node: faults cleared
[planning_node-4] [INFO] [1789952336.376458735] [planning_node]: planning_node: faults cleared
[sim_world-1] [INFO] [1789952336.376513316] [imu_node]: imu_node: faults cleared
[sim_world-1] [INFO] [1789952336.377258310] [camera_node]: camera_node: faults cleared
[sim_world-1] [INFO] [1789952336.378009085] [odometry_node]: odometry_node: faults cleared
[sim_world-1] [INFO] [1789952336.378577185] [lidar_node]: lidar_node: faults cleared
[localization_node-3] [INFO] [1789952336.427901815] [localization_node]: localization_node: faults cleared
[control_node-5] [INFO] [1789952336.427916677] [control_node]: control_node: faults cleared
[planning_node-4] [INFO] [1789952336.427932521] [planning_node]: planning_node: faults cleared
[perception_node-2] [INFO] [1789952336.428210477] [perception_node]: perception_node: faults cleared
[sim_world-1] [INFO] [1789952336.428655823] [imu_node]: imu_node: faults cleared
[sim_world-1] [INFO] [1789952336.429143677] [camera_node]: camera_node: faults cleared
[sim_world-1] [INFO] [1789952336.429583189] [odometry_node]: odometry_node: faults cleared
[sim_world-1] [INFO] [1789952336.430030870] [lidar_node]: lidar_node: faults cleared
[monitor_node-6] [INFO] [1789952336.477509892] [diagnostic_monitor]: Discovered graph: nodes=['camera_node', 'control_node', 'imu_node', 'lidar_node', 'localization_node', 'odometry_node', 'perception_node', 'planning_node', 'sim_world'] edges=[camera_node->perception_node, control_node->sim_world, imu_node->localization_node, lidar_node->perception_node, localization_node->planning_node, odometry_node->localization_node, perception_node->localization_node, perception_node->planning_node, planning_node->control_node]
[localization_node-3] [INFO] [1789952336.478688559] [localization_node]: localization_node: faults cleared
[control_node-5] [INFO] [1789952336.478688498] [control_node]: control_node: faults cleared
[planning_node-4] [INFO] [1789952336.478744891] [planning_node]: planning_node: faults cleared
[perception_node-2] [INFO] [1789952336.478826261] [perception_node]: perception_node: faults cleared
[sim_world-1] [INFO] [1789952336.479071436] [imu_node]: imu_node: faults cleared
[sim_world-1] [INFO] [1789952336.479778938] [camera_node]: camera_node: faults cleared
[sim_world-1] [INFO] [1789952336.480256286] [odometry_node]: odometry_node: faults cleared
[sim_world-1] [INFO] [1789952336.480830889] [lidar_node]: lidar_node: faults cleared
[localization_node-3] [INFO] [1789952336.529073957] [localization_node]: localization_node: faults cleared
[sim_world-1] [INFO] [1789952336.529210803] [imu_node]: imu_node: faults cleared
[planning_node-4] [INFO] [1789952336.529220170] [planning_node]: planning_node: faults cleared
[perception_node-2] [INFO] [1789952336.529307290] [perception_node]: perception_node: faults cleared
[control_node-5] [INFO] [1789952336.529336788] [control_node]: control_node: faults cleared
[sim_world-1] [INFO] [1789952336.529942952] [camera_node]: camera_node: faults cleared
[sim_world-1] [INFO] [1789952336.530563054] [odometry_node]: odometry_node: faults cleared
[sim_world-1] [INFO] [1789952336.531345184] [lidar_node]: lidar_node: faults cleared
[localization_node-3] [INFO] [1789952336.579418004] [localization_node]: localization_node: faults cleared
[perception_node-2] [INFO] [1789952336.579467369] [perception_node]: perception_node: faults cleared
[planning_node-4] [INFO] [1789952336.579538163] [planning_node]: planning_node: faults cleared
[control_node-5] [INFO] [1789952336.579579894] [control_node]: control_node: faults cleared
[sim_world-1] [INFO] [1789952336.580817703] [imu_node]: imu_node: faults cleared
[sim_world-1] [INFO] [1789952336.581288087] [camera_node]: camera_node: faults cleared
[sim_world-1] [INFO] [1789952336.581728469] [odometry_node]: odometry_node: faults cleared
[sim_world-1] [INFO] [1789952336.582236510] [lidar_node]: lidar_node: faults cleared
[sim_world-1] [WARN] [1789952338.631960386] [odometry_node]: odometry_node: degradation "stale" param=1 duration=10.0s
[sim_world-1] [WARN] [1789952338.682223337] [odometry_node]: odometry_node: degradation "stale" param=1 duration=10.0s
[monitor_node-6] [WARN] [1789952338.707152344] [diagnostic_monitor]: ANOMALY on [odometry_node] /sim/odom:stale_repeat: Value 1.0000 deviated from baseline 0.0000±0.0001 (z=10000.0, confirmed x2) (sev=1.00)
[monitor_node-6] [WARN] [1789952338.715577512] [diagnostic_monitor]: ANOMALY on [localization_node] /localization/pose:stale_repeat: Value 1.0000 deviated from baseline 0.0000±0.0001 (z=10000.0, confirmed x2) (sev=1.00)
[sim_world-1] [WARN] [1789952338.732633002] [odometry_node]: odometry_node: degradation "stale" param=1 duration=10.0s
[monitor_node-6] [WARN] [1789952338.757337206] [diagnostic_monitor]: ANOMALY on [odometry_node] /sim/odom:stale_repeat: Value 1.0000 deviated from baseline 0.0000±0.0001 (z=10000.0, confirmed x3) (sev=1.00)
[monitor_node-6] [WARN] [1789952338.765467824] [diagnostic_monitor]: ANOMALY on [localization_node] /localization/pose:stale_repeat: Value 1.0000 deviated from baseline 0.0000±0.0001 (z=10000.0, confirmed x3) (sev=1.00)
[sim_world-1] [WARN] [1789952338.783023006] [odometry_node]: odometry_node: degradation "stale" param=1 duration=10.0s
[monitor_node-6] [WARN] [1789952338.807193266] [diagnostic_monitor]: ANOMALY on [odometry_node] /sim/odom:stale_repeat: Value 1.0000 deviated from baseline 0.0000±0.0001 (z=10000.0, confirmed x4) (sev=1.00)
[monitor_node-6] [WARN] [1789952338.815486692] [diagnostic_monitor]: ANOMALY on [localization_node] /localization/pose:stale_repeat: Value 1.0000 deviated from baseline 0.0000±0.0001 (z=10000.0, confirmed x4) (sev=1.00)
[monitor_node-6] [WARN] [1789952338.857736443] [diagnostic_monitor]: ANOMALY on [odometry_node] /sim/odom:stale_repeat: Value 1.0000 deviated from baseline 0.0000±0.0001 (z=10000.0, confirmed x5) (sev=1.00)
[monitor_node-6] [WARN] [1789952338.865668019] [diagnostic_monitor]: ANOMALY on [localization_node] /localization/pose:stale_repeat: Value 1.0000 deviated from baseline 0.0000±0.0001 (z=10000.0, confirmed x5) (sev=1.00)
[monitor_node-6] [WARN] [1789952338.907246590] [diagnostic_monitor]: ANOMALY on [odometry_node] /sim/odom:stale_repeat: Value 1.0000 deviated from baseline 0.0000±0.0001 (z=10000.0, confirmed x6) (sev=1.00)
[monitor_node-6] [WARN] [1789952338.915792047] [diagnostic_monitor]: ANOMALY on [localization_node] /localization/pose:stale_repeat: Value 1.0000 deviated from baseline 0.0000±0.0001 (z=10000.0, confirmed x6) (sev=1.00)
[monitor_node-6] [WARN] [1789952338.957469092] [diagnostic_monitor]: ANOMALY on [odometry_node] /sim/odom:stale_repeat: Value 1.0000 deviated from baseline 0.0000±0.0001 (z=10000.0, confirmed x7) (sev=1.00)
[monitor_node-6] [WARN] [1789952338.965436873] [diagnostic_monitor]: ANOMALY on [localization_node] /localization/pose:stale_repeat: Value 1.0000 deviated from baseline 0.0000±0.0001 (z=10000.0, confirmed x7) (sev=1.00)
[monitor_node-6] [INFO] [1789952338.977266155] [diagnostic_monitor]: 
[monitor_node-6] ============================================================
[monitor_node-6] ROOT CAUSE DIAGNOSIS: odometry_node (Confidence: 1.000)
[monitor_node-6] ============================================================
[monitor_node-6] Score Breakdown  R(C) = wD*D + wT*T + wS*S + wA*A:
[monitor_node-6]   R(odometry_node) = 0.3·D(1.00) + 0.3·T(1.00) + 0.25·S(1.00) + 0.15·A(1.00) = 1.000
[monitor_node-6]   - Dependency D: 1.00 (reaches 1 downstream anomalous node(s); 0 anomalous upstream node(s))
[monitor_node-6]   - Temporal   T: 1.00 (first anomaly at t=1789952338.66s; earliest in window = supporting evidence, not proof of causality)
[monitor_node-6]   - Symptom    S: 1.00 (explains 2/2 anomalous nodes)
[monitor_node-6]   - Severity   A: 1.00 (max normalised severity on node, 6 direct anomaly event(s))
[monitor_node-6] 
[monitor_node-6] Propagation Chain (evidence-ordered, via discovered graph edges):
[monitor_node-6]   odometry_node (t=1789952338.66s: /sim/odom:stale_repeat, sev=1.00)
[monitor_node-6]     └─→ localization_node via /sim/odom (t=1789952338.67s, +0.01s after odometry_node: /localization/pose:stale_repeat)
[monitor_node-6] 
[monitor_node-6] Candidate Ranking & Evidence Comparison:
[monitor_node-6]   #2 localization_node    R=0.575 (Δ -0.425) [first anomaly 0.01s after odometry_node; downstream of odometry_node in discovered graph; lower symptom coverage (50% vs 100%)]
[monitor_node-6]   #3 camera_node          R=0.290 (Δ -0.710) [no direct anomaly observed; does not reach observed symptoms via dependency edges; lower symptom coverage (50% vs 100%)]
[monitor_node-6]   #4 imu_node             R=0.290 (Δ -0.710) [no direct anomaly observed; does not reach observed symptoms via dependency edges; lower symptom coverage (50% vs 100%)]
[monitor_node-6] ============================================================
[monitor_node-6] [WARN] [1789952339.007287315] [diagnostic_monitor]: ANOMALY on [odometry_node] /sim/odom:stale_repeat: Value 1.0000 deviated from baseline 0.0000±0.0001 (z=10000.0, confirmed x8) (sev=1.00)
[monitor_node-6] [WARN] [1789952339.015501265] [diagnostic_monitor]: ANOMALY on [localization_node] /localization/pose:stale_repeat: Value 1.0000 deviated from baseline 0.0000±0.0001 (z=10000.0, confirmed x8) (sev=1.00)
[monitor_node-6] [WARN] [1789952339.057402203] [diagnostic_monitor]: ANOMALY on [odometry_node] /sim/odom:stale_repeat: Value 1.0000 deviated from baseline 0.0000±0.0001 (z=10000.0, confirmed x9) (sev=1.00)
[monitor_node-6] [WARN] [1789952339.065638547] [diagnostic_monitor]: ANOMALY on [localization_node] /localization/pose:stale_repeat: Value 1.0000 deviated from baseline 0.0000±0.0001 (z=10000.0, confirmed x9) (sev=1.00)
[monitor_node-6] [WARN] [1789952339.107266852] [diagnostic_monitor]: ANOMALY on [odometry_node] /sim/odom:stale_repeat: Value 1.0000 deviated from baseline 0.0000±0.0001 (z=10000.0, confirmed x10) (sev=1.00)
[monitor_node-6] [WARN] [1789952339.115562366] [diagnostic_monitor]: ANOMALY on [localization_node] /localization/pose:stale_repeat: Value 1.0000 deviated from baseline 0.0000±0.0001 (z=10000.0, confirmed x10) (sev=1.00)
[monitor_node-6] [WARN] [1789952339.116580487] [diagnostic_monitor]: ANOMALY on [planning_node] /planning/path:stale_repeat: Value 1.0000 deviated from baseline 0.0000±0.0001 (z=10000.0, confirmed x2) (sev=1.00)
[monitor_node-6] [WARN] [1789952339.157123969] [diagnostic_monitor]: ANOMALY on [odometry_node] /sim/odom:stale_repeat: Value 1.0000 deviated from baseline 0.0000±0.0001 (z=10000.0, confirmed x11) (sev=1.00)
[monitor_node-6] [WARN] [1789952339.165890853] [diagnostic_monitor]: ANOMALY on [localization_node] /localization/pose:stale_repeat: Value 1.0000 deviated from baseline 0.0000±0.0001 (z=10000.0, confirmed x11) (sev=1.00)
[monitor_node-6] [WARN] [1789952339.208443092] [diagnostic_monitor]: ANOMALY on [odometry_node] /sim/odom:stale_repeat: Value 1.0000 deviated from baseline 0.0000±0.0001 (z=10000.0, confirmed x12) (sev=1.00)
[monitor_node-6] [WARN] [1789952339.215786114] [diagnostic_monitor]: ANOMALY on [localization_node] /localization/pose:stale_repeat: Value 1.0000 deviated from baseline 0.0000±0.0001 (z=10000.0, confirmed x12) (sev=1.00)
[monitor_node-6] [WARN] [1789952339.257268627] [diagnostic_monitor]: ANOMALY on [odometry_node] /sim/odom:stale_repeat: Value 1.0000 deviated from baseline 0.0000±0.0001 (z=10000.0, confirmed x13) (sev=1.00)
[monitor_node-6] [WARN] [1789952339.265837389] [diagnostic_monitor]: ANOMALY on [localization_node] /localization/pose:stale_repeat: Value 1.0000 deviated from baseline 0.0000±0.0001 (z=10000.0, confirmed x13) (sev=1.00)
[monitor_node-6] [WARN] [1789952339.307385247] [diagnostic_monitor]: ANOMALY on [odometry_node] /sim/odom:stale_repeat: Value 1.0000 deviated from baseline 0.0000±0.0001 (z=10000.0, confirmed x14) (sev=1.00)
[monitor_node-6] [WARN] [1789952339.315621590] [diagnostic_monitor]: ANOMALY on [localization_node] /localization/pose:stale_repeat: Value 1.0000 deviated from baseline 0.0000±0.0001 (z=10000.0, confirmed x14) (sev=1.00)
[monitor_node-6] [WARN] [1789952339.317199730] [diagnostic_monitor]: ANOMALY on [planning_node] /planning/path:stale_repeat: Value 1.0000 deviated from baseline 0.0000±0.0001 (z=10000.0, confirmed x3) (sev=1.00)
[monitor_node-6] [WARN] [1789952339.357842235] [diagnostic_monitor]: ANOMALY on [odometry_node] /sim/odom:stale_repeat: Value 1.0000 deviated from baseline 0.0000±0.0001 (z=10000.0, confirmed x15) (sev=1.00)
[monitor_node-6] [WARN] [1789952339.365965768] [diagnostic_monitor]: ANOMALY on [localization_node] /localization/pose:stale_repeat: Value 1.0000 deviated from baseline 0.0000±0.0001 (z=10000.0, confirmed x15) (sev=1.00)
[monitor_node-6] [WARN] [1789952339.407227105] [diagnostic_monitor]: ANOMALY on [odometry_node] /sim/odom:stale_repeat: Value 1.0000 deviated from baseline 0.0000±0.0001 (z=10000.0, confirmed x16) (sev=1.00)
[monitor_node-6] [WARN] [1789952339.415694584] [diagnostic_monitor]: ANOMALY on [localization_node] /localization/pose:stale_repeat: Value 1.0000 deviated from baseline 0.0000±0.0001 (z=10000.0, confirmed x16) (sev=1.00)
[monitor_node-6] [WARN] [1789952339.457588869] [diagnostic_monitor]: ANOMALY on [odometry_node] /sim/odom:stale_repeat: Value 1.0000 deviated from baseline 0.0000±0.0001 (z=10000.0, confirmed x17) (sev=1.00)
[monitor_node-6] [WARN] [1789952339.465854053] [diagnostic_monitor]: ANOMALY on [localization_node] /localization/pose:stale_repeat: Value 1.0000 deviated from baseline 0.0000±0.0001 (z=10000.0, confirmed x17) (sev=1.00)
[monitor_node-6] [WARN] [1789952339.506947664] [diagnostic_monitor]: ANOMALY on [odometry_node] /sim/odom:stale_repeat: Value 1.0000 deviated from baseline 0.0000±0.0001 (z=10000.0, confirmed x18) (sev=1.00)
[monitor_node-6] [WARN] [1789952339.515780307] [diagnostic_monitor]: ANOMALY on [localization_node] /localization/pose:stale_repeat: Value 1.0000 deviated from baseline 0.0000±0.0001 (z=10000.0, confirmed x18) (sev=1.00)
[monitor_node-6] [WARN] [1789952339.516850471] [diagnostic_monitor]: ANOMALY on [planning_node] /planning/path:stale_repeat: Value 1.0000 deviated from baseline 0.0000±0.0001 (z=10000.0, confirmed x4) (sev=1.00)
[monitor_node-6] [WARN] [1789952339.557716069] [diagnostic_monitor]: ANOMALY on [odometry_node] /sim/odom:stale_repeat: Value 1.0000 deviated from baseline 0.0000±0.0001 (z=10000.0, confirmed x19) (sev=1.00)
[monitor_node-6] [WARN] [1789952339.565642651] [diagnostic_monitor]: ANOMALY on [localization_node] /localization/pose:stale_repeat: Value 1.0000 deviated from baseline 0.0000±0.0001 (z=10000.0, confirmed x19) (sev=1.00)
[monitor_node-6] [WARN] [1789952339.609217530] [diagnostic_monitor]: ANOMALY on [odometry_node] /sim/odom:stale_repeat: Value 1.0000 deviated from baseline 0.0000±0.0001 (z=10000.0, confirmed x20) (sev=1.00)
[monitor_node-6] [WARN] [1789952339.615363318] [diagnostic_monitor]: ANOMALY on [localization_node] /localization/pose:stale_repeat: Value 1.0000 deviated from baseline 0.0000±0.0001 (z=10000.0, confirmed x20) (sev=1.00)
[monitor_node-6] [WARN] [1789952339.657491546] [diagnostic_monitor]: ANOMALY on [odometry_node] /sim/odom:stale_repeat: Value 1.0000 deviated from baseline 0.0000±0.0001 (z=10000.0, confirmed x21) (sev=1.00)
[monitor_node-6] [WARN] [1789952339.665509223] [diagnostic_monitor]: ANOMALY on [localization_node] /localization/pose:stale_repeat: Value 1.0000 deviated from baseline 0.0000±0.0001 (z=10000.0, confirmed x21) (sev=1.00)
[monitor_node-6] [WARN] [1789952339.706960608] [diagnostic_monitor]: ANOMALY on [odometry_node] /sim/odom:stale_repeat: Value 1.0000 deviated from baseline 0.0000±0.0001 (z=10000.0, confirmed x22) (sev=1.00)
[monitor_node-6] [WARN] [1789952339.715178252] [diagnostic_monitor]: ANOMALY on [localization_node] /localization/pose:stale_repeat: Value 1.0000 deviated from baseline 0.0000±0.0001 (z=10000.0, confirmed x22) (sev=1.00)
[monitor_node-6] [WARN] [1789952339.716638909] [diagnostic_monitor]: ANOMALY on [planning_node] /planning/path:stale_repeat: Value 1.0000 deviated from baseline 0.0000±0.0001 (z=10000.0, confirmed x5) (sev=1.00)
[monitor_node-6] [WARN] [1789952339.758064969] [diagnostic_monitor]: ANOMALY on [odometry_node] /sim/odom:stale_repeat: Value 1.0000 deviated from baseline 0.0000±0.0001 (z=10000.0, confirmed x23) (sev=1.00)
[monitor_node-6] [WARN] [1789952339.765666496] [diagnostic_monitor]: ANOMALY on [localization_node] /localization/pose:stale_repeat: Value 1.0000 deviated from baseline 0.0000±0.0001 (z=10000.0, confirmed x23) (sev=1.00)
[monitor_node-6] [WARN] [1789952339.807496163] [diagnostic_monitor]: ANOMALY on [odometry_node] /sim/odom:stale_repeat: Value 1.0000 deviated from baseline 0.0000±0.0001 (z=10000.0, confirmed x24) (sev=1.00)
[monitor_node-6] [WARN] [1789952339.815284977] [diagnostic_monitor]: ANOMALY on [localization_node] /localization/pose:stale_repeat: Value 1.0000 deviated from baseline 0.0000±0.0001 (z=10000.0, confirmed x24) (sev=1.00)
[monitor_node-6] [WARN] [1789952339.856946593] [diagnostic_monitor]: ANOMALY on [odometry_node] /sim/odom:stale_repeat: Value 1.0000 deviated from baseline 0.0000±0.0001 (z=10000.0, confirmed x25) (sev=1.00)
[monitor_node-6] [WARN] [1789952339.865737139] [diagnostic_monitor]: ANOMALY on [localization_node] /localization/pose:stale_repeat: Value 1.0000 deviated from baseline 0.0000±0.0001 (z=10000.0, confirmed x25) (sev=1.00)
[monitor_node-6] [WARN] [1789952339.908052595] [diagnostic_monitor]: ANOMALY on [odometry_node] /sim/odom:stale_repeat: Value 1.0000 deviated from baseline 0.0000±0.0001 (z=10000.0, confirmed x26) (sev=1.00)
[monitor_node-6] [WARN] [1789952339.915475111] [diagnostic_monitor]: ANOMALY on [localization_node] /localization/pose:stale_repeat: Value 1.0000 deviated from baseline 0.0000±0.0001 (z=10000.0, confirmed x26) (sev=1.00)
[monitor_node-6] [WARN] [1789952339.916897332] [diagnostic_monitor]: ANOMALY on [planning_node] /planning/path:stale_repeat: Value 1.0000 deviated from baseline 0.0000±0.0001 (z=10000.0, confirmed x6) (sev=1.00)
[monitor_node-6] [WARN] [1789952339.957463347] [diagnostic_monitor]: ANOMALY on [odometry_node] /sim/odom:stale_repeat: Value 1.0000 deviated from baseline 0.0000±0.0001 (z=10000.0, confirmed x27) (sev=1.00)
[monitor_node-6] [WARN] [1789952339.965185618] [diagnostic_monitor]: ANOMALY on [localization_node] /localization/pose:stale_repeat: Value 1.0000 deviated from baseline 0.0000±0.0001 (z=10000.0, confirmed x27) (sev=1.00)
[monitor_node-6] [WARN] [1789952340.007853456] [diagnostic_monitor]: ANOMALY on [odometry_node] /sim/odom:stale_repeat: Value 1.0000 deviated from baseline 0.0000±0.0001 (z=10000.0, confirmed x28) (sev=1.00)
[monitor_node-6] [WARN] [1789952340.015972323] [diagnostic_monitor]: ANOMALY on [localization_node] /localization/pose:stale_repeat: Value 1.0000 deviated from baseline 0.0000±0.0001 (z=10000.0, confirmed x28) (sev=1.00)
[monitor_node-6] [WARN] [1789952340.058112568] [diagnostic_monitor]: ANOMALY on [odometry_node] /sim/odom:stale_repeat: Value 1.0000 deviated from baseline 0.0000±0.0001 (z=10000.0, confirmed x29) (sev=1.00)
[monitor_node-6] [WARN] [1789952340.065674535] [diagnostic_monitor]: ANOMALY on [localization_node] /localization/pose:stale_repeat: Value 1.0000 deviated from baseline 0.0000±0.0001 (z=10000.0, confirmed x29) (sev=1.00)
[monitor_node-6] [WARN] [1789952340.108635846] [diagnostic_monitor]: ANOMALY on [odometry_node] /sim/odom:stale_repeat: Value 1.0000 deviated from baseline 0.0000±0.0001 (z=10000.0, confirmed x30) (sev=1.00)
[monitor_node-6] [WARN] [1789952340.115724848] [diagnostic_monitor]: ANOMALY on [localization_node] /localization/pose:stale_repeat: Value 1.0000 deviated from baseline 0.0000±0.0001 (z=10000.0, confirmed x30) (sev=1.00)
[monitor_node-6] [WARN] [1789952340.117480722] [diagnostic_monitor]: ANOMALY on [planning_node] /planning/path:stale_repeat: Value 1.0000 deviated from baseline 0.0000±0.0001 (z=10000.0, confirmed x7) (sev=1.00)
[monitor_node-6] [WARN] [1789952340.157275705] [diagnostic_monitor]: ANOMALY on [odometry_node] /sim/odom:stale_repeat: Value 1.0000 deviated from baseline 0.0000±0.0001 (z=10000.0, confirmed x31) (sev=1.00)
[monitor_node-6] [WARN] [1789952340.165800436] [diagnostic_monitor]: ANOMALY on [localization_node] /localization/pose:stale_repeat: Value 1.0000 deviated from baseline 0.0000±0.0001 (z=10000.0, confirmed x31) (sev=1.00)
[monitor_node-6] [WARN] [1789952340.207067668] [diagnostic_monitor]: ANOMALY on [odometry_node] /sim/odom:stale_repeat: Value 1.0000 deviated from baseline 0.0000±0.0001 (z=10000.0, confirmed x32) (sev=1.00)
[monitor_node-6] [WARN] [1789952340.215683491] [diagnostic_monitor]: ANOMALY on [localization_node] /localization/pose:stale_repeat: Value 1.0000 deviated from baseline 0.0000±0.0001 (z=10000.0, confirmed x32) (sev=1.00)
[monitor_node-6] [WARN] [1789952340.257337838] [diagnostic_monitor]: ANOMALY on [odometry_node] /sim/odom:stale_repeat: Value 1.0000 deviated from baseline 0.0000±0.0001 (z=10000.0, confirmed x33) (sev=1.00)
[monitor_node-6] [WARN] [1789952340.265284961] [diagnostic_monitor]: ANOMALY on [localization_node] /localization/pose:stale_repeat: Value 1.0000 deviated from baseline 0.0000±0.0001 (z=10000.0, confirmed x33) (sev=1.00)
[monitor_node-6] [WARN] [1789952340.307064038] [diagnostic_monitor]: ANOMALY on [odometry_node] /sim/odom:stale_repeat: Value 1.0000 deviated from baseline 0.0000±0.0001 (z=10000.0, confirmed x34) (sev=1.00)
[monitor_node-6] [WARN] [1789952340.315599564] [diagnostic_monitor]: ANOMALY on [localization_node] /localization/pose:stale_repeat: Value 1.0000 deviated from baseline 0.0000±0.0001 (z=10000.0, confirmed x34) (sev=1.00)
[monitor_node-6] [WARN] [1789952340.316922765] [diagnostic_monitor]: ANOMALY on [planning_node] /planning/path:stale_repeat: Value 1.0000 deviated from baseline 0.0000±0.0001 (z=10000.0, confirmed x8) (sev=1.00)
[monitor_node-6] [WARN] [1789952340.357971667] [diagnostic_monitor]: ANOMALY on [odometry_node] /sim/odom:stale_repeat: Value 1.0000 deviated from baseline 0.0000±0.0001 (z=10000.0, confirmed x35) (sev=1.00)
[monitor_node-6] [WARN] [1789952340.365364758] [diagnostic_monitor]: ANOMALY on [localization_node] /localization/pose:stale_repeat: Value 1.0000 deviated from baseline 0.0000±0.0001 (z=10000.0, confirmed x35) (sev=1.00)
[monitor_node-6] [WARN] [1789952340.407067989] [diagnostic_monitor]: ANOMALY on [odometry_node] /sim/odom:stale_repeat: Value 1.0000 deviated from baseline 0.0000±0.0001 (z=10000.0, confirmed x36) (sev=1.00)
[monitor_node-6] [WARN] [1789952340.416043134] [diagnostic_monitor]: ANOMALY on [localization_node] /localization/pose:stale_repeat: Value 1.0000 deviated from baseline 0.0000±0.0001 (z=10000.0, confirmed x36) (sev=1.00)
[monitor_node-6] [WARN] [1789952340.457178729] [diagnostic_monitor]: ANOMALY on [odometry_node] /sim/odom:stale_repeat: Value 1.0000 deviated from baseline 0.0000±0.0001 (z=10000.0, confirmed x37) (sev=1.00)
[monitor_node-6] [WARN] [1789952340.465810499] [diagnostic_monitor]: ANOMALY on [localization_node] /localization/pose:stale_repeat: Value 1.0000 deviated from baseline 0.0000±0.0001 (z=10000.0, confirmed x37) (sev=1.00)
[monitor_node-6] [WARN] [1789952340.507419541] [diagnostic_monitor]: ANOMALY on [odometry_node] /sim/odom:stale_repeat: Value 1.0000 deviated from baseline 0.0000±0.0001 (z=10000.0, confirmed x38) (sev=1.00)
[monitor_node-6] [WARN] [1789952340.515587736] [diagnostic_monitor]: ANOMALY on [localization_node] /localization/pose:stale_repeat: Value 1.0000 deviated from baseline 0.0000±0.0001 (z=10000.0, confirmed x38) (sev=1.00)
[monitor_node-6] [WARN] [1789952340.517318216] [diagnostic_monitor]: ANOMALY on [planning_node] /planning/path:stale_repeat: Value 1.0000 deviated from baseline 0.0000±0.0001 (z=10000.0, confirmed x9) (sev=1.00)
[monitor_node-6] [WARN] [1789952340.557383546] [diagnostic_monitor]: ANOMALY on [odometry_node] /sim/odom:stale_repeat: Value 1.0000 deviated from baseline 0.0000±0.0001 (z=10000.0, confirmed x39) (sev=1.00)
[monitor_node-6] [WARN] [1789952340.565620861] [diagnostic_monitor]: ANOMALY on [localization_node] /localization/pose:stale_repeat: Value 1.0000 deviated from baseline 0.0000±0.0001 (z=10000.0, confirmed x39) (sev=1.00)
[monitor_node-6] [WARN] [1789952340.608961785] [diagnostic_monitor]: ANOMALY on [odometry_node] /sim/odom:stale_repeat: Value 1.0000 deviated from baseline 0.0000±0.0001 (z=10000.0, confirmed x40) (sev=1.00)
[monitor_node-6] [WARN] [1789952340.615328084] [diagnostic_monitor]: ANOMALY on [localization_node] /localization/pose:stale_repeat: Value 1.0000 deviated from baseline 0.0000±0.0001 (z=10000.0, confirmed x40) (sev=1.00)
[monitor_node-6] [WARN] [1789952340.657297655] [diagnostic_monitor]: ANOMALY on [odometry_node] /sim/odom:stale_repeat: Value 1.0000 deviated from baseline 0.0000±0.0001 (z=10000.0, confirmed x41) (sev=1.00)
[monitor_node-6] [WARN] [1789952340.666375439] [diagnostic_monitor]: ANOMALY on [localization_node] /localization/pose:stale_repeat: Value 1.0000 deviated from baseline 0.0000±0.0001 (z=10000.0, confirmed x41) (sev=1.00)
[monitor_node-6] [WARN] [1789952340.707524056] [diagnostic_monitor]: ANOMALY on [odometry_node] /sim/odom:stale_repeat: Value 1.0000 deviated from baseline 0.0000±0.0001 (z=10000.0, confirmed x42) (sev=1.00)
[monitor_node-6] [WARN] [1789952340.715443066] [diagnostic_monitor]: ANOMALY on [localization_node] /localization/pose:stale_repeat: Value 1.0000 deviated from baseline 0.0000±0.0001 (z=10000.0, confirmed x42) (sev=1.00)
[monitor_node-6] [WARN] [1789952340.716519900] [diagnostic_monitor]: ANOMALY on [planning_node] /planning/path:stale_repeat: Value 1.0000 deviated from baseline 0.0000±0.0001 (z=10000.0, confirmed x10) (sev=1.00)
[monitor_node-6] [WARN] [1789952340.757695050] [diagnostic_monitor]: ANOMALY on [odometry_node] /sim/odom:stale_repeat: Value 1.0000 deviated from baseline 0.0000±0.0001 (z=10000.0, confirmed x43) (sev=1.00)
[monitor_node-6] [WARN] [1789952340.765782308] [diagnostic_monitor]: ANOMALY on [localization_node] /localization/pose:stale_repeat: Value 1.0000 deviated from baseline 0.0000±0.0001 (z=10000.0, confirmed x43) (sev=1.00)
[monitor_node-6] [WARN] [1789952340.807457893] [diagnostic_monitor]: ANOMALY on [odometry_node] /sim/odom:stale_repeat: Value 1.0000 deviated from baseline 0.0000±0.0001 (z=10000.0, confirmed x44) (sev=1.00)
[monitor_node-6] [WARN] [1789952340.815577152] [diagnostic_monitor]: ANOMALY on [localization_node] /localization/pose:stale_repeat: Value 1.0000 deviated from baseline 0.0000±0.0001 (z=10000.0, confirmed x44) (sev=1.00)
[monitor_node-6] [WARN] [1789952340.857242645] [diagnostic_monitor]: ANOMALY on [odometry_node] /sim/odom:stale_repeat: Value 1.0000 deviated from baseline 0.0000±0.0001 (z=10000.0, confirmed x45) (sev=1.00)
[monitor_node-6] [WARN] [1789952340.865826778] [diagnostic_monitor]: ANOMALY on [localization_node] /localization/pose:stale_repeat: Value 1.0000 deviated from baseline 0.0000±0.0001 (z=10000.0, confirmed x45) (sev=1.00)
[monitor_node-6] [WARN] [1789952340.908382550] [diagnostic_monitor]: ANOMALY on [odometry_node] /sim/odom:stale_repeat: Value 1.0000 deviated from baseline 0.0000±0.0001 (z=10000.0, confirmed x46) (sev=1.00)
[monitor_node-6] [WARN] [1789952340.915139741] [diagnostic_monitor]: ANOMALY on [localization_node] /localization/pose:stale_repeat: Value 1.0000 deviated from baseline 0.0000±0.0001 (z=10000.0, confirmed x46) (sev=1.00)
[monitor_node-6] [WARN] [1789952340.916300777] [diagnostic_monitor]: ANOMALY on [planning_node] /planning/path:stale_repeat: Value 1.0000 deviated from baseline 0.0000±0.0001 (z=10000.0, confirmed x11) (sev=1.00)
[monitor_node-6] [WARN] [1789952340.956978523] [diagnostic_monitor]: ANOMALY on [odometry_node] /sim/odom:stale_repeat: Value 1.0000 deviated from baseline 0.0000±0.0001 (z=10000.0, confirmed x47) (sev=1.00)
[monitor_node-6] [WARN] [1789952340.965652300] [diagnostic_monitor]: ANOMALY on [localization_node] /localization/pose:stale_repeat: Value 1.0000 deviated from baseline 0.0000±0.0001 (z=10000.0, confirmed x47) (sev=1.00)
[monitor_node-6] [WARN] [1789952341.007372103] [diagnostic_monitor]: ANOMALY on [odometry_node] /sim/odom:stale_repeat: Value 1.0000 deviated from baseline 0.0000±0.0001 (z=10000.0, confirmed x48) (sev=1.00)
[monitor_node-6] [WARN] [1789952341.015439514] [diagnostic_monitor]: ANOMALY on [localization_node] /localization/pose:stale_repeat: Value 1.0000 deviated from baseline 0.0000±0.0001 (z=10000.0, confirmed x48) (sev=1.00)
[monitor_node-6] [WARN] [1789952341.057330786] [diagnostic_monitor]: ANOMALY on [odometry_node] /sim/odom:stale_repeat: Value 1.0000 deviated from baseline 0.0000±0.0001 (z=10000.0, confirmed x49) (sev=1.00)
[monitor_node-6] [WARN] [1789952341.065463280] [diagnostic_monitor]: ANOMALY on [localization_node] /localization/pose:stale_repeat: Value 1.0000 deviated from baseline 0.0000±0.0001 (z=10000.0, confirmed x49) (sev=1.00)
[monitor_node-6] [WARN] [1789952341.107778782] [diagnostic_monitor]: ANOMALY on [odometry_node] /sim/odom:stale_repeat: Value 1.0000 deviated from baseline 0.0000±0.0001 (z=10000.0, confirmed x50) (sev=1.00)
[monitor_node-6] [WARN] [1789952341.115172076] [diagnostic_monitor]: ANOMALY on [localization_node] /localization/pose:stale_repeat: Value 1.0000 deviated from baseline 0.0000±0.0001 (z=10000.0, confirmed x50) (sev=1.00)
[monitor_node-6] [WARN] [1789952341.116319325] [diagnostic_monitor]: ANOMALY on [planning_node] /planning/path:stale_repeat: Value 1.0000 deviated from baseline 0.0000±0.0001 (z=10000.0, confirmed x12) (sev=1.00)
[monitor_node-6] [WARN] [1789952341.157617149] [diagnostic_monitor]: ANOMALY on [odometry_node] /sim/odom:stale_repeat: Value 1.0000 deviated from baseline 0.0000±0.0001 (z=10000.0, confirmed x51) (sev=1.00)
[monitor_node-6] [WARN] [1789952341.165788160] [diagnostic_monitor]: ANOMALY on [localization_node] /localization/pose:stale_repeat: Value 1.0000 deviated from baseline 0.0000±0.0001 (z=10000.0, confirmed x51) (sev=1.00)
[monitor_node-6] [WARN] [1789952341.207517082] [diagnostic_monitor]: ANOMALY on [odometry_node] /sim/odom:stale_repeat: Value 1.0000 deviated from baseline 0.0000±0.0001 (z=10000.0, confirmed x52) (sev=1.00)
[monitor_node-6] [WARN] [1789952341.215740670] [diagnostic_monitor]: ANOMALY on [localization_node] /localization/pose:stale_repeat: Value 1.0000 deviated from baseline 0.0000±0.0001 (z=10000.0, confirmed x52) (sev=1.00)
[monitor_node-6] [WARN] [1789952341.257218845] [diagnostic_monitor]: ANOMALY on [odometry_node] /sim/odom:stale_repeat: Value 1.0000 deviated from baseline 0.0000±0.0001 (z=10000.0, confirmed x53) (sev=1.00)
[monitor_node-6] [WARN] [1789952341.265931941] [diagnostic_monitor]: ANOMALY on [localization_node] /localization/pose:stale_repeat: Value 1.0000 deviated from baseline 0.0000±0.0001 (z=10000.0, confirmed x53) (sev=1.00)
[monitor_node-6] [WARN] [1789952341.307227237] [diagnostic_monitor]: ANOMALY on [odometry_node] /sim/odom:stale_repeat: Value 1.0000 deviated from baseline 0.0000±0.0001 (z=10000.0, confirmed x54) (sev=1.00)
[monitor_node-6] [WARN] [1789952341.315579798] [diagnostic_monitor]: ANOMALY on [localization_node] /localization/pose:stale_repeat: Value 1.0000 deviated from baseline 0.0000±0.0001 (z=10000.0, confirmed x54) (sev=1.00)
[monitor_node-6] [WARN] [1789952341.316878790] [diagnostic_monitor]: ANOMALY on [planning_node] /planning/path:stale_repeat: Value 1.0000 deviated from baseline 0.0000±0.0001 (z=10000.0, confirmed x13) (sev=1.00)
[monitor_node-6] [WARN] [1789952341.357755459] [diagnostic_monitor]: ANOMALY on [odometry_node] /sim/odom:stale_repeat: Value 1.0000 deviated from baseline 0.0000±0.0001 (z=10000.0, confirmed x55) (sev=1.00)
[monitor_node-6] [WARN] [1789952341.365957753] [diagnostic_monitor]: ANOMALY on [localization_node] /localization/pose:stale_repeat: Value 1.0000 deviated from baseline 0.0000±0.0001 (z=10000.0, confirmed x55) (sev=1.00)
[monitor_node-6] [WARN] [1789952341.407065904] [diagnostic_monitor]: ANOMALY on [odometry_node] /sim/odom:stale_repeat: Value 1.0000 deviated from baseline 0.0000±0.0001 (z=10000.0, confirmed x56) (sev=1.00)
[monitor_node-6] [WARN] [1789952341.415735118] [diagnostic_monitor]: ANOMALY on [localization_node] /localization/pose:stale_repeat: Value 1.0000 deviated from baseline 0.0000±0.0001 (z=10000.0, confirmed x56) (sev=1.00)
[monitor_node-6] [WARN] [1789952341.457340625] [diagnostic_monitor]: ANOMALY on [odometry_node] /sim/odom:stale_repeat: Value 1.0000 deviated from baseline 0.0000±0.0001 (z=10000.0, confirmed x57) (sev=1.00)
[monitor_node-6] [WARN] [1789952341.465479466] [diagnostic_monitor]: ANOMALY on [localization_node] /localization/pose:stale_repeat: Value 1.0000 deviated from baseline 0.0000±0.0001 (z=10000.0, confirmed x57) (sev=1.00)
[monitor_node-6] [WARN] [1789952341.507782819] [diagnostic_monitor]: ANOMALY on [odometry_node] /sim/odom:stale_repeat: Value 1.0000 deviated from baseline 0.0000±0.0001 (z=10000.0, confirmed x58) (sev=1.00)
[monitor_node-6] [WARN] [1789952341.515277405] [diagnostic_monitor]: ANOMALY on [localization_node] /localization/pose:stale_repeat: Value 1.0000 deviated from baseline 0.0000±0.0001 (z=10000.0, confirmed x58) (sev=1.00)
[monitor_node-6] [WARN] [1789952341.516719833] [diagnostic_monitor]: ANOMALY on [planning_node] /planning/path:stale_repeat: Value 1.0000 deviated from baseline 0.0000±0.0001 (z=10000.0, confirmed x14) (sev=1.00)
[monitor_node-6] [WARN] [1789952341.557412773] [diagnostic_monitor]: ANOMALY on [odometry_node] /sim/odom:stale_repeat: Value 1.0000 deviated from baseline 0.0000±0.0001 (z=10000.0, confirmed x59) (sev=1.00)
[monitor_node-6] [WARN] [1789952341.565141364] [diagnostic_monitor]: ANOMALY on [localization_node] /localization/pose:stale_repeat: Value 1.0000 deviated from baseline 0.0000±0.0001 (z=10000.0, confirmed x59) (sev=1.00)
[monitor_node-6] [WARN] [1789952341.608072938] [diagnostic_monitor]: ANOMALY on [odometry_node] /sim/odom:stale_repeat: Value 1.0000 deviated from baseline 0.0000±0.0001 (z=10000.0, confirmed x60) (sev=1.00)
[monitor_node-6] [WARN] [1789952341.615379628] [diagnostic_monitor]: ANOMALY on [localization_node] /localization/pose:stale_repeat: Value 1.0000 deviated from baseline 0.0000±0.0001 (z=10000.0, confirmed x60) (sev=1.00)
[monitor_node-6] [WARN] [1789952341.657446802] [diagnostic_monitor]: ANOMALY on [odometry_node] /sim/odom:stale_repeat: Value 1.0000 deviated from baseline 0.0000±0.0001 (z=10000.0, confirmed x61) (sev=1.00)
[monitor_node-6] [WARN] [1789952341.665576915] [diagnostic_monitor]: ANOMALY on [localization_node] /localization/pose:stale_repeat: Value 1.0000 deviated from baseline 0.0000±0.0001 (z=10000.0, confirmed x61) (sev=1.00)
[monitor_node-6] [WARN] [1789952341.708729984] [diagnostic_monitor]: ANOMALY on [odometry_node] /sim/odom:stale_repeat: Value 1.0000 deviated from baseline 0.0000±0.0001 (z=10000.0, confirmed x62) (sev=1.00)
[monitor_node-6] [WARN] [1789952341.715343071] [diagnostic_monitor]: ANOMALY on [localization_node] /localization/pose:stale_repeat: Value 1.0000 deviated from baseline 0.0000±0.0001 (z=10000.0, confirmed x62) (sev=1.00)
[monitor_node-6] [WARN] [1789952341.716625078] [diagnostic_monitor]: ANOMALY on [planning_node] /planning/path:stale_repeat: Value 1.0000 deviated from baseline 0.0000±0.0001 (z=10000.0, confirmed x15) (sev=1.00)
[monitor_node-6] [WARN] [1789952341.757479427] [diagnostic_monitor]: ANOMALY on [odometry_node] /sim/odom:stale_repeat: Value 1.0000 deviated from baseline 0.0000±0.0001 (z=10000.0, confirmed x63) (sev=1.00)
[monitor_node-6] [WARN] [1789952341.765802903] [diagnostic_monitor]: ANOMALY on [localization_node] /localization/pose:stale_repeat: Value 1.0000 deviated from baseline 0.0000±0.0001 (z=10000.0, confirmed x63) (sev=1.00)
[monitor_node-6] [WARN] [1789952341.807664243] [diagnostic_monitor]: ANOMALY on [odometry_node] /sim/odom:stale_repeat: Value 1.0000 deviated from baseline 0.0000±0.0001 (z=10000.0, confirmed x64) (sev=1.00)
[monitor_node-6] [WARN] [1789952341.815223843] [diagnostic_monitor]: ANOMALY on [localization_node] /localization/pose:stale_repeat: Value 1.0000 deviated from baseline 0.0000±0.0001 (z=10000.0, confirmed x64) (sev=1.00)
[monitor_node-6] [WARN] [1789952341.857476331] [diagnostic_monitor]: ANOMALY on [odometry_node] /sim/odom:stale_repeat: Value 1.0000 deviated from baseline 0.0000±0.0001 (z=10000.0, confirmed x65) (sev=1.00)
[monitor_node-6] [WARN] [1789952341.866455081] [diagnostic_monitor]: ANOMALY on [localization_node] /localization/pose:stale_repeat: Value 1.0000 deviated from baseline 0.0000±0.0001 (z=10000.0, confirmed x65) (sev=1.00)
[monitor_node-6] [WARN] [1789952341.907822584] [diagnostic_monitor]: ANOMALY on [odometry_node] /sim/odom:stale_repeat: Value 1.0000 deviated from baseline 0.0000±0.0001 (z=10000.0, confirmed x66) (sev=1.00)
[monitor_node-6] [WARN] [1789952341.915798520] [diagnostic_monitor]: ANOMALY on [localization_node] /localization/pose:stale_repeat: Value 1.0000 deviated from baseline 0.0000±0.0001 (z=10000.0, confirmed x66) (sev=1.00)
[monitor_node-6] [WARN] [1789952341.917510535] [diagnostic_monitor]: ANOMALY on [planning_node] /planning/path:stale_repeat: Value 1.0000 deviated from baseline 0.0000±0.0001 (z=10000.0, confirmed x16) (sev=1.00)
[monitor_node-6] [WARN] [1789952341.957977271] [diagnostic_monitor]: ANOMALY on [odometry_node] /sim/odom:stale_repeat: Value 1.0000 deviated from baseline 0.0000±0.0001 (z=10000.0, confirmed x67) (sev=1.00)
[monitor_node-6] [WARN] [1789952341.965825209] [diagnostic_monitor]: ANOMALY on [localization_node] /localization/pose:stale_repeat: Value 1.0000 deviated from baseline 0.0000±0.0001 (z=10000.0, confirmed x67) (sev=1.00)
[monitor_node-6] [WARN] [1789952342.006894406] [diagnostic_monitor]: ANOMALY on [odometry_node] /sim/odom:stale_repeat: Value 1.0000 deviated from baseline 0.0000±0.0001 (z=10000.0, confirmed x68) (sev=1.00)
[monitor_node-6] [WARN] [1789952342.015348323] [diagnostic_monitor]: ANOMALY on [localization_node] /localization/pose:stale_repeat: Value 1.0000 deviated from baseline 0.0000±0.0001 (z=10000.0, confirmed x68) (sev=1.00)
[monitor_node-6] [WARN] [1789952342.058008708] [diagnostic_monitor]: ANOMALY on [odometry_node] /sim/odom:stale_repeat: Value 1.0000 deviated from baseline 0.0000±0.0001 (z=10000.0, confirmed x69) (sev=1.00)
[monitor_node-6] [WARN] [1789952342.065514734] [diagnostic_monitor]: ANOMALY on [localization_node] /localization/pose:stale_repeat: Value 1.0000 deviated from baseline 0.0000±0.0001 (z=10000.0, confirmed x69) (sev=1.00)
[monitor_node-6] [WARN] [1789952342.107089794] [diagnostic_monitor]: ANOMALY on [odometry_node] /sim/odom:stale_repeat: Value 1.0000 deviated from baseline 0.0000±0.0001 (z=10000.0, confirmed x70) (sev=1.00)
[monitor_node-6] [WARN] [1789952342.115605173] [diagnostic_monitor]: ANOMALY on [localization_node] /localization/pose:stale_repeat: Value 1.0000 deviated from baseline 0.0000±0.0001 (z=10000.0, confirmed x70) (sev=1.00)
[monitor_node-6] [WARN] [1789952342.116887988] [diagnostic_monitor]: ANOMALY on [planning_node] /planning/path:stale_repeat: Value 1.0000 deviated from baseline 0.0000±0.0001 (z=10000.0, confirmed x17) (sev=1.00)
[monitor_node-6] [WARN] [1789952342.157686781] [diagnostic_monitor]: ANOMALY on [odometry_node] /sim/odom:stale_repeat: Value 1.0000 deviated from baseline 0.0000±0.0001 (z=10000.0, confirmed x71) (sev=1.00)
[monitor_node-6] [WARN] [1789952342.165873230] [diagnostic_monitor]: ANOMALY on [localization_node] /localization/pose:stale_repeat: Value 1.0000 deviated from baseline 0.0000±0.0001 (z=10000.0, confirmed x71) (sev=1.00)
[monitor_node-6] [WARN] [1789952342.207240095] [diagnostic_monitor]: ANOMALY on [odometry_node] /sim/odom:stale_repeat: Value 1.0000 deviated from baseline 0.0000±0.0001 (z=10000.0, confirmed x72) (sev=1.00)
[monitor_node-6] [WARN] [1789952342.215657321] [diagnostic_monitor]: ANOMALY on [localization_node] /localization/pose:stale_repeat: Value 1.0000 deviated from baseline 0.0000±0.0001 (z=10000.0, confirmed x72) (sev=1.00)
[monitor_node-6] [WARN] [1789952342.257224372] [diagnostic_monitor]: ANOMALY on [odometry_node] /sim/odom:stale_repeat: Value 1.0000 deviated from baseline 0.0000±0.0001 (z=10000.0, confirmed x73) (sev=1.00)
[monitor_node-6] [WARN] [1789952342.265880390] [diagnostic_monitor]: ANOMALY on [localization_node] /localization/pose:stale_repeat: Value 1.0000 deviated from baseline 0.0000±0.0001 (z=10000.0, confirmed x73) (sev=1.00)
[monitor_node-6] [WARN] [1789952342.307581320] [diagnostic_monitor]: ANOMALY on [odometry_node] /sim/odom:stale_repeat: Value 1.0000 deviated from baseline 0.0000±0.0001 (z=10000.0, confirmed x74) (sev=1.00)
[monitor_node-6] [WARN] [1789952342.315657798] [diagnostic_monitor]: ANOMALY on [localization_node] /localization/pose:stale_repeat: Value 1.0000 deviated from baseline 0.0000±0.0001 (z=10000.0, confirmed x74) (sev=1.00)
[monitor_node-6] [WARN] [1789952342.316763130] [diagnostic_monitor]: ANOMALY on [planning_node] /planning/path:stale_repeat: Value 1.0000 deviated from baseline 0.0000±0.0001 (z=10000.0, confirmed x18) (sev=1.00)
[monitor_node-6] [WARN] [1789952342.357709004] [diagnostic_monitor]: ANOMALY on [odometry_node] /sim/odom:stale_repeat: Value 1.0000 deviated from baseline 0.0000±0.0001 (z=10000.0, confirmed x75) (sev=1.00)
[monitor_node-6] [WARN] [1789952342.365252825] [diagnostic_monitor]: ANOMALY on [localization_node] /localization/pose:stale_repeat: Value 1.0000 deviated from baseline 0.0000±0.0001 (z=10000.0, confirmed x75) (sev=1.00)
[monitor_node-6] [WARN] [1789952342.407001548] [diagnostic_monitor]: ANOMALY on [odometry_node] /sim/odom:stale_repeat: Value 1.0000 deviated from baseline 0.0000±0.0001 (z=10000.0, confirmed x76) (sev=1.00)
[monitor_node-6] [WARN] [1789952342.415563020] [diagnostic_monitor]: ANOMALY on [localization_node] /localization/pose:stale_repeat: Value 1.0000 deviated from baseline 0.0000±0.0001 (z=10000.0, confirmed x76) (sev=1.00)
[monitor_node-6] [WARN] [1789952342.457435557] [diagnostic_monitor]: ANOMALY on [odometry_node] /sim/odom:stale_repeat: Value 1.0000 deviated from baseline 0.0000±0.0001 (z=10000.0, confirmed x77) (sev=1.00)
[monitor_node-6] [WARN] [1789952342.465582742] [diagnostic_monitor]: ANOMALY on [localization_node] /localization/pose:stale_repeat: Value 1.0000 deviated from baseline 0.0000±0.0001 (z=10000.0, confirmed x77) (sev=1.00)
[monitor_node-6] [WARN] [1789952342.507055958] [diagnostic_monitor]: ANOMALY on [odometry_node] /sim/odom:stale_repeat: Value 1.0000 deviated from baseline 0.0000±0.0001 (z=10000.0, confirmed x78) (sev=1.00)
[monitor_node-6] [WARN] [1789952342.516759461] [diagnostic_monitor]: ANOMALY on [localization_node] /localization/pose:stale_repeat: Value 1.0000 deviated from baseline 0.0000±0.0001 (z=10000.0, confirmed x78) (sev=1.00)
[monitor_node-6] [WARN] [1789952342.518214537] [diagnostic_monitor]: ANOMALY on [planning_node] /planning/path:stale_repeat: Value 1.0000 deviated from baseline 0.0000±0.0001 (z=10000.0, confirmed x19) (sev=1.00)
[monitor_node-6] [WARN] [1789952342.557796906] [diagnostic_monitor]: ANOMALY on [odometry_node] /sim/odom:stale_repeat: Value 1.0000 deviated from baseline 0.0000±0.0001 (z=10000.0, confirmed x79) (sev=1.00)
[monitor_node-6] [WARN] [1789952342.565927441] [diagnostic_monitor]: ANOMALY on [localization_node] /localization/pose:stale_repeat: Value 1.0000 deviated from baseline 0.0000±0.0001 (z=10000.0, confirmed x79) (sev=1.00)
[monitor_node-6] [WARN] [1789952342.609177561] [diagnostic_monitor]: ANOMALY on [odometry_node] /sim/odom:stale_repeat: Value 1.0000 deviated from baseline 0.0000±0.0001 (z=10000.0, confirmed x80) (sev=1.00)
[monitor_node-6] [WARN] [1789952342.615456332] [diagnostic_monitor]: ANOMALY on [localization_node] /localization/pose:stale_repeat: Value 1.0000 deviated from baseline 0.0000±0.0001 (z=10000.0, confirmed x80) (sev=1.00)
[monitor_node-6] [WARN] [1789952342.657680117] [diagnostic_monitor]: ANOMALY on [odometry_node] /sim/odom:stale_repeat: Value 1.0000 deviated from baseline 0.0000±0.0001 (z=10000.0, confirmed x81) (sev=1.00)
[monitor_node-6] [WARN] [1789952342.665565299] [diagnostic_monitor]: ANOMALY on [localization_node] /localization/pose:stale_repeat: Value 1.0000 deviated from baseline 0.0000±0.0001 (z=10000.0, confirmed x81) (sev=1.00)
[monitor_node-6] [WARN] [1789952342.707744686] [diagnostic_monitor]: ANOMALY on [odometry_node] /sim/odom:stale_repeat: Value 1.0000 deviated from baseline 0.0000±0.0001 (z=10000.0, confirmed x82) (sev=1.00)
[monitor_node-6] [WARN] [1789952342.715305191] [diagnostic_monitor]: ANOMALY on [localization_node] /localization/pose:stale_repeat: Value 1.0000 deviated from baseline 0.0000±0.0001 (z=10000.0, confirmed x82) (sev=1.00)
[monitor_node-6] [WARN] [1789952342.716471007] [diagnostic_monitor]: ANOMALY on [planning_node] /planning/path:stale_repeat: Value 1.0000 deviated from baseline 0.0000±0.0001 (z=10000.0, confirmed x20) (sev=1.00)
[monitor_node-6] [WARN] [1789952342.757318074] [diagnostic_monitor]: ANOMALY on [odometry_node] /sim/odom:stale_repeat: Value 1.0000 deviated from baseline 0.0000±0.0001 (z=10000.0, confirmed x83) (sev=1.00)
[monitor_node-6] [WARN] [1789952342.765283462] [diagnostic_monitor]: ANOMALY on [localization_node] /localization/pose:stale_repeat: Value 1.0000 deviated from baseline 0.0000±0.0001 (z=10000.0, confirmed x83) (sev=1.00)
[monitor_node-6] [WARN] [1789952342.807991304] [diagnostic_monitor]: ANOMALY on [odometry_node] /sim/odom:stale_repeat: Value 1.0000 deviated from baseline 0.0000±0.0001 (z=10000.0, confirmed x84) (sev=1.00)
[monitor_node-6] [WARN] [1789952342.815361299] [diagnostic_monitor]: ANOMALY on [localization_node] /localization/pose:stale_repeat: Value 1.0000 deviated from baseline 0.0000±0.0001 (z=10000.0, confirmed x84) (sev=1.00)
[monitor_node-6] [WARN] [1789952342.857298131] [diagnostic_monitor]: ANOMALY on [odometry_node] /sim/odom:stale_repeat: Value 1.0000 deviated from baseline 0.0000±0.0001 (z=10000.0, confirmed x85) (sev=1.00)
[monitor_node-6] [WARN] [1789952342.865876672] [diagnostic_monitor]: ANOMALY on [localization_node] /localization/pose:stale_repeat: Value 1.0000 deviated from baseline 0.0000±0.0001 (z=10000.0, confirmed x85) (sev=1.00)
[monitor_node-6] [WARN] [1789952342.907059251] [diagnostic_monitor]: ANOMALY on [odometry_node] /sim/odom:stale_repeat: Value 1.0000 deviated from baseline 0.0000±0.0001 (z=10000.0, confirmed x86) (sev=1.00)
[monitor_node-6] [WARN] [1789952342.915385787] [diagnostic_monitor]: ANOMALY on [localization_node] /localization/pose:stale_repeat: Value 1.0000 deviated from baseline 0.0000±0.0001 (z=10000.0, confirmed x86) (sev=1.00)
[monitor_node-6] [WARN] [1789952342.916700446] [diagnostic_monitor]: ANOMALY on [planning_node] /planning/path:stale_repeat: Value 1.0000 deviated from baseline 0.0000±0.0001 (z=10000.0, confirmed x21) (sev=1.00)
[monitor_node-6] [WARN] [1789952342.957753139] [diagnostic_monitor]: ANOMALY on [odometry_node] /sim/odom:stale_repeat: Value 1.0000 deviated from baseline 0.0000±0.0001 (z=10000.0, confirmed x87) (sev=1.00)
[monitor_node-6] [WARN] [1789952342.965498082] [diagnostic_monitor]: ANOMALY on [localization_node] /localization/pose:stale_repeat: Value 1.0000 deviated from baseline 0.0000±0.0001 (z=10000.0, confirmed x87) (sev=1.00)
[monitor_node-6] [WARN] [1789952343.009776669] [diagnostic_monitor]: ANOMALY on [odometry_node] /sim/odom:stale_repeat: Value 1.0000 deviated from baseline 0.0000±0.0001 (z=10000.0, confirmed x88) (sev=1.00)
[monitor_node-6] [WARN] [1789952343.015506521] [diagnostic_monitor]: ANOMALY on [localization_node] /localization/pose:stale_repeat: Value 1.0000 deviated from baseline 0.0000±0.0001 (z=10000.0, confirmed x88) (sev=1.00)
[monitor_node-6] [WARN] [1789952343.057596633] [diagnostic_monitor]: ANOMALY on [odometry_node] /sim/odom:stale_repeat: Value 1.0000 deviated from baseline 0.0000±0.0001 (z=10000.0, confirmed x89) (sev=1.00)
[monitor_node-6] [WARN] [1789952343.065271911] [diagnostic_monitor]: ANOMALY on [localization_node] /localization/pose:stale_repeat: Value 1.0000 deviated from baseline 0.0000±0.0001 (z=10000.0, confirmed x89) (sev=1.00)
[monitor_node-6] [WARN] [1789952343.108058389] [diagnostic_monitor]: ANOMALY on [odometry_node] /sim/odom:stale_repeat: Value 1.0000 deviated from baseline 0.0000±0.0001 (z=10000.0, confirmed x90) (sev=1.00)
[monitor_node-6] [WARN] [1789952343.115865346] [diagnostic_monitor]: ANOMALY on [localization_node] /localization/pose:stale_repeat: Value 1.0000 deviated from baseline 0.0000±0.0001 (z=10000.0, confirmed x90) (sev=1.00)
[monitor_node-6] [WARN] [1789952343.117188463] [diagnostic_monitor]: ANOMALY on [planning_node] /planning/path:stale_repeat: Value 1.0000 deviated from baseline 0.0000±0.0001 (z=10000.0, confirmed x22) (sev=1.00)
[monitor_node-6] [WARN] [1789952343.157943427] [diagnostic_monitor]: ANOMALY on [odometry_node] /sim/odom:stale_repeat: Value 1.0000 deviated from baseline 0.0000±0.0001 (z=10000.0, confirmed x91) (sev=1.00)
[monitor_node-6] [WARN] [1789952343.165655119] [diagnostic_monitor]: ANOMALY on [localization_node] /localization/pose:stale_repeat: Value 1.0000 deviated from baseline 0.0000±0.0001 (z=10000.0, confirmed x91) (sev=1.00)
[monitor_node-6] [WARN] [1789952343.207051859] [diagnostic_monitor]: ANOMALY on [odometry_node] /sim/odom:stale_repeat: Value 1.0000 deviated from baseline 0.0000±0.0001 (z=10000.0, confirmed x92) (sev=1.00)
[monitor_node-6] [WARN] [1789952343.215323706] [diagnostic_monitor]: ANOMALY on [localization_node] /localization/pose:stale_repeat: Value 1.0000 deviated from baseline 0.0000±0.0001 (z=10000.0, confirmed x92) (sev=1.00)
[monitor_node-6] [WARN] [1789952343.257257748] [diagnostic_monitor]: ANOMALY on [odometry_node] /sim/odom:stale_repeat: Value 1.0000 deviated from baseline 0.0000±0.0001 (z=10000.0, confirmed x93) (sev=1.00)
[monitor_node-6] [WARN] [1789952343.265894883] [diagnostic_monitor]: ANOMALY on [localization_node] /localization/pose:stale_repeat: Value 1.0000 deviated from baseline 0.0000±0.0001 (z=10000.0, confirmed x93) (sev=1.00)
[monitor_node-6] [WARN] [1789952343.307812012] [diagnostic_monitor]: ANOMALY on [odometry_node] /sim/odom:stale_repeat: Value 1.0000 deviated from baseline 0.0000±0.0001 (z=10000.0, confirmed x94) (sev=1.00)
[monitor_node-6] [WARN] [1789952343.315404663] [diagnostic_monitor]: ANOMALY on [localization_node] /localization/pose:stale_repeat: Value 1.0000 deviated from baseline 0.0000±0.0001 (z=10000.0, confirmed x94) (sev=1.00)
[monitor_node-6] [WARN] [1789952343.316840274] [diagnostic_monitor]: ANOMALY on [planning_node] /planning/path:stale_repeat: Value 1.0000 deviated from baseline 0.0000±0.0001 (z=10000.0, confirmed x23) (sev=1.00)
[monitor_node-6] [WARN] [1789952343.357205854] [diagnostic_monitor]: ANOMALY on [odometry_node] /sim/odom:stale_repeat: Value 1.0000 deviated from baseline 0.0000±0.0001 (z=10000.0, confirmed x95) (sev=1.00)
[monitor_node-6] [WARN] [1789952343.365259539] [diagnostic_monitor]: ANOMALY on [localization_node] /localization/pose:stale_repeat: Value 1.0000 deviated from baseline 0.0000±0.0001 (z=10000.0, confirmed x95) (sev=1.00)
[monitor_node-6] [WARN] [1789952343.407314442] [diagnostic_monitor]: ANOMALY on [odometry_node] /sim/odom:stale_repeat: Value 1.0000 deviated from baseline 0.0000±0.0001 (z=10000.0, confirmed x96) (sev=1.00)
[monitor_node-6] [WARN] [1789952343.415714096] [diagnostic_monitor]: ANOMALY on [localization_node] /localization/pose:stale_repeat: Value 1.0000 deviated from baseline 0.0000±0.0001 (z=10000.0, confirmed x96) (sev=1.00)
[monitor_node-6] [WARN] [1789952343.457408655] [diagnostic_monitor]: ANOMALY on [odometry_node] /sim/odom:stale_repeat: Value 1.0000 deviated from baseline 0.0000±0.0001 (z=10000.0, confirmed x97) (sev=1.00)
[monitor_node-6] [WARN] [1789952343.465306162] [diagnostic_monitor]: ANOMALY on [localization_node] /localization/pose:stale_repeat: Value 1.0000 deviated from baseline 0.0000±0.0001 (z=10000.0, confirmed x97) (sev=1.00)
[monitor_node-6] [WARN] [1789952343.507283141] [diagnostic_monitor]: ANOMALY on [odometry_node] /sim/odom:stale_repeat: Value 1.0000 deviated from baseline 0.0000±0.0001 (z=10000.0, confirmed x98) (sev=1.00)
[monitor_node-6] [WARN] [1789952343.515639647] [diagnostic_monitor]: ANOMALY on [localization_node] /localization/pose:stale_repeat: Value 1.0000 deviated from baseline 0.0000±0.0001 (z=10000.0, confirmed x98) (sev=1.00)
[monitor_node-6] [WARN] [1789952343.516628852] [diagnostic_monitor]: ANOMALY on [planning_node] /planning/path:stale_repeat: Value 1.0000 deviated from baseline 0.0000±0.0001 (z=10000.0, confirmed x24) (sev=1.00)
[monitor_node-6] [WARN] [1789952343.557265931] [diagnostic_monitor]: ANOMALY on [odometry_node] /sim/odom:stale_repeat: Value 1.0000 deviated from baseline 0.0000±0.0001 (z=10000.0, confirmed x99) (sev=1.00)
[monitor_node-6] [WARN] [1789952343.565772611] [diagnostic_monitor]: ANOMALY on [localization_node] /localization/pose:stale_repeat: Value 1.0000 deviated from baseline 0.0000±0.0001 (z=10000.0, confirmed x99) (sev=1.00)
[monitor_node-6] [WARN] [1789952343.608444149] [diagnostic_monitor]: ANOMALY on [odometry_node] /sim/odom:stale_repeat: Value 1.0000 deviated from baseline 0.0000±0.0001 (z=10000.0, confirmed x100) (sev=1.00)
[monitor_node-6] [WARN] [1789952343.615437088] [diagnostic_monitor]: ANOMALY on [localization_node] /localization/pose:stale_repeat: Value 1.0000 deviated from baseline 0.0000±0.0001 (z=10000.0, confirmed x100) (sev=1.00)
[monitor_node-6] [WARN] [1789952343.656947050] [diagnostic_monitor]: ANOMALY on [odometry_node] /sim/odom:stale_repeat: Value 1.0000 deviated from baseline 0.0000±0.0001 (z=10000.0, confirmed x101) (sev=1.00)
[monitor_node-6] [WARN] [1789952343.665216471] [diagnostic_monitor]: ANOMALY on [localization_node] /localization/pose:stale_repeat: Value 1.0000 deviated from baseline 0.0000±0.0001 (z=10000.0, confirmed x101) (sev=1.00)
[monitor_node-6] [WARN] [1789952343.708437404] [diagnostic_monitor]: ANOMALY on [odometry_node] /sim/odom:stale_repeat: Value 1.0000 deviated from baseline 0.0000±0.0001 (z=10000.0, confirmed x102) (sev=1.00)
[monitor_node-6] [WARN] [1789952343.715768218] [diagnostic_monitor]: ANOMALY on [localization_node] /localization/pose:stale_repeat: Value 1.0000 deviated from baseline 0.0000±0.0001 (z=10000.0, confirmed x102) (sev=1.00)
[monitor_node-6] [WARN] [1789952343.717504836] [diagnostic_monitor]: ANOMALY on [planning_node] /planning/path:stale_repeat: Value 1.0000 deviated from baseline 0.0000±0.0001 (z=10000.0, confirmed x25) (sev=1.00)
[monitor_node-6] [WARN] [1789952343.757095531] [diagnostic_monitor]: ANOMALY on [odometry_node] /sim/odom:stale_repeat: Value 1.0000 deviated from baseline 0.0000±0.0001 (z=10000.0, confirmed x103) (sev=1.00)
[monitor_node-6] [WARN] [1789952343.765415776] [diagnostic_monitor]: ANOMALY on [localization_node] /localization/pose:stale_repeat: Value 1.0000 deviated from baseline 0.0000±0.0001 (z=10000.0, confirmed x103) (sev=1.00)
[monitor_node-6] [WARN] [1789952343.807088119] [diagnostic_monitor]: ANOMALY on [odometry_node] /sim/odom:stale_repeat: Value 1.0000 deviated from baseline 0.0000±0.0001 (z=10000.0, confirmed x104) (sev=1.00)
[monitor_node-6] [WARN] [1789952343.815270285] [diagnostic_monitor]: ANOMALY on [localization_node] /localization/pose:stale_repeat: Value 1.0000 deviated from baseline 0.0000±0.0001 (z=10000.0, confirmed x104) (sev=1.00)
[monitor_node-6] [WARN] [1789952343.857650640] [diagnostic_monitor]: ANOMALY on [odometry_node] /sim/odom:stale_repeat: Value 1.0000 deviated from baseline 0.0000±0.0001 (z=10000.0, confirmed x105) (sev=1.00)
[monitor_node-6] [WARN] [1789952343.865356570] [diagnostic_monitor]: ANOMALY on [localization_node] /localization/pose:stale_repeat: Value 1.0000 deviated from baseline 0.0000±0.0001 (z=10000.0, confirmed x105) (sev=1.00)
[monitor_node-6] [WARN] [1789952343.907385287] [diagnostic_monitor]: ANOMALY on [odometry_node] /sim/odom:stale_repeat: Value 1.0000 deviated from baseline 0.0000±0.0001 (z=10000.0, confirmed x106) (sev=1.00)
[monitor_node-6] [WARN] [1789952343.915376561] [diagnostic_monitor]: ANOMALY on [localization_node] /localization/pose:stale_repeat: Value 1.0000 deviated from baseline 0.0000±0.0001 (z=10000.0, confirmed x106) (sev=1.00)
[monitor_node-6] [WARN] [1789952343.916960503] [diagnostic_monitor]: ANOMALY on [planning_node] /planning/path:stale_repeat: Value 1.0000 deviated from baseline 0.0000±0.0001 (z=10000.0, confirmed x26) (sev=1.00)
[monitor_node-6] [WARN] [1789952343.957162787] [diagnostic_monitor]: ANOMALY on [odometry_node] /sim/odom:stale_repeat: Value 1.0000 deviated from baseline 0.0000±0.0001 (z=10000.0, confirmed x107) (sev=1.00)
[monitor_node-6] [WARN] [1789952343.965410675] [diagnostic_monitor]: ANOMALY on [localization_node] /localization/pose:stale_repeat: Value 1.0000 deviated from baseline 0.0000±0.0001 (z=10000.0, confirmed x107) (sev=1.00)
[monitor_node-6] [WARN] [1789952344.008494221] [diagnostic_monitor]: ANOMALY on [odometry_node] /sim/odom:stale_repeat: Value 1.0000 deviated from baseline 0.0000±0.0001 (z=10000.0, confirmed x108) (sev=1.00)
[monitor_node-6] [WARN] [1789952344.015491129] [diagnostic_monitor]: ANOMALY on [localization_node] /localization/pose:stale_repeat: Value 1.0000 deviated from baseline 0.0000±0.0001 (z=10000.0, confirmed x108) (sev=1.00)
[monitor_node-6] [WARN] [1789952344.057463792] [diagnostic_monitor]: ANOMALY on [odometry_node] /sim/odom:stale_repeat: Value 1.0000 deviated from baseline 0.0000±0.0001 (z=10000.0, confirmed x109) (sev=1.00)
[monitor_node-6] [WARN] [1789952344.065477401] [diagnostic_monitor]: ANOMALY on [localization_node] /localization/pose:stale_repeat: Value 1.0000 deviated from baseline 0.0000±0.0001 (z=10000.0, confirmed x109) (sev=1.00)
[monitor_node-6] [WARN] [1789952344.107917498] [diagnostic_monitor]: ANOMALY on [odometry_node] /sim/odom:stale_repeat: Value 1.0000 deviated from baseline 0.0000±0.0001 (z=10000.0, confirmed x110) (sev=1.00)
[monitor_node-6] [WARN] [1789952344.115337620] [diagnostic_monitor]: ANOMALY on [localization_node] /localization/pose:stale_repeat: Value 1.0000 deviated from baseline 0.0000±0.0001 (z=10000.0, confirmed x110) (sev=1.00)
[monitor_node-6] [WARN] [1789952344.116444615] [diagnostic_monitor]: ANOMALY on [planning_node] /planning/path:stale_repeat: Value 1.0000 deviated from baseline 0.0000±0.0001 (z=10000.0, confirmed x27) (sev=1.00)
[monitor_node-6] [WARN] [1789952344.157728557] [diagnostic_monitor]: ANOMALY on [odometry_node] /sim/odom:stale_repeat: Value 1.0000 deviated from baseline 0.0000±0.0001 (z=10000.0, confirmed x111) (sev=1.00)
[monitor_node-6] [WARN] [1789952344.165315109] [diagnostic_monitor]: ANOMALY on [localization_node] /localization/pose:stale_repeat: Value 1.0000 deviated from baseline 0.0000±0.0001 (z=10000.0, confirmed x111) (sev=1.00)
[monitor_node-6] [WARN] [1789952344.207647700] [diagnostic_monitor]: ANOMALY on [odometry_node] /sim/odom:stale_repeat: Value 1.0000 deviated from baseline 0.0000±0.0001 (z=10000.0, confirmed x112) (sev=1.00)
[monitor_node-6] [WARN] [1789952344.215666084] [diagnostic_monitor]: ANOMALY on [localization_node] /localization/pose:stale_repeat: Value 1.0000 deviated from baseline 0.0000±0.0001 (z=10000.0, confirmed x112) (sev=1.00)
[monitor_node-6] [WARN] [1789952344.257691102] [diagnostic_monitor]: ANOMALY on [odometry_node] /sim/odom:stale_repeat: Value 1.0000 deviated from baseline 0.0000±0.0001 (z=10000.0, confirmed x113) (sev=1.00)
[monitor_node-6] [WARN] [1789952344.265188259] [diagnostic_monitor]: ANOMALY on [localization_node] /localization/pose:stale_repeat: Value 1.0000 deviated from baseline 0.0000±0.0001 (z=10000.0, confirmed x113) (sev=1.00)
[monitor_node-6] [WARN] [1789952344.307368538] [diagnostic_monitor]: ANOMALY on [odometry_node] /sim/odom:stale_repeat: Value 1.0000 deviated from baseline 0.0000±0.0001 (z=10000.0, confirmed x114) (sev=1.00)
[monitor_node-6] [WARN] [1789952344.315386505] [diagnostic_monitor]: ANOMALY on [localization_node] /localization/pose:stale_repeat: Value 1.0000 deviated from baseline 0.0000±0.0001 (z=10000.0, confirmed x114) (sev=1.00)
[monitor_node-6] [WARN] [1789952344.316784097] [diagnostic_monitor]: ANOMALY on [planning_node] /planning/path:stale_repeat: Value 1.0000 deviated from baseline 0.0000±0.0001 (z=10000.0, confirmed x28) (sev=1.00)
[monitor_node-6] [WARN] [1789952344.357783497] [diagnostic_monitor]: ANOMALY on [odometry_node] /sim/odom:stale_repeat: Value 1.0000 deviated from baseline 0.0000±0.0001 (z=10000.0, confirmed x115) (sev=1.00)
[monitor_node-6] [WARN] [1789952344.365847595] [diagnostic_monitor]: ANOMALY on [localization_node] /localization/pose:stale_repeat: Value 1.0000 deviated from baseline 0.0000±0.0001 (z=10000.0, confirmed x115) (sev=1.00)
[monitor_node-6] [WARN] [1789952344.407496691] [diagnostic_monitor]: ANOMALY on [odometry_node] /sim/odom:stale_repeat: Value 1.0000 deviated from baseline 0.0000±0.0001 (z=10000.0, confirmed x116) (sev=1.00)
[monitor_node-6] [WARN] [1789952344.415785864] [diagnostic_monitor]: ANOMALY on [localization_node] /localization/pose:stale_repeat: Value 1.0000 deviated from baseline 0.0000±0.0001 (z=10000.0, confirmed x116) (sev=1.00)
[monitor_node-6] [WARN] [1789952344.457709854] [diagnostic_monitor]: ANOMALY on [odometry_node] /sim/odom:stale_repeat: Value 1.0000 deviated from baseline 0.0000±0.0001 (z=10000.0, confirmed x117) (sev=1.00)
[monitor_node-6] [WARN] [1789952344.465967847] [diagnostic_monitor]: ANOMALY on [localization_node] /localization/pose:stale_repeat: Value 1.0000 deviated from baseline 0.0000±0.0001 (z=10000.0, confirmed x117) (sev=1.00)
[monitor_node-6] [WARN] [1789952344.508518915] [diagnostic_monitor]: ANOMALY on [odometry_node] /sim/odom:stale_repeat: Value 1.0000 deviated from baseline 0.0000±0.0001 (z=10000.0, confirmed x118) (sev=1.00)
[monitor_node-6] [WARN] [1789952344.515369488] [diagnostic_monitor]: ANOMALY on [localization_node] /localization/pose:stale_repeat: Value 1.0000 deviated from baseline 0.0000±0.0001 (z=10000.0, confirmed x118) (sev=1.00)
[monitor_node-6] [WARN] [1789952344.516900029] [diagnostic_monitor]: ANOMALY on [planning_node] /planning/path:stale_repeat: Value 1.0000 deviated from baseline 0.0000±0.0001 (z=10000.0, confirmed x29) (sev=1.00)
[monitor_node-6] [WARN] [1789952344.557339633] [diagnostic_monitor]: ANOMALY on [odometry_node] /sim/odom:stale_repeat: Value 1.0000 deviated from baseline 0.0000±0.0001 (z=10000.0, confirmed x119) (sev=1.00)
[monitor_node-6] [WARN] [1789952344.565990671] [diagnostic_monitor]: ANOMALY on [localization_node] /localization/pose:stale_repeat: Value 1.0000 deviated from baseline 0.0000±0.0001 (z=10000.0, confirmed x119) (sev=1.00)
[monitor_node-6] [WARN] [1789952344.607752675] [diagnostic_monitor]: ANOMALY on [odometry_node] /sim/odom:stale_repeat: Value 1.0000 deviated from baseline 0.0000±0.0001 (z=10000.0, confirmed x120) (sev=1.00)
[monitor_node-6] [WARN] [1789952344.615420276] [diagnostic_monitor]: ANOMALY on [localization_node] /localization/pose:stale_repeat: Value 1.0000 deviated from baseline 0.0000±0.0001 (z=10000.0, confirmed x120) (sev=1.00)
[monitor_node-6] [WARN] [1789952344.657600121] [diagnostic_monitor]: ANOMALY on [odometry_node] /sim/odom:stale_repeat: Value 1.0000 deviated from baseline 0.0000±0.0001 (z=10000.0, confirmed x121) (sev=1.00)
[monitor_node-6] [WARN] [1789952344.665344604] [diagnostic_monitor]: ANOMALY on [localization_node] /localization/pose:stale_repeat: Value 1.0000 deviated from baseline 0.0000±0.0001 (z=10000.0, confirmed x121) (sev=1.00)
[monitor_node-6] [WARN] [1789952344.707959574] [diagnostic_monitor]: ANOMALY on [odometry_node] /sim/odom:stale_repeat: Value 1.0000 deviated from baseline 0.0000±0.0001 (z=10000.0, confirmed x122) (sev=1.00)
[monitor_node-6] [WARN] [1789952344.715224071] [diagnostic_monitor]: ANOMALY on [localization_node] /localization/pose:stale_repeat: Value 1.0000 deviated from baseline 0.0000±0.0001 (z=10000.0, confirmed x122) (sev=1.00)
[monitor_node-6] [WARN] [1789952344.716821192] [diagnostic_monitor]: ANOMALY on [planning_node] /planning/path:stale_repeat: Value 1.0000 deviated from baseline 0.0000±0.0001 (z=10000.0, confirmed x30) (sev=1.00)
[monitor_node-6] [WARN] [1789952344.757676127] [diagnostic_monitor]: ANOMALY on [odometry_node] /sim/odom:stale_repeat: Value 1.0000 deviated from baseline 0.0000±0.0001 (z=10000.0, confirmed x123) (sev=1.00)
[monitor_node-6] [WARN] [1789952344.765816309] [diagnostic_monitor]: ANOMALY on [localization_node] /localization/pose:stale_repeat: Value 1.0000 deviated from baseline 0.0000±0.0001 (z=10000.0, confirmed x123) (sev=1.00)
[monitor_node-6] [WARN] [1789952344.807237966] [diagnostic_monitor]: ANOMALY on [odometry_node] /sim/odom:stale_repeat: Value 1.0000 deviated from baseline 0.0000±0.0001 (z=10000.0, confirmed x124) (sev=1.00)
[monitor_node-6] [WARN] [1789952344.815463205] [diagnostic_monitor]: ANOMALY on [localization_node] /localization/pose:stale_repeat: Value 1.0000 deviated from baseline 0.0000±0.0001 (z=10000.0, confirmed x124) (sev=1.00)
[monitor_node-6] [WARN] [1789952344.857516259] [diagnostic_monitor]: ANOMALY on [odometry_node] /sim/odom:stale_repeat: Value 1.0000 deviated from baseline 0.0000±0.0001 (z=10000.0, confirmed x125) (sev=1.00)
[monitor_node-6] [WARN] [1789952344.865687302] [diagnostic_monitor]: ANOMALY on [localization_node] /localization/pose:stale_repeat: Value 1.0000 deviated from baseline 0.0000±0.0001 (z=10000.0, confirmed x125) (sev=1.00)
[monitor_node-6] [WARN] [1789952344.907655430] [diagnostic_monitor]: ANOMALY on [odometry_node] /sim/odom:stale_repeat: Value 1.0000 deviated from baseline 0.0000±0.0001 (z=10000.0, confirmed x126) (sev=1.00)
[monitor_node-6] [WARN] [1789952344.915885118] [diagnostic_monitor]: ANOMALY on [localization_node] /localization/pose:stale_repeat: Value 1.0000 deviated from baseline 0.0000±0.0001 (z=10000.0, confirmed x126) (sev=1.00)
[monitor_node-6] [WARN] [1789952344.917056118] [diagnostic_monitor]: ANOMALY on [planning_node] /planning/path:stale_repeat: Value 1.0000 deviated from baseline 0.0000±0.0001 (z=10000.0, confirmed x31) (sev=1.00)
[monitor_node-6] [WARN] [1789952344.957054581] [diagnostic_monitor]: ANOMALY on [odometry_node] /sim/odom:stale_repeat: Value 1.0000 deviated from baseline 0.0000±0.0001 (z=10000.0, confirmed x127) (sev=1.00)
[monitor_node-6] [WARN] [1789952344.965623878] [diagnostic_monitor]: ANOMALY on [localization_node] /localization/pose:stale_repeat: Value 1.0000 deviated from baseline 0.0000±0.0001 (z=10000.0, confirmed x127) (sev=1.00)
[monitor_node-6] [WARN] [1789952345.007138280] [diagnostic_monitor]: ANOMALY on [odometry_node] /sim/odom:stale_repeat: Value 1.0000 deviated from baseline 0.0000±0.0001 (z=10000.0, confirmed x128) (sev=1.00)
[monitor_node-6] [WARN] [1789952345.016009565] [diagnostic_monitor]: ANOMALY on [localization_node] /localization/pose:stale_repeat: Value 1.0000 deviated from baseline 0.0000±0.0001 (z=10000.0, confirmed x128) (sev=1.00)
[monitor_node-6] [WARN] [1789952345.057759545] [diagnostic_monitor]: ANOMALY on [odometry_node] /sim/odom:stale_repeat: Value 1.0000 deviated from baseline 0.0000±0.0001 (z=10000.0, confirmed x129) (sev=1.00)
[monitor_node-6] [WARN] [1789952345.065714884] [diagnostic_monitor]: ANOMALY on [localization_node] /localization/pose:stale_repeat: Value 1.0000 deviated from baseline 0.0000±0.0001 (z=10000.0, confirmed x129) (sev=1.00)
[monitor_node-6] [WARN] [1789952345.107198645] [diagnostic_monitor]: ANOMALY on [odometry_node] /sim/odom:stale_repeat: Value 1.0000 deviated from baseline 0.0000±0.0001 (z=10000.0, confirmed x130) (sev=1.00)
[monitor_node-6] [WARN] [1789952345.115443790] [diagnostic_monitor]: ANOMALY on [localization_node] /localization/pose:stale_repeat: Value 1.0000 deviated from baseline 0.0000±0.0001 (z=10000.0, confirmed x130) (sev=1.00)
[monitor_node-6] [WARN] [1789952345.117091941] [diagnostic_monitor]: ANOMALY on [planning_node] /planning/path:stale_repeat: Value 1.0000 deviated from baseline 0.0000±0.0001 (z=10000.0, confirmed x32) (sev=1.00)
[monitor_node-6] [WARN] [1789952345.157166372] [diagnostic_monitor]: ANOMALY on [odometry_node] /sim/odom:stale_repeat: Value 1.0000 deviated from baseline 0.0000±0.0001 (z=10000.0, confirmed x131) (sev=1.00)
[monitor_node-6] [WARN] [1789952345.165590790] [diagnostic_monitor]: ANOMALY on [localization_node] /localization/pose:stale_repeat: Value 1.0000 deviated from baseline 0.0000±0.0001 (z=10000.0, confirmed x131) (sev=1.00)
[monitor_node-6] [WARN] [1789952345.207357906] [diagnostic_monitor]: ANOMALY on [odometry_node] /sim/odom:stale_repeat: Value 1.0000 deviated from baseline 0.0000±0.0001 (z=10000.0, confirmed x132) (sev=1.00)
[monitor_node-6] [WARN] [1789952345.215840604] [diagnostic_monitor]: ANOMALY on [localization_node] /localization/pose:stale_repeat: Value 1.0000 deviated from baseline 0.0000±0.0001 (z=10000.0, confirmed x132) (sev=1.00)
[monitor_node-6] [WARN] [1789952345.257192641] [diagnostic_monitor]: ANOMALY on [odometry_node] /sim/odom:stale_repeat: Value 1.0000 deviated from baseline 0.0000±0.0001 (z=10000.0, confirmed x133) (sev=1.00)
[monitor_node-6] [WARN] [1789952345.265866095] [diagnostic_monitor]: ANOMALY on [localization_node] /localization/pose:stale_repeat: Value 1.0000 deviated from baseline 0.0000±0.0001 (z=10000.0, confirmed x133) (sev=1.00)
[monitor_node-6] [WARN] [1789952345.307379986] [diagnostic_monitor]: ANOMALY on [odometry_node] /sim/odom:stale_repeat: Value 1.0000 deviated from baseline 0.0000±0.0001 (z=10000.0, confirmed x134) (sev=1.00)
[monitor_node-6] [WARN] [1789952345.315569409] [diagnostic_monitor]: ANOMALY on [localization_node] /localization/pose:stale_repeat: Value 1.0000 deviated from baseline 0.0000±0.0001 (z=10000.0, confirmed x134) (sev=1.00)
[monitor_node-6] [WARN] [1789952345.316600819] [diagnostic_monitor]: ANOMALY on [planning_node] /planning/path:stale_repeat: Value 1.0000 deviated from baseline 0.0000±0.0001 (z=10000.0, confirmed x33) (sev=1.00)
[monitor_node-6] [WARN] [1789952345.357614998] [diagnostic_monitor]: ANOMALY on [odometry_node] /sim/odom:stale_repeat: Value 1.0000 deviated from baseline 0.0000±0.0001 (z=10000.0, confirmed x135) (sev=1.00)
[monitor_node-6] [WARN] [1789952345.365791633] [diagnostic_monitor]: ANOMALY on [localization_node] /localization/pose:stale_repeat: Value 1.0000 deviated from baseline 0.0000±0.0001 (z=10000.0, confirmed x135) (sev=1.00)
[monitor_node-6] [WARN] [1789952345.407381097] [diagnostic_monitor]: ANOMALY on [odometry_node] /sim/odom:stale_repeat: Value 1.0000 deviated from baseline 0.0000±0.0001 (z=10000.0, confirmed x136) (sev=1.00)
[monitor_node-6] [WARN] [1789952345.415380991] [diagnostic_monitor]: ANOMALY on [localization_node] /localization/pose:stale_repeat: Value 1.0000 deviated from baseline 0.0000±0.0001 (z=10000.0, confirmed x136) (sev=1.00)
[monitor_node-6] [WARN] [1789952345.457605897] [diagnostic_monitor]: ANOMALY on [odometry_node] /sim/odom:stale_repeat: Value 1.0000 deviated from baseline 0.0000±0.0001 (z=10000.0, confirmed x137) (sev=1.00)
[monitor_node-6] [WARN] [1789952345.465365327] [diagnostic_monitor]: ANOMALY on [localization_node] /localization/pose:stale_repeat: Value 1.0000 deviated from baseline 0.0000±0.0001 (z=10000.0, confirmed x137) (sev=1.00)
[monitor_node-6] [WARN] [1789952345.507265025] [diagnostic_monitor]: ANOMALY on [odometry_node] /sim/odom:stale_repeat: Value 1.0000 deviated from baseline 0.0000±0.0001 (z=10000.0, confirmed x138) (sev=1.00)
[monitor_node-6] [WARN] [1789952345.515918777] [diagnostic_monitor]: ANOMALY on [localization_node] /localization/pose:stale_repeat: Value 1.0000 deviated from baseline 0.0000±0.0001 (z=10000.0, confirmed x138) (sev=1.00)
[monitor_node-6] [WARN] [1789952345.517566859] [diagnostic_monitor]: ANOMALY on [planning_node] /planning/path:stale_repeat: Value 1.0000 deviated from baseline 0.0000±0.0001 (z=10000.0, confirmed x34) (sev=1.00)
[monitor_node-6] [WARN] [1789952345.557206540] [diagnostic_monitor]: ANOMALY on [odometry_node] /sim/odom:stale_repeat: Value 1.0000 deviated from baseline 0.0000±0.0001 (z=10000.0, confirmed x139) (sev=1.00)
[monitor_node-6] [WARN] [1789952345.565726154] [diagnostic_monitor]: ANOMALY on [localization_node] /localization/pose:stale_repeat: Value 1.0000 deviated from baseline 0.0000±0.0001 (z=10000.0, confirmed x139) (sev=1.00)
[monitor_node-6] [WARN] [1789952345.607960356] [diagnostic_monitor]: ANOMALY on [odometry_node] /sim/odom:stale_repeat: Value 1.0000 deviated from baseline 0.0000±0.0001 (z=10000.0, confirmed x140) (sev=1.00)
[monitor_node-6] [WARN] [1789952345.615455715] [diagnostic_monitor]: ANOMALY on [localization_node] /localization/pose:stale_repeat: Value 1.0000 deviated from baseline 0.0000±0.0001 (z=10000.0, confirmed x140) (sev=1.00)
[monitor_node-6] [WARN] [1789952345.657355710] [diagnostic_monitor]: ANOMALY on [odometry_node] /sim/odom:stale_repeat: Value 1.0000 deviated from baseline 0.0000±0.0001 (z=10000.0, confirmed x141) (sev=1.00)
[monitor_node-6] [WARN] [1789952345.665341461] [diagnostic_monitor]: ANOMALY on [localization_node] /localization/pose:stale_repeat: Value 1.0000 deviated from baseline 0.0000±0.0001 (z=10000.0, confirmed x141) (sev=1.00)
[monitor_node-6] [WARN] [1789952345.707848831] [diagnostic_monitor]: ANOMALY on [odometry_node] /sim/odom:stale_repeat: Value 1.0000 deviated from baseline 0.0000±0.0001 (z=10000.0, confirmed x142) (sev=1.00)
[monitor_node-6] [WARN] [1789952345.715236855] [diagnostic_monitor]: ANOMALY on [localization_node] /localization/pose:stale_repeat: Value 1.0000 deviated from baseline 0.0000±0.0001 (z=10000.0, confirmed x142) (sev=1.00)
[monitor_node-6] [WARN] [1789952345.716507218] [diagnostic_monitor]: ANOMALY on [planning_node] /planning/path:stale_repeat: Value 1.0000 deviated from baseline 0.0000±0.0001 (z=10000.0, confirmed x35) (sev=1.00)
[monitor_node-6] [WARN] [1789952345.757977533] [diagnostic_monitor]: ANOMALY on [odometry_node] /sim/odom:stale_repeat: Value 1.0000 deviated from baseline 0.0000±0.0001 (z=10000.0, confirmed x143) (sev=1.00)
[monitor_node-6] [WARN] [1789952345.765985350] [diagnostic_monitor]: ANOMALY on [localization_node] /localization/pose:stale_repeat: Value 1.0000 deviated from baseline 0.0000±0.0001 (z=10000.0, confirmed x143) (sev=1.00)
[monitor_node-6] [WARN] [1789952345.807617133] [diagnostic_monitor]: ANOMALY on [odometry_node] /sim/odom:stale_repeat: Value 1.0000 deviated from baseline 0.0000±0.0001 (z=10000.0, confirmed x144) (sev=1.00)
[monitor_node-6] [WARN] [1789952345.815243741] [diagnostic_monitor]: ANOMALY on [localization_node] /localization/pose:stale_repeat: Value 1.0000 deviated from baseline 0.0000±0.0001 (z=10000.0, confirmed x144) (sev=1.00)
[monitor_node-6] [WARN] [1789952345.857542231] [diagnostic_monitor]: ANOMALY on [odometry_node] /sim/odom:stale_repeat: Value 1.0000 deviated from baseline 0.0000±0.0001 (z=10000.0, confirmed x145) (sev=1.00)
[monitor_node-6] [WARN] [1789952345.865681401] [diagnostic_monitor]: ANOMALY on [localization_node] /localization/pose:stale_repeat: Value 1.0000 deviated from baseline 0.0000±0.0001 (z=10000.0, confirmed x145) (sev=1.00)
[monitor_node-6] [WARN] [1789952345.907648507] [diagnostic_monitor]: ANOMALY on [odometry_node] /sim/odom:stale_repeat: Value 1.0000 deviated from baseline 0.0000±0.0001 (z=10000.0, confirmed x146) (sev=1.00)
[monitor_node-6] [WARN] [1789952345.915203855] [diagnostic_monitor]: ANOMALY on [localization_node] /localization/pose:stale_repeat: Value 1.0000 deviated from baseline 0.0000±0.0001 (z=10000.0, confirmed x146) (sev=1.00)
[monitor_node-6] [WARN] [1789952345.916218531] [diagnostic_monitor]: ANOMALY on [planning_node] /planning/path:stale_repeat: Value 1.0000 deviated from baseline 0.0000±0.0001 (z=10000.0, confirmed x36) (sev=1.00)
[monitor_node-6] [WARN] [1789952345.957221374] [diagnostic_monitor]: ANOMALY on [odometry_node] /sim/odom:stale_repeat: Value 1.0000 deviated from baseline 0.0000±0.0001 (z=10000.0, confirmed x147) (sev=1.00)
[monitor_node-6] [WARN] [1789952345.966054445] [diagnostic_monitor]: ANOMALY on [localization_node] /localization/pose:stale_repeat: Value 1.0000 deviated from baseline 0.0000±0.0001 (z=10000.0, confirmed x147) (sev=1.00)
[monitor_node-6] [WARN] [1789952346.007121303] [diagnostic_monitor]: ANOMALY on [odometry_node] /sim/odom:stale_repeat: Value 1.0000 deviated from baseline 0.0000±0.0001 (z=10000.0, confirmed x148) (sev=1.00)
[monitor_node-6] [WARN] [1789952346.015587279] [diagnostic_monitor]: ANOMALY on [localization_node] /localization/pose:stale_repeat: Value 1.0000 deviated from baseline 0.0000±0.0001 (z=10000.0, confirmed x148) (sev=1.00)
[monitor_node-6] [WARN] [1789952346.057264764] [diagnostic_monitor]: ANOMALY on [odometry_node] /sim/odom:stale_repeat: Value 1.0000 deviated from baseline 0.0000±0.0001 (z=10000.0, confirmed x149) (sev=1.00)
[monitor_node-6] [WARN] [1789952346.065629837] [diagnostic_monitor]: ANOMALY on [localization_node] /localization/pose:stale_repeat: Value 1.0000 deviated from baseline 0.0000±0.0001 (z=10000.0, confirmed x149) (sev=1.00)
[monitor_node-6] [WARN] [1789952346.107924623] [diagnostic_monitor]: ANOMALY on [odometry_node] /sim/odom:stale_repeat: Value 1.0000 deviated from baseline 0.0000±0.0001 (z=10000.0, confirmed x150) (sev=1.00)
[monitor_node-6] [WARN] [1789952346.115392830] [diagnostic_monitor]: ANOMALY on [localization_node] /localization/pose:stale_repeat: Value 1.0000 deviated from baseline 0.0000±0.0001 (z=10000.0, confirmed x150) (sev=1.00)
[monitor_node-6] [WARN] [1789952346.116476152] [diagnostic_monitor]: ANOMALY on [planning_node] /planning/path:stale_repeat: Value 1.0000 deviated from baseline 0.0000±0.0001 (z=10000.0, confirmed x37) (sev=1.00)
[monitor_node-6] [WARN] [1789952346.157211395] [diagnostic_monitor]: ANOMALY on [odometry_node] /sim/odom:stale_repeat: Value 1.0000 deviated from baseline 0.0000±0.0001 (z=10000.0, confirmed x151) (sev=1.00)
[monitor_node-6] [WARN] [1789952346.166005660] [diagnostic_monitor]: ANOMALY on [localization_node] /localization/pose:stale_repeat: Value 1.0000 deviated from baseline 0.0000±0.0001 (z=10000.0, confirmed x151) (sev=1.00)
[monitor_node-6] [WARN] [1789952346.207559318] [diagnostic_monitor]: ANOMALY on [odometry_node] /sim/odom:stale_repeat: Value 1.0000 deviated from baseline 0.0000±0.0001 (z=10000.0, confirmed x152) (sev=1.00)
[monitor_node-6] [WARN] [1789952346.215808114] [diagnostic_monitor]: ANOMALY on [localization_node] /localization/pose:stale_repeat: Value 1.0000 deviated from baseline 0.0000±0.0001 (z=10000.0, confirmed x152) (sev=1.00)
[monitor_node-6] [WARN] [1789952346.257120596] [diagnostic_monitor]: ANOMALY on [odometry_node] /sim/odom:stale_repeat: Value 1.0000 deviated from baseline 0.0000±0.0001 (z=10000.0, confirmed x153) (sev=1.00)
[monitor_node-6] [WARN] [1789952346.266158270] [diagnostic_monitor]: ANOMALY on [localization_node] /localization/pose:stale_repeat: Value 1.0000 deviated from baseline 0.0000±0.0001 (z=10000.0, confirmed x153) (sev=1.00)
[monitor_node-6] [WARN] [1789952346.307102324] [diagnostic_monitor]: ANOMALY on [odometry_node] /sim/odom:stale_repeat: Value 1.0000 deviated from baseline 0.0000±0.0001 (z=10000.0, confirmed x154) (sev=1.00)
[monitor_node-6] [WARN] [1789952346.315666618] [diagnostic_monitor]: ANOMALY on [localization_node] /localization/pose:stale_repeat: Value 1.0000 deviated from baseline 0.0000±0.0001 (z=10000.0, confirmed x154) (sev=1.00)
[monitor_node-6] [WARN] [1789952346.317282859] [diagnostic_monitor]: ANOMALY on [planning_node] /planning/path:stale_repeat: Value 1.0000 deviated from baseline 0.0000±0.0001 (z=10000.0, confirmed x38) (sev=1.00)
[monitor_node-6] [WARN] [1789952346.366597047] [diagnostic_monitor]: ANOMALY on [odometry_node] /sim/odom:stale_repeat: Value 1.0000 deviated from baseline 0.0000±0.0001 (z=10000.0, confirmed x155) (sev=1.00)
[monitor_node-6] [WARN] [1789952346.368370757] [diagnostic_monitor]: ANOMALY on [localization_node] /localization/pose:stale_repeat: Value 1.0000 deviated from baseline 0.0000±0.0001 (z=10000.0, confirmed x155) (sev=1.00)
[monitor_node-6] [WARN] [1789952346.407657655] [diagnostic_monitor]: ANOMALY on [odometry_node] /sim/odom:stale_repeat: Value 1.0000 deviated from baseline 0.0000±0.0001 (z=10000.0, confirmed x156) (sev=1.00)
[monitor_node-6] [WARN] [1789952346.415512499] [diagnostic_monitor]: ANOMALY on [localization_node] /localization/pose:stale_repeat: Value 1.0000 deviated from baseline 0.0000±0.0001 (z=10000.0, confirmed x156) (sev=1.00)
[monitor_node-6] [WARN] [1789952346.457402017] [diagnostic_monitor]: ANOMALY on [odometry_node] /sim/odom:stale_repeat: Value 1.0000 deviated from baseline 0.0000±0.0001 (z=10000.0, confirmed x157) (sev=1.00)
[monitor_node-6] [WARN] [1789952346.465558101] [diagnostic_monitor]: ANOMALY on [localization_node] /localization/pose:stale_repeat: Value 1.0000 deviated from baseline 0.0000±0.0001 (z=10000.0, confirmed x157) (sev=1.00)
[monitor_node-6] [WARN] [1789952346.507558616] [diagnostic_monitor]: ANOMALY on [odometry_node] /sim/odom:stale_repeat: Value 1.0000 deviated from baseline 0.0000±0.0001 (z=10000.0, confirmed x158) (sev=1.00)
[monitor_node-6] [WARN] [1789952346.515524724] [diagnostic_monitor]: ANOMALY on [localization_node] /localization/pose:stale_repeat: Value 1.0000 deviated from baseline 0.0000±0.0001 (z=10000.0, confirmed x158) (sev=1.00)
[monitor_node-6] [WARN] [1789952346.517079534] [diagnostic_monitor]: ANOMALY on [planning_node] /planning/path:stale_repeat: Value 1.0000 deviated from baseline 0.0000±0.0001 (z=10000.0, confirmed x39) (sev=1.00)
[monitor_node-6] [WARN] [1789952346.557632543] [diagnostic_monitor]: ANOMALY on [odometry_node] /sim/odom:stale_repeat: Value 1.0000 deviated from baseline 0.0000±0.0001 (z=10000.0, confirmed x159) (sev=1.00)
[monitor_node-6] [WARN] [1789952346.565895935] [diagnostic_monitor]: ANOMALY on [localization_node] /localization/pose:stale_repeat: Value 1.0000 deviated from baseline 0.0000±0.0001 (z=10000.0, confirmed x159) (sev=1.00)
[monitor_node-6] [WARN] [1789952346.607954295] [diagnostic_monitor]: ANOMALY on [odometry_node] /sim/odom:stale_repeat: Value 1.0000 deviated from baseline 0.0000±0.0001 (z=10000.0, confirmed x160) (sev=1.00)
[monitor_node-6] [WARN] [1789952346.615362092] [diagnostic_monitor]: ANOMALY on [localization_node] /localization/pose:stale_repeat: Value 1.0000 deviated from baseline 0.0000±0.0001 (z=10000.0, confirmed x160) (sev=1.00)
[monitor_node-6] [WARN] [1789952346.657284492] [diagnostic_monitor]: ANOMALY on [odometry_node] /sim/odom:stale_repeat: Value 1.0000 deviated from baseline 0.0000±0.0001 (z=10000.0, confirmed x161) (sev=1.00)
[monitor_node-6] [WARN] [1789952346.665868645] [diagnostic_monitor]: ANOMALY on [localization_node] /localization/pose:stale_repeat: Value 1.0000 deviated from baseline 0.0000±0.0001 (z=10000.0, confirmed x161) (sev=1.00)
[monitor_node-6] [WARN] [1789952346.707603211] [diagnostic_monitor]: ANOMALY on [odometry_node] /sim/odom:stale_repeat: Value 1.0000 deviated from baseline 0.0000±0.0001 (z=10000.0, confirmed x162) (sev=1.00)
[monitor_node-6] [WARN] [1789952346.715258885] [diagnostic_monitor]: ANOMALY on [localization_node] /localization/pose:stale_repeat: Value 1.0000 deviated from baseline 0.0000±0.0001 (z=10000.0, confirmed x162) (sev=1.00)
[monitor_node-6] [WARN] [1789952346.716655424] [diagnostic_monitor]: ANOMALY on [planning_node] /planning/path:stale_repeat: Value 1.0000 deviated from baseline 0.0000±0.0001 (z=10000.0, confirmed x40) (sev=1.00)
[monitor_node-6] [WARN] [1789952346.757298111] [diagnostic_monitor]: ANOMALY on [odometry_node] /sim/odom:stale_repeat: Value 1.0000 deviated from baseline 0.0000±0.0001 (z=10000.0, confirmed x163) (sev=1.00)
[monitor_node-6] [WARN] [1789952346.765294419] [diagnostic_monitor]: ANOMALY on [localization_node] /localization/pose:stale_repeat: Value 1.0000 deviated from baseline 0.0000±0.0001 (z=10000.0, confirmed x163) (sev=1.00)
[monitor_node-6] [WARN] [1789952346.807656512] [diagnostic_monitor]: ANOMALY on [odometry_node] /sim/odom:stale_repeat: Value 1.0000 deviated from baseline 0.0000±0.0001 (z=10000.0, confirmed x164) (sev=1.00)
[monitor_node-6] [WARN] [1789952346.815719018] [diagnostic_monitor]: ANOMALY on [localization_node] /localization/pose:stale_repeat: Value 1.0000 deviated from baseline 0.0000±0.0001 (z=10000.0, confirmed x164) (sev=1.00)
[monitor_node-6] [WARN] [1789952346.857445636] [diagnostic_monitor]: ANOMALY on [odometry_node] /sim/odom:stale_repeat: Value 1.0000 deviated from baseline 0.0000±0.0001 (z=10000.0, confirmed x165) (sev=1.00)
[monitor_node-6] [WARN] [1789952346.865825972] [diagnostic_monitor]: ANOMALY on [localization_node] /localization/pose:stale_repeat: Value 1.0000 deviated from baseline 0.0000±0.0001 (z=10000.0, confirmed x165) (sev=1.00)
[monitor_node-6] [WARN] [1789952346.908236952] [diagnostic_monitor]: ANOMALY on [odometry_node] /sim/odom:stale_repeat: Value 1.0000 deviated from baseline 0.0000±0.0001 (z=10000.0, confirmed x166) (sev=1.00)
[monitor_node-6] [WARN] [1789952346.915494572] [diagnostic_monitor]: ANOMALY on [localization_node] /localization/pose:stale_repeat: Value 1.0000 deviated from baseline 0.0000±0.0001 (z=10000.0, confirmed x166) (sev=1.00)
[monitor_node-6] [WARN] [1789952346.917174560] [diagnostic_monitor]: ANOMALY on [planning_node] /planning/path:stale_repeat: Value 1.0000 deviated from baseline 0.0000±0.0001 (z=10000.0, confirmed x41) (sev=1.00)
[monitor_node-6] [WARN] [1789952346.957243520] [diagnostic_monitor]: ANOMALY on [odometry_node] /sim/odom:stale_repeat: Value 1.0000 deviated from baseline 0.0000±0.0001 (z=10000.0, confirmed x167) (sev=1.00)
[monitor_node-6] [WARN] [1789952346.965014908] [diagnostic_monitor]: ANOMALY on [localization_node] /localization/pose:stale_repeat: Value 1.0000 deviated from baseline 0.0000±0.0001 (z=10000.0, confirmed x167) (sev=1.00)
[monitor_node-6] [WARN] [1789952347.008394596] [diagnostic_monitor]: ANOMALY on [odometry_node] /sim/odom:stale_repeat: Value 1.0000 deviated from baseline 0.0000±0.0001 (z=10000.0, confirmed x168) (sev=1.00)
[monitor_node-6] [WARN] [1789952347.015833134] [diagnostic_monitor]: ANOMALY on [localization_node] /localization/pose:stale_repeat: Value 1.0000 deviated from baseline 0.0000±0.0001 (z=10000.0, confirmed x168) (sev=1.00)
[monitor_node-6] [WARN] [1789952347.057489015] [diagnostic_monitor]: ANOMALY on [odometry_node] /sim/odom:stale_repeat: Value 1.0000 deviated from baseline 0.0000±0.0001 (z=10000.0, confirmed x169) (sev=1.00)
[monitor_node-6] [WARN] [1789952347.065288937] [diagnostic_monitor]: ANOMALY on [localization_node] /localization/pose:stale_repeat: Value 1.0000 deviated from baseline 0.0000±0.0001 (z=10000.0, confirmed x169) (sev=1.00)
[monitor_node-6] [WARN] [1789952347.108906487] [diagnostic_monitor]: ANOMALY on [odometry_node] /sim/odom:stale_repeat: Value 1.0000 deviated from baseline 0.0000±0.0001 (z=10000.0, confirmed x170) (sev=1.00)
[monitor_node-6] [WARN] [1789952347.115012480] [diagnostic_monitor]: ANOMALY on [localization_node] /localization/pose:stale_repeat: Value 1.0000 deviated from baseline 0.0000±0.0001 (z=10000.0, confirmed x170) (sev=1.00)
[monitor_node-6] [WARN] [1789952347.116477868] [diagnostic_monitor]: ANOMALY on [planning_node] /planning/path:stale_repeat: Value 1.0000 deviated from baseline 0.0000±0.0001 (z=10000.0, confirmed x42) (sev=1.00)
[monitor_node-6] [WARN] [1789952347.157453142] [diagnostic_monitor]: ANOMALY on [odometry_node] /sim/odom:stale_repeat: Value 1.0000 deviated from baseline 0.0000±0.0001 (z=10000.0, confirmed x171) (sev=1.00)
[monitor_node-6] [WARN] [1789952347.165613941] [diagnostic_monitor]: ANOMALY on [localization_node] /localization/pose:stale_repeat: Value 1.0000 deviated from baseline 0.0000±0.0001 (z=10000.0, confirmed x171) (sev=1.00)
[monitor_node-6] [WARN] [1789952347.207213384] [diagnostic_monitor]: ANOMALY on [odometry_node] /sim/odom:stale_repeat: Value 1.0000 deviated from baseline 0.0000±0.0001 (z=10000.0, confirmed x172) (sev=1.00)
[monitor_node-6] [WARN] [1789952347.215992334] [diagnostic_monitor]: ANOMALY on [localization_node] /localization/pose:stale_repeat: Value 1.0000 deviated from baseline 0.0000±0.0001 (z=10000.0, confirmed x172) (sev=1.00)
[monitor_node-6] [WARN] [1789952347.257281228] [diagnostic_monitor]: ANOMALY on [odometry_node] /sim/odom:stale_repeat: Value 1.0000 deviated from baseline 0.0000±0.0001 (z=10000.0, confirmed x173) (sev=1.00)
[monitor_node-6] [WARN] [1789952347.265454208] [diagnostic_monitor]: ANOMALY on [localization_node] /localization/pose:stale_repeat: Value 1.0000 deviated from baseline 0.0000±0.0001 (z=10000.0, confirmed x173) (sev=1.00)
[monitor_node-6] [WARN] [1789952347.307412600] [diagnostic_monitor]: ANOMALY on [odometry_node] /sim/odom:stale_repeat: Value 1.0000 deviated from baseline 0.0000±0.0001 (z=10000.0, confirmed x174) (sev=1.00)
[monitor_node-6] [WARN] [1789952347.315260499] [diagnostic_monitor]: ANOMALY on [localization_node] /localization/pose:stale_repeat: Value 1.0000 deviated from baseline 0.0000±0.0001 (z=10000.0, confirmed x174) (sev=1.00)
[monitor_node-6] [WARN] [1789952347.316585322] [diagnostic_monitor]: ANOMALY on [planning_node] /planning/path:stale_repeat: Value 1.0000 deviated from baseline 0.0000±0.0001 (z=10000.0, confirmed x43) (sev=1.00)
[monitor_node-6] [WARN] [1789952347.358051729] [diagnostic_monitor]: ANOMALY on [odometry_node] /sim/odom:stale_repeat: Value 1.0000 deviated from baseline 0.0000±0.0001 (z=10000.0, confirmed x175) (sev=1.00)
[monitor_node-6] [WARN] [1789952347.365979541] [diagnostic_monitor]: ANOMALY on [localization_node] /localization/pose:stale_repeat: Value 1.0000 deviated from baseline 0.0000±0.0001 (z=10000.0, confirmed x175) (sev=1.00)
[monitor_node-6] [WARN] [1789952347.407179308] [diagnostic_monitor]: ANOMALY on [odometry_node] /sim/odom:stale_repeat: Value 1.0000 deviated from baseline 0.0000±0.0001 (z=10000.0, confirmed x176) (sev=1.00)
[monitor_node-6] [WARN] [1789952347.415635221] [diagnostic_monitor]: ANOMALY on [localization_node] /localization/pose:stale_repeat: Value 1.0000 deviated from baseline 0.0000±0.0001 (z=10000.0, confirmed x176) (sev=1.00)
[monitor_node-6] [WARN] [1789952347.457020507] [diagnostic_monitor]: ANOMALY on [odometry_node] /sim/odom:stale_repeat: Value 1.0000 deviated from baseline 0.0000±0.0001 (z=10000.0, confirmed x177) (sev=1.00)
[monitor_node-6] [WARN] [1789952347.465240771] [diagnostic_monitor]: ANOMALY on [localization_node] /localization/pose:stale_repeat: Value 1.0000 deviated from baseline 0.0000±0.0001 (z=10000.0, confirmed x177) (sev=1.00)
[monitor_node-6] [WARN] [1789952347.508317495] [diagnostic_monitor]: ANOMALY on [odometry_node] /sim/odom:stale_repeat: Value 1.0000 deviated from baseline 0.0000±0.0001 (z=10000.0, confirmed x178) (sev=1.00)
[monitor_node-6] [WARN] [1789952347.515669947] [diagnostic_monitor]: ANOMALY on [localization_node] /localization/pose:stale_repeat: Value 1.0000 deviated from baseline 0.0000±0.0001 (z=10000.0, confirmed x178) (sev=1.00)
[monitor_node-6] [WARN] [1789952347.517269666] [diagnostic_monitor]: ANOMALY on [planning_node] /planning/path:stale_repeat: Value 1.0000 deviated from baseline 0.0000±0.0001 (z=10000.0, confirmed x44) (sev=1.00)
[monitor_node-6] [WARN] [1789952347.557282730] [diagnostic_monitor]: ANOMALY on [odometry_node] /sim/odom:stale_repeat: Value 1.0000 deviated from baseline 0.0000±0.0001 (z=10000.0, confirmed x179) (sev=1.00)
[monitor_node-6] [WARN] [1789952347.565194122] [diagnostic_monitor]: ANOMALY on [localization_node] /localization/pose:stale_repeat: Value 1.0000 deviated from baseline 0.0000±0.0001 (z=10000.0, confirmed x179) (sev=1.00)
[monitor_node-6] [WARN] [1789952347.607740969] [diagnostic_monitor]: ANOMALY on [odometry_node] /sim/odom:stale_repeat: Value 1.0000 deviated from baseline 0.0000±0.0001 (z=10000.0, confirmed x180) (sev=1.00)
[monitor_node-6] [WARN] [1789952347.615520377] [diagnostic_monitor]: ANOMALY on [localization_node] /localization/pose:stale_repeat: Value 1.0000 deviated from baseline 0.0000±0.0001 (z=10000.0, confirmed x180) (sev=1.00)
[monitor_node-6] [WARN] [1789952347.657670909] [diagnostic_monitor]: ANOMALY on [odometry_node] /sim/odom:stale_repeat: Value 1.0000 deviated from baseline 0.0000±0.0001 (z=10000.0, confirmed x181) (sev=1.00)
[monitor_node-6] [WARN] [1789952347.665432594] [diagnostic_monitor]: ANOMALY on [localization_node] /localization/pose:stale_repeat: Value 1.0000 deviated from baseline 0.0000±0.0001 (z=10000.0, confirmed x181) (sev=1.00)
[monitor_node-6] [WARN] [1789952347.707465734] [diagnostic_monitor]: ANOMALY on [odometry_node] /sim/odom:stale_repeat: Value 1.0000 deviated from baseline 0.0000±0.0001 (z=10000.0, confirmed x182) (sev=1.00)
[monitor_node-6] [WARN] [1789952347.715105409] [diagnostic_monitor]: ANOMALY on [localization_node] /localization/pose:stale_repeat: Value 1.0000 deviated from baseline 0.0000±0.0001 (z=10000.0, confirmed x182) (sev=1.00)
[monitor_node-6] [WARN] [1789952347.716193652] [diagnostic_monitor]: ANOMALY on [planning_node] /planning/path:stale_repeat: Value 1.0000 deviated from baseline 0.0000±0.0001 (z=10000.0, confirmed x45) (sev=1.00)
[monitor_node-6] [WARN] [1789952347.757726796] [diagnostic_monitor]: ANOMALY on [odometry_node] /sim/odom:stale_repeat: Value 1.0000 deviated from baseline 0.0000±0.0001 (z=10000.0, confirmed x183) (sev=1.00)
[monitor_node-6] [WARN] [1789952347.766010575] [diagnostic_monitor]: ANOMALY on [localization_node] /localization/pose:stale_repeat: Value 1.0000 deviated from baseline 0.0000±0.0001 (z=10000.0, confirmed x183) (sev=1.00)
[monitor_node-6] [WARN] [1789952347.807103921] [diagnostic_monitor]: ANOMALY on [odometry_node] /sim/odom:stale_repeat: Value 1.0000 deviated from baseline 0.0000±0.0001 (z=10000.0, confirmed x184) (sev=1.00)
[monitor_node-6] [WARN] [1789952347.815167336] [diagnostic_monitor]: ANOMALY on [localization_node] /localization/pose:stale_repeat: Value 1.0000 deviated from baseline 0.0000±0.0001 (z=10000.0, confirmed x184) (sev=1.00)
[monitor_node-6] [WARN] [1789952347.857496176] [diagnostic_monitor]: ANOMALY on [odometry_node] /sim/odom:stale_repeat: Value 1.0000 deviated from baseline 0.0000±0.0001 (z=10000.0, confirmed x185) (sev=1.00)
[monitor_node-6] [WARN] [1789952347.865445020] [diagnostic_monitor]: ANOMALY on [localization_node] /localization/pose:stale_repeat: Value 1.0000 deviated from baseline 0.0000±0.0001 (z=10000.0, confirmed x185) (sev=1.00)
[monitor_node-6] [WARN] [1789952347.907783302] [diagnostic_monitor]: ANOMALY on [odometry_node] /sim/odom:stale_repeat: Value 1.0000 deviated from baseline 0.0000±0.0001 (z=10000.0, confirmed x186) (sev=1.00)
[monitor_node-6] [WARN] [1789952347.915268275] [diagnostic_monitor]: ANOMALY on [localization_node] /localization/pose:stale_repeat: Value 1.0000 deviated from baseline 0.0000±0.0001 (z=10000.0, confirmed x186) (sev=1.00)
[monitor_node-6] [WARN] [1789952347.916426127] [diagnostic_monitor]: ANOMALY on [planning_node] /planning/path:stale_repeat: Value 1.0000 deviated from baseline 0.0000±0.0001 (z=10000.0, confirmed x46) (sev=1.00)
[monitor_node-6] [WARN] [1789952347.957352515] [diagnostic_monitor]: ANOMALY on [odometry_node] /sim/odom:stale_repeat: Value 1.0000 deviated from baseline 0.0000±0.0001 (z=10000.0, confirmed x187) (sev=1.00)
[monitor_node-6] [WARN] [1789952347.965096966] [diagnostic_monitor]: ANOMALY on [localization_node] /localization/pose:stale_repeat: Value 1.0000 deviated from baseline 0.0000±0.0001 (z=10000.0, confirmed x187) (sev=1.00)
[monitor_node-6] [WARN] [1789952348.008530640] [diagnostic_monitor]: ANOMALY on [odometry_node] /sim/odom:stale_repeat: Value 1.0000 deviated from baseline 0.0000±0.0001 (z=10000.0, confirmed x188) (sev=1.00)
[monitor_node-6] [WARN] [1789952348.015821815] [diagnostic_monitor]: ANOMALY on [localization_node] /localization/pose:stale_repeat: Value 1.0000 deviated from baseline 0.0000±0.0001 (z=10000.0, confirmed x188) (sev=1.00)
[monitor_node-6] [WARN] [1789952348.057223435] [diagnostic_monitor]: ANOMALY on [odometry_node] /sim/odom:stale_repeat: Value 1.0000 deviated from baseline 0.0000±0.0001 (z=10000.0, confirmed x189) (sev=1.00)
[monitor_node-6] [WARN] [1789952348.065940270] [diagnostic_monitor]: ANOMALY on [localization_node] /localization/pose:stale_repeat: Value 1.0000 deviated from baseline 0.0000±0.0001 (z=10000.0, confirmed x189) (sev=1.00)
[monitor_node-6] [WARN] [1789952348.108290746] [diagnostic_monitor]: ANOMALY on [odometry_node] /sim/odom:stale_repeat: Value 1.0000 deviated from baseline 0.0000±0.0001 (z=10000.0, confirmed x190) (sev=1.00)
[monitor_node-6] [WARN] [1789952348.115472565] [diagnostic_monitor]: ANOMALY on [localization_node] /localization/pose:stale_repeat: Value 1.0000 deviated from baseline 0.0000±0.0001 (z=10000.0, confirmed x190) (sev=1.00)
[monitor_node-6] [WARN] [1789952348.117074319] [diagnostic_monitor]: ANOMALY on [planning_node] /planning/path:stale_repeat: Value 1.0000 deviated from baseline 0.0000±0.0001 (z=10000.0, confirmed x47) (sev=1.00)
[monitor_node-6] [WARN] [1789952348.157884081] [diagnostic_monitor]: ANOMALY on [odometry_node] /sim/odom:stale_repeat: Value 1.0000 deviated from baseline 0.0000±0.0001 (z=10000.0, confirmed x191) (sev=1.00)
[monitor_node-6] [WARN] [1789952348.165727043] [diagnostic_monitor]: ANOMALY on [localization_node] /localization/pose:stale_repeat: Value 1.0000 deviated from baseline 0.0000±0.0001 (z=10000.0, confirmed x191) (sev=1.00)
[monitor_node-6] [WARN] [1789952348.207056605] [diagnostic_monitor]: ANOMALY on [odometry_node] /sim/odom:stale_repeat: Value 1.0000 deviated from baseline 0.0000±0.0001 (z=10000.0, confirmed x192) (sev=1.00)
[monitor_node-6] [WARN] [1789952348.215616150] [diagnostic_monitor]: ANOMALY on [localization_node] /localization/pose:stale_repeat: Value 1.0000 deviated from baseline 0.0000±0.0001 (z=10000.0, confirmed x192) (sev=1.00)
[monitor_node-6] [WARN] [1789952348.257132394] [diagnostic_monitor]: ANOMALY on [odometry_node] /sim/odom:stale_repeat: Value 1.0000 deviated from baseline 0.0000±0.0001 (z=10000.0, confirmed x193) (sev=1.00)
[monitor_node-6] [WARN] [1789952348.266087184] [diagnostic_monitor]: ANOMALY on [localization_node] /localization/pose:stale_repeat: Value 1.0000 deviated from baseline 0.0000±0.0001 (z=10000.0, confirmed x193) (sev=1.00)
[monitor_node-6] [WARN] [1789952348.307903533] [diagnostic_monitor]: ANOMALY on [odometry_node] /sim/odom:stale_repeat: Value 1.0000 deviated from baseline 0.0000±0.0001 (z=10000.0, confirmed x194) (sev=1.00)
[monitor_node-6] [WARN] [1789952348.315410589] [diagnostic_monitor]: ANOMALY on [localization_node] /localization/pose:stale_repeat: Value 1.0000 deviated from baseline 0.0000±0.0001 (z=10000.0, confirmed x194) (sev=1.00)
[monitor_node-6] [WARN] [1789952348.316955863] [diagnostic_monitor]: ANOMALY on [planning_node] /planning/path:stale_repeat: Value 1.0000 deviated from baseline 0.0000±0.0001 (z=10000.0, confirmed x48) (sev=1.00)
[monitor_node-6] [WARN] [1789952348.357254895] [diagnostic_monitor]: ANOMALY on [odometry_node] /sim/odom:stale_repeat: Value 1.0000 deviated from baseline 0.0000±0.0001 (z=10000.0, confirmed x195) (sev=1.00)
[monitor_node-6] [WARN] [1789952348.365723365] [diagnostic_monitor]: ANOMALY on [localization_node] /localization/pose:stale_repeat: Value 1.0000 deviated from baseline 0.0000±0.0001 (z=10000.0, confirmed x195) (sev=1.00)
[monitor_node-6] [WARN] [1789952348.406985495] [diagnostic_monitor]: ANOMALY on [odometry_node] /sim/odom:stale_repeat: Value 1.0000 deviated from baseline 0.0000±0.0001 (z=10000.0, confirmed x196) (sev=1.00)
[monitor_node-6] [WARN] [1789952348.415110109] [diagnostic_monitor]: ANOMALY on [localization_node] /localization/pose:stale_repeat: Value 1.0000 deviated from baseline 0.0000±0.0001 (z=10000.0, confirmed x196) (sev=1.00)
[monitor_node-6] [WARN] [1789952348.457364736] [diagnostic_monitor]: ANOMALY on [odometry_node] /sim/odom:stale_repeat: Value 1.0000 deviated from baseline 0.0000±0.0001 (z=10000.0, confirmed x197) (sev=1.00)
[monitor_node-6] [WARN] [1789952348.465336184] [diagnostic_monitor]: ANOMALY on [localization_node] /localization/pose:stale_repeat: Value 1.0000 deviated from baseline 0.0000±0.0001 (z=10000.0, confirmed x197) (sev=1.00)
[monitor_node-6] [WARN] [1789952348.507614961] [diagnostic_monitor]: ANOMALY on [odometry_node] /sim/odom:stale_repeat: Value 1.0000 deviated from baseline 0.0000±0.0001 (z=10000.0, confirmed x198) (sev=1.00)
[monitor_node-6] [WARN] [1789952348.515394869] [diagnostic_monitor]: ANOMALY on [localization_node] /localization/pose:stale_repeat: Value 1.0000 deviated from baseline 0.0000±0.0001 (z=10000.0, confirmed x198) (sev=1.00)
[monitor_node-6] [WARN] [1789952348.517025108] [diagnostic_monitor]: ANOMALY on [planning_node] /planning/path:stale_repeat: Value 1.0000 deviated from baseline 0.0000±0.0001 (z=10000.0, confirmed x49) (sev=1.00)
[monitor_node-6] [WARN] [1789952348.557432063] [diagnostic_monitor]: ANOMALY on [odometry_node] /sim/odom:stale_repeat: Value 1.0000 deviated from baseline 0.0000±0.0001 (z=10000.0, confirmed x199) (sev=1.00)
[monitor_node-6] [WARN] [1789952348.565197564] [diagnostic_monitor]: ANOMALY on [localization_node] /localization/pose:stale_repeat: Value 1.0000 deviated from baseline 0.0000±0.0001 (z=10000.0, confirmed x199) (sev=1.00)
[monitor_node-6] [WARN] [1789952348.607809598] [diagnostic_monitor]: ANOMALY on [odometry_node] /sim/odom:stale_repeat: Value 1.0000 deviated from baseline 0.0000±0.0001 (z=10000.0, confirmed x200) (sev=1.00)
[monitor_node-6] [WARN] [1789952348.615432905] [diagnostic_monitor]: ANOMALY on [localization_node] /localization/pose:stale_repeat: Value 1.0000 deviated from baseline 0.0000±0.0001 (z=10000.0, confirmed x200) (sev=1.00)
[planning_node-4] [INFO] [1789952348.638414880] [planning_node]: planning_node: faults cleared
[control_node-5] [INFO] [1789952348.638420738] [control_node]: control_node: faults cleared
[localization_node-3] [INFO] [1789952348.638437831] [localization_node]: localization_node: faults cleared
[perception_node-2] [INFO] [1789952348.638472790] [perception_node]: perception_node: faults cleared
[sim_world-1] [INFO] [1789952348.639018102] [imu_node]: imu_node: faults cleared
[sim_world-1] [INFO] [1789952348.639594007] [camera_node]: camera_node: faults cleared
[sim_world-1] [INFO] [1789952348.640042214] [odometry_node]: odometry_node: faults cleared
[sim_world-1] [INFO] [1789952348.640543883] [lidar_node]: lidar_node: faults cleared
[localization_node-3] [INFO] [1789952348.688640473] [localization_node]: localization_node: faults cleared
[planning_node-4] [INFO] [1789952348.688842571] [planning_node]: planning_node: faults cleared
[control_node-5] [INFO] [1789952348.688883961] [control_node]: control_node: faults cleared
[perception_node-2] [INFO] [1789952348.688883961] [perception_node]: perception_node: faults cleared
[sim_world-1] [INFO] [1789952348.688959886] [imu_node]: imu_node: faults cleared
[sim_world-1] [INFO] [1789952348.689580846] [camera_node]: camera_node: faults cleared
[sim_world-1] [INFO] [1789952348.689958079] [odometry_node]: odometry_node: faults cleared
[sim_world-1] [INFO] [1789952348.690384136] [lidar_node]: lidar_node: faults cleared
[planning_node-4] [INFO] [1789952348.738974421] [planning_node]: planning_node: faults cleared
[perception_node-2] [INFO] [1789952348.738974256] [perception_node]: perception_node: faults cleared
[control_node-5] [INFO] [1789952348.739239291] [control_node]: control_node: faults cleared
[localization_node-3] [INFO] [1789952348.739265300] [localization_node]: localization_node: faults cleared
[sim_world-1] [INFO] [1789952348.739306434] [imu_node]: imu_node: faults cleared
[sim_world-1] [INFO] [1789952348.739996727] [camera_node]: camera_node: faults cleared
[sim_world-1] [INFO] [1789952348.740700808] [odometry_node]: odometry_node: faults cleared
[sim_world-1] [INFO] [1789952348.741390902] [lidar_node]: lidar_node: faults cleared
[control_node-5] [INFO] [1789952348.789715862] [control_node]: control_node: faults cleared
[localization_node-3] [INFO] [1789952348.789766700] [localization_node]: localization_node: faults cleared
[planning_node-4] [INFO] [1789952348.789810496] [planning_node]: planning_node: faults cleared
[perception_node-2] [INFO] [1789952348.789869465] [perception_node]: perception_node: faults cleared
[sim_world-1] [INFO] [1789952348.789893413] [imu_node]: imu_node: faults cleared
[sim_world-1] [INFO] [1789952348.790554712] [camera_node]: camera_node: faults cleared
[sim_world-1] [INFO] [1789952348.790942715] [odometry_node]: odometry_node: faults cleared
[sim_world-1] [INFO] [1789952348.791488052] [lidar_node]: lidar_node: faults cleared
[localization_node-3] [INFO] [1789952348.842539141] [localization_node]: localization_node: faults cleared
[control_node-5] [INFO] [1789952348.842547032] [control_node]: control_node: faults cleared
[planning_node-4] [INFO] [1789952348.842601677] [planning_node]: planning_node: faults cleared
[perception_node-2] [INFO] [1789952348.842601435] [perception_node]: perception_node: faults cleared
[sim_world-1] [INFO] [1789952348.842974159] [imu_node]: imu_node: faults cleared
[sim_world-1] [INFO] [1789952348.843482736] [camera_node]: camera_node: faults cleared
[sim_world-1] [INFO] [1789952348.843841149] [odometry_node]: odometry_node: faults cleared
[sim_world-1] [INFO] [1789952348.844357545] [lidar_node]: lidar_node: faults cleared
[perception_node-2] [INFO] [1789952348.892811832] [perception_node]: perception_node: faults cleared
[sim_world-1] [INFO] [1789952348.892851933] [imu_node]: imu_node: faults cleared
[control_node-5] [INFO] [1789952348.892930750] [control_node]: control_node: faults cleared
[localization_node-3] [INFO] [1789952348.892931056] [localization_node]: localization_node: faults cleared
[sim_world-1] [INFO] [1789952348.893564095] [camera_node]: camera_node: faults cleared
[planning_node-4] [INFO] [1789952348.893648309] [planning_node]: planning_node: faults cleared
[sim_world-1] [INFO] [1789952348.894231642] [odometry_node]: odometry_node: faults cleared
[sim_world-1] [INFO] [1789952348.894758621] [lidar_node]: lidar_node: faults cleared
[control_node-5] [INFO] [1789952348.943170186] [control_node]: control_node: faults cleared
[planning_node-4] [INFO] [1789952348.943308843] [planning_node]: planning_node: faults cleared
[localization_node-3] [INFO] [1789952348.943373106] [localization_node]: localization_node: faults cleared
[perception_node-2] [INFO] [1789952348.943373094] [perception_node]: perception_node: faults cleared
[sim_world-1] [INFO] [1789952348.943712727] [imu_node]: imu_node: faults cleared
[sim_world-1] [INFO] [1789952348.944380824] [camera_node]: camera_node: faults cleared
[sim_world-1] [INFO] [1789952348.945096564] [odometry_node]: odometry_node: faults cleared
[sim_world-1] [INFO] [1789952348.945877428] [lidar_node]: lidar_node: faults cleared
[control_node-5] [INFO] [1789952348.993314292] [control_node]: control_node: faults cleared
[localization_node-3] [INFO] [1789952348.993670747] [localization_node]: localization_node: faults cleared
[sim_world-1] [INFO] [1789952348.993695173] [imu_node]: imu_node: faults cleared
[perception_node-2] [INFO] [1789952348.993718932] [perception_node]: perception_node: faults cleared
[planning_node-4] [INFO] [1789952348.993731628] [planning_node]: planning_node: faults cleared
[sim_world-1] [INFO] [1789952348.994365702] [camera_node]: camera_node: faults cleared
[sim_world-1] [INFO] [1789952348.994783954] [odometry_node]: odometry_node: faults cleared
[sim_world-1] [INFO] [1789952348.995238861] [lidar_node]: lidar_node: faults cleared
[monitor_node-6] [INFO] [1789952354.976940333] [diagnostic_monitor]: Anomaly window cleared. System operating nominally.
[perception_node-2] [WARN] [1789952356.551958116] [perception_node]: perception_node: degradation "workload" param=120 duration=10.0s
[perception_node-2] [WARN] [1789952356.602583914] [perception_node]: perception_node: degradation "workload" param=120 duration=10.0s
[perception_node-2] [WARN] [1789952356.738106287] [perception_node]: perception_node: degradation "workload" param=120 duration=10.0s
[perception_node-2] [WARN] [1789952356.980624067] [perception_node]: perception_node: degradation "workload" param=120 duration=10.0s
[monitor_node-6] [WARN] [1789952357.222996722] [diagnostic_monitor]: ANOMALY on [perception_node] /perception/obstacles:latency: Value 0.4165 deviated from baseline 0.0150±0.0042 (z=95.4, confirmed x2) (sev=1.00)
[monitor_node-6] [WARN] [1789952357.464422456] [diagnostic_monitor]: ANOMALY on [perception_node] /perception/obstacles:latency: Value 0.5575 deviated from baseline 0.0150±0.0042 (z=128.9, confirmed x3) (sev=1.00)
[monitor_node-6] [INFO] [1789952357.478561631] [diagnostic_monitor]: 
[monitor_node-6] ============================================================
[monitor_node-6] ROOT CAUSE DIAGNOSIS: perception_node (Confidence: 1.000)
[monitor_node-6] ============================================================
[monitor_node-6] Score Breakdown  R(C) = wD*D + wT*T + wS*S + wA*A:
[monitor_node-6]   R(perception_node) = 0.3·D(1.00) + 0.3·T(1.00) + 0.25·S(1.00) + 0.15·A(1.00) = 1.000
[monitor_node-6]   - Dependency D: 1.00 (reaches 0 downstream anomalous node(s); 0 anomalous upstream node(s))
[monitor_node-6]   - Temporal   T: 1.00 (first anomaly at t=1789952356.98s; earliest in window = supporting evidence, not proof of causality)
[monitor_node-6]   - Symptom    S: 1.00 (explains 1/1 anomalous nodes)
[monitor_node-6]   - Severity   A: 1.00 (max normalised severity on node, 2 direct anomaly event(s))
[monitor_node-6] 
[monitor_node-6] Propagation Chain (evidence-ordered, via discovered graph edges):
[monitor_node-6]   perception_node (t=1789952356.98s: /perception/obstacles:latency, sev=1.00)
[monitor_node-6] 
[monitor_node-6] Candidate Ranking & Evidence Comparison:
[monitor_node-6]   #2 camera_node          R=0.415 (Δ -0.585) [no direct anomaly observed; does not reach observed symptoms via dependency edges]
[monitor_node-6]   #3 lidar_node           R=0.415 (Δ -0.585) [no direct anomaly observed; does not reach observed symptoms via dependency edges]
[monitor_node-6] ============================================================
[monitor_node-6] [WARN] [1789952357.706106049] [diagnostic_monitor]: ANOMALY on [perception_node] /perception/obstacles:latency: Value 0.6992 deviated from baseline 0.0150±0.0042 (z=162.6, confirmed x4) (sev=1.00)
[monitor_node-6] [WARN] [1789952357.948031960] [diagnostic_monitor]: ANOMALY on [perception_node] /perception/obstacles:latency: Value 0.8407 deviated from baseline 0.0150±0.0042 (z=196.3, confirmed x5) (sev=1.00)
[monitor_node-6] [WARN] [1789952358.188868707] [diagnostic_monitor]: ANOMALY on [perception_node] /perception/obstacles:latency: Value 0.9820 deviated from baseline 0.0150±0.0042 (z=229.8, confirmed x6) (sev=1.00)
[monitor_node-6] [WARN] [1789952358.430111365] [diagnostic_monitor]: ANOMALY on [perception_node] /perception/obstacles:latency: Value 1.1230 deviated from baseline 0.0150±0.0042 (z=263.4, confirmed x7) (sev=1.00)
[monitor_node-6] [WARN] [1789952358.671357662] [diagnostic_monitor]: ANOMALY on [perception_node] /perception/obstacles:latency: Value 1.1644 deviated from baseline 0.0150±0.0042 (z=273.2, confirmed x8) (sev=1.00)
[monitor_node-6] [WARN] [1789952358.912443638] [diagnostic_monitor]: ANOMALY on [perception_node] /perception/obstacles:latency: Value 1.2054 deviated from baseline 0.0150±0.0042 (z=282.9, confirmed x9) (sev=1.00)
[monitor_node-6] [WARN] [1789952359.153316934] [diagnostic_monitor]: ANOMALY on [perception_node] /perception/obstacles:latency: Value 1.2469 deviated from baseline 0.0150±0.0042 (z=292.8, confirmed x10) (sev=1.00)
[monitor_node-6] [WARN] [1789952359.394758095] [diagnostic_monitor]: ANOMALY on [perception_node] /perception/obstacles:latency: Value 1.1881 deviated from baseline 0.0150±0.0042 (z=278.8, confirmed x11) (sev=1.00)
[localization_node-3] [WARN] [1789952359.551592800] [localization_node]: localization_node: degradation "localization_failure" param=20 duration=10.0s
[localization_node-3] [WARN] [1789952359.602332654] [localization_node]: localization_node: degradation "localization_failure" param=20 duration=10.0s
[monitor_node-6] [WARN] [1789952359.615286308] [diagnostic_monitor]: ANOMALY on [localization_node] /localization/pose:pose_uncertainty: Value 7.0711 deviated from baseline 0.0734±0.0210 (z=332.8, confirmed x2) (sev=1.00)
[monitor_node-6] [WARN] [1789952359.635695609] [diagnostic_monitor]: ANOMALY on [perception_node] /perception/obstacles:latency: Value 1.2290 deviated from baseline 0.0150±0.0042 (z=288.6, confirmed x12) (sev=1.00)
[localization_node-3] [WARN] [1789952359.652727852] [localization_node]: localization_node: degradation "localization_failure" param=20 duration=10.0s
[monitor_node-6] [WARN] [1789952359.665196633] [diagnostic_monitor]: ANOMALY on [localization_node] /localization/pose:pose_uncertainty: Value 7.0711 deviated from baseline 0.0734±0.0210 (z=332.8, confirmed x3) (sev=1.00)
[localization_node-3] [WARN] [1789952359.702843081] [localization_node]: localization_node: degradation "localization_failure" param=20 duration=10.0s
[monitor_node-6] [WARN] [1789952359.715290137] [diagnostic_monitor]: ANOMALY on [localization_node] /localization/pose:pose_uncertainty: Value 7.0711 deviated from baseline 0.0734±0.0210 (z=332.8, confirmed x4) (sev=1.00)
[monitor_node-6] [WARN] [1789952359.765689410] [diagnostic_monitor]: ANOMALY on [localization_node] /localization/pose:pose_uncertainty: Value 7.0711 deviated from baseline 0.0734±0.0210 (z=332.8, confirmed x5) (sev=1.00)
[monitor_node-6] [WARN] [1789952359.815890725] [diagnostic_monitor]: ANOMALY on [localization_node] /localization/pose:pose_uncertainty: Value 7.0711 deviated from baseline 0.0734±0.0210 (z=332.8, confirmed x6) (sev=1.00)
[monitor_node-6] [WARN] [1789952359.865301090] [diagnostic_monitor]: ANOMALY on [localization_node] /localization/pose:pose_uncertainty: Value 7.0711 deviated from baseline 0.0734±0.0210 (z=332.8, confirmed x7) (sev=1.00)
[monitor_node-6] [WARN] [1789952359.877740798] [diagnostic_monitor]: ANOMALY on [perception_node] /perception/obstacles:latency: Value 1.1709 deviated from baseline 0.0150±0.0042 (z=274.7, confirmed x13) (sev=1.00)
[monitor_node-6] [WARN] [1789952359.915682968] [diagnostic_monitor]: ANOMALY on [localization_node] /localization/pose:pose_uncertainty: Value 7.0711 deviated from baseline 0.0734±0.0210 (z=332.8, confirmed x8) (sev=1.00)
[monitor_node-6] [WARN] [1789952359.917197114] [diagnostic_monitor]: ANOMALY on [planning_node] /planning/path:path_empty: Value 1.0000 deviated from baseline 0.0000±0.0001 (z=10000.0, confirmed x2) (sev=1.00)
[monitor_node-6] [WARN] [1789952359.942193052] [diagnostic_monitor]: ANOMALY on [control_node] /cmd_vel:linear_vel: Value 0.0000 deviated from baseline 0.4698±0.0498 (z=9.4, confirmed x2) (sev=1.00)
[monitor_node-6] [WARN] [1789952359.942757870] [diagnostic_monitor]: ANOMALY on [control_node] /cmd_vel:cmd_zero: Value 1.0000 deviated from baseline 0.0000±0.0001 (z=10000.0, confirmed x2) (sev=1.00)
[monitor_node-6] [WARN] [1789952359.965388586] [diagnostic_monitor]: ANOMALY on [localization_node] /localization/pose:pose_uncertainty: Value 7.0711 deviated from baseline 0.0734±0.0210 (z=332.8, confirmed x9) (sev=1.00)
[monitor_node-6] [WARN] [1789952360.015469631] [diagnostic_monitor]: ANOMALY on [localization_node] /localization/pose:pose_uncertainty: Value 7.0711 deviated from baseline 0.0734±0.0210 (z=332.8, confirmed x10) (sev=1.00)
[monitor_node-6] [WARN] [1789952360.065368468] [diagnostic_monitor]: ANOMALY on [localization_node] /localization/pose:pose_uncertainty: Value 7.0711 deviated from baseline 0.0734±0.0210 (z=332.8, confirmed x11) (sev=1.00)
[monitor_node-6] [WARN] [1789952360.115669225] [diagnostic_monitor]: ANOMALY on [localization_node] /localization/pose:pose_uncertainty: Value 7.0711 deviated from baseline 0.0734±0.0210 (z=332.8, confirmed x12) (sev=1.00)
[monitor_node-6] [WARN] [1789952360.116908473] [diagnostic_monitor]: ANOMALY on [planning_node] /planning/path:path_empty: Value 1.0000 deviated from baseline 0.0000±0.0001 (z=10000.0, confirmed x3) (sev=1.00)
[monitor_node-6] [WARN] [1789952360.119717078] [diagnostic_monitor]: ANOMALY on [perception_node] /perception/obstacles:latency: Value 1.2126 deviated from baseline 0.0150±0.0042 (z=284.6, confirmed x14) (sev=1.00)
[monitor_node-6] [WARN] [1789952360.142346420] [diagnostic_monitor]: ANOMALY on [control_node] /cmd_vel:linear_vel: Value 0.0000 deviated from baseline 0.4698±0.0498 (z=9.4, confirmed x3) (sev=1.00)
[monitor_node-6] [WARN] [1789952360.142847235] [diagnostic_monitor]: ANOMALY on [control_node] /cmd_vel:cmd_zero: Value 1.0000 deviated from baseline 0.0000±0.0001 (z=10000.0, confirmed x3) (sev=1.00)
[monitor_node-6] [WARN] [1789952360.165191214] [diagnostic_monitor]: ANOMALY on [localization_node] /localization/pose:pose_uncertainty: Value 7.0711 deviated from baseline 0.0734±0.0210 (z=332.8, confirmed x13) (sev=1.00)
[monitor_node-6] [WARN] [1789952360.215397110] [diagnostic_monitor]: ANOMALY on [localization_node] /localization/pose:pose_uncertainty: Value 7.0711 deviated from baseline 0.0734±0.0210 (z=332.8, confirmed x14) (sev=1.00)
[monitor_node-6] [WARN] [1789952360.265441245] [diagnostic_monitor]: ANOMALY on [localization_node] /localization/pose:pose_uncertainty: Value 7.0711 deviated from baseline 0.0734±0.0210 (z=332.8, confirmed x15) (sev=1.00)
[monitor_node-6] [WARN] [1789952360.315843166] [diagnostic_monitor]: ANOMALY on [localization_node] /localization/pose:pose_uncertainty: Value 7.0711 deviated from baseline 0.0734±0.0210 (z=332.8, confirmed x16) (sev=1.00)
[monitor_node-6] [WARN] [1789952360.317077165] [diagnostic_monitor]: ANOMALY on [planning_node] /planning/path:path_empty: Value 1.0000 deviated from baseline 0.0000±0.0001 (z=10000.0, confirmed x4) (sev=1.00)
[monitor_node-6] [WARN] [1789952360.342467551] [diagnostic_monitor]: ANOMALY on [control_node] /cmd_vel:linear_vel: Value 0.0000 deviated from baseline 0.4698±0.0498 (z=9.4, confirmed x4) (sev=1.00)
[monitor_node-6] [WARN] [1789952360.343251766] [diagnostic_monitor]: ANOMALY on [control_node] /cmd_vel:cmd_zero: Value 1.0000 deviated from baseline 0.0000±0.0001 (z=10000.0, confirmed x4) (sev=1.00)
[monitor_node-6] [WARN] [1789952360.360736129] [diagnostic_monitor]: ANOMALY on [perception_node] /perception/obstacles:latency: Value 1.1539 deviated from baseline 0.0150±0.0042 (z=270.7, confirmed x15) (sev=1.00)
[monitor_node-6] [WARN] [1789952360.365500465] [diagnostic_monitor]: ANOMALY on [localization_node] /localization/pose:pose_uncertainty: Value 7.0711 deviated from baseline 0.0734±0.0210 (z=332.8, confirmed x17) (sev=1.00)
[monitor_node-6] [WARN] [1789952360.415326543] [diagnostic_monitor]: ANOMALY on [localization_node] /localization/pose:pose_uncertainty: Value 7.0711 deviated from baseline 0.0734±0.0210 (z=332.8, confirmed x18) (sev=1.00)
[monitor_node-6] [WARN] [1789952360.465405927] [diagnostic_monitor]: ANOMALY on [localization_node] /localization/pose:pose_uncertainty: Value 7.0711 deviated from baseline 0.0734±0.0210 (z=332.8, confirmed x19) (sev=1.00)
[monitor_node-6] [WARN] [1789952360.515745812] [diagnostic_monitor]: ANOMALY on [localization_node] /localization/pose:pose_uncertainty: Value 7.0711 deviated from baseline 0.0734±0.0210 (z=332.8, confirmed x20) (sev=1.00)
[monitor_node-6] [WARN] [1789952360.517214666] [diagnostic_monitor]: ANOMALY on [planning_node] /planning/path:path_empty: Value 1.0000 deviated from baseline 0.0000±0.0001 (z=10000.0, confirmed x5) (sev=1.00)
[monitor_node-6] [WARN] [1789952360.542633098] [diagnostic_monitor]: ANOMALY on [control_node] /cmd_vel:linear_vel: Value 0.0000 deviated from baseline 0.4698±0.0498 (z=9.4, confirmed x5) (sev=1.00)
[monitor_node-6] [WARN] [1789952360.543427859] [diagnostic_monitor]: ANOMALY on [control_node] /cmd_vel:cmd_zero: Value 1.0000 deviated from baseline 0.0000±0.0001 (z=10000.0, confirmed x5) (sev=1.00)
[monitor_node-6] [WARN] [1789952360.565821727] [diagnostic_monitor]: ANOMALY on [localization_node] /localization/pose:pose_uncertainty: Value 7.0711 deviated from baseline 0.0734±0.0210 (z=332.8, confirmed x21) (sev=1.00)
[monitor_node-6] [WARN] [1789952360.602394228] [diagnostic_monitor]: ANOMALY on [perception_node] /perception/obstacles:latency: Value 1.1956 deviated from baseline 0.0150±0.0042 (z=280.6, confirmed x16) (sev=1.00)
[monitor_node-6] [WARN] [1789952360.615710599] [diagnostic_monitor]: ANOMALY on [localization_node] /localization/pose:pose_uncertainty: Value 7.0711 deviated from baseline 0.0734±0.0210 (z=332.8, confirmed x22) (sev=1.00)
[monitor_node-6] [WARN] [1789952360.665266801] [diagnostic_monitor]: ANOMALY on [localization_node] /localization/pose:pose_uncertainty: Value 7.0711 deviated from baseline 0.0734±0.0210 (z=332.8, confirmed x23) (sev=1.00)
[monitor_node-6] [WARN] [1789952360.715349380] [diagnostic_monitor]: ANOMALY on [localization_node] /localization/pose:pose_uncertainty: Value 7.0711 deviated from baseline 0.0734±0.0210 (z=332.8, confirmed x24) (sev=1.00)
[monitor_node-6] [WARN] [1789952360.716278049] [diagnostic_monitor]: ANOMALY on [planning_node] /planning/path:path_empty: Value 1.0000 deviated from baseline 0.0000±0.0001 (z=10000.0, confirmed x6) (sev=1.00)
[monitor_node-6] [WARN] [1789952360.742217259] [diagnostic_monitor]: ANOMALY on [control_node] /cmd_vel:linear_vel: Value 0.0000 deviated from baseline 0.4698±0.0498 (z=9.4, confirmed x6) (sev=1.00)
[monitor_node-6] [WARN] [1789952360.742728606] [diagnostic_monitor]: ANOMALY on [control_node] /cmd_vel:cmd_zero: Value 1.0000 deviated from baseline 0.0000±0.0001 (z=10000.0, confirmed x6) (sev=1.00)
[monitor_node-6] [WARN] [1789952360.765666301] [diagnostic_monitor]: ANOMALY on [localization_node] /localization/pose:pose_uncertainty: Value 7.0711 deviated from baseline 0.0734±0.0210 (z=332.8, confirmed x25) (sev=1.00)
[monitor_node-6] [WARN] [1789952360.815336275] [diagnostic_monitor]: ANOMALY on [localization_node] /localization/pose:pose_uncertainty: Value 7.0711 deviated from baseline 0.0734±0.0210 (z=332.8, confirmed x26) (sev=1.00)
[monitor_node-6] [WARN] [1789952360.843700905] [diagnostic_monitor]: ANOMALY on [perception_node] /perception/obstacles:latency: Value 1.2371 deviated from baseline 0.0150±0.0042 (z=290.5, confirmed x17) (sev=1.00)
[monitor_node-6] [WARN] [1789952360.865769364] [diagnostic_monitor]: ANOMALY on [localization_node] /localization/pose:pose_uncertainty: Value 7.0711 deviated from baseline 0.0734±0.0210 (z=332.8, confirmed x27) (sev=1.00)
[monitor_node-6] [WARN] [1789952360.915737892] [diagnostic_monitor]: ANOMALY on [localization_node] /localization/pose:pose_uncertainty: Value 7.0711 deviated from baseline 0.0734±0.0210 (z=332.8, confirmed x28) (sev=1.00)
[monitor_node-6] [WARN] [1789952360.917277627] [diagnostic_monitor]: ANOMALY on [planning_node] /planning/path:path_empty: Value 1.0000 deviated from baseline 0.0000±0.0001 (z=10000.0, confirmed x7) (sev=1.00)
[monitor_node-6] [WARN] [1789952360.942256627] [diagnostic_monitor]: ANOMALY on [control_node] /cmd_vel:linear_vel: Value 0.0000 deviated from baseline 0.4698±0.0498 (z=9.4, confirmed x7) (sev=1.00)
[monitor_node-6] [WARN] [1789952360.942774651] [diagnostic_monitor]: ANOMALY on [control_node] /cmd_vel:cmd_zero: Value 1.0000 deviated from baseline 0.0000±0.0001 (z=10000.0, confirmed x7) (sev=1.00)
[monitor_node-6] [WARN] [1789952360.965763450] [diagnostic_monitor]: ANOMALY on [localization_node] /localization/pose:pose_uncertainty: Value 7.0711 deviated from baseline 0.0734±0.0210 (z=332.8, confirmed x29) (sev=1.00)
[monitor_node-6] [WARN] [1789952361.015521137] [diagnostic_monitor]: ANOMALY on [localization_node] /localization/pose:pose_uncertainty: Value 7.0711 deviated from baseline 0.0734±0.0210 (z=332.8, confirmed x30) (sev=1.00)
[monitor_node-6] [WARN] [1789952361.065848114] [diagnostic_monitor]: ANOMALY on [localization_node] /localization/pose:pose_uncertainty: Value 7.0711 deviated from baseline 0.0734±0.0210 (z=332.8, confirmed x31) (sev=1.00)
[monitor_node-6] [WARN] [1789952361.085287875] [diagnostic_monitor]: ANOMALY on [perception_node] /perception/obstacles:latency: Value 1.1786 deviated from baseline 0.0150±0.0042 (z=276.6, confirmed x18) (sev=1.00)
[monitor_node-6] [WARN] [1789952361.115912832] [diagnostic_monitor]: ANOMALY on [localization_node] /localization/pose:pose_uncertainty: Value 7.0711 deviated from baseline 0.0734±0.0210 (z=332.8, confirmed x32) (sev=1.00)
[monitor_node-6] [WARN] [1789952361.116872831] [diagnostic_monitor]: ANOMALY on [planning_node] /planning/path:path_empty: Value 1.0000 deviated from baseline 0.0000±0.0001 (z=10000.0, confirmed x8) (sev=1.00)
[monitor_node-6] [WARN] [1789952361.142608519] [diagnostic_monitor]: ANOMALY on [control_node] /cmd_vel:linear_vel: Value 0.0000 deviated from baseline 0.4698±0.0498 (z=9.4, confirmed x8) (sev=1.00)
[monitor_node-6] [WARN] [1789952361.143587020] [diagnostic_monitor]: ANOMALY on [control_node] /cmd_vel:cmd_zero: Value 1.0000 deviated from baseline 0.0000±0.0001 (z=10000.0, confirmed x8) (sev=1.00)
[monitor_node-6] [WARN] [1789952361.165065720] [diagnostic_monitor]: ANOMALY on [localization_node] /localization/pose:pose_uncertainty: Value 7.0711 deviated from baseline 0.0734±0.0210 (z=332.8, confirmed x33) (sev=1.00)
[monitor_node-6] [WARN] [1789952361.215295855] [diagnostic_monitor]: ANOMALY on [localization_node] /localization/pose:pose_uncertainty: Value 7.0711 deviated from baseline 0.0734±0.0210 (z=332.8, confirmed x34) (sev=1.00)
[monitor_node-6] [WARN] [1789952361.265898961] [diagnostic_monitor]: ANOMALY on [localization_node] /localization/pose:pose_uncertainty: Value 7.0711 deviated from baseline 0.0734±0.0210 (z=332.8, confirmed x35) (sev=1.00)
[monitor_node-6] [WARN] [1789952361.315183829] [diagnostic_monitor]: ANOMALY on [localization_node] /localization/pose:pose_uncertainty: Value 7.0711 deviated from baseline 0.0734±0.0210 (z=332.8, confirmed x36) (sev=1.00)
[monitor_node-6] [WARN] [1789952361.316663822] [diagnostic_monitor]: ANOMALY on [planning_node] /planning/path:path_empty: Value 1.0000 deviated from baseline 0.0000±0.0001 (z=10000.0, confirmed x9) (sev=1.00)
[monitor_node-6] [WARN] [1789952361.326462627] [diagnostic_monitor]: ANOMALY on [perception_node] /perception/obstacles:latency: Value 1.2197 deviated from baseline 0.0150±0.0042 (z=286.3, confirmed x19) (sev=1.00)
[monitor_node-6] [WARN] [1789952361.342401916] [diagnostic_monitor]: ANOMALY on [control_node] /cmd_vel:linear_vel: Value 0.0000 deviated from baseline 0.4698±0.0498 (z=9.4, confirmed x9) (sev=1.00)
[monitor_node-6] [WARN] [1789952361.342943784] [diagnostic_monitor]: ANOMALY on [control_node] /cmd_vel:cmd_zero: Value 1.0000 deviated from baseline 0.0000±0.0001 (z=10000.0, confirmed x9) (sev=1.00)
[monitor_node-6] [WARN] [1789952361.365641386] [diagnostic_monitor]: ANOMALY on [localization_node] /localization/pose:pose_uncertainty: Value 7.0711 deviated from baseline 0.0734±0.0210 (z=332.8, confirmed x37) (sev=1.00)
[monitor_node-6] [WARN] [1789952361.415653453] [diagnostic_monitor]: ANOMALY on [localization_node] /localization/pose:pose_uncertainty: Value 7.0711 deviated from baseline 0.0734±0.0210 (z=332.8, confirmed x38) (sev=1.00)
[monitor_node-6] [WARN] [1789952361.465265746] [diagnostic_monitor]: ANOMALY on [localization_node] /localization/pose:pose_uncertainty: Value 7.0711 deviated from baseline 0.0734±0.0210 (z=332.8, confirmed x39) (sev=1.00)
[monitor_node-6] [WARN] [1789952361.515598480] [diagnostic_monitor]: ANOMALY on [localization_node] /localization/pose:pose_uncertainty: Value 7.0711 deviated from baseline 0.0734±0.0210 (z=332.8, confirmed x40) (sev=1.00)
[monitor_node-6] [WARN] [1789952361.516983594] [diagnostic_monitor]: ANOMALY on [planning_node] /planning/path:path_empty: Value 1.0000 deviated from baseline 0.0000±0.0001 (z=10000.0, confirmed x10) (sev=1.00)
[monitor_node-6] [WARN] [1789952361.542579927] [diagnostic_monitor]: ANOMALY on [control_node] /cmd_vel:linear_vel: Value 0.0000 deviated from baseline 0.4698±0.0498 (z=9.4, confirmed x10) (sev=1.00)
[monitor_node-6] [WARN] [1789952361.543387148] [diagnostic_monitor]: ANOMALY on [control_node] /cmd_vel:cmd_zero: Value 1.0000 deviated from baseline 0.0000±0.0001 (z=10000.0, confirmed x10) (sev=1.00)
[monitor_node-6] [WARN] [1789952361.565161079] [diagnostic_monitor]: ANOMALY on [localization_node] /localization/pose:pose_uncertainty: Value 7.0711 deviated from baseline 0.0734±0.0210 (z=332.8, confirmed x41) (sev=1.00)
[monitor_node-6] [WARN] [1789952361.567645865] [diagnostic_monitor]: ANOMALY on [perception_node] /perception/obstacles:latency: Value 1.1603 deviated from baseline 0.0150±0.0042 (z=272.2, confirmed x20) (sev=1.00)
[monitor_node-6] [WARN] [1789952361.615842957] [diagnostic_monitor]: ANOMALY on [localization_node] /localization/pose:pose_uncertainty: Value 7.0711 deviated from baseline 0.0734±0.0210 (z=332.8, confirmed x42) (sev=1.00)
[monitor_node-6] [WARN] [1789952361.665567036] [diagnostic_monitor]: ANOMALY on [localization_node] /localization/pose:pose_uncertainty: Value 7.0711 deviated from baseline 0.0734±0.0210 (z=332.8, confirmed x43) (sev=1.00)
[monitor_node-6] [WARN] [1789952361.715636012] [diagnostic_monitor]: ANOMALY on [localization_node] /localization/pose:pose_uncertainty: Value 7.0711 deviated from baseline 0.0734±0.0210 (z=332.8, confirmed x44) (sev=1.00)
[monitor_node-6] [WARN] [1789952361.717217838] [diagnostic_monitor]: ANOMALY on [planning_node] /planning/path:path_empty: Value 1.0000 deviated from baseline 0.0000±0.0001 (z=10000.0, confirmed x11) (sev=1.00)
[monitor_node-6] [WARN] [1789952361.742413955] [diagnostic_monitor]: ANOMALY on [control_node] /cmd_vel:linear_vel: Value 0.0000 deviated from baseline 0.4698±0.0498 (z=9.4, confirmed x11) (sev=1.00)
[monitor_node-6] [WARN] [1789952361.743190632] [diagnostic_monitor]: ANOMALY on [control_node] /cmd_vel:cmd_zero: Value 1.0000 deviated from baseline 0.0000±0.0001 (z=10000.0, confirmed x11) (sev=1.00)
[monitor_node-6] [WARN] [1789952361.765668969] [diagnostic_monitor]: ANOMALY on [localization_node] /localization/pose:pose_uncertainty: Value 7.0711 deviated from baseline 0.0734±0.0210 (z=332.8, confirmed x45) (sev=1.00)
[monitor_node-6] [WARN] [1789952361.809014740] [diagnostic_monitor]: ANOMALY on [perception_node] /perception/obstacles:latency: Value 1.2022 deviated from baseline 0.0150±0.0042 (z=282.2, confirmed x21) (sev=1.00)
[monitor_node-6] [WARN] [1789952361.826020732] [diagnostic_monitor]: ANOMALY on [localization_node] /localization/pose:pose_uncertainty: Value 7.0711 deviated from baseline 0.0734±0.0210 (z=332.8, confirmed x46) (sev=1.00)
[monitor_node-6] [WARN] [1789952361.866676761] [diagnostic_monitor]: ANOMALY on [localization_node] /localization/pose:pose_uncertainty: Value 7.0711 deviated from baseline 0.0734±0.0210 (z=332.8, confirmed x47) (sev=1.00)
[monitor_node-6] [WARN] [1789952361.915853229] [diagnostic_monitor]: ANOMALY on [localization_node] /localization/pose:pose_uncertainty: Value 7.0711 deviated from baseline 0.0734±0.0210 (z=332.8, confirmed x48) (sev=1.00)
[monitor_node-6] [WARN] [1789952361.917269321] [diagnostic_monitor]: ANOMALY on [planning_node] /planning/path:path_empty: Value 1.0000 deviated from baseline 0.0000±0.0001 (z=10000.0, confirmed x12) (sev=1.00)
[monitor_node-6] [WARN] [1789952361.943363917] [diagnostic_monitor]: ANOMALY on [control_node] /cmd_vel:linear_vel: Value 0.0000 deviated from baseline 0.4698±0.0498 (z=9.4, confirmed x12) (sev=1.00)
[monitor_node-6] [WARN] [1789952361.944209327] [diagnostic_monitor]: ANOMALY on [control_node] /cmd_vel:cmd_zero: Value 1.0000 deviated from baseline 0.0000±0.0001 (z=10000.0, confirmed x12) (sev=1.00)
[monitor_node-6] [WARN] [1789952361.965179875] [diagnostic_monitor]: ANOMALY on [localization_node] /localization/pose:pose_uncertainty: Value 7.0711 deviated from baseline 0.0734±0.0210 (z=332.8, confirmed x49) (sev=1.00)
[monitor_node-6] [WARN] [1789952362.015836543] [diagnostic_monitor]: ANOMALY on [localization_node] /localization/pose:pose_uncertainty: Value 7.0711 deviated from baseline 0.0734±0.0210 (z=332.8, confirmed x50) (sev=1.00)
[monitor_node-6] [WARN] [1789952362.049974336] [diagnostic_monitor]: ANOMALY on [perception_node] /perception/obstacles:latency: Value 1.2431 deviated from baseline 0.0150±0.0042 (z=291.9, confirmed x22) (sev=1.00)
[monitor_node-6] [WARN] [1789952362.065601045] [diagnostic_monitor]: ANOMALY on [localization_node] /localization/pose:pose_uncertainty: Value 7.0711 deviated from baseline 0.0734±0.0210 (z=332.8, confirmed x51) (sev=1.00)
[monitor_node-6] [WARN] [1789952362.115425877] [diagnostic_monitor]: ANOMALY on [localization_node] /localization/pose:pose_uncertainty: Value 7.0711 deviated from baseline 0.0734±0.0210 (z=332.8, confirmed x52) (sev=1.00)
[monitor_node-6] [WARN] [1789952362.116853463] [diagnostic_monitor]: ANOMALY on [planning_node] /planning/path:path_empty: Value 1.0000 deviated from baseline 0.0000±0.0001 (z=10000.0, confirmed x13) (sev=1.00)
[monitor_node-6] [WARN] [1789952362.142603207] [diagnostic_monitor]: ANOMALY on [control_node] /cmd_vel:linear_vel: Value 0.0000 deviated from baseline 0.4698±0.0498 (z=9.4, confirmed x13) (sev=1.00)
[monitor_node-6] [WARN] [1789952362.143455225] [diagnostic_monitor]: ANOMALY on [control_node] /cmd_vel:cmd_zero: Value 1.0000 deviated from baseline 0.0000±0.0001 (z=10000.0, confirmed x13) (sev=1.00)
[monitor_node-6] [WARN] [1789952362.165941635] [diagnostic_monitor]: ANOMALY on [localization_node] /localization/pose:pose_uncertainty: Value 7.0711 deviated from baseline 0.0734±0.0210 (z=332.8, confirmed x53) (sev=1.00)
[monitor_node-6] [WARN] [1789952362.215216308] [diagnostic_monitor]: ANOMALY on [localization_node] /localization/pose:pose_uncertainty: Value 7.0711 deviated from baseline 0.0734±0.0210 (z=332.8, confirmed x54) (sev=1.00)
[monitor_node-6] [WARN] [1789952362.265379242] [diagnostic_monitor]: ANOMALY on [localization_node] /localization/pose:pose_uncertainty: Value 7.0711 deviated from baseline 0.0734±0.0210 (z=332.8, confirmed x55) (sev=1.00)
[monitor_node-6] [WARN] [1789952362.291659362] [diagnostic_monitor]: ANOMALY on [perception_node] /perception/obstacles:latency: Value 1.1847 deviated from baseline 0.0150±0.0042 (z=278.0, confirmed x23) (sev=1.00)
[monitor_node-6] [WARN] [1789952362.315218246] [diagnostic_monitor]: ANOMALY on [localization_node] /localization/pose:pose_uncertainty: Value 7.0711 deviated from baseline 0.0734±0.0210 (z=332.8, confirmed x56) (sev=1.00)
[monitor_node-6] [WARN] [1789952362.316441879] [diagnostic_monitor]: ANOMALY on [planning_node] /planning/path:path_empty: Value 1.0000 deviated from baseline 0.0000±0.0001 (z=10000.0, confirmed x14) (sev=1.00)
[monitor_node-6] [WARN] [1789952362.342342047] [diagnostic_monitor]: ANOMALY on [control_node] /cmd_vel:linear_vel: Value 0.0000 deviated from baseline 0.4698±0.0498 (z=9.4, confirmed x14) (sev=1.00)
[monitor_node-6] [WARN] [1789952362.342852166] [diagnostic_monitor]: ANOMALY on [control_node] /cmd_vel:cmd_zero: Value 1.0000 deviated from baseline 0.0000±0.0001 (z=10000.0, confirmed x14) (sev=1.00)
[monitor_node-6] [WARN] [1789952362.365915467] [diagnostic_monitor]: ANOMALY on [localization_node] /localization/pose:pose_uncertainty: Value 7.0711 deviated from baseline 0.0734±0.0210 (z=332.8, confirmed x57) (sev=1.00)
[monitor_node-6] [WARN] [1789952362.415626780] [diagnostic_monitor]: ANOMALY on [localization_node] /localization/pose:pose_uncertainty: Value 7.0711 deviated from baseline 0.0734±0.0210 (z=332.8, confirmed x58) (sev=1.00)
[monitor_node-6] [WARN] [1789952362.465854278] [diagnostic_monitor]: ANOMALY on [localization_node] /localization/pose:pose_uncertainty: Value 7.0711 deviated from baseline 0.0734±0.0210 (z=332.8, confirmed x59) (sev=1.00)
[monitor_node-6] [WARN] [1789952362.515276153] [diagnostic_monitor]: ANOMALY on [localization_node] /localization/pose:pose_uncertainty: Value 7.0711 deviated from baseline 0.0734±0.0210 (z=332.8, confirmed x60) (sev=1.00)
[monitor_node-6] [WARN] [1789952362.516284664] [diagnostic_monitor]: ANOMALY on [planning_node] /planning/path:path_empty: Value 1.0000 deviated from baseline 0.0000±0.0001 (z=10000.0, confirmed x15) (sev=1.00)
[monitor_node-6] [WARN] [1789952362.532937189] [diagnostic_monitor]: ANOMALY on [perception_node] /perception/obstacles:latency: Value 1.2261 deviated from baseline 0.0150±0.0042 (z=287.9, confirmed x24) (sev=1.00)
[monitor_node-6] [WARN] [1789952362.542181469] [diagnostic_monitor]: ANOMALY on [control_node] /cmd_vel:linear_vel: Value 0.0000 deviated from baseline 0.4698±0.0498 (z=9.4, confirmed x15) (sev=1.00)
[monitor_node-6] [WARN] [1789952362.542659892] [diagnostic_monitor]: ANOMALY on [control_node] /cmd_vel:cmd_zero: Value 1.0000 deviated from baseline 0.0000±0.0001 (z=10000.0, confirmed x15) (sev=1.00)
[monitor_node-6] [WARN] [1789952362.565272394] [diagnostic_monitor]: ANOMALY on [localization_node] /localization/pose:pose_uncertainty: Value 7.0711 deviated from baseline 0.0734±0.0210 (z=332.8, confirmed x61) (sev=1.00)
[monitor_node-6] [WARN] [1789952362.615880521] [diagnostic_monitor]: ANOMALY on [localization_node] /localization/pose:pose_uncertainty: Value 7.0711 deviated from baseline 0.0734±0.0210 (z=332.8, confirmed x62) (sev=1.00)
[monitor_node-6] [WARN] [1789952362.665277566] [diagnostic_monitor]: ANOMALY on [localization_node] /localization/pose:pose_uncertainty: Value 7.0711 deviated from baseline 0.0734±0.0210 (z=332.8, confirmed x63) (sev=1.00)
[monitor_node-6] [WARN] [1789952362.715563460] [diagnostic_monitor]: ANOMALY on [localization_node] /localization/pose:pose_uncertainty: Value 7.0711 deviated from baseline 0.0734±0.0210 (z=332.8, confirmed x64) (sev=1.00)
[monitor_node-6] [WARN] [1789952362.716668898] [diagnostic_monitor]: ANOMALY on [planning_node] /planning/path:path_empty: Value 1.0000 deviated from baseline 0.0000±0.0001 (z=10000.0, confirmed x16) (sev=1.00)
[monitor_node-6] [WARN] [1789952362.742487604] [diagnostic_monitor]: ANOMALY on [control_node] /cmd_vel:linear_vel: Value 0.0000 deviated from baseline 0.4698±0.0498 (z=9.4, confirmed x16) (sev=1.00)
[monitor_node-6] [WARN] [1789952362.743227532] [diagnostic_monitor]: ANOMALY on [control_node] /cmd_vel:cmd_zero: Value 1.0000 deviated from baseline 0.0000±0.0001 (z=10000.0, confirmed x16) (sev=1.00)
[monitor_node-6] [WARN] [1789952362.765826888] [diagnostic_monitor]: ANOMALY on [localization_node] /localization/pose:pose_uncertainty: Value 7.0711 deviated from baseline 0.0734±0.0210 (z=332.8, confirmed x65) (sev=1.00)
[monitor_node-6] [WARN] [1789952362.774232967] [diagnostic_monitor]: ANOMALY on [perception_node] /perception/obstacles:latency: Value 1.1676 deviated from baseline 0.0150±0.0042 (z=274.0, confirmed x25) (sev=1.00)
[monitor_node-6] [WARN] [1789952362.815496045] [diagnostic_monitor]: ANOMALY on [localization_node] /localization/pose:pose_uncertainty: Value 7.0711 deviated from baseline 0.0734±0.0210 (z=332.8, confirmed x66) (sev=1.00)
[monitor_node-6] [WARN] [1789952362.865786504] [diagnostic_monitor]: ANOMALY on [localization_node] /localization/pose:pose_uncertainty: Value 7.0711 deviated from baseline 0.0734±0.0210 (z=332.8, confirmed x67) (sev=1.00)
[monitor_node-6] [WARN] [1789952362.915620436] [diagnostic_monitor]: ANOMALY on [localization_node] /localization/pose:pose_uncertainty: Value 7.0711 deviated from baseline 0.0734±0.0210 (z=332.8, confirmed x68) (sev=1.00)
[monitor_node-6] [WARN] [1789952362.916661190] [diagnostic_monitor]: ANOMALY on [planning_node] /planning/path:path_empty: Value 1.0000 deviated from baseline 0.0000±0.0001 (z=10000.0, confirmed x17) (sev=1.00)
[monitor_node-6] [WARN] [1789952362.942694155] [diagnostic_monitor]: ANOMALY on [control_node] /cmd_vel:linear_vel: Value 0.0000 deviated from baseline 0.4698±0.0498 (z=9.4, confirmed x17) (sev=1.00)
[monitor_node-6] [WARN] [1789952362.943511925] [diagnostic_monitor]: ANOMALY on [control_node] /cmd_vel:cmd_zero: Value 1.0000 deviated from baseline 0.0000±0.0001 (z=10000.0, confirmed x17) (sev=1.00)
[monitor_node-6] [WARN] [1789952362.965715871] [diagnostic_monitor]: ANOMALY on [localization_node] /localization/pose:pose_uncertainty: Value 7.0711 deviated from baseline 0.0734±0.0210 (z=332.8, confirmed x69) (sev=1.00)
[monitor_node-6] [WARN] [1789952363.015774470] [diagnostic_monitor]: ANOMALY on [localization_node] /localization/pose:pose_uncertainty: Value 7.0711 deviated from baseline 0.0734±0.0210 (z=332.8, confirmed x70) (sev=1.00)
[monitor_node-6] [WARN] [1789952363.017035021] [diagnostic_monitor]: ANOMALY on [perception_node] /perception/obstacles:latency: Value 1.2101 deviated from baseline 0.0150±0.0042 (z=284.1, confirmed x26) (sev=1.00)
[monitor_node-6] [WARN] [1789952363.065977258] [diagnostic_monitor]: ANOMALY on [localization_node] /localization/pose:pose_uncertainty: Value 7.0711 deviated from baseline 0.0734±0.0210 (z=332.8, confirmed x71) (sev=1.00)
[monitor_node-6] [WARN] [1789952363.115381900] [diagnostic_monitor]: ANOMALY on [localization_node] /localization/pose:pose_uncertainty: Value 7.0711 deviated from baseline 0.0734±0.0210 (z=332.8, confirmed x72) (sev=1.00)
[monitor_node-6] [WARN] [1789952363.116544625] [diagnostic_monitor]: ANOMALY on [planning_node] /planning/path:path_empty: Value 1.0000 deviated from baseline 0.0000±0.0001 (z=10000.0, confirmed x18) (sev=1.00)
[monitor_node-6] [WARN] [1789952363.142576354] [diagnostic_monitor]: ANOMALY on [control_node] /cmd_vel:linear_vel: Value 0.0000 deviated from baseline 0.4698±0.0498 (z=9.4, confirmed x18) (sev=1.00)
[monitor_node-6] [WARN] [1789952363.143246962] [diagnostic_monitor]: ANOMALY on [control_node] /cmd_vel:cmd_zero: Value 1.0000 deviated from baseline 0.0000±0.0001 (z=10000.0, confirmed x18) (sev=1.00)
[monitor_node-6] [WARN] [1789952363.165901820] [diagnostic_monitor]: ANOMALY on [localization_node] /localization/pose:pose_uncertainty: Value 7.0711 deviated from baseline 0.0734±0.0210 (z=332.8, confirmed x73) (sev=1.00)
[monitor_node-6] [WARN] [1789952363.215676682] [diagnostic_monitor]: ANOMALY on [localization_node] /localization/pose:pose_uncertainty: Value 7.0711 deviated from baseline 0.0734±0.0210 (z=332.8, confirmed x74) (sev=1.00)
[monitor_node-6] [WARN] [1789952363.256968918] [diagnostic_monitor]: ANOMALY on [perception_node] /perception/obstacles:latency: Value 1.2505 deviated from baseline 0.0150±0.0042 (z=293.7, confirmed x27) (sev=1.00)
[monitor_node-6] [WARN] [1789952363.265300035] [diagnostic_monitor]: ANOMALY on [localization_node] /localization/pose:pose_uncertainty: Value 7.0711 deviated from baseline 0.0734±0.0210 (z=332.8, confirmed x75) (sev=1.00)
[monitor_node-6] [WARN] [1789952363.315900797] [diagnostic_monitor]: ANOMALY on [localization_node] /localization/pose:pose_uncertainty: Value 7.0711 deviated from baseline 0.0734±0.0210 (z=332.8, confirmed x76) (sev=1.00)
[monitor_node-6] [WARN] [1789952363.317057485] [diagnostic_monitor]: ANOMALY on [planning_node] /planning/path:path_empty: Value 1.0000 deviated from baseline 0.0000±0.0001 (z=10000.0, confirmed x19) (sev=1.00)
[monitor_node-6] [WARN] [1789952363.342140896] [diagnostic_monitor]: ANOMALY on [control_node] /cmd_vel:linear_vel: Value 0.0000 deviated from baseline 0.4698±0.0498 (z=9.4, confirmed x19) (sev=1.00)
[monitor_node-6] [WARN] [1789952363.342652357] [diagnostic_monitor]: ANOMALY on [control_node] /cmd_vel:cmd_zero: Value 1.0000 deviated from baseline 0.0000±0.0001 (z=10000.0, confirmed x19) (sev=1.00)
[monitor_node-6] [WARN] [1789952363.365742565] [diagnostic_monitor]: ANOMALY on [localization_node] /localization/pose:pose_uncertainty: Value 7.0711 deviated from baseline 0.0734±0.0210 (z=332.8, confirmed x77) (sev=1.00)
[monitor_node-6] [WARN] [1789952363.415304195] [diagnostic_monitor]: ANOMALY on [localization_node] /localization/pose:pose_uncertainty: Value 7.0711 deviated from baseline 0.0734±0.0210 (z=332.8, confirmed x78) (sev=1.00)
[monitor_node-6] [WARN] [1789952363.465780090] [diagnostic_monitor]: ANOMALY on [localization_node] /localization/pose:pose_uncertainty: Value 7.0711 deviated from baseline 0.0734±0.0210 (z=332.8, confirmed x79) (sev=1.00)
[monitor_node-6] [WARN] [1789952363.498576018] [diagnostic_monitor]: ANOMALY on [perception_node] /perception/obstacles:latency: Value 1.1918 deviated from baseline 0.0150±0.0042 (z=279.7, confirmed x28) (sev=1.00)
[monitor_node-6] [WARN] [1789952363.515667076] [diagnostic_monitor]: ANOMALY on [localization_node] /localization/pose:pose_uncertainty: Value 7.0711 deviated from baseline 0.0734±0.0210 (z=332.8, confirmed x80) (sev=1.00)
[monitor_node-6] [WARN] [1789952363.517157724] [diagnostic_monitor]: ANOMALY on [planning_node] /planning/path:path_empty: Value 1.0000 deviated from baseline 0.0000±0.0001 (z=10000.0, confirmed x20) (sev=1.00)
[monitor_node-6] [WARN] [1789952363.542863064] [diagnostic_monitor]: ANOMALY on [control_node] /cmd_vel:linear_vel: Value 0.0000 deviated from baseline 0.4698±0.0498 (z=9.4, confirmed x20) (sev=1.00)
[monitor_node-6] [WARN] [1789952363.543677190] [diagnostic_monitor]: ANOMALY on [control_node] /cmd_vel:cmd_zero: Value 1.0000 deviated from baseline 0.0000±0.0001 (z=10000.0, confirmed x20) (sev=1.00)
[monitor_node-6] [WARN] [1789952363.565691973] [diagnostic_monitor]: ANOMALY on [localization_node] /localization/pose:pose_uncertainty: Value 7.0711 deviated from baseline 0.0734±0.0210 (z=332.8, confirmed x81) (sev=1.00)
[monitor_node-6] [WARN] [1789952363.615204839] [diagnostic_monitor]: ANOMALY on [localization_node] /localization/pose:pose_uncertainty: Value 7.0711 deviated from baseline 0.0734±0.0210 (z=332.8, confirmed x82) (sev=1.00)
[monitor_node-6] [WARN] [1789952363.665504477] [diagnostic_monitor]: ANOMALY on [localization_node] /localization/pose:pose_uncertainty: Value 7.0711 deviated from baseline 0.0734±0.0210 (z=332.8, confirmed x83) (sev=1.00)
[monitor_node-6] [WARN] [1789952363.715704430] [diagnostic_monitor]: ANOMALY on [localization_node] /localization/pose:pose_uncertainty: Value 7.0711 deviated from baseline 0.0734±0.0210 (z=332.8, confirmed x84) (sev=1.00)
[monitor_node-6] [WARN] [1789952363.717109499] [diagnostic_monitor]: ANOMALY on [planning_node] /planning/path:path_empty: Value 1.0000 deviated from baseline 0.0000±0.0001 (z=10000.0, confirmed x21) (sev=1.00)
[monitor_node-6] [WARN] [1789952363.740412955] [diagnostic_monitor]: ANOMALY on [perception_node] /perception/obstacles:latency: Value 1.2337 deviated from baseline 0.0150±0.0042 (z=289.7, confirmed x29) (sev=1.00)
[monitor_node-6] [WARN] [1789952363.742014108] [diagnostic_monitor]: ANOMALY on [control_node] /cmd_vel:linear_vel: Value 0.0000 deviated from baseline 0.4698±0.0498 (z=9.4, confirmed x21) (sev=1.00)
[monitor_node-6] [WARN] [1789952363.742659587] [diagnostic_monitor]: ANOMALY on [control_node] /cmd_vel:cmd_zero: Value 1.0000 deviated from baseline 0.0000±0.0001 (z=10000.0, confirmed x21) (sev=1.00)
[monitor_node-6] [WARN] [1789952363.765576449] [diagnostic_monitor]: ANOMALY on [localization_node] /localization/pose:pose_uncertainty: Value 7.0711 deviated from baseline 0.0734±0.0210 (z=332.8, confirmed x85) (sev=1.00)
[monitor_node-6] [WARN] [1789952363.815634962] [diagnostic_monitor]: ANOMALY on [localization_node] /localization/pose:pose_uncertainty: Value 7.0711 deviated from baseline 0.0734±0.0210 (z=332.8, confirmed x86) (sev=1.00)
[monitor_node-6] [WARN] [1789952363.865665398] [diagnostic_monitor]: ANOMALY on [localization_node] /localization/pose:pose_uncertainty: Value 7.0711 deviated from baseline 0.0734±0.0210 (z=332.8, confirmed x87) (sev=1.00)
[monitor_node-6] [WARN] [1789952363.915249644] [diagnostic_monitor]: ANOMALY on [localization_node] /localization/pose:pose_uncertainty: Value 7.0711 deviated from baseline 0.0734±0.0210 (z=332.8, confirmed x88) (sev=1.00)
[monitor_node-6] [WARN] [1789952363.916214787] [diagnostic_monitor]: ANOMALY on [planning_node] /planning/path:path_empty: Value 1.0000 deviated from baseline 0.0000±0.0001 (z=10000.0, confirmed x22) (sev=1.00)
[monitor_node-6] [WARN] [1789952363.942625625] [diagnostic_monitor]: ANOMALY on [control_node] /cmd_vel:linear_vel: Value 0.0000 deviated from baseline 0.4698±0.0498 (z=9.4, confirmed x22) (sev=1.00)
[monitor_node-6] [WARN] [1789952363.943434220] [diagnostic_monitor]: ANOMALY on [control_node] /cmd_vel:cmd_zero: Value 1.0000 deviated from baseline 0.0000±0.0001 (z=10000.0, confirmed x22) (sev=1.00)
[monitor_node-6] [WARN] [1789952363.965800016] [diagnostic_monitor]: ANOMALY on [localization_node] /localization/pose:pose_uncertainty: Value 7.0711 deviated from baseline 0.0734±0.0210 (z=332.8, confirmed x89) (sev=1.00)
[monitor_node-6] [WARN] [1789952363.981405572] [diagnostic_monitor]: ANOMALY on [perception_node] /perception/obstacles:latency: Value 1.1750 deviated from baseline 0.0150±0.0042 (z=275.7, confirmed x30) (sev=1.00)
[monitor_node-6] [WARN] [1789952364.015799121] [diagnostic_monitor]: ANOMALY on [localization_node] /localization/pose:pose_uncertainty: Value 7.0711 deviated from baseline 0.0734±0.0210 (z=332.8, confirmed x90) (sev=1.00)
[monitor_node-6] [WARN] [1789952364.065652883] [diagnostic_monitor]: ANOMALY on [localization_node] /localization/pose:pose_uncertainty: Value 7.0711 deviated from baseline 0.0734±0.0210 (z=332.8, confirmed x91) (sev=1.00)
[monitor_node-6] [WARN] [1789952364.115449985] [diagnostic_monitor]: ANOMALY on [localization_node] /localization/pose:pose_uncertainty: Value 7.0711 deviated from baseline 0.0734±0.0210 (z=332.8, confirmed x92) (sev=1.00)
[monitor_node-6] [WARN] [1789952364.116449839] [diagnostic_monitor]: ANOMALY on [planning_node] /planning/path:path_empty: Value 1.0000 deviated from baseline 0.0000±0.0001 (z=10000.0, confirmed x23) (sev=1.00)
[monitor_node-6] [WARN] [1789952364.142322115] [diagnostic_monitor]: ANOMALY on [control_node] /cmd_vel:linear_vel: Value 0.0000 deviated from baseline 0.4698±0.0498 (z=9.4, confirmed x23) (sev=1.00)
[monitor_node-6] [WARN] [1789952364.142812383] [diagnostic_monitor]: ANOMALY on [control_node] /cmd_vel:cmd_zero: Value 1.0000 deviated from baseline 0.0000±0.0001 (z=10000.0, confirmed x23) (sev=1.00)
[monitor_node-6] [WARN] [1789952364.165402763] [diagnostic_monitor]: ANOMALY on [localization_node] /localization/pose:pose_uncertainty: Value 7.0711 deviated from baseline 0.0734±0.0210 (z=332.8, confirmed x93) (sev=1.00)
[monitor_node-6] [WARN] [1789952364.215435712] [diagnostic_monitor]: ANOMALY on [localization_node] /localization/pose:pose_uncertainty: Value 7.0711 deviated from baseline 0.0734±0.0210 (z=332.8, confirmed x94) (sev=1.00)
[monitor_node-6] [WARN] [1789952364.222900158] [diagnostic_monitor]: ANOMALY on [perception_node] /perception/obstacles:latency: Value 1.2157 deviated from baseline 0.0150±0.0042 (z=285.4, confirmed x31) (sev=1.00)
[monitor_node-6] [WARN] [1789952364.265235865] [diagnostic_monitor]: ANOMALY on [localization_node] /localization/pose:pose_uncertainty: Value 7.0711 deviated from baseline 0.0734±0.0210 (z=332.8, confirmed x95) (sev=1.00)
[monitor_node-6] [WARN] [1789952364.315428951] [diagnostic_monitor]: ANOMALY on [localization_node] /localization/pose:pose_uncertainty: Value 7.0711 deviated from baseline 0.0734±0.0210 (z=332.8, confirmed x96) (sev=1.00)
[monitor_node-6] [WARN] [1789952364.316567095] [diagnostic_monitor]: ANOMALY on [planning_node] /planning/path:path_empty: Value 1.0000 deviated from baseline 0.0000±0.0001 (z=10000.0, confirmed x24) (sev=1.00)
[monitor_node-6] [WARN] [1789952364.342199711] [diagnostic_monitor]: ANOMALY on [control_node] /cmd_vel:linear_vel: Value 0.0000 deviated from baseline 0.4698±0.0498 (z=9.4, confirmed x24) (sev=1.00)
[monitor_node-6] [WARN] [1789952364.342702406] [diagnostic_monitor]: ANOMALY on [control_node] /cmd_vel:cmd_zero: Value 1.0000 deviated from baseline 0.0000±0.0001 (z=10000.0, confirmed x24) (sev=1.00)
[monitor_node-6] [WARN] [1789952364.365569434] [diagnostic_monitor]: ANOMALY on [localization_node] /localization/pose:pose_uncertainty: Value 7.0711 deviated from baseline 0.0734±0.0210 (z=332.8, confirmed x97) (sev=1.00)
[monitor_node-6] [WARN] [1789952364.415478666] [diagnostic_monitor]: ANOMALY on [localization_node] /localization/pose:pose_uncertainty: Value 7.0711 deviated from baseline 0.0734±0.0210 (z=332.8, confirmed x98) (sev=1.00)
[monitor_node-6] [WARN] [1789952364.464619677] [diagnostic_monitor]: ANOMALY on [perception_node] /perception/obstacles:latency: Value 1.1575 deviated from baseline 0.0150±0.0042 (z=271.6, confirmed x32) (sev=1.00)
[monitor_node-6] [WARN] [1789952364.465809874] [diagnostic_monitor]: ANOMALY on [localization_node] /localization/pose:pose_uncertainty: Value 7.0711 deviated from baseline 0.0734±0.0210 (z=332.8, confirmed x99) (sev=1.00)
[monitor_node-6] [WARN] [1789952364.515562625] [diagnostic_monitor]: ANOMALY on [localization_node] /localization/pose:pose_uncertainty: Value 7.0711 deviated from baseline 0.0734±0.0210 (z=332.8, confirmed x100) (sev=1.00)
[monitor_node-6] [WARN] [1789952364.517146153] [diagnostic_monitor]: ANOMALY on [planning_node] /planning/path:path_empty: Value 1.0000 deviated from baseline 0.0000±0.0001 (z=10000.0, confirmed x25) (sev=1.00)
[monitor_node-6] [WARN] [1789952364.542230991] [diagnostic_monitor]: ANOMALY on [control_node] /cmd_vel:linear_vel: Value 0.0000 deviated from baseline 0.4698±0.0498 (z=9.4, confirmed x25) (sev=1.00)
[monitor_node-6] [WARN] [1789952364.542777891] [diagnostic_monitor]: ANOMALY on [control_node] /cmd_vel:cmd_zero: Value 1.0000 deviated from baseline 0.0000±0.0001 (z=10000.0, confirmed x25) (sev=1.00)
[monitor_node-6] [WARN] [1789952364.565859115] [diagnostic_monitor]: ANOMALY on [localization_node] /localization/pose:pose_uncertainty: Value 7.0711 deviated from baseline 0.0734±0.0210 (z=332.8, confirmed x101) (sev=1.00)
[monitor_node-6] [WARN] [1789952364.615279452] [diagnostic_monitor]: ANOMALY on [localization_node] /localization/pose:pose_uncertainty: Value 7.0711 deviated from baseline 0.0734±0.0210 (z=332.8, confirmed x102) (sev=1.00)
[monitor_node-6] [WARN] [1789952364.665504773] [diagnostic_monitor]: ANOMALY on [localization_node] /localization/pose:pose_uncertainty: Value 7.0711 deviated from baseline 0.0734±0.0210 (z=332.8, confirmed x103) (sev=1.00)
[monitor_node-6] [WARN] [1789952364.705428296] [diagnostic_monitor]: ANOMALY on [perception_node] /perception/obstacles:latency: Value 1.1988 deviated from baseline 0.0150±0.0042 (z=281.4, confirmed x33) (sev=1.00)
[monitor_node-6] [WARN] [1789952364.715529302] [diagnostic_monitor]: ANOMALY on [localization_node] /localization/pose:pose_uncertainty: Value 7.0711 deviated from baseline 0.0734±0.0210 (z=332.8, confirmed x104) (sev=1.00)
[monitor_node-6] [WARN] [1789952364.716495743] [diagnostic_monitor]: ANOMALY on [planning_node] /planning/path:path_empty: Value 1.0000 deviated from baseline 0.0000±0.0001 (z=10000.0, confirmed x26) (sev=1.00)
[monitor_node-6] [WARN] [1789952364.742598041] [diagnostic_monitor]: ANOMALY on [control_node] /cmd_vel:linear_vel: Value 0.0000 deviated from baseline 0.4698±0.0498 (z=9.4, confirmed x26) (sev=1.00)
[monitor_node-6] [WARN] [1789952364.743425955] [diagnostic_monitor]: ANOMALY on [control_node] /cmd_vel:cmd_zero: Value 1.0000 deviated from baseline 0.0000±0.0001 (z=10000.0, confirmed x26) (sev=1.00)
[monitor_node-6] [WARN] [1789952364.765794881] [diagnostic_monitor]: ANOMALY on [localization_node] /localization/pose:pose_uncertainty: Value 7.0711 deviated from baseline 0.0734±0.0210 (z=332.8, confirmed x105) (sev=1.00)
[monitor_node-6] [WARN] [1789952364.815393554] [diagnostic_monitor]: ANOMALY on [localization_node] /localization/pose:pose_uncertainty: Value 7.0711 deviated from baseline 0.0734±0.0210 (z=332.8, confirmed x106) (sev=1.00)
[monitor_node-6] [WARN] [1789952364.865898300] [diagnostic_monitor]: ANOMALY on [localization_node] /localization/pose:pose_uncertainty: Value 7.0711 deviated from baseline 0.0734±0.0210 (z=332.8, confirmed x107) (sev=1.00)
[monitor_node-6] [WARN] [1789952364.915721588] [diagnostic_monitor]: ANOMALY on [localization_node] /localization/pose:pose_uncertainty: Value 7.0711 deviated from baseline 0.0734±0.0210 (z=332.8, confirmed x108) (sev=1.00)
[monitor_node-6] [WARN] [1789952364.917294204] [diagnostic_monitor]: ANOMALY on [planning_node] /planning/path:path_empty: Value 1.0000 deviated from baseline 0.0000±0.0001 (z=10000.0, confirmed x27) (sev=1.00)
[monitor_node-6] [WARN] [1789952364.942335189] [diagnostic_monitor]: ANOMALY on [control_node] /cmd_vel:linear_vel: Value 0.0000 deviated from baseline 0.4698±0.0498 (z=9.4, confirmed x27) (sev=1.00)
[monitor_node-6] [WARN] [1789952364.942853446] [diagnostic_monitor]: ANOMALY on [control_node] /cmd_vel:cmd_zero: Value 1.0000 deviated from baseline 0.0000±0.0001 (z=10000.0, confirmed x27) (sev=1.00)
[monitor_node-6] [WARN] [1789952364.946693623] [diagnostic_monitor]: ANOMALY on [perception_node] /perception/obstacles:latency: Value 1.2400 deviated from baseline 0.0150±0.0042 (z=291.2, confirmed x34) (sev=1.00)
[monitor_node-6] [WARN] [1789952364.965130968] [diagnostic_monitor]: ANOMALY on [localization_node] /localization/pose:pose_uncertainty: Value 7.0711 deviated from baseline 0.0734±0.0210 (z=332.8, confirmed x109) (sev=1.00)
[monitor_node-6] [WARN] [1789952365.016225027] [diagnostic_monitor]: ANOMALY on [localization_node] /localization/pose:pose_uncertainty: Value 7.0711 deviated from baseline 0.0734±0.0210 (z=332.8, confirmed x110) (sev=1.00)
[monitor_node-6] [WARN] [1789952365.065666672] [diagnostic_monitor]: ANOMALY on [localization_node] /localization/pose:pose_uncertainty: Value 7.0711 deviated from baseline 0.0734±0.0210 (z=332.8, confirmed x111) (sev=1.00)
[monitor_node-6] [WARN] [1789952365.115136508] [diagnostic_monitor]: ANOMALY on [localization_node] /localization/pose:pose_uncertainty: Value 7.0711 deviated from baseline 0.0734±0.0210 (z=332.8, confirmed x112) (sev=1.00)
[monitor_node-6] [WARN] [1789952365.116161994] [diagnostic_monitor]: ANOMALY on [planning_node] /planning/path:path_empty: Value 1.0000 deviated from baseline 0.0000±0.0001 (z=10000.0, confirmed x28) (sev=1.00)
[monitor_node-6] [WARN] [1789952365.142751489] [diagnostic_monitor]: ANOMALY on [control_node] /cmd_vel:linear_vel: Value 0.0000 deviated from baseline 0.4698±0.0498 (z=9.4, confirmed x28) (sev=1.00)
[monitor_node-6] [WARN] [1789952365.143523658] [diagnostic_monitor]: ANOMALY on [control_node] /cmd_vel:cmd_zero: Value 1.0000 deviated from baseline 0.0000±0.0001 (z=10000.0, confirmed x28) (sev=1.00)
[monitor_node-6] [WARN] [1789952365.165910734] [diagnostic_monitor]: ANOMALY on [localization_node] /localization/pose:pose_uncertainty: Value 7.0711 deviated from baseline 0.0734±0.0210 (z=332.8, confirmed x113) (sev=1.00)
[monitor_node-6] [WARN] [1789952365.188391012] [diagnostic_monitor]: ANOMALY on [perception_node] /perception/obstacles:latency: Value 1.1815 deviated from baseline 0.0150±0.0042 (z=277.3, confirmed x35) (sev=1.00)
[monitor_node-6] [WARN] [1789952365.215958811] [diagnostic_monitor]: ANOMALY on [localization_node] /localization/pose:pose_uncertainty: Value 7.0711 deviated from baseline 0.0734±0.0210 (z=332.8, confirmed x114) (sev=1.00)
[monitor_node-6] [WARN] [1789952365.265468980] [diagnostic_monitor]: ANOMALY on [localization_node] /localization/pose:pose_uncertainty: Value 7.0711 deviated from baseline 0.0734±0.0210 (z=332.8, confirmed x115) (sev=1.00)
[monitor_node-6] [WARN] [1789952365.315712406] [diagnostic_monitor]: ANOMALY on [localization_node] /localization/pose:pose_uncertainty: Value 7.0711 deviated from baseline 0.0734±0.0210 (z=332.8, confirmed x116) (sev=1.00)
[monitor_node-6] [WARN] [1789952365.316867867] [diagnostic_monitor]: ANOMALY on [planning_node] /planning/path:path_empty: Value 1.0000 deviated from baseline 0.0000±0.0001 (z=10000.0, confirmed x29) (sev=1.00)
[monitor_node-6] [WARN] [1789952365.342721047] [diagnostic_monitor]: ANOMALY on [control_node] /cmd_vel:linear_vel: Value 0.0000 deviated from baseline 0.4698±0.0498 (z=9.4, confirmed x29) (sev=1.00)
[monitor_node-6] [WARN] [1789952365.343534359] [diagnostic_monitor]: ANOMALY on [control_node] /cmd_vel:cmd_zero: Value 1.0000 deviated from baseline 0.0000±0.0001 (z=10000.0, confirmed x29) (sev=1.00)
[monitor_node-6] [WARN] [1789952365.365897289] [diagnostic_monitor]: ANOMALY on [localization_node] /localization/pose:pose_uncertainty: Value 7.0711 deviated from baseline 0.0734±0.0210 (z=332.8, confirmed x117) (sev=1.00)
[monitor_node-6] [WARN] [1789952365.415942482] [diagnostic_monitor]: ANOMALY on [localization_node] /localization/pose:pose_uncertainty: Value 7.0711 deviated from baseline 0.0734±0.0210 (z=332.8, confirmed x118) (sev=1.00)
[monitor_node-6] [WARN] [1789952365.429554696] [diagnostic_monitor]: ANOMALY on [perception_node] /perception/obstacles:latency: Value 1.2225 deviated from baseline 0.0150±0.0042 (z=287.0, confirmed x36) (sev=1.00)
[monitor_node-6] [WARN] [1789952365.465483081] [diagnostic_monitor]: ANOMALY on [localization_node] /localization/pose:pose_uncertainty: Value 7.0711 deviated from baseline 0.0734±0.0210 (z=332.8, confirmed x119) (sev=1.00)
[monitor_node-6] [WARN] [1789952365.523759347] [diagnostic_monitor]: ANOMALY on [localization_node] /localization/pose:pose_uncertainty: Value 7.0711 deviated from baseline 0.0734±0.0210 (z=332.8, confirmed x120) (sev=1.00)
[monitor_node-6] [WARN] [1789952365.525792506] [diagnostic_monitor]: ANOMALY on [planning_node] /planning/path:path_empty: Value 1.0000 deviated from baseline 0.0000±0.0001 (z=10000.0, confirmed x30) (sev=1.00)
[monitor_node-6] [WARN] [1789952365.542168118] [diagnostic_monitor]: ANOMALY on [control_node] /cmd_vel:linear_vel: Value 0.0000 deviated from baseline 0.4698±0.0498 (z=9.4, confirmed x30) (sev=1.00)
[monitor_node-6] [WARN] [1789952365.542709037] [diagnostic_monitor]: ANOMALY on [control_node] /cmd_vel:cmd_zero: Value 1.0000 deviated from baseline 0.0000±0.0001 (z=10000.0, confirmed x30) (sev=1.00)
[monitor_node-6] [WARN] [1789952365.565427752] [diagnostic_monitor]: ANOMALY on [localization_node] /localization/pose:pose_uncertainty: Value 7.0711 deviated from baseline 0.0734±0.0210 (z=332.8, confirmed x121) (sev=1.00)
[monitor_node-6] [WARN] [1789952365.615305108] [diagnostic_monitor]: ANOMALY on [localization_node] /localization/pose:pose_uncertainty: Value 7.0711 deviated from baseline 0.0734±0.0210 (z=332.8, confirmed x122) (sev=1.00)
[monitor_node-6] [WARN] [1789952365.665311377] [diagnostic_monitor]: ANOMALY on [localization_node] /localization/pose:pose_uncertainty: Value 7.0711 deviated from baseline 0.0734±0.0210 (z=332.8, confirmed x123) (sev=1.00)
[monitor_node-6] [WARN] [1789952365.670757538] [diagnostic_monitor]: ANOMALY on [perception_node] /perception/obstacles:latency: Value 1.1638 deviated from baseline 0.0150±0.0042 (z=273.1, confirmed x37) (sev=1.00)
[monitor_node-6] [WARN] [1789952365.715593180] [diagnostic_monitor]: ANOMALY on [localization_node] /localization/pose:pose_uncertainty: Value 7.0711 deviated from baseline 0.0734±0.0210 (z=332.8, confirmed x124) (sev=1.00)
[monitor_node-6] [WARN] [1789952365.716775038] [diagnostic_monitor]: ANOMALY on [planning_node] /planning/path:path_empty: Value 1.0000 deviated from baseline 0.0000±0.0001 (z=10000.0, confirmed x31) (sev=1.00)
[monitor_node-6] [WARN] [1789952365.742538271] [diagnostic_monitor]: ANOMALY on [control_node] /cmd_vel:linear_vel: Value 0.0000 deviated from baseline 0.4698±0.0498 (z=9.4, confirmed x31) (sev=1.00)
[monitor_node-6] [WARN] [1789952365.743314795] [diagnostic_monitor]: ANOMALY on [control_node] /cmd_vel:cmd_zero: Value 1.0000 deviated from baseline 0.0000±0.0001 (z=10000.0, confirmed x31) (sev=1.00)
[monitor_node-6] [WARN] [1789952365.766015348] [diagnostic_monitor]: ANOMALY on [localization_node] /localization/pose:pose_uncertainty: Value 7.0711 deviated from baseline 0.0734±0.0210 (z=332.8, confirmed x125) (sev=1.00)
[monitor_node-6] [WARN] [1789952365.815535024] [diagnostic_monitor]: ANOMALY on [localization_node] /localization/pose:pose_uncertainty: Value 7.0711 deviated from baseline 0.0734±0.0210 (z=332.8, confirmed x126) (sev=1.00)
[monitor_node-6] [WARN] [1789952365.866337999] [diagnostic_monitor]: ANOMALY on [localization_node] /localization/pose:pose_uncertainty: Value 7.0711 deviated from baseline 0.0734±0.0210 (z=332.8, confirmed x127) (sev=1.00)
[monitor_node-6] [WARN] [1789952365.912430725] [diagnostic_monitor]: ANOMALY on [perception_node] /perception/obstacles:latency: Value 1.2058 deviated from baseline 0.0150±0.0042 (z=283.0, confirmed x38) (sev=1.00)
[monitor_node-6] [WARN] [1789952365.915301192] [diagnostic_monitor]: ANOMALY on [localization_node] /localization/pose:pose_uncertainty: Value 7.0711 deviated from baseline 0.0734±0.0210 (z=332.8, confirmed x128) (sev=1.00)
[monitor_node-6] [WARN] [1789952365.916633402] [diagnostic_monitor]: ANOMALY on [planning_node] /planning/path:path_empty: Value 1.0000 deviated from baseline 0.0000±0.0001 (z=10000.0, confirmed x32) (sev=1.00)
[monitor_node-6] [WARN] [1789952365.942213410] [diagnostic_monitor]: ANOMALY on [control_node] /cmd_vel:linear_vel: Value 0.0000 deviated from baseline 0.4698±0.0498 (z=9.4, confirmed x32) (sev=1.00)
[monitor_node-6] [WARN] [1789952365.942744861] [diagnostic_monitor]: ANOMALY on [control_node] /cmd_vel:cmd_zero: Value 1.0000 deviated from baseline 0.0000±0.0001 (z=10000.0, confirmed x32) (sev=1.00)
[monitor_node-6] [WARN] [1789952365.965862679] [diagnostic_monitor]: ANOMALY on [localization_node] /localization/pose:pose_uncertainty: Value 7.0711 deviated from baseline 0.0734±0.0210 (z=332.8, confirmed x129) (sev=1.00)
[monitor_node-6] [WARN] [1789952366.015412576] [diagnostic_monitor]: ANOMALY on [localization_node] /localization/pose:pose_uncertainty: Value 7.0711 deviated from baseline 0.0734±0.0210 (z=332.8, confirmed x130) (sev=1.00)
[monitor_node-6] [WARN] [1789952366.065209876] [diagnostic_monitor]: ANOMALY on [localization_node] /localization/pose:pose_uncertainty: Value 7.0711 deviated from baseline 0.0734±0.0210 (z=332.8, confirmed x131) (sev=1.00)
[monitor_node-6] [WARN] [1789952366.115575613] [diagnostic_monitor]: ANOMALY on [localization_node] /localization/pose:pose_uncertainty: Value 7.0711 deviated from baseline 0.0734±0.0210 (z=332.8, confirmed x132) (sev=1.00)
[monitor_node-6] [WARN] [1789952366.117005903] [diagnostic_monitor]: ANOMALY on [planning_node] /planning/path:path_empty: Value 1.0000 deviated from baseline 0.0000±0.0001 (z=10000.0, confirmed x33) (sev=1.00)
[monitor_node-6] [WARN] [1789952366.142249217] [diagnostic_monitor]: ANOMALY on [control_node] /cmd_vel:linear_vel: Value 0.0000 deviated from baseline 0.4698±0.0498 (z=9.4, confirmed x33) (sev=1.00)
[monitor_node-6] [WARN] [1789952366.142755862] [diagnostic_monitor]: ANOMALY on [control_node] /cmd_vel:cmd_zero: Value 1.0000 deviated from baseline 0.0000±0.0001 (z=10000.0, confirmed x33) (sev=1.00)
[monitor_node-6] [WARN] [1789952366.154057755] [diagnostic_monitor]: ANOMALY on [perception_node] /perception/obstacles:latency: Value 1.2472 deviated from baseline 0.0150±0.0042 (z=292.9, confirmed x39) (sev=1.00)
[monitor_node-6] [WARN] [1789952366.165791802] [diagnostic_monitor]: ANOMALY on [localization_node] /localization/pose:pose_uncertainty: Value 7.0711 deviated from baseline 0.0734±0.0210 (z=332.8, confirmed x133) (sev=1.00)
[monitor_node-6] [WARN] [1789952366.215885402] [diagnostic_monitor]: ANOMALY on [localization_node] /localization/pose:pose_uncertainty: Value 7.0711 deviated from baseline 0.0734±0.0210 (z=332.8, confirmed x134) (sev=1.00)
[monitor_node-6] [WARN] [1789952366.265499227] [diagnostic_monitor]: ANOMALY on [localization_node] /localization/pose:pose_uncertainty: Value 7.0711 deviated from baseline 0.0734±0.0210 (z=332.8, confirmed x135) (sev=1.00)
[monitor_node-6] [WARN] [1789952366.315224006] [diagnostic_monitor]: ANOMALY on [localization_node] /localization/pose:pose_uncertainty: Value 7.0711 deviated from baseline 0.0734±0.0210 (z=332.8, confirmed x136) (sev=1.00)
[monitor_node-6] [WARN] [1789952366.316344750] [diagnostic_monitor]: ANOMALY on [planning_node] /planning/path:path_empty: Value 1.0000 deviated from baseline 0.0000±0.0001 (z=10000.0, confirmed x34) (sev=1.00)
[monitor_node-6] [WARN] [1789952366.342794242] [diagnostic_monitor]: ANOMALY on [control_node] /cmd_vel:linear_vel: Value 0.0000 deviated from baseline 0.4698±0.0498 (z=9.4, confirmed x34) (sev=1.00)
[monitor_node-6] [WARN] [1789952366.343395281] [diagnostic_monitor]: ANOMALY on [control_node] /cmd_vel:cmd_zero: Value 1.0000 deviated from baseline 0.0000±0.0001 (z=10000.0, confirmed x34) (sev=1.00)
[monitor_node-6] [WARN] [1789952366.365327544] [diagnostic_monitor]: ANOMALY on [localization_node] /localization/pose:pose_uncertainty: Value 7.0711 deviated from baseline 0.0734±0.0210 (z=332.8, confirmed x137) (sev=1.00)
[monitor_node-6] [WARN] [1789952366.394849053] [diagnostic_monitor]: ANOMALY on [perception_node] /perception/obstacles:latency: Value 1.1877 deviated from baseline 0.0150±0.0042 (z=278.7, confirmed x40) (sev=1.00)
[monitor_node-6] [WARN] [1789952366.415343902] [diagnostic_monitor]: ANOMALY on [localization_node] /localization/pose:pose_uncertainty: Value 7.0711 deviated from baseline 0.0734±0.0210 (z=332.8, confirmed x138) (sev=1.00)
[monitor_node-6] [WARN] [1789952366.465985645] [diagnostic_monitor]: ANOMALY on [localization_node] /localization/pose:pose_uncertainty: Value 7.0711 deviated from baseline 0.0734±0.0210 (z=332.8, confirmed x139) (sev=1.00)
[monitor_node-6] [WARN] [1789952366.515342559] [diagnostic_monitor]: ANOMALY on [localization_node] /localization/pose:pose_uncertainty: Value 7.0711 deviated from baseline 0.0734±0.0210 (z=332.8, confirmed x140) (sev=1.00)
[monitor_node-6] [WARN] [1789952366.516767106] [diagnostic_monitor]: ANOMALY on [planning_node] /planning/path:path_empty: Value 1.0000 deviated from baseline 0.0000±0.0001 (z=10000.0, confirmed x35) (sev=1.00)
[monitor_node-6] [WARN] [1789952366.542476178] [diagnostic_monitor]: ANOMALY on [control_node] /cmd_vel:linear_vel: Value 0.0000 deviated from baseline 0.4698±0.0498 (z=9.4, confirmed x35) (sev=1.00)
[monitor_node-6] [WARN] [1789952366.543320459] [diagnostic_monitor]: ANOMALY on [control_node] /cmd_vel:cmd_zero: Value 1.0000 deviated from baseline 0.0000±0.0001 (z=10000.0, confirmed x35) (sev=1.00)
[sim_world-1] [INFO] [1789952366.555655088] [imu_node]: imu_node: faults cleared
[localization_node-3] [INFO] [1789952366.555753379] [localization_node]: localization_node: faults cleared
[control_node-5] [INFO] [1789952366.555767560] [control_node]: control_node: faults cleared
[planning_node-4] [INFO] [1789952366.556032500] [planning_node]: planning_node: faults cleared
[sim_world-1] [INFO] [1789952366.556422168] [camera_node]: camera_node: faults cleared
[sim_world-1] [INFO] [1789952366.557059404] [odometry_node]: odometry_node: faults cleared
[sim_world-1] [INFO] [1789952366.557589060] [lidar_node]: lidar_node: faults cleared
[planning_node-4] [INFO] [1789952366.606322141] [planning_node]: planning_node: faults cleared
[localization_node-3] [INFO] [1789952366.606329224] [localization_node]: localization_node: faults cleared
[control_node-5] [INFO] [1789952366.606337421] [control_node]: control_node: faults cleared
[sim_world-1] [INFO] [1789952366.606399889] [imu_node]: imu_node: faults cleared
[sim_world-1] [INFO] [1789952366.607052603] [camera_node]: camera_node: faults cleared
[sim_world-1] [INFO] [1789952366.607439427] [odometry_node]: odometry_node: faults cleared
[sim_world-1] [INFO] [1789952366.607916475] [lidar_node]: lidar_node: faults cleared
[perception_node-2] [INFO] [1789952366.636181472] [perception_node]: perception_node: faults cleared
[monitor_node-6] [WARN] [1789952366.636709289] [diagnostic_monitor]: ANOMALY on [perception_node] /perception/obstacles:latency: Value 1.2299 deviated from baseline 0.0150±0.0042 (z=288.8, confirmed x41) (sev=1.00)
[perception_node-2] [INFO] [1789952366.637572488] [perception_node]: perception_node: faults cleared
[monitor_node-6] [WARN] [1789952366.641923211] [diagnostic_monitor]: ANOMALY on [perception_node] /perception/obstacles:latency: Value 0.8349 deviated from baseline 0.0150±0.0042 (z=194.9, confirmed x42) (sev=1.00)
[monitor_node-6] [WARN] [1789952366.643369757] [diagnostic_monitor]: ANOMALY on [perception_node] /perception/obstacles:latency: Value 0.7369 deviated from baseline 0.0150±0.0042 (z=171.6, confirmed x43) (sev=1.00)
[monitor_node-6] [WARN] [1789952366.644190726] [diagnostic_monitor]: ANOMALY on [perception_node] /perception/obstacles:latency: Value 0.6379 deviated from baseline 0.0150±0.0042 (z=148.1, confirmed x44) (sev=1.00)
[monitor_node-6] [WARN] [1789952366.644967858] [diagnostic_monitor]: ANOMALY on [perception_node] /perception/obstacles:latency: Value 0.5387 deviated from baseline 0.0150±0.0042 (z=124.5, confirmed x45) (sev=1.00)
[monitor_node-6] [WARN] [1789952366.645806016] [diagnostic_monitor]: ANOMALY on [perception_node] /perception/obstacles:latency: Value 0.4391 deviated from baseline 0.0150±0.0042 (z=100.8, confirmed x46) (sev=1.00)
[monitor_node-6] [WARN] [1789952366.651278417] [diagnostic_monitor]: ANOMALY on [perception_node] /perception/obstacles:latency: Value 0.3447 deviated from baseline 0.0150±0.0042 (z=78.4, confirmed x47) (sev=1.00)
[monitor_node-6] [WARN] [1789952366.652163013] [diagnostic_monitor]: ANOMALY on [perception_node] /perception/obstacles:latency: Value 0.2457 deviated from baseline 0.0150±0.0042 (z=54.8, confirmed x48) (sev=1.00)
[planning_node-4] [INFO] [1789952366.656643730] [planning_node]: planning_node: faults cleared
[perception_node-2] [INFO] [1789952366.656672410] [perception_node]: perception_node: faults cleared
[control_node-5] [INFO] [1789952366.656689696] [control_node]: control_node: faults cleared
[localization_node-3] [INFO] [1789952366.657266615] [localization_node]: localization_node: faults cleared
[sim_world-1] [INFO] [1789952366.657665731] [imu_node]: imu_node: faults cleared
[sim_world-1] [INFO] [1789952366.658100719] [camera_node]: camera_node: faults cleared
[sim_world-1] [INFO] [1789952366.658481900] [odometry_node]: odometry_node: faults cleared
[sim_world-1] [INFO] [1789952366.658928944] [lidar_node]: lidar_node: faults cleared
[control_node-5] [INFO] [1789952366.706863527] [control_node]: control_node: faults cleared
[localization_node-3] [INFO] [1789952366.707070972] [localization_node]: localization_node: faults cleared
[perception_node-2] [INFO] [1789952366.707110652] [perception_node]: perception_node: faults cleared
[planning_node-4] [INFO] [1789952366.707142348] [planning_node]: planning_node: faults cleared
[sim_world-1] [INFO] [1789952366.707745764] [imu_node]: imu_node: faults cleared
[sim_world-1] [INFO] [1789952366.708188082] [camera_node]: camera_node: faults cleared
[sim_world-1] [INFO] [1789952366.708902308] [odometry_node]: odometry_node: faults cleared
[sim_world-1] [INFO] [1789952366.709725741] [lidar_node]: lidar_node: faults cleared
[monitor_node-6] [INFO] [1789952372.977131958] [diagnostic_monitor]: Anomaly window cleared. System operating nominally.
